image_name,box_index,xtl,ytl,xbr,ybr,occlusion_level
cam03__frame_00001.jpg,0,118.13,129.5,186.05,208.04,medium
cam03__frame_00001.jpg,1,127.89,203.78,197.45,287.36,medium
cam03__frame_00001.jpg,2,136.16,309.86,209.56,364.69,medium
cam03__frame_00001.jpg,3,138.61,357.56,205.57,403.7,medium
cam03__frame_00001.jpg,4,145.72,380.1,224.51,437.18,medium
cam03__frame_00001.jpg,5,138.9,402.15,229.63,458.91,medium
cam03__frame_00001.jpg,6,147.2,420.64,226.91,471.84,high
cam03__frame_00001.jpg,7,148.25,429.12,237.37,489.42,high
cam03__frame_00001.jpg,8,172.16,545.37,271.8,613.4,medium
cam03__frame_00001.jpg,9,320.76,354.52,343.31,379.1,medium
cam03__frame_00001.jpg,10,315.46,320.7,339.33,354.52,medium
cam03__frame_00001.jpg,11,307.63,554.62,360.69,638.85,medium
cam03__frame_00001.jpg,12,444.51,612.56,470.42,640.0,high
cam03__frame_00001.jpg,13,411.9,579.26,445.62,636.62,medium
cam03__frame_00001.jpg,14,396.03,543.36,420.83,572.6,high
cam03__frame_00001.jpg,15,369.02,561.87,405.7,639.58,medium
cam03__frame_00001.jpg,16,328.3,486.82,366.67,561.91,medium
cam03__frame_00001.jpg,17,449.2,545.56,465.54,604.51,high
cam03__frame_00001.jpg,18,426.9,509.88,449.2,572.8,high
cam03__frame_00001.jpg,19,413.53,491.56,427.4,550.51,high
cam03__frame_00001.jpg,20,397.7,475.7,413.53,523.26,high
cam03__frame_00001.jpg,21,383.8,442.51,399.1,508.4,high
cam03__frame_00001.jpg,22,367.9,412.78,381.82,480.66,high
cam03__frame_00001.jpg,23,478.5,536.58,506.55,562.04,high
cam03__frame_00001.jpg,24,480.69,529.08,511.14,560.07,low
cam03__frame_00001.jpg,25,476.68,489.19,540.41,552.75,low
cam03__frame_00001.jpg,26,456.63,505.98,477.07,523.12,high
cam03__frame_00001.jpg,27,458.29,499.91,480.63,519.63,high
cam03__frame_00001.jpg,28,438.4,472.57,461.7,491.83,high
cam03__frame_00001.jpg,29,456.39,458.03,511.82,513.51,medium
cam03__frame_00001.jpg,30,444.62,492.2,459.66,505.32,high
cam03__frame_00001.jpg,31,444.12,485.27,459.57,498.69,high
cam03__frame_00001.jpg,32,460.7,495.03,483.62,517.47,high
cam03__frame_00001.jpg,33,443.63,469.91,462.84,486.13,high
cam03__frame_00001.jpg,34,444.13,462.48,465.19,480.07,high
cam03__frame_00001.jpg,35,444.26,431.0,489.19,475.53,medium
cam03__frame_00001.jpg,36,426.99,462.85,444.52,477.46,high
cam03__frame_00001.jpg,37,422.49,452.56,445.79,471.81,high
cam03__frame_00001.jpg,38,423.96,446.68,447.26,465.93,high
cam03__frame_00001.jpg,39,425.43,441.53,448.73,460.78,high
cam03__frame_00001.jpg,40,425.43,435.11,448.73,454.37,high
cam03__frame_00001.jpg,41,426.22,415.19,460.14,449.43,medium
cam03__frame_00001.jpg,42,403.32,429.72,426.62,448.98,high
cam03__frame_00001.jpg,43,404.96,424.47,428.26,443.73,high
cam03__frame_00001.jpg,44,405.29,418.24,428.59,437.5,high
cam03__frame_00001.jpg,45,407.36,413.02,430.66,432.28,high
cam03__frame_00001.jpg,46,404.09,379.86,454.0,429.79,medium
cam03__frame_00001.jpg,47,392.59,419.54,402.54,429.25,high
cam03__frame_00001.jpg,48,392.24,415.88,403.13,426.5,high
cam03__frame_00001.jpg,49,392.95,413.04,403.84,423.67,high
cam03__frame_00001.jpg,50,393.11,401.65,412.24,420.78,low
cam03__frame_00001.jpg,51,383.91,406.24,394.8,416.87,high
cam03__frame_00001.jpg,52,383.81,401.44,393.84,411.88,high
cam03__frame_00001.jpg,53,381.87,389.34,400.04,407.36,medium
cam03__frame_00001.jpg,54,406.1,394.98,412.12,400.89,high
cam03__frame_00001.jpg,55,406.45,391.26,413.45,398.1,high
cam03__frame_00001.jpg,56,406.56,387.31,415.95,396.4,high
cam03__frame_00001.jpg,57,407.27,384.05,417.14,393.61,high
cam03__frame_00001.jpg,58,407.84,380.9,417.71,390.45,high
cam03__frame_00001.jpg,59,406.3,374.69,417.83,385.97,high
cam03__frame_00001.jpg,60,405.53,358.68,429.37,382.49,low
cam03__frame_00001.jpg,61,366.1,371.0,385.74,390.9,low
cam03__frame_00001.jpg,62,380.03,368.31,385.93,374.92,high
cam03__frame_00001.jpg,63,379.9,364.3,386.5,371.75,high
cam03__frame_00001.jpg,64,380.29,360.85,386.9,368.3,high
cam03__frame_00001.jpg,65,380.29,357.04,386.71,364.25,high
cam03__frame_00001.jpg,66,379.98,352.71,387.42,361.17,high
cam03__frame_00001.jpg,67,378.88,347.98,387.83,358.31,high
cam03__frame_00001.jpg,68,378.88,344.66,387.64,354.77,high
cam03__frame_00001.jpg,69,378.31,340.6,388.13,351.99,high
cam03__frame_00001.jpg,70,379.1,328.3,402.48,351.07,medium
cam03__frame_00001.jpg,71,626.38,419.26,634.38,431.77,high
cam03__frame_00001.jpg,72,626.38,406.26,637.38,420.26,high
cam03__frame_00001.jpg,73,617.98,390.73,638.89,408.79,high
cam03__frame_00001.jpg,74,594.52,341.66,640.0,393.54,high
cam03__frame_00001.jpg,75,598.5,325.74,640.0,368.52,high
cam03__frame_00001.jpg,76,598.71,309.22,640.0,349.87,high
cam03__frame_00001.jpg,77,598.68,263.01,640.0,324.83,high
cam03__frame_00001.jpg,78,596.9,434.88,623.75,464.3,low
cam03__frame_00001.jpg,79,598.8,415.48,625.22,446.25,high
cam03__frame_00001.jpg,80,595.67,400.3,625.58,433.51,high
cam03__frame_00001.jpg,81,564.46,343.73,631.7,409.2,medium
cam03__frame_00001.jpg,82,520.28,479.37,571.06,530.51,high
cam03__frame_00001.jpg,83,520.26,461.05,572.84,514.57,high
cam03__frame_00001.jpg,84,523.19,442.45,579.47,499.32,high
cam03__frame_00001.jpg,85,525.49,425.6,579.09,471.44,high
cam03__frame_00001.jpg,86,520.75,370.64,610.94,460.8,low
cam03__frame_00001.jpg,87,453.0,347.4,520.7,423.8,low
cam03__frame_00001.jpg,88,402.67,334.48,443.69,379.28,high
cam03__frame_00001.jpg,89,401.88,316.3,445.87,357.91,medium
cam03__frame_00001.jpg,90,398.47,260.39,482.15,343.24,low
cam03__frame_00001.jpg,91,561.2,272.64,603.84,370.9,low
cam03__frame_00001.jpg,92,496.51,295.7,536.85,366.56,low
cam03__frame_00001.jpg,93,534.23,318.43,564.59,350.21,high
cam03__frame_00001.jpg,94,533.59,298.45,561.25,322.52,high
cam03__frame_00001.jpg,95,536.74,268.5,579.19,305.39,medium
cam03__frame_00001.jpg,96,532.23,242.9,578.79,288.86,low
cam03__frame_00001.jpg,97,528.0,223.82,560.4,254.96,high
cam03__frame_00001.jpg,98,444.19,244.17,516.88,312.82,high
cam03__frame_00001.jpg,99,481.17,193.51,535.15,295.41,low
cam03__frame_00001.jpg,100,470.94,246.54,478.8,255.4,high
cam03__frame_00001.jpg,101,470.44,224.9,479.75,247.03,high
cam03__frame_00001.jpg,102,468.0,198.83,483.23,217.02,high
cam03__frame_00001.jpg,103,266.6,35.03,293.6,53.24,low
cam03__frame_00001.jpg,104,452.24,242.11,469.46,256.87,high
cam03__frame_00001.jpg,105,451.8,213.09,476.3,245.06,medium
cam03__frame_00001.jpg,106,424.26,242.18,452.08,262.55,high
cam03__frame_00001.jpg,107,421.94,228.82,453.41,251.55,high
cam03__frame_00001.jpg,108,424.55,219.78,452.79,239.46,high
cam03__frame_00001.jpg,109,421.04,204.45,457.39,230.55,high
cam03__frame_00001.jpg,110,426.32,171.89,476.95,222.52,low
cam03__frame_00001.jpg,111,622.68,136.5,639.0,199.73,high
cam03__frame_00001.jpg,112,596.82,117.06,620.98,194.63,medium
cam03__frame_00001.jpg,113,570.54,119.04,595.62,174.9,medium
cam03__frame_00001.jpg,114,548.72,133.87,574.57,163.91,low
cam03__frame_00001.jpg,115,552.92,113.38,573.35,136.72,low
cam03__frame_00001.jpg,116,534.2,115.74,555.77,148.65,medium
cam03__frame_00001.jpg,117,536.59,94.9,552.5,117.55,high
cam03__frame_00001.jpg,118,526.69,70.94,535.76,106.21,high
cam03__frame_00001.jpg,119,525.93,105.24,537.97,116.83,medium
cam03__frame_00001.jpg,120,525.17,115.58,537.98,128.99,medium
cam03__frame_00001.jpg,121,524.79,127.47,536.66,140.94,medium
cam03__frame_00001.jpg,122,515.58,100.98,526.74,113.67,high
cam03__frame_00001.jpg,123,513.59,112.38,526.85,123.82,medium
cam03__frame_00001.jpg,124,511.53,122.41,526.62,137.07,medium
cam03__frame_00001.jpg,125,491.0,104.43,515.03,127.75,medium
cam03__frame_00001.jpg,126,479.3,89.8,491.92,120.86,medium
cam03__frame_00001.jpg,127,469.74,98.36,479.29,116.01,high
cam03__frame_00001.jpg,128,461.39,94.62,470.16,112.14,high
cam03__frame_00001.jpg,129,451.81,89.41,461.67,106.11,medium
cam03__frame_00001.jpg,130,434.01,41.28,449.62,99.87,medium
cam03__frame_00001.jpg,131,420.05,45.61,434.01,94.62,medium
cam03__frame_00001.jpg,132,392.94,37.12,419.78,114.88,medium
cam03__frame_00001.jpg,133,350.4,180.69,357.36,220.64,high
cam03__frame_00001.jpg,134,357.4,187.29,367.26,226.1,high
cam03__frame_00001.jpg,135,366.2,190.2,374.96,233.47,high
cam03__frame_00001.jpg,136,406.68,214.33,420.12,222.89,high
cam03__frame_00001.jpg,137,406.6,200.3,419.6,213.99,high
cam03__frame_00001.jpg,138,405.36,172.61,419.65,199.69,high
cam03__frame_00001.jpg,139,405.03,151.64,420.08,172.7,medium
cam03__frame_00001.jpg,140,363.29,246.21,391.15,293.17,low
cam03__frame_00001.jpg,141,375.23,230.29,403.89,278.84,medium
cam03__frame_00001.jpg,142,241.51,161.2,265.3,185.56,high
cam03__frame_00001.jpg,143,301.44,247.36,346.58,278.8,medium
cam03__frame_00001.jpg,144,307.02,230.05,340.02,255.13,medium
cam03__frame_00001.jpg,145,314.46,150.19,328.49,175.7,high
cam03__frame_00001.jpg,146,320.4,192.58,329.0,200.89,medium
cam03__frame_00001.jpg,147,320.2,184.52,326.8,192.1,low
cam03__frame_00001.jpg,148,317.12,175.5,325.9,184.52,low
cam03__frame_00001.jpg,149,307.87,198.51,315.0,205.9,high
cam03__frame_00001.jpg,150,306.92,190.45,313.33,197.57,medium
cam03__frame_00001.jpg,151,306.38,181.99,314.0,189.61,medium
cam03__frame_00001.jpg,152,304.8,172.5,314.0,181.04,low
cam03__frame_00001.jpg,153,303.84,163.25,313.36,171.83,low
cam03__frame_00001.jpg,154,303.52,151.5,313.68,163.89,low
cam03__frame_00001.jpg,155,300.7,202.63,307.65,208.98,high
cam03__frame_00001.jpg,156,297.17,194.38,306.38,202.63,medium
cam03__frame_00001.jpg,157,295.9,185.48,305.74,193.74,low
cam03__frame_00001.jpg,158,296.22,176.91,305.11,185.48,low
cam03__frame_00001.jpg,159,295.58,167.7,303.56,176.57,low
cam03__frame_00001.jpg,160,294.9,156.27,302.3,166.7,low
cam03__frame_00001.jpg,161,237.41,75.19,264.63,97.15,medium
cam03__frame_00001.jpg,162,196.55,100.6,203.41,114.6,high
cam03__frame_00001.jpg,163,196.55,81.39,203.41,101.15,high
cam03__frame_00001.jpg,164,205.61,106.36,208.9,118.71,high
cam03__frame_00001.jpg,165,205.06,91.54,208.35,106.36,high
cam03__frame_00001.jpg,166,209.45,109.66,211.92,120.91,high
cam03__frame_00001.jpg,167,208.9,93.46,212.2,108.56,high
cam03__frame_00001.jpg,168,266.64,53.86,293.09,68.19,low
cam03__frame_00001.jpg,169,267.37,68.56,295.3,84.72,low
cam03__frame_00001.jpg,170,277.29,85.1,300.43,124.4,low
cam03__frame_00001.jpg,171,299.0,68.9,308.9,117.06,high
cam03__frame_00001.jpg,172,243.85,89.38,275.09,111.68,medium
cam03__frame_00001.jpg,173,244.27,103.26,279.26,131.94,low
cam03__frame_00001.jpg,174,223.15,99.42,247.22,120.35,low
cam03__frame_00001.jpg,175,223.96,117.28,247.76,137.42,low
cam03__frame_00001.jpg,176,219.61,103.07,223.72,118.44,high
cam03__frame_00001.jpg,177,219.6,118.99,224.27,132.7,high
cam03__frame_00001.jpg,178,215.49,100.32,219.61,113.5,high
cam03__frame_00001.jpg,179,216.31,114.32,218.78,128.87,high
cam03__frame_00001.jpg,180,212.74,97.85,216.31,113.22,high
cam03__frame_00001.jpg,181,296.69,232.41,310.4,260.36,high
cam03__frame_00001.jpg,182,212.2,114.05,216.31,125.3,high
cam03__frame_00001.jpg,183,217.7,306.92,238.67,336.04,medium
cam03__frame_00001.jpg,184,234.87,318.91,248.8,341.46,low
cam03__frame_00001.jpg,185,252.78,364.01,274.67,411.76,high
cam03__frame_00001.jpg,186,105.85,55.44,179.52,118.21,medium
cam03__frame_00004.jpg,0,405.29,418.24,428.59,437.5,high
cam03__frame_00004.jpg,1,407.36,413.02,430.66,432.28,high
cam03__frame_00004.jpg,2,217.7,306.92,238.67,336.04,medium
cam03__frame_00004.jpg,3,234.87,318.91,248.8,341.46,low
cam03__frame_00004.jpg,4,252.78,364.01,274.67,479.1,low
cam03__frame_00004.jpg,5,340.94,291.06,369.82,339.19,low
cam03__frame_00004.jpg,6,451.81,89.41,461.67,106.11,medium
cam03__frame_00004.jpg,7,344.89,340.1,366.2,372.95,medium
cam03__frame_00004.jpg,8,434.01,41.28,449.62,99.87,medium
cam03__frame_00004.jpg,9,420.05,45.61,434.01,94.62,medium
cam03__frame_00004.jpg,10,392.94,37.12,419.78,114.88,medium
cam03__frame_00004.jpg,11,461.39,94.62,470.16,112.14,high
cam03__frame_00004.jpg,12,469.74,98.36,479.29,116.01,high
cam03__frame_00004.jpg,13,479.3,89.8,491.92,120.86,medium
cam03__frame_00004.jpg,14,491.0,104.43,515.03,127.75,medium
cam03__frame_00004.jpg,15,515.58,100.98,526.74,113.67,high
cam03__frame_00004.jpg,16,513.59,112.38,526.85,123.82,medium
cam03__frame_00004.jpg,17,511.53,122.41,526.62,137.07,medium
cam03__frame_00004.jpg,18,526.69,70.94,535.76,106.21,high
cam03__frame_00004.jpg,19,525.93,105.24,537.97,116.83,medium
cam03__frame_00004.jpg,20,525.17,115.58,537.98,128.99,medium
cam03__frame_00004.jpg,21,524.79,127.47,536.66,140.94,medium
cam03__frame_00004.jpg,22,536.59,94.9,552.5,117.55,high
cam03__frame_00004.jpg,23,534.2,115.74,555.77,148.65,medium
cam03__frame_00004.jpg,24,552.92,113.38,573.35,136.72,low
cam03__frame_00004.jpg,25,548.72,133.87,574.57,163.91,low
cam03__frame_00004.jpg,26,570.54,119.04,595.62,174.9,medium
cam03__frame_00004.jpg,27,596.82,117.06,620.98,194.63,medium
cam03__frame_00004.jpg,28,622.68,136.5,639.0,199.73,high
cam03__frame_00004.jpg,29,405.03,151.64,420.08,172.7,medium
cam03__frame_00004.jpg,30,405.36,172.61,419.65,199.69,high
cam03__frame_00004.jpg,31,406.6,200.3,419.6,213.99,high
cam03__frame_00004.jpg,32,406.68,214.33,420.12,222.89,high
cam03__frame_00004.jpg,33,426.32,171.89,476.95,222.52,low
cam03__frame_00004.jpg,34,421.04,204.45,457.39,230.55,high
cam03__frame_00004.jpg,35,424.55,219.78,452.79,239.46,high
cam03__frame_00004.jpg,36,421.94,228.82,453.41,251.55,high
cam03__frame_00004.jpg,37,424.26,242.18,452.08,262.55,high
cam03__frame_00004.jpg,38,468.0,198.83,483.23,217.02,high
cam03__frame_00004.jpg,39,451.8,213.09,476.3,245.06,medium
cam03__frame_00004.jpg,40,452.24,242.11,469.46,256.87,high
cam03__frame_00004.jpg,41,470.44,224.9,479.75,247.03,high
cam03__frame_00004.jpg,42,470.94,246.54,478.8,255.4,high
cam03__frame_00004.jpg,43,481.17,193.51,535.15,295.41,low
cam03__frame_00004.jpg,44,528.0,223.82,560.4,254.96,high
cam03__frame_00004.jpg,45,532.23,242.9,578.79,288.86,low
cam03__frame_00004.jpg,46,536.74,268.5,579.19,305.39,medium
cam03__frame_00004.jpg,47,533.59,298.45,561.25,322.52,high
cam03__frame_00004.jpg,48,534.23,318.43,564.59,350.21,high
cam03__frame_00004.jpg,49,561.2,272.64,603.84,370.9,low
cam03__frame_00004.jpg,50,598.68,263.01,640.0,324.83,high
cam03__frame_00004.jpg,51,598.71,309.22,640.0,349.87,high
cam03__frame_00004.jpg,52,598.5,325.74,640.0,368.52,high
cam03__frame_00004.jpg,53,594.52,341.66,640.0,393.54,high
cam03__frame_00004.jpg,54,564.46,343.73,631.7,409.2,medium
cam03__frame_00004.jpg,55,617.98,390.73,638.89,408.79,high
cam03__frame_00004.jpg,56,626.38,406.26,637.38,420.26,high
cam03__frame_00004.jpg,57,626.38,419.26,634.38,431.77,high
cam03__frame_00004.jpg,58,595.67,400.3,625.58,433.51,high
cam03__frame_00004.jpg,59,598.8,415.48,625.22,446.25,high
cam03__frame_00004.jpg,60,596.9,434.88,623.75,464.3,low
cam03__frame_00004.jpg,61,444.19,244.17,516.88,312.82,high
cam03__frame_00004.jpg,62,520.75,370.64,610.94,460.8,low
cam03__frame_00004.jpg,63,525.49,425.6,579.09,471.44,high
cam03__frame_00004.jpg,64,523.19,442.45,579.47,499.32,high
cam03__frame_00004.jpg,65,520.26,461.05,572.84,514.57,high
cam03__frame_00004.jpg,66,520.28,479.37,571.06,530.51,high
cam03__frame_00004.jpg,67,453.0,347.4,520.7,423.8,low
cam03__frame_00004.jpg,68,398.47,260.39,482.15,343.24,low
cam03__frame_00004.jpg,69,401.88,316.3,445.87,357.91,medium
cam03__frame_00004.jpg,70,402.67,334.48,443.69,379.28,high
cam03__frame_00004.jpg,71,496.51,295.7,536.85,366.56,low
cam03__frame_00004.jpg,72,375.23,230.29,403.89,278.84,medium
cam03__frame_00004.jpg,73,363.29,246.21,391.15,293.17,low
cam03__frame_00004.jpg,74,379.1,328.3,402.48,351.07,medium
cam03__frame_00004.jpg,75,378.31,340.6,388.13,351.99,high
cam03__frame_00004.jpg,76,378.88,347.98,387.83,358.31,high
cam03__frame_00004.jpg,77,379.98,352.71,387.42,361.17,high
cam03__frame_00004.jpg,78,380.29,357.04,386.71,364.25,high
cam03__frame_00004.jpg,79,380.29,360.85,386.9,368.3,high
cam03__frame_00004.jpg,80,379.9,364.3,386.5,371.75,high
cam03__frame_00004.jpg,81,380.03,368.31,385.93,374.92,high
cam03__frame_00004.jpg,82,366.1,371.0,385.74,390.9,low
cam03__frame_00004.jpg,83,405.53,358.68,429.37,382.49,low
cam03__frame_00004.jpg,84,406.3,374.69,417.83,385.97,high
cam03__frame_00004.jpg,85,407.84,380.9,417.71,390.45,high
cam03__frame_00004.jpg,86,407.27,384.05,417.14,393.61,high
cam03__frame_00004.jpg,87,406.56,387.31,415.95,396.4,high
cam03__frame_00004.jpg,88,406.45,391.26,413.45,398.1,high
cam03__frame_00004.jpg,89,406.1,394.98,412.12,400.89,high
cam03__frame_00004.jpg,90,381.87,389.34,400.04,407.36,medium
cam03__frame_00004.jpg,91,383.81,401.44,393.84,411.88,high
cam03__frame_00004.jpg,92,383.91,406.24,394.8,416.87,high
cam03__frame_00004.jpg,93,393.11,401.65,412.24,420.78,low
cam03__frame_00004.jpg,94,392.95,413.04,403.84,423.67,high
cam03__frame_00004.jpg,95,392.24,415.88,403.13,426.5,high
cam03__frame_00004.jpg,96,392.59,419.54,402.54,429.25,high
cam03__frame_00004.jpg,97,404.09,379.86,454.0,429.79,medium
cam03__frame_00004.jpg,98,315.46,320.7,339.33,354.52,medium
cam03__frame_00004.jpg,99,301.44,247.36,346.58,278.8,medium
cam03__frame_00004.jpg,100,307.02,230.05,340.02,255.13,medium
cam03__frame_00004.jpg,101,296.69,232.41,310.4,260.36,high
cam03__frame_00004.jpg,102,366.2,190.2,374.96,233.47,high
cam03__frame_00004.jpg,103,357.4,187.29,367.26,226.1,high
cam03__frame_00004.jpg,104,350.4,180.69,357.36,220.64,high
cam03__frame_00004.jpg,105,320.4,192.58,329.0,200.89,medium
cam03__frame_00004.jpg,106,320.2,184.52,326.8,192.1,low
cam03__frame_00004.jpg,107,317.12,175.5,325.9,184.52,low
cam03__frame_00004.jpg,108,314.46,150.19,328.49,175.7,high
cam03__frame_00004.jpg,109,307.87,198.51,315.0,205.9,high
cam03__frame_00004.jpg,110,306.92,190.45,313.33,197.57,medium
cam03__frame_00004.jpg,111,306.38,181.99,314.0,189.61,medium
cam03__frame_00004.jpg,112,304.8,172.5,314.0,181.04,low
cam03__frame_00004.jpg,113,303.84,163.25,313.36,171.83,low
cam03__frame_00004.jpg,114,303.52,151.5,313.68,163.89,low
cam03__frame_00004.jpg,115,300.7,202.63,307.65,208.98,high
cam03__frame_00004.jpg,116,297.17,194.38,306.38,202.63,medium
cam03__frame_00004.jpg,117,295.9,185.48,305.74,193.74,low
cam03__frame_00004.jpg,118,296.22,176.91,305.11,185.48,low
cam03__frame_00004.jpg,119,295.58,167.7,303.56,176.57,low
cam03__frame_00004.jpg,120,294.9,156.27,302.3,166.7,low
cam03__frame_00004.jpg,121,241.51,161.2,265.3,185.56,high
cam03__frame_00004.jpg,122,219.6,118.99,224.27,132.7,high
cam03__frame_00004.jpg,123,219.61,103.07,223.72,118.44,high
cam03__frame_00004.jpg,124,216.31,114.32,218.78,128.87,high
cam03__frame_00004.jpg,125,215.49,100.32,219.61,113.5,high
cam03__frame_00004.jpg,126,212.2,114.05,216.31,125.3,high
cam03__frame_00004.jpg,127,212.74,97.85,216.31,113.22,high
cam03__frame_00004.jpg,128,209.45,109.66,211.92,120.91,high
cam03__frame_00004.jpg,129,208.9,93.46,212.2,108.56,high
cam03__frame_00004.jpg,130,205.61,106.36,208.9,118.71,high
cam03__frame_00004.jpg,131,205.06,91.54,208.35,106.36,high
cam03__frame_00004.jpg,132,196.55,100.6,203.41,114.6,high
cam03__frame_00004.jpg,133,196.55,81.39,203.41,101.15,high
cam03__frame_00004.jpg,134,223.96,117.28,247.76,137.42,low
cam03__frame_00004.jpg,135,223.15,99.42,247.22,120.35,low
cam03__frame_00004.jpg,136,244.27,103.26,279.26,131.94,low
cam03__frame_00004.jpg,137,243.85,89.38,275.09,111.68,medium
cam03__frame_00004.jpg,138,237.41,75.19,264.63,97.15,medium
cam03__frame_00004.jpg,139,277.29,85.1,300.43,124.4,low
cam03__frame_00004.jpg,140,299.0,68.9,308.9,117.06,high
cam03__frame_00004.jpg,141,267.37,68.56,295.3,84.72,low
cam03__frame_00004.jpg,142,266.64,53.86,293.09,68.19,low
cam03__frame_00004.jpg,143,266.6,35.03,293.6,53.24,low
cam03__frame_00004.jpg,144,172.16,545.37,271.8,613.4,medium
cam03__frame_00004.jpg,145,148.25,429.12,237.37,489.42,high
cam03__frame_00004.jpg,146,147.2,420.64,226.91,471.84,high
cam03__frame_00004.jpg,147,138.9,402.15,229.63,458.91,medium
cam03__frame_00004.jpg,148,145.72,380.1,224.51,437.18,medium
cam03__frame_00004.jpg,149,138.61,357.56,205.57,403.7,medium
cam03__frame_00004.jpg,150,136.16,309.86,209.56,364.69,medium
cam03__frame_00004.jpg,151,127.89,203.78,197.45,287.36,medium
cam03__frame_00004.jpg,152,118.13,129.5,186.05,208.04,medium
cam03__frame_00004.jpg,153,105.85,55.44,179.52,118.21,medium
cam03__frame_00004.jpg,154,444.51,612.56,470.42,640.0,high
cam03__frame_00004.jpg,155,411.9,579.26,445.62,636.62,medium
cam03__frame_00004.jpg,156,396.03,543.36,420.83,572.6,high
cam03__frame_00004.jpg,157,328.3,486.82,366.67,561.91,low
cam03__frame_00004.jpg,158,369.02,561.87,405.7,639.58,medium
cam03__frame_00004.jpg,159,328.3,486.82,366.67,582.5,medium
cam03__frame_00004.jpg,160,449.2,545.56,465.54,604.51,high
cam03__frame_00004.jpg,161,426.9,509.88,449.2,572.8,high
cam03__frame_00004.jpg,162,413.53,491.56,427.4,550.51,high
cam03__frame_00004.jpg,163,397.7,475.7,413.53,523.26,high
cam03__frame_00004.jpg,164,383.8,442.51,399.1,508.4,high
cam03__frame_00004.jpg,165,367.9,412.78,381.82,480.66,high
cam03__frame_00004.jpg,166,478.5,536.58,506.55,562.04,high
cam03__frame_00004.jpg,167,480.69,529.08,511.14,560.07,low
cam03__frame_00004.jpg,168,476.68,489.19,540.41,552.75,low
cam03__frame_00004.jpg,169,456.63,505.98,477.07,523.12,high
cam03__frame_00004.jpg,170,458.29,499.91,480.63,519.63,high
cam03__frame_00004.jpg,171,460.7,495.03,483.62,517.47,high
cam03__frame_00004.jpg,172,456.39,458.03,511.82,513.51,medium
cam03__frame_00004.jpg,173,444.62,492.2,459.66,505.32,high
cam03__frame_00004.jpg,174,444.12,485.27,459.57,498.69,high
cam03__frame_00004.jpg,175,320.76,354.52,343.31,379.1,medium
cam03__frame_00004.jpg,176,438.4,472.57,461.7,491.83,high
cam03__frame_00004.jpg,177,443.63,469.91,462.84,486.13,high
cam03__frame_00004.jpg,178,444.13,462.48,465.19,480.07,high
cam03__frame_00004.jpg,179,444.26,431.0,489.19,475.53,medium
cam03__frame_00004.jpg,180,426.99,462.85,444.52,477.46,high
cam03__frame_00004.jpg,181,422.49,452.56,445.79,471.81,high
cam03__frame_00004.jpg,182,423.96,446.68,447.26,465.93,high
cam03__frame_00004.jpg,183,425.43,441.53,448.73,460.78,high
cam03__frame_00004.jpg,184,425.43,435.11,448.73,454.37,high
cam03__frame_00004.jpg,185,426.22,415.19,460.14,449.43,medium
cam03__frame_00004.jpg,186,403.32,429.72,426.62,448.98,high
cam03__frame_00004.jpg,187,404.96,424.47,428.26,443.73,high
cam03__frame_00007.jpg,0,366.1,371.0,385.74,390.9,low
cam03__frame_00007.jpg,1,392.94,37.12,419.78,114.88,medium
cam03__frame_00007.jpg,2,420.05,45.61,434.01,94.62,medium
cam03__frame_00007.jpg,3,434.01,41.28,449.62,99.87,medium
cam03__frame_00007.jpg,4,451.81,89.41,461.67,106.11,medium
cam03__frame_00007.jpg,5,461.39,94.62,470.16,112.14,high
cam03__frame_00007.jpg,6,469.74,98.36,479.29,116.01,high
cam03__frame_00007.jpg,7,479.3,89.8,491.92,120.86,medium
cam03__frame_00007.jpg,8,491.0,104.43,515.03,127.75,medium
cam03__frame_00007.jpg,9,515.58,100.98,526.74,113.67,high
cam03__frame_00007.jpg,10,513.59,112.38,526.85,123.82,medium
cam03__frame_00007.jpg,11,511.53,122.41,526.62,137.07,medium
cam03__frame_00007.jpg,12,526.69,70.94,535.76,106.21,high
cam03__frame_00007.jpg,13,525.93,105.24,537.97,116.83,medium
cam03__frame_00007.jpg,14,525.17,115.58,537.98,128.99,medium
cam03__frame_00007.jpg,15,524.79,127.47,536.66,140.94,medium
cam03__frame_00007.jpg,16,536.59,94.9,552.5,117.55,high
cam03__frame_00007.jpg,17,534.2,115.74,555.77,148.65,medium
cam03__frame_00007.jpg,18,552.92,113.38,573.35,136.72,low
cam03__frame_00007.jpg,19,548.72,133.87,574.57,163.91,low
cam03__frame_00007.jpg,20,570.54,119.04,595.62,174.9,medium
cam03__frame_00007.jpg,21,596.82,117.06,620.98,194.63,medium
cam03__frame_00007.jpg,22,622.68,136.5,639.0,199.73,high
cam03__frame_00007.jpg,23,405.03,151.64,420.08,172.7,medium
cam03__frame_00007.jpg,24,405.36,172.61,419.65,199.69,high
cam03__frame_00007.jpg,25,406.6,200.3,419.6,213.99,high
cam03__frame_00007.jpg,26,406.68,214.33,420.12,222.89,high
cam03__frame_00007.jpg,27,426.32,171.89,476.95,222.52,low
cam03__frame_00007.jpg,28,421.04,204.45,457.39,230.55,high
cam03__frame_00007.jpg,29,424.55,219.78,452.79,239.46,high
cam03__frame_00007.jpg,30,421.94,228.82,453.41,251.55,high
cam03__frame_00007.jpg,31,424.26,242.18,452.08,262.55,high
cam03__frame_00007.jpg,32,468.0,198.83,483.23,217.02,high
cam03__frame_00007.jpg,33,451.8,213.09,476.3,245.06,medium
cam03__frame_00007.jpg,34,452.24,242.11,469.46,256.87,high
cam03__frame_00007.jpg,35,470.44,224.9,479.75,247.03,high
cam03__frame_00007.jpg,36,470.94,246.54,478.8,255.4,high
cam03__frame_00007.jpg,37,481.17,193.51,535.15,295.41,low
cam03__frame_00007.jpg,38,528.0,223.82,560.4,254.96,high
cam03__frame_00007.jpg,39,532.23,242.9,578.79,288.86,low
cam03__frame_00007.jpg,40,536.74,268.5,579.19,305.39,medium
cam03__frame_00007.jpg,41,533.59,298.45,561.25,322.52,high
cam03__frame_00007.jpg,42,534.23,318.43,564.59,350.21,high
cam03__frame_00007.jpg,43,561.2,272.64,603.84,370.9,low
cam03__frame_00007.jpg,44,598.68,263.01,640.0,324.83,high
cam03__frame_00007.jpg,45,598.71,309.22,640.0,349.87,high
cam03__frame_00007.jpg,46,598.5,325.74,640.0,368.52,high
cam03__frame_00007.jpg,47,594.52,341.66,640.0,393.54,high
cam03__frame_00007.jpg,48,564.46,343.73,631.7,409.2,medium
cam03__frame_00007.jpg,49,617.98,390.73,638.89,408.79,high
cam03__frame_00007.jpg,50,626.38,406.26,637.38,420.26,high
cam03__frame_00007.jpg,51,626.38,419.26,634.38,431.77,high
cam03__frame_00007.jpg,52,595.67,400.3,625.58,433.51,high
cam03__frame_00007.jpg,53,598.8,415.48,625.22,446.25,high
cam03__frame_00007.jpg,54,596.9,434.88,623.75,464.3,low
cam03__frame_00007.jpg,55,444.19,244.17,516.88,312.82,high
cam03__frame_00007.jpg,56,520.75,370.64,610.94,460.8,low
cam03__frame_00007.jpg,57,525.49,425.6,579.09,471.44,high
cam03__frame_00007.jpg,58,523.19,442.45,579.47,499.32,high
cam03__frame_00007.jpg,59,520.26,461.05,572.84,514.57,high
cam03__frame_00007.jpg,60,520.28,479.37,571.06,530.51,high
cam03__frame_00007.jpg,61,453.0,347.4,520.7,423.8,low
cam03__frame_00007.jpg,62,398.47,260.39,482.15,343.24,low
cam03__frame_00007.jpg,63,401.88,316.3,445.87,357.91,medium
cam03__frame_00007.jpg,64,402.67,334.48,443.69,379.28,high
cam03__frame_00007.jpg,65,496.51,295.7,536.85,366.56,low
cam03__frame_00007.jpg,66,375.23,230.29,403.89,278.84,medium
cam03__frame_00007.jpg,67,363.29,246.21,391.15,293.17,low
cam03__frame_00007.jpg,68,379.1,328.3,402.48,351.07,medium
cam03__frame_00007.jpg,69,378.31,340.6,388.13,351.99,high
cam03__frame_00007.jpg,70,378.88,347.98,387.83,358.31,high
cam03__frame_00007.jpg,71,379.98,352.71,387.42,361.17,high
cam03__frame_00007.jpg,72,380.29,357.04,386.71,364.25,high
cam03__frame_00007.jpg,73,380.29,360.85,386.9,368.3,high
cam03__frame_00007.jpg,74,379.9,364.3,386.5,371.75,high
cam03__frame_00007.jpg,75,380.03,368.31,385.93,374.92,high
cam03__frame_00007.jpg,76,405.53,358.68,429.37,382.49,low
cam03__frame_00007.jpg,77,406.3,374.69,417.83,385.97,high
cam03__frame_00007.jpg,78,407.84,380.9,417.71,390.45,high
cam03__frame_00007.jpg,79,407.27,384.05,417.14,393.61,high
cam03__frame_00007.jpg,80,406.56,387.31,415.95,396.4,high
cam03__frame_00007.jpg,81,406.45,391.26,413.45,398.1,high
cam03__frame_00007.jpg,82,406.1,394.98,412.12,400.89,high
cam03__frame_00007.jpg,83,381.87,389.34,400.04,407.36,medium
cam03__frame_00007.jpg,84,383.81,401.44,393.84,411.88,high
cam03__frame_00007.jpg,85,383.91,406.24,394.8,416.87,high
cam03__frame_00007.jpg,86,393.11,401.65,412.24,420.78,low
cam03__frame_00007.jpg,87,392.95,413.04,403.84,423.67,high
cam03__frame_00007.jpg,88,392.24,415.88,403.13,426.5,high
cam03__frame_00007.jpg,89,392.59,419.54,402.54,429.25,high
cam03__frame_00007.jpg,90,404.09,379.86,454.0,429.79,medium
cam03__frame_00007.jpg,91,344.89,340.1,366.2,372.95,medium
cam03__frame_00007.jpg,92,340.94,291.06,369.82,339.19,low
cam03__frame_00007.jpg,93,251.41,368.13,273.3,483.23,low
cam03__frame_00007.jpg,94,234.87,318.91,248.8,341.46,low
cam03__frame_00007.jpg,95,217.7,306.92,238.67,336.04,medium
cam03__frame_00007.jpg,96,320.76,354.52,343.31,379.1,medium
cam03__frame_00007.jpg,97,315.46,320.7,339.33,354.52,medium
cam03__frame_00007.jpg,98,301.44,247.36,346.58,278.8,medium
cam03__frame_00007.jpg,99,307.02,230.05,340.02,255.13,medium
cam03__frame_00007.jpg,100,296.69,232.41,310.4,260.36,high
cam03__frame_00007.jpg,101,366.2,190.2,374.96,233.47,high
cam03__frame_00007.jpg,102,357.4,187.29,367.26,226.1,high
cam03__frame_00007.jpg,103,350.4,180.69,357.36,220.64,high
cam03__frame_00007.jpg,104,320.4,192.58,329.0,200.89,medium
cam03__frame_00007.jpg,105,320.2,184.52,326.8,192.1,low
cam03__frame_00007.jpg,106,317.12,175.5,325.9,184.52,low
cam03__frame_00007.jpg,107,314.46,150.19,328.49,175.7,high
cam03__frame_00007.jpg,108,307.87,198.51,315.0,205.9,high
cam03__frame_00007.jpg,109,306.92,190.45,313.33,197.57,medium
cam03__frame_00007.jpg,110,306.38,181.99,314.0,189.61,medium
cam03__frame_00007.jpg,111,304.8,172.5,314.0,181.04,low
cam03__frame_00007.jpg,112,303.84,163.25,313.36,171.83,low
cam03__frame_00007.jpg,113,303.52,151.5,313.68,163.89,low
cam03__frame_00007.jpg,114,300.7,202.63,307.65,208.98,high
cam03__frame_00007.jpg,115,297.17,194.38,306.38,202.63,medium
cam03__frame_00007.jpg,116,295.9,185.48,305.74,193.74,low
cam03__frame_00007.jpg,117,296.22,176.91,305.11,185.48,low
cam03__frame_00007.jpg,118,295.58,167.7,303.56,176.57,low
cam03__frame_00007.jpg,119,294.9,156.27,302.3,166.7,low
cam03__frame_00007.jpg,120,241.51,161.2,265.3,185.56,high
cam03__frame_00007.jpg,121,219.6,118.99,224.27,132.7,high
cam03__frame_00007.jpg,122,219.61,103.07,223.72,118.44,high
cam03__frame_00007.jpg,123,216.31,114.32,218.78,128.87,high
cam03__frame_00007.jpg,124,215.49,100.32,219.61,113.5,high
cam03__frame_00007.jpg,125,212.2,114.05,216.31,125.3,high
cam03__frame_00007.jpg,126,212.74,97.85,216.31,113.22,high
cam03__frame_00007.jpg,127,209.45,109.66,211.92,120.91,high
cam03__frame_00007.jpg,128,208.9,93.46,212.2,108.56,high
cam03__frame_00007.jpg,129,205.61,106.36,208.9,118.71,high
cam03__frame_00007.jpg,130,205.06,91.54,208.35,106.36,high
cam03__frame_00007.jpg,131,196.55,100.6,203.41,114.6,high
cam03__frame_00007.jpg,132,196.55,81.39,203.41,101.15,high
cam03__frame_00007.jpg,133,223.96,117.28,247.76,137.42,low
cam03__frame_00007.jpg,134,223.15,99.42,247.22,120.35,low
cam03__frame_00007.jpg,135,244.27,103.26,279.26,131.94,low
cam03__frame_00007.jpg,136,243.85,89.38,275.09,111.68,medium
cam03__frame_00007.jpg,137,237.41,75.19,264.63,97.15,medium
cam03__frame_00007.jpg,138,277.29,85.1,300.43,124.4,low
cam03__frame_00007.jpg,139,299.0,68.9,308.9,117.06,high
cam03__frame_00007.jpg,140,267.37,68.56,295.3,84.72,low
cam03__frame_00007.jpg,141,266.64,53.86,293.09,68.19,low
cam03__frame_00007.jpg,142,266.6,35.03,293.6,53.24,low
cam03__frame_00007.jpg,143,172.16,545.37,271.8,613.4,medium
cam03__frame_00007.jpg,144,148.25,429.12,237.37,489.42,high
cam03__frame_00007.jpg,145,147.2,420.64,226.91,471.84,high
cam03__frame_00007.jpg,146,138.9,402.15,229.63,458.91,medium
cam03__frame_00007.jpg,147,145.72,380.1,224.51,437.18,medium
cam03__frame_00007.jpg,148,138.61,357.56,205.57,403.7,medium
cam03__frame_00007.jpg,149,136.16,309.86,209.56,364.69,medium
cam03__frame_00007.jpg,150,127.89,203.78,197.45,287.36,medium
cam03__frame_00007.jpg,151,118.13,129.5,186.05,208.04,medium
cam03__frame_00007.jpg,152,105.85,55.44,179.52,118.21,medium
cam03__frame_00007.jpg,153,444.51,612.56,470.42,640.0,high
cam03__frame_00007.jpg,154,411.9,579.26,445.62,636.62,medium
cam03__frame_00007.jpg,155,396.03,543.36,420.83,572.6,high
cam03__frame_00007.jpg,156,369.02,561.87,405.7,639.58,medium
cam03__frame_00007.jpg,157,332.43,473.07,370.8,584.0,low
cam03__frame_00007.jpg,158,449.2,545.56,465.54,604.51,high
cam03__frame_00007.jpg,159,426.9,509.88,449.2,572.8,high
cam03__frame_00007.jpg,160,413.53,491.56,427.4,550.51,high
cam03__frame_00007.jpg,161,397.7,475.7,413.53,523.26,high
cam03__frame_00007.jpg,162,383.8,442.51,399.1,508.4,high
cam03__frame_00007.jpg,163,367.9,412.78,381.82,480.66,high
cam03__frame_00007.jpg,164,478.5,536.58,506.55,562.04,high
cam03__frame_00007.jpg,165,480.69,529.08,511.14,560.07,low
cam03__frame_00007.jpg,166,476.68,489.19,540.41,552.75,low
cam03__frame_00007.jpg,167,456.63,505.98,477.07,523.12,high
cam03__frame_00007.jpg,168,458.29,499.91,480.63,519.63,high
cam03__frame_00007.jpg,169,460.7,495.03,483.62,517.47,high
cam03__frame_00007.jpg,170,456.39,458.03,511.82,513.51,medium
cam03__frame_00007.jpg,171,444.62,492.2,459.66,505.32,high
cam03__frame_00007.jpg,172,444.12,485.27,459.57,498.69,high
cam03__frame_00007.jpg,173,438.4,472.57,461.7,491.83,high
cam03__frame_00007.jpg,174,443.63,469.91,462.84,486.13,high
cam03__frame_00007.jpg,175,444.13,462.48,465.19,480.07,high
cam03__frame_00007.jpg,176,444.26,431.0,489.19,475.53,medium
cam03__frame_00007.jpg,177,426.99,462.85,444.52,477.46,high
cam03__frame_00007.jpg,178,422.49,452.56,445.79,471.81,high
cam03__frame_00007.jpg,179,423.96,446.68,447.26,465.93,high
cam03__frame_00007.jpg,180,425.43,441.53,448.73,460.78,high
cam03__frame_00007.jpg,181,425.43,435.11,448.73,454.37,high
cam03__frame_00007.jpg,182,426.22,415.19,460.14,449.43,medium
cam03__frame_00007.jpg,183,403.32,429.72,426.62,448.98,high
cam03__frame_00007.jpg,184,404.96,424.47,428.26,443.73,high
cam03__frame_00007.jpg,185,405.29,418.24,428.59,437.5,high
cam03__frame_00007.jpg,186,407.36,413.02,430.66,432.28,high
cam03__frame_00010.jpg,0,392.95,413.04,403.84,423.67,high
cam03__frame_00010.jpg,1,393.11,401.65,412.24,420.78,low
cam03__frame_00010.jpg,2,383.91,406.24,394.8,416.87,high
cam03__frame_00010.jpg,3,383.81,401.44,393.84,411.88,high
cam03__frame_00010.jpg,4,381.87,389.34,400.04,407.36,medium
cam03__frame_00010.jpg,5,406.1,394.98,412.12,400.89,high
cam03__frame_00010.jpg,6,406.45,391.26,413.45,398.1,high
cam03__frame_00010.jpg,7,406.56,387.31,415.95,396.4,high
cam03__frame_00010.jpg,8,407.27,384.05,417.14,393.61,high
cam03__frame_00010.jpg,9,407.84,380.9,417.71,390.45,high
cam03__frame_00010.jpg,10,406.3,374.69,417.83,385.97,high
cam03__frame_00010.jpg,11,405.53,358.68,429.37,382.49,low
cam03__frame_00010.jpg,12,366.1,371.0,385.74,390.9,low
cam03__frame_00010.jpg,13,380.03,368.31,385.93,374.92,high
cam03__frame_00010.jpg,14,379.9,364.3,386.5,371.75,high
cam03__frame_00010.jpg,15,380.29,360.85,386.9,368.3,high
cam03__frame_00010.jpg,16,380.29,357.04,386.71,364.25,high
cam03__frame_00010.jpg,17,379.98,352.71,387.42,361.17,high
cam03__frame_00010.jpg,18,378.88,347.98,387.83,358.31,high
cam03__frame_00010.jpg,19,378.31,340.6,388.13,351.99,high
cam03__frame_00010.jpg,20,379.1,328.3,402.48,351.07,medium
cam03__frame_00010.jpg,21,406.68,214.33,420.12,222.89,high
cam03__frame_00010.jpg,22,406.6,200.3,419.6,213.99,high
cam03__frame_00010.jpg,23,405.36,172.61,419.65,199.69,high
cam03__frame_00010.jpg,24,405.03,151.64,420.08,172.7,medium
cam03__frame_00010.jpg,25,363.29,246.21,391.15,293.17,low
cam03__frame_00010.jpg,26,375.23,230.29,403.89,278.84,medium
cam03__frame_00010.jpg,27,496.51,295.7,536.85,366.56,low
cam03__frame_00010.jpg,28,402.67,334.48,443.69,379.28,high
cam03__frame_00010.jpg,29,401.88,316.3,445.87,357.91,medium
cam03__frame_00010.jpg,30,398.47,260.39,482.15,343.24,low
cam03__frame_00010.jpg,31,453.0,347.4,520.7,423.8,low
cam03__frame_00010.jpg,32,520.28,479.37,571.06,530.51,high
cam03__frame_00010.jpg,33,520.26,461.05,572.84,514.57,high
cam03__frame_00010.jpg,34,523.19,442.45,579.47,499.32,high
cam03__frame_00010.jpg,35,525.49,425.6,579.09,471.44,high
cam03__frame_00010.jpg,36,520.75,370.64,610.94,460.8,low
cam03__frame_00010.jpg,37,444.19,244.17,516.88,312.82,high
cam03__frame_00010.jpg,38,596.9,434.88,623.75,464.3,low
cam03__frame_00010.jpg,39,598.8,415.48,625.22,446.25,high
cam03__frame_00010.jpg,40,595.67,400.3,625.58,433.51,high
cam03__frame_00010.jpg,41,626.38,419.26,634.38,431.77,high
cam03__frame_00010.jpg,42,626.38,406.26,637.38,420.26,high
cam03__frame_00010.jpg,43,617.98,390.73,638.89,408.79,high
cam03__frame_00010.jpg,44,564.46,343.73,631.7,409.2,medium
cam03__frame_00010.jpg,45,594.52,341.66,640.0,393.54,high
cam03__frame_00010.jpg,46,598.5,325.74,640.0,368.52,high
cam03__frame_00010.jpg,47,598.71,309.22,640.0,349.87,high
cam03__frame_00010.jpg,48,598.68,263.01,640.0,324.83,high
cam03__frame_00010.jpg,49,561.2,272.64,603.84,370.9,low
cam03__frame_00010.jpg,50,534.23,318.43,564.59,350.21,high
cam03__frame_00010.jpg,51,533.59,298.45,561.25,322.52,high
cam03__frame_00010.jpg,52,536.74,268.5,579.19,305.39,medium
cam03__frame_00010.jpg,53,532.23,242.9,578.79,288.86,low
cam03__frame_00010.jpg,54,528.0,223.82,560.4,254.96,high
cam03__frame_00010.jpg,55,481.17,193.51,535.15,295.41,low
cam03__frame_00010.jpg,56,470.94,246.54,478.8,255.4,high
cam03__frame_00010.jpg,57,470.44,224.9,479.75,247.03,high
cam03__frame_00010.jpg,58,452.24,242.11,469.46,256.87,high
cam03__frame_00010.jpg,59,451.8,213.09,476.3,245.06,medium
cam03__frame_00010.jpg,60,468.0,198.83,483.23,217.02,high
cam03__frame_00010.jpg,61,424.26,242.18,452.08,262.55,high
cam03__frame_00010.jpg,62,421.94,228.82,453.41,251.55,high
cam03__frame_00010.jpg,63,424.55,219.78,452.79,239.46,high
cam03__frame_00010.jpg,64,421.04,204.45,457.39,230.55,high
cam03__frame_00010.jpg,65,426.32,171.89,476.95,222.52,low
cam03__frame_00010.jpg,66,622.68,136.5,639.0,199.73,high
cam03__frame_00010.jpg,67,596.82,117.06,620.98,194.63,medium
cam03__frame_00010.jpg,68,570.54,119.04,595.62,174.9,medium
cam03__frame_00010.jpg,69,548.72,133.87,574.57,163.91,low
cam03__frame_00010.jpg,70,552.92,113.38,573.35,136.72,low
cam03__frame_00010.jpg,71,534.2,115.74,555.77,148.65,medium
cam03__frame_00010.jpg,72,536.59,94.9,552.5,117.55,high
cam03__frame_00010.jpg,73,524.79,127.47,536.66,140.94,medium
cam03__frame_00010.jpg,74,525.17,115.58,537.98,128.99,medium
cam03__frame_00010.jpg,75,525.93,105.24,537.97,116.83,medium
cam03__frame_00010.jpg,76,526.69,70.94,535.76,106.21,high
cam03__frame_00010.jpg,77,511.53,122.41,526.62,137.07,medium
cam03__frame_00010.jpg,78,513.59,112.38,526.85,123.82,medium
cam03__frame_00010.jpg,79,515.58,100.98,526.74,113.67,high
cam03__frame_00010.jpg,80,491.0,104.43,515.03,127.75,medium
cam03__frame_00010.jpg,81,479.3,89.8,491.92,120.86,medium
cam03__frame_00010.jpg,82,469.74,98.36,479.29,116.01,high
cam03__frame_00010.jpg,83,344.89,340.1,366.2,372.95,medium
cam03__frame_00010.jpg,84,340.94,291.06,369.82,339.19,low
cam03__frame_00010.jpg,85,234.87,318.91,248.8,341.46,low
cam03__frame_00010.jpg,86,217.7,306.92,238.67,336.04,medium
cam03__frame_00010.jpg,87,320.76,354.52,343.31,379.1,medium
cam03__frame_00010.jpg,88,315.46,320.7,339.33,354.52,medium
cam03__frame_00010.jpg,89,247.28,362.63,277.4,470.9,low
cam03__frame_00010.jpg,90,301.44,247.36,346.58,278.8,medium
cam03__frame_00010.jpg,91,307.02,230.05,340.02,255.13,medium
cam03__frame_00010.jpg,92,296.69,232.41,310.4,260.36,high
cam03__frame_00010.jpg,93,366.2,190.2,374.96,233.47,high
cam03__frame_00010.jpg,94,357.4,187.29,367.26,226.1,high
cam03__frame_00010.jpg,95,350.4,180.69,357.36,220.64,high
cam03__frame_00010.jpg,96,320.4,192.58,329.0,200.89,medium
cam03__frame_00010.jpg,97,320.2,184.52,326.8,192.1,low
cam03__frame_00010.jpg,98,317.12,175.5,325.9,184.52,low
cam03__frame_00010.jpg,99,314.46,150.19,328.49,175.7,high
cam03__frame_00010.jpg,100,307.87,198.51,315.0,205.9,high
cam03__frame_00010.jpg,101,306.92,190.45,313.33,197.57,medium
cam03__frame_00010.jpg,102,306.38,181.99,314.0,189.61,medium
cam03__frame_00010.jpg,103,304.8,172.5,314.0,181.04,low
cam03__frame_00010.jpg,104,303.84,163.25,313.36,171.83,low
cam03__frame_00010.jpg,105,303.52,151.5,313.68,163.89,low
cam03__frame_00010.jpg,106,300.7,202.63,307.65,208.98,high
cam03__frame_00010.jpg,107,297.17,194.38,306.38,202.63,medium
cam03__frame_00010.jpg,108,295.9,185.48,305.74,193.74,low
cam03__frame_00010.jpg,109,296.22,176.91,305.11,185.48,low
cam03__frame_00010.jpg,110,295.58,167.7,303.56,176.57,low
cam03__frame_00010.jpg,111,294.9,156.27,302.3,166.7,low
cam03__frame_00010.jpg,112,241.51,161.2,265.3,185.56,high
cam03__frame_00010.jpg,113,219.6,118.99,224.27,132.7,high
cam03__frame_00010.jpg,114,219.61,103.07,223.72,118.44,high
cam03__frame_00010.jpg,115,216.31,114.32,218.78,128.87,high
cam03__frame_00010.jpg,116,215.49,100.32,219.61,113.5,high
cam03__frame_00010.jpg,117,212.2,114.05,216.31,125.3,high
cam03__frame_00010.jpg,118,212.74,97.85,216.31,113.22,high
cam03__frame_00010.jpg,119,209.45,109.66,211.92,120.91,high
cam03__frame_00010.jpg,120,208.9,93.46,212.2,108.56,high
cam03__frame_00010.jpg,121,205.61,106.36,208.9,118.71,high
cam03__frame_00010.jpg,122,205.06,91.54,208.35,106.36,high
cam03__frame_00010.jpg,123,196.55,100.6,203.41,114.6,high
cam03__frame_00010.jpg,124,196.55,81.39,203.41,101.15,high
cam03__frame_00010.jpg,125,223.96,117.28,247.76,137.42,low
cam03__frame_00010.jpg,126,223.15,99.42,247.22,120.35,low
cam03__frame_00010.jpg,127,244.27,103.26,279.26,131.94,low
cam03__frame_00010.jpg,128,243.85,89.38,275.09,111.68,medium
cam03__frame_00010.jpg,129,237.41,75.19,264.63,97.15,medium
cam03__frame_00010.jpg,130,277.29,85.1,300.43,124.4,low
cam03__frame_00010.jpg,131,299.0,68.9,308.9,117.06,high
cam03__frame_00010.jpg,132,267.37,68.56,295.3,84.72,low
cam03__frame_00010.jpg,133,266.64,53.86,293.09,68.19,low
cam03__frame_00010.jpg,134,266.6,35.03,293.6,53.24,low
cam03__frame_00010.jpg,135,172.16,545.37,271.8,613.4,medium
cam03__frame_00010.jpg,136,148.25,429.12,237.37,489.42,high
cam03__frame_00010.jpg,137,147.2,420.64,226.91,471.84,high
cam03__frame_00010.jpg,138,138.9,402.15,229.63,458.91,medium
cam03__frame_00010.jpg,139,145.72,380.1,224.51,437.18,medium
cam03__frame_00010.jpg,140,138.61,357.56,205.57,403.7,medium
cam03__frame_00010.jpg,141,136.16,309.86,209.56,364.69,medium
cam03__frame_00010.jpg,142,127.89,203.78,197.45,287.36,medium
cam03__frame_00010.jpg,143,118.13,129.5,186.05,208.04,medium
cam03__frame_00010.jpg,144,105.85,55.44,179.52,118.21,medium
cam03__frame_00010.jpg,145,444.51,612.56,470.42,640.0,high
cam03__frame_00010.jpg,146,411.9,579.26,445.62,636.62,medium
cam03__frame_00010.jpg,147,396.03,543.36,420.83,572.6,high
cam03__frame_00010.jpg,148,328.3,486.82,366.67,586.7,low
cam03__frame_00010.jpg,149,369.02,561.87,405.7,639.58,medium
cam03__frame_00010.jpg,150,449.2,545.56,465.54,604.51,high
cam03__frame_00010.jpg,151,426.9,509.88,449.2,572.8,high
cam03__frame_00010.jpg,152,413.53,491.56,427.4,550.51,high
cam03__frame_00010.jpg,153,397.7,475.7,413.53,523.26,high
cam03__frame_00010.jpg,154,383.8,442.51,399.1,508.4,high
cam03__frame_00010.jpg,155,367.9,412.78,381.82,480.66,high
cam03__frame_00010.jpg,156,478.5,536.58,506.55,562.04,high
cam03__frame_00010.jpg,157,480.69,529.08,511.14,560.07,low
cam03__frame_00010.jpg,158,476.68,489.19,540.41,552.75,low
cam03__frame_00010.jpg,159,456.63,505.98,477.07,523.12,high
cam03__frame_00010.jpg,160,458.29,499.91,480.63,519.63,high
cam03__frame_00010.jpg,161,460.7,495.03,483.62,517.47,high
cam03__frame_00010.jpg,162,456.39,458.03,511.82,513.51,medium
cam03__frame_00010.jpg,163,444.62,492.2,459.66,505.32,high
cam03__frame_00010.jpg,164,444.12,485.27,459.57,498.69,high
cam03__frame_00010.jpg,165,438.4,472.57,461.7,491.83,high
cam03__frame_00010.jpg,166,443.63,469.91,462.84,486.13,high
cam03__frame_00010.jpg,167,444.13,462.48,465.19,480.07,high
cam03__frame_00010.jpg,168,444.26,431.0,489.19,475.53,medium
cam03__frame_00010.jpg,169,426.99,462.85,444.52,477.46,high
cam03__frame_00010.jpg,170,422.49,452.56,445.79,471.81,high
cam03__frame_00010.jpg,171,423.96,446.68,447.26,465.93,high
cam03__frame_00010.jpg,172,425.43,441.53,448.73,460.78,high
cam03__frame_00010.jpg,173,425.43,435.11,448.73,454.37,high
cam03__frame_00010.jpg,174,426.22,415.19,460.14,449.43,medium
cam03__frame_00010.jpg,175,403.32,429.72,426.62,448.98,high
cam03__frame_00010.jpg,176,404.96,424.47,428.26,443.73,high
cam03__frame_00010.jpg,177,405.29,418.24,428.59,437.5,high
cam03__frame_00010.jpg,178,407.36,413.02,430.66,432.28,high
cam03__frame_00010.jpg,179,434.01,41.28,449.62,99.87,medium
cam03__frame_00010.jpg,180,420.05,45.61,434.01,94.62,medium
cam03__frame_00010.jpg,181,392.94,37.12,419.78,114.88,medium
cam03__frame_00010.jpg,182,461.39,94.62,470.16,112.14,high
cam03__frame_00010.jpg,183,451.81,89.41,461.67,106.11,medium
cam03__frame_00010.jpg,184,404.09,379.86,454.0,429.79,medium
cam03__frame_00010.jpg,185,392.59,419.54,402.54,429.25,high
cam03__frame_00010.jpg,186,392.24,415.88,403.13,426.5,high
cam03__frame_00013.jpg,0,469.74,98.36,479.29,116.01,high
cam03__frame_00013.jpg,1,479.3,89.8,491.92,120.86,medium
cam03__frame_00013.jpg,2,491.0,104.43,515.03,127.75,medium
cam03__frame_00013.jpg,3,515.58,100.98,526.74,113.67,high
cam03__frame_00013.jpg,4,513.59,112.38,526.85,123.82,medium
cam03__frame_00013.jpg,5,511.53,122.41,526.62,137.07,medium
cam03__frame_00013.jpg,6,526.69,70.94,535.76,106.21,high
cam03__frame_00013.jpg,7,525.93,105.24,537.97,116.83,medium
cam03__frame_00013.jpg,8,525.17,115.58,537.98,128.99,medium
cam03__frame_00013.jpg,9,524.79,127.47,536.66,140.94,medium
cam03__frame_00013.jpg,10,536.59,94.9,552.5,117.55,high
cam03__frame_00013.jpg,11,534.2,115.74,555.77,148.65,medium
cam03__frame_00013.jpg,12,552.92,113.38,573.35,136.72,low
cam03__frame_00013.jpg,13,548.72,133.87,574.57,163.91,low
cam03__frame_00013.jpg,14,570.54,119.04,595.62,174.9,medium
cam03__frame_00013.jpg,15,596.82,117.06,620.98,194.63,medium
cam03__frame_00013.jpg,16,622.68,136.5,639.0,199.73,high
cam03__frame_00013.jpg,17,405.03,151.64,420.08,172.7,medium
cam03__frame_00013.jpg,18,405.36,172.61,419.65,199.69,high
cam03__frame_00013.jpg,19,406.6,200.3,419.6,213.99,high
cam03__frame_00013.jpg,20,406.68,214.33,420.12,222.89,high
cam03__frame_00013.jpg,21,426.32,171.89,476.95,222.52,low
cam03__frame_00013.jpg,22,421.04,204.45,457.39,230.55,high
cam03__frame_00013.jpg,23,424.55,219.78,452.79,239.46,high
cam03__frame_00013.jpg,24,421.94,228.82,453.41,251.55,high
cam03__frame_00013.jpg,25,424.26,242.18,452.08,262.55,high
cam03__frame_00013.jpg,26,468.0,198.83,483.23,217.02,high
cam03__frame_00013.jpg,27,451.8,213.09,476.3,245.06,medium
cam03__frame_00013.jpg,28,452.24,242.11,469.46,256.87,high
cam03__frame_00013.jpg,29,470.44,224.9,479.75,247.03,high
cam03__frame_00013.jpg,30,470.94,246.54,478.8,255.4,high
cam03__frame_00013.jpg,31,481.17,193.51,535.15,295.41,low
cam03__frame_00013.jpg,32,528.0,223.82,560.4,254.96,high
cam03__frame_00013.jpg,33,532.23,242.9,578.79,288.86,low
cam03__frame_00013.jpg,34,536.74,268.5,579.19,305.39,medium
cam03__frame_00013.jpg,35,533.59,298.45,561.25,322.52,high
cam03__frame_00013.jpg,36,534.23,318.43,564.59,350.21,high
cam03__frame_00013.jpg,37,561.2,272.64,603.84,370.9,low
cam03__frame_00013.jpg,38,598.68,263.01,640.0,324.83,high
cam03__frame_00013.jpg,39,598.71,309.22,640.0,349.87,high
cam03__frame_00013.jpg,40,598.5,325.74,640.0,368.52,high
cam03__frame_00013.jpg,41,594.52,341.66,640.0,393.54,high
cam03__frame_00013.jpg,42,564.46,343.73,631.7,409.2,medium
cam03__frame_00013.jpg,43,617.98,390.73,638.89,408.79,high
cam03__frame_00013.jpg,44,626.38,406.26,637.38,420.26,high
cam03__frame_00013.jpg,45,626.38,419.26,634.38,431.77,high
cam03__frame_00013.jpg,46,595.67,400.3,625.58,433.51,high
cam03__frame_00013.jpg,47,598.8,415.48,625.22,446.25,high
cam03__frame_00013.jpg,48,596.9,434.88,623.75,464.3,low
cam03__frame_00013.jpg,49,444.19,244.17,516.88,312.82,high
cam03__frame_00013.jpg,50,520.75,370.64,610.94,460.8,low
cam03__frame_00013.jpg,51,525.49,425.6,579.09,471.44,high
cam03__frame_00013.jpg,52,523.19,442.45,579.47,499.32,high
cam03__frame_00013.jpg,53,520.26,461.05,572.84,514.57,high
cam03__frame_00013.jpg,54,520.28,479.37,571.06,530.51,high
cam03__frame_00013.jpg,55,453.0,347.4,520.7,423.8,low
cam03__frame_00013.jpg,56,398.47,260.39,482.15,343.24,low
cam03__frame_00013.jpg,57,401.88,316.3,445.87,357.91,medium
cam03__frame_00013.jpg,58,402.67,334.48,443.69,379.28,high
cam03__frame_00013.jpg,59,496.51,295.7,536.85,366.56,low
cam03__frame_00013.jpg,60,375.23,230.29,403.89,278.84,medium
cam03__frame_00013.jpg,61,363.29,246.21,391.15,293.17,low
cam03__frame_00013.jpg,62,379.1,328.3,402.48,351.07,medium
cam03__frame_00013.jpg,63,378.31,340.6,388.13,351.99,high
cam03__frame_00013.jpg,64,378.88,347.98,387.83,358.31,high
cam03__frame_00013.jpg,65,379.98,352.71,387.42,361.17,high
cam03__frame_00013.jpg,66,380.29,357.04,386.71,364.25,high
cam03__frame_00013.jpg,67,380.29,360.85,386.9,368.3,high
cam03__frame_00013.jpg,68,379.9,364.3,386.5,371.75,high
cam03__frame_00013.jpg,69,380.03,368.31,385.93,374.92,high
cam03__frame_00013.jpg,70,366.1,371.0,385.74,390.9,low
cam03__frame_00013.jpg,71,405.53,358.68,429.37,382.49,low
cam03__frame_00013.jpg,72,406.3,374.69,417.83,385.97,high
cam03__frame_00013.jpg,73,407.84,380.9,417.71,390.45,high
cam03__frame_00013.jpg,74,407.27,384.05,417.14,393.61,high
cam03__frame_00013.jpg,75,406.56,387.31,415.95,396.4,high
cam03__frame_00013.jpg,76,406.45,391.26,413.45,398.1,high
cam03__frame_00013.jpg,77,406.1,394.98,412.12,400.89,high
cam03__frame_00013.jpg,78,381.87,389.34,400.04,407.36,medium
cam03__frame_00013.jpg,79,383.81,401.44,393.84,411.88,high
cam03__frame_00013.jpg,80,383.91,406.24,394.8,416.87,high
cam03__frame_00013.jpg,81,393.11,401.65,412.24,420.78,low
cam03__frame_00013.jpg,82,392.95,413.04,403.84,423.67,high
cam03__frame_00013.jpg,83,344.89,340.1,366.2,372.95,medium
cam03__frame_00013.jpg,84,340.94,291.06,369.82,339.19,low
cam03__frame_00013.jpg,85,252.78,364.01,274.67,479.1,low
cam03__frame_00013.jpg,86,234.87,318.91,248.8,341.46,low
cam03__frame_00013.jpg,87,217.7,306.92,238.67,336.04,medium
cam03__frame_00013.jpg,88,320.76,354.52,343.31,379.1,medium
cam03__frame_00013.jpg,89,315.46,320.7,339.33,354.52,medium
cam03__frame_00013.jpg,90,301.44,247.36,346.58,278.8,medium
cam03__frame_00013.jpg,91,307.02,230.05,340.02,255.13,medium
cam03__frame_00013.jpg,92,296.69,232.41,310.4,260.36,high
cam03__frame_00013.jpg,93,366.2,190.2,374.96,233.47,high
cam03__frame_00013.jpg,94,357.4,187.29,367.26,226.1,high
cam03__frame_00013.jpg,95,350.4,180.69,357.36,220.64,high
cam03__frame_00013.jpg,96,320.4,192.58,329.0,200.89,medium
cam03__frame_00013.jpg,97,320.2,184.52,326.8,192.1,low
cam03__frame_00013.jpg,98,317.12,175.5,325.9,184.52,low
cam03__frame_00013.jpg,99,314.46,150.19,328.49,175.7,high
cam03__frame_00013.jpg,100,307.87,198.51,315.0,205.9,high
cam03__frame_00013.jpg,101,306.92,190.45,313.33,197.57,medium
cam03__frame_00013.jpg,102,306.38,181.99,314.0,189.61,medium
cam03__frame_00013.jpg,103,304.8,172.5,314.0,181.04,low
cam03__frame_00013.jpg,104,303.84,163.25,313.36,171.83,low
cam03__frame_00013.jpg,105,303.52,151.5,313.68,163.89,low
cam03__frame_00013.jpg,106,300.7,202.63,307.65,208.98,high
cam03__frame_00013.jpg,107,297.17,194.38,306.38,202.63,medium
cam03__frame_00013.jpg,108,295.9,185.48,305.74,193.74,low
cam03__frame_00013.jpg,109,296.22,176.91,305.11,185.48,low
cam03__frame_00013.jpg,110,295.58,167.7,303.56,176.57,low
cam03__frame_00013.jpg,111,294.9,156.27,302.3,166.7,low
cam03__frame_00013.jpg,112,241.51,161.2,265.3,185.56,high
cam03__frame_00013.jpg,113,219.6,118.99,224.27,132.7,high
cam03__frame_00013.jpg,114,219.61,103.07,223.72,118.44,high
cam03__frame_00013.jpg,115,216.31,114.32,218.78,128.87,high
cam03__frame_00013.jpg,116,215.49,100.32,219.61,113.5,high
cam03__frame_00013.jpg,117,212.2,114.05,216.31,125.3,high
cam03__frame_00013.jpg,118,212.74,97.85,216.31,113.22,high
cam03__frame_00013.jpg,119,209.45,109.66,211.92,120.91,high
cam03__frame_00013.jpg,120,208.9,93.46,212.2,108.56,high
cam03__frame_00013.jpg,121,205.61,106.36,208.9,118.71,high
cam03__frame_00013.jpg,122,205.06,91.54,208.35,106.36,high
cam03__frame_00013.jpg,123,196.55,100.6,203.41,114.6,high
cam03__frame_00013.jpg,124,196.55,81.39,203.41,101.15,high
cam03__frame_00013.jpg,125,223.96,117.28,247.76,137.42,low
cam03__frame_00013.jpg,126,223.15,99.42,247.22,120.35,low
cam03__frame_00013.jpg,127,244.27,103.26,279.26,131.94,low
cam03__frame_00013.jpg,128,243.85,89.38,275.09,111.68,medium
cam03__frame_00013.jpg,129,237.41,75.19,264.63,97.15,medium
cam03__frame_00013.jpg,130,277.29,85.1,300.43,124.4,low
cam03__frame_00013.jpg,131,299.0,68.9,308.9,117.06,high
cam03__frame_00013.jpg,132,267.37,68.56,295.3,84.72,low
cam03__frame_00013.jpg,133,266.64,53.86,293.09,68.19,low
cam03__frame_00013.jpg,134,266.6,35.03,293.6,53.24,low
cam03__frame_00013.jpg,135,172.16,545.37,271.8,613.4,medium
cam03__frame_00013.jpg,136,148.25,429.12,237.37,489.42,high
cam03__frame_00013.jpg,137,147.2,420.64,226.91,471.84,high
cam03__frame_00013.jpg,138,138.9,402.15,229.63,458.91,medium
cam03__frame_00013.jpg,139,145.72,380.1,224.51,437.18,medium
cam03__frame_00013.jpg,140,138.61,357.56,205.57,403.7,medium
cam03__frame_00013.jpg,141,136.16,309.86,209.56,364.69,medium
cam03__frame_00013.jpg,142,127.89,203.78,197.45,287.36,medium
cam03__frame_00013.jpg,143,118.13,129.5,186.05,208.04,medium
cam03__frame_00013.jpg,144,105.85,55.44,179.52,118.21,medium
cam03__frame_00013.jpg,145,444.51,612.56,470.42,640.0,high
cam03__frame_00013.jpg,146,411.9,579.26,445.62,636.62,medium
cam03__frame_00013.jpg,147,396.03,543.36,420.83,572.6,high
cam03__frame_00013.jpg,148,328.3,487.77,366.67,590.8,low
cam03__frame_00013.jpg,149,369.02,561.87,405.7,639.58,medium
cam03__frame_00013.jpg,150,449.2,545.56,465.54,604.51,high
cam03__frame_00013.jpg,151,426.9,509.88,449.2,572.8,high
cam03__frame_00013.jpg,152,413.53,491.56,427.4,550.51,high
cam03__frame_00013.jpg,153,397.7,475.7,413.53,523.26,high
cam03__frame_00013.jpg,154,383.8,442.51,399.1,508.4,high
cam03__frame_00013.jpg,155,367.9,412.78,381.82,480.66,high
cam03__frame_00013.jpg,156,478.5,536.58,506.55,562.04,high
cam03__frame_00013.jpg,157,480.69,529.08,511.14,560.07,low
cam03__frame_00013.jpg,158,476.68,489.19,540.41,552.75,low
cam03__frame_00013.jpg,159,456.63,505.98,477.07,523.12,high
cam03__frame_00013.jpg,160,458.29,499.91,480.63,519.63,high
cam03__frame_00013.jpg,161,460.7,495.03,483.62,517.47,high
cam03__frame_00013.jpg,162,456.39,458.03,511.82,513.51,medium
cam03__frame_00013.jpg,163,444.62,492.2,459.66,505.32,high
cam03__frame_00013.jpg,164,444.12,485.27,459.57,498.69,high
cam03__frame_00013.jpg,165,438.4,472.57,461.7,491.83,high
cam03__frame_00013.jpg,166,443.63,469.91,462.84,486.13,high
cam03__frame_00013.jpg,167,444.13,462.48,465.19,480.07,high
cam03__frame_00013.jpg,168,444.26,431.0,489.19,475.53,medium
cam03__frame_00013.jpg,169,426.99,462.85,444.52,477.46,high
cam03__frame_00013.jpg,170,422.49,452.56,445.79,471.81,high
cam03__frame_00013.jpg,171,423.96,446.68,447.26,465.93,high
cam03__frame_00013.jpg,172,425.43,441.53,448.73,460.78,high
cam03__frame_00013.jpg,173,425.43,435.11,448.73,454.37,high
cam03__frame_00013.jpg,174,426.22,415.19,460.14,449.43,medium
cam03__frame_00013.jpg,175,403.32,429.72,426.62,448.98,high
cam03__frame_00013.jpg,176,404.96,424.47,428.26,443.73,high
cam03__frame_00013.jpg,177,405.29,418.24,428.59,437.5,high
cam03__frame_00013.jpg,178,407.36,413.02,430.66,432.28,high
cam03__frame_00013.jpg,179,392.24,415.88,403.13,426.5,high
cam03__frame_00013.jpg,180,392.59,419.54,402.54,429.25,high
cam03__frame_00013.jpg,181,404.09,379.86,454.0,429.79,medium
cam03__frame_00013.jpg,182,461.39,94.62,470.16,112.14,high
cam03__frame_00013.jpg,183,451.81,89.41,461.67,106.11,medium
cam03__frame_00013.jpg,184,434.01,41.28,449.62,99.87,medium
cam03__frame_00013.jpg,185,420.05,45.61,434.01,94.62,medium
cam03__frame_00013.jpg,186,392.94,37.12,419.78,114.88,medium
cam03__frame_00016.jpg,0,404.96,424.47,428.26,443.73,high
cam03__frame_00016.jpg,1,426.22,415.19,460.14,449.43,medium
cam03__frame_00016.jpg,2,425.43,435.11,448.73,454.37,high
cam03__frame_00016.jpg,3,425.43,441.53,448.73,460.78,high
cam03__frame_00016.jpg,4,423.96,446.68,447.26,465.93,high
cam03__frame_00016.jpg,5,422.49,452.56,445.79,471.81,high
cam03__frame_00016.jpg,6,426.99,462.85,444.52,477.46,high
cam03__frame_00016.jpg,7,444.26,431.0,489.19,475.53,medium
cam03__frame_00016.jpg,8,444.13,462.48,465.19,480.07,high
cam03__frame_00016.jpg,9,443.63,469.91,462.84,486.13,high
cam03__frame_00016.jpg,10,438.4,472.57,461.7,491.83,high
cam03__frame_00016.jpg,11,444.12,485.27,459.57,498.69,high
cam03__frame_00016.jpg,12,444.62,492.2,459.66,505.32,high
cam03__frame_00016.jpg,13,456.39,458.03,511.82,513.51,medium
cam03__frame_00016.jpg,14,460.7,495.03,483.62,517.47,high
cam03__frame_00016.jpg,15,458.29,499.91,480.63,519.63,high
cam03__frame_00016.jpg,16,456.63,505.98,477.07,523.12,high
cam03__frame_00016.jpg,17,476.68,489.19,540.41,552.75,low
cam03__frame_00016.jpg,18,480.69,529.08,511.14,560.07,low
cam03__frame_00016.jpg,19,478.5,536.58,506.55,562.04,high
cam03__frame_00016.jpg,20,367.9,412.78,381.82,480.66,high
cam03__frame_00016.jpg,21,383.8,442.51,399.1,508.4,high
cam03__frame_00016.jpg,22,397.7,475.7,413.53,523.26,high
cam03__frame_00016.jpg,23,413.53,491.56,427.4,550.51,high
cam03__frame_00016.jpg,24,426.9,509.88,449.2,572.8,high
cam03__frame_00016.jpg,25,449.2,545.56,465.54,604.51,high
cam03__frame_00016.jpg,26,369.02,561.87,405.7,639.58,medium
cam03__frame_00016.jpg,27,328.3,486.82,366.67,588.6,low
cam03__frame_00016.jpg,28,396.03,543.36,420.83,572.6,high
cam03__frame_00016.jpg,29,411.9,579.26,445.62,636.62,medium
cam03__frame_00016.jpg,30,444.51,612.56,470.42,640.0,high
cam03__frame_00016.jpg,31,105.85,55.44,179.52,118.21,medium
cam03__frame_00016.jpg,32,118.13,129.5,186.05,208.04,medium
cam03__frame_00016.jpg,33,127.89,203.78,197.45,287.36,medium
cam03__frame_00016.jpg,34,136.16,309.86,209.56,364.69,medium
cam03__frame_00016.jpg,35,138.61,357.56,205.57,403.7,medium
cam03__frame_00016.jpg,36,145.72,380.1,224.51,437.18,medium
cam03__frame_00016.jpg,37,138.9,402.15,229.63,458.91,medium
cam03__frame_00016.jpg,38,147.2,420.64,226.91,471.84,high
cam03__frame_00016.jpg,39,148.25,429.12,237.37,489.42,high
cam03__frame_00016.jpg,40,172.16,545.37,271.8,613.4,medium
cam03__frame_00016.jpg,41,266.6,35.03,293.6,53.24,low
cam03__frame_00016.jpg,42,266.64,53.86,293.09,68.19,low
cam03__frame_00016.jpg,43,267.37,68.56,295.3,84.72,low
cam03__frame_00016.jpg,44,299.0,68.9,308.9,117.06,high
cam03__frame_00016.jpg,45,277.29,85.1,300.43,124.4,low
cam03__frame_00016.jpg,46,237.41,75.19,264.63,97.15,medium
cam03__frame_00016.jpg,47,243.85,89.38,275.09,111.68,medium
cam03__frame_00016.jpg,48,244.27,103.26,279.26,131.94,low
cam03__frame_00016.jpg,49,223.15,99.42,247.22,120.35,low
cam03__frame_00016.jpg,50,223.96,117.28,247.76,137.42,low
cam03__frame_00016.jpg,51,196.55,81.39,203.41,101.15,high
cam03__frame_00016.jpg,52,196.55,100.6,203.41,114.6,high
cam03__frame_00016.jpg,53,205.06,91.54,208.35,106.36,high
cam03__frame_00016.jpg,54,205.61,106.36,208.9,118.71,high
cam03__frame_00016.jpg,55,208.9,93.46,212.2,108.56,high
cam03__frame_00016.jpg,56,209.45,109.66,211.92,120.91,high
cam03__frame_00016.jpg,57,212.74,97.85,216.31,113.22,high
cam03__frame_00016.jpg,58,212.2,114.05,216.31,125.3,high
cam03__frame_00016.jpg,59,215.49,100.32,219.61,113.5,high
cam03__frame_00016.jpg,60,216.31,114.32,218.78,128.87,high
cam03__frame_00016.jpg,61,219.61,103.07,223.72,118.44,high
cam03__frame_00016.jpg,62,219.6,118.99,224.27,132.7,high
cam03__frame_00016.jpg,63,241.51,161.2,265.3,185.56,high
cam03__frame_00016.jpg,64,294.9,156.27,302.3,166.7,low
cam03__frame_00016.jpg,65,295.58,167.7,303.56,176.57,low
cam03__frame_00016.jpg,66,296.22,176.91,305.11,185.48,low
cam03__frame_00016.jpg,67,295.9,185.48,305.74,193.74,low
cam03__frame_00016.jpg,68,297.17,194.38,306.38,202.63,medium
cam03__frame_00016.jpg,69,300.7,202.63,307.65,208.98,high
cam03__frame_00016.jpg,70,303.52,151.5,313.68,163.89,low
cam03__frame_00016.jpg,71,303.84,163.25,313.36,171.83,low
cam03__frame_00016.jpg,72,304.8,172.5,314.0,181.04,low
cam03__frame_00016.jpg,73,306.38,181.99,314.0,189.61,medium
cam03__frame_00016.jpg,74,306.92,190.45,313.33,197.57,medium
cam03__frame_00016.jpg,75,307.87,198.51,315.0,205.9,high
cam03__frame_00016.jpg,76,314.46,150.19,328.49,175.7,high
cam03__frame_00016.jpg,77,317.12,175.5,325.9,184.52,low
cam03__frame_00016.jpg,78,320.2,184.52,326.8,192.1,low
cam03__frame_00016.jpg,79,320.4,192.58,329.0,200.89,medium
cam03__frame_00016.jpg,80,350.4,180.69,357.36,220.64,high
cam03__frame_00016.jpg,81,357.4,187.29,367.26,226.1,high
cam03__frame_00016.jpg,82,366.2,190.2,374.96,233.47,high
cam03__frame_00016.jpg,83,296.69,232.41,310.4,260.36,high
cam03__frame_00016.jpg,84,307.02,230.05,340.02,255.13,medium
cam03__frame_00016.jpg,85,301.44,247.36,346.58,278.8,medium
cam03__frame_00016.jpg,86,217.7,306.92,238.67,336.04,medium
cam03__frame_00016.jpg,87,234.87,318.91,248.8,341.46,low
cam03__frame_00016.jpg,88,315.46,320.7,339.33,354.52,medium
cam03__frame_00016.jpg,89,320.76,354.52,343.31,379.1,medium
cam03__frame_00016.jpg,90,252.78,364.01,274.67,479.1,low
cam03__frame_00016.jpg,91,340.94,291.06,369.82,339.19,low
cam03__frame_00016.jpg,92,344.89,340.1,366.2,372.95,medium
cam03__frame_00016.jpg,93,392.94,37.12,419.78,114.88,medium
cam03__frame_00016.jpg,94,420.05,45.61,434.01,94.62,medium
cam03__frame_00016.jpg,95,434.01,41.28,449.62,99.87,medium
cam03__frame_00016.jpg,96,451.81,89.41,461.67,106.11,medium
cam03__frame_00016.jpg,97,461.39,94.62,470.16,112.14,high
cam03__frame_00016.jpg,98,469.74,98.36,479.29,116.01,high
cam03__frame_00016.jpg,99,479.3,89.8,491.92,120.86,medium
cam03__frame_00016.jpg,100,491.0,104.43,515.03,127.75,medium
cam03__frame_00016.jpg,101,515.58,100.98,526.74,113.67,high
cam03__frame_00016.jpg,102,513.59,112.38,526.85,123.82,medium
cam03__frame_00016.jpg,103,511.53,122.41,526.62,137.07,medium
cam03__frame_00016.jpg,104,526.69,70.94,535.76,106.21,high
cam03__frame_00016.jpg,105,525.93,105.24,537.97,116.83,medium
cam03__frame_00016.jpg,106,525.17,115.58,537.98,128.99,medium
cam03__frame_00016.jpg,107,524.79,127.47,536.66,140.94,medium
cam03__frame_00016.jpg,108,536.59,94.9,552.5,117.55,high
cam03__frame_00016.jpg,109,534.2,115.74,555.77,148.65,medium
cam03__frame_00016.jpg,110,552.92,113.38,573.35,136.72,low
cam03__frame_00016.jpg,111,548.72,133.87,574.57,163.91,low
cam03__frame_00016.jpg,112,570.54,119.04,595.62,174.9,medium
cam03__frame_00016.jpg,113,596.82,117.06,620.98,194.63,medium
cam03__frame_00016.jpg,114,622.68,136.5,639.0,199.73,high
cam03__frame_00016.jpg,115,405.03,151.64,420.08,172.7,medium
cam03__frame_00016.jpg,116,405.36,172.61,419.65,199.69,high
cam03__frame_00016.jpg,117,406.6,200.3,419.6,213.99,high
cam03__frame_00016.jpg,118,406.68,214.33,420.12,222.89,high
cam03__frame_00016.jpg,119,426.32,171.89,476.95,222.52,low
cam03__frame_00016.jpg,120,421.04,204.45,457.39,230.55,high
cam03__frame_00016.jpg,121,424.55,219.78,452.79,239.46,high
cam03__frame_00016.jpg,122,421.94,228.82,453.41,251.55,high
cam03__frame_00016.jpg,123,424.26,242.18,452.08,262.55,high
cam03__frame_00016.jpg,124,468.0,198.83,483.23,217.02,high
cam03__frame_00016.jpg,125,451.8,213.09,476.3,245.06,medium
cam03__frame_00016.jpg,126,452.24,242.11,469.46,256.87,high
cam03__frame_00016.jpg,127,470.44,224.9,479.75,247.03,high
cam03__frame_00016.jpg,128,470.94,246.54,478.8,255.4,high
cam03__frame_00016.jpg,129,481.17,193.51,535.15,295.41,low
cam03__frame_00016.jpg,130,528.0,223.82,560.4,254.96,high
cam03__frame_00016.jpg,131,532.23,242.9,578.79,288.86,low
cam03__frame_00016.jpg,132,536.74,268.5,579.19,305.39,medium
cam03__frame_00016.jpg,133,533.59,298.45,561.25,322.52,high
cam03__frame_00016.jpg,134,534.23,318.43,564.59,350.21,high
cam03__frame_00016.jpg,135,561.2,272.64,603.84,370.9,low
cam03__frame_00016.jpg,136,598.68,263.01,640.0,324.83,high
cam03__frame_00016.jpg,137,598.71,309.22,640.0,349.87,high
cam03__frame_00016.jpg,138,598.5,325.74,640.0,368.52,high
cam03__frame_00016.jpg,139,594.52,341.66,640.0,393.54,high
cam03__frame_00016.jpg,140,564.46,343.73,631.7,409.2,medium
cam03__frame_00016.jpg,141,617.98,390.73,638.89,408.79,high
cam03__frame_00016.jpg,142,626.38,406.26,637.38,420.26,high
cam03__frame_00016.jpg,143,626.38,419.26,634.38,431.77,high
cam03__frame_00016.jpg,144,595.67,400.3,625.58,433.51,high
cam03__frame_00016.jpg,145,598.8,415.48,625.22,446.25,high
cam03__frame_00016.jpg,146,596.9,434.88,623.75,464.3,low
cam03__frame_00016.jpg,147,444.19,244.17,516.88,312.82,high
cam03__frame_00016.jpg,148,520.75,370.64,610.94,460.8,low
cam03__frame_00016.jpg,149,525.49,425.6,579.09,471.44,high
cam03__frame_00016.jpg,150,523.19,442.45,579.47,499.32,high
cam03__frame_00016.jpg,151,520.26,461.05,572.84,514.57,high
cam03__frame_00016.jpg,152,520.28,479.37,571.06,530.51,high
cam03__frame_00016.jpg,153,453.0,347.4,520.7,423.8,low
cam03__frame_00016.jpg,154,398.47,260.39,482.15,343.24,low
cam03__frame_00016.jpg,155,401.88,316.3,445.87,357.91,medium
cam03__frame_00016.jpg,156,402.67,334.48,443.69,379.28,high
cam03__frame_00016.jpg,157,496.51,295.7,536.85,366.56,low
cam03__frame_00016.jpg,158,375.23,230.29,403.89,278.84,medium
cam03__frame_00016.jpg,159,363.29,246.21,391.15,293.17,low
cam03__frame_00016.jpg,160,379.1,328.3,402.48,351.07,medium
cam03__frame_00016.jpg,161,378.31,340.6,388.13,351.99,high
cam03__frame_00016.jpg,162,378.88,347.98,387.83,358.31,high
cam03__frame_00016.jpg,163,379.98,352.71,387.42,361.17,high
cam03__frame_00016.jpg,164,380.29,357.04,386.71,364.25,high
cam03__frame_00016.jpg,165,380.29,360.85,386.9,368.3,high
cam03__frame_00016.jpg,166,379.9,364.3,386.5,371.75,high
cam03__frame_00016.jpg,167,380.03,368.31,385.93,374.92,high
cam03__frame_00016.jpg,168,366.1,371.0,385.74,390.9,low
cam03__frame_00016.jpg,169,405.53,358.68,429.37,382.49,low
cam03__frame_00016.jpg,170,406.3,374.69,417.83,385.97,high
cam03__frame_00016.jpg,171,407.84,380.9,417.71,390.45,high
cam03__frame_00016.jpg,172,407.27,384.05,417.14,393.61,high
cam03__frame_00016.jpg,173,406.56,387.31,415.95,396.4,high
cam03__frame_00016.jpg,174,406.45,391.26,413.45,398.1,high
cam03__frame_00016.jpg,175,406.1,394.98,412.12,400.89,high
cam03__frame_00016.jpg,176,381.87,389.34,400.04,407.36,medium
cam03__frame_00016.jpg,177,383.81,401.44,393.84,411.88,high
cam03__frame_00016.jpg,178,383.91,406.24,394.8,416.87,high
cam03__frame_00016.jpg,179,393.11,401.65,412.24,420.78,low
cam03__frame_00016.jpg,180,392.95,413.04,403.84,423.67,high
cam03__frame_00016.jpg,181,392.24,415.88,403.13,426.5,high
cam03__frame_00016.jpg,182,392.59,419.54,402.54,429.25,high
cam03__frame_00016.jpg,183,404.09,379.86,454.0,429.79,medium
cam03__frame_00016.jpg,184,407.36,413.02,430.66,432.28,high
cam03__frame_00016.jpg,185,405.29,418.24,428.59,437.5,high
cam03__frame_00016.jpg,186,403.32,429.72,426.62,448.98,high
cam03__frame_00019.jpg,0,405.29,418.24,428.59,437.5,high
cam03__frame_00019.jpg,1,404.96,424.47,428.26,443.73,high
cam03__frame_00019.jpg,2,403.32,429.72,426.62,448.98,high
cam03__frame_00019.jpg,3,426.22,415.19,460.14,449.43,medium
cam03__frame_00019.jpg,4,425.43,435.11,448.73,454.37,high
cam03__frame_00019.jpg,5,425.43,441.53,448.73,460.78,high
cam03__frame_00019.jpg,6,423.96,446.68,447.26,465.93,high
cam03__frame_00019.jpg,7,422.49,452.56,445.79,471.81,high
cam03__frame_00019.jpg,8,426.99,462.85,444.52,477.46,high
cam03__frame_00019.jpg,9,444.26,431.0,489.19,475.53,medium
cam03__frame_00019.jpg,10,444.13,462.48,465.19,480.07,high
cam03__frame_00019.jpg,11,443.63,469.91,462.84,486.13,high
cam03__frame_00019.jpg,12,438.4,472.57,461.7,491.83,high
cam03__frame_00019.jpg,13,444.12,485.27,459.57,498.69,high
cam03__frame_00019.jpg,14,444.62,492.2,459.66,505.32,high
cam03__frame_00019.jpg,15,456.39,458.03,511.82,513.51,medium
cam03__frame_00019.jpg,16,460.7,495.03,483.62,517.47,high
cam03__frame_00019.jpg,17,458.29,499.91,480.63,519.63,high
cam03__frame_00019.jpg,18,456.63,505.98,477.07,523.12,high
cam03__frame_00019.jpg,19,476.68,489.19,540.41,552.75,low
cam03__frame_00019.jpg,20,480.69,529.08,511.14,560.07,low
cam03__frame_00019.jpg,21,478.5,536.58,506.55,562.04,high
cam03__frame_00019.jpg,22,367.9,412.78,381.82,480.66,high
cam03__frame_00019.jpg,23,383.8,442.51,399.1,508.4,high
cam03__frame_00019.jpg,24,397.7,475.7,413.53,523.26,high
cam03__frame_00019.jpg,25,413.53,491.56,427.4,550.51,high
cam03__frame_00019.jpg,26,426.9,509.88,449.2,572.8,high
cam03__frame_00019.jpg,27,449.2,545.56,465.54,604.51,high
cam03__frame_00019.jpg,28,369.02,561.87,405.7,639.58,medium
cam03__frame_00019.jpg,29,328.3,486.82,366.67,580.1,low
cam03__frame_00019.jpg,30,396.03,543.36,420.83,572.6,high
cam03__frame_00019.jpg,31,411.9,579.26,445.62,636.62,medium
cam03__frame_00019.jpg,32,444.51,612.56,470.42,640.0,high
cam03__frame_00019.jpg,33,105.85,55.44,179.52,118.21,medium
cam03__frame_00019.jpg,34,118.13,129.5,186.05,208.04,medium
cam03__frame_00019.jpg,35,127.89,203.78,197.45,287.36,medium
cam03__frame_00019.jpg,36,136.16,309.86,209.56,364.69,medium
cam03__frame_00019.jpg,37,138.61,357.56,205.57,403.7,medium
cam03__frame_00019.jpg,38,145.72,380.1,224.51,437.18,medium
cam03__frame_00019.jpg,39,138.9,402.15,229.63,458.91,medium
cam03__frame_00019.jpg,40,147.2,420.64,226.91,471.84,high
cam03__frame_00019.jpg,41,148.25,429.12,237.37,489.42,high
cam03__frame_00019.jpg,42,172.16,545.37,271.8,613.4,medium
cam03__frame_00019.jpg,43,266.6,35.03,293.6,53.24,low
cam03__frame_00019.jpg,44,266.64,53.86,293.09,68.19,low
cam03__frame_00019.jpg,45,267.37,68.56,295.3,84.72,low
cam03__frame_00019.jpg,46,299.0,68.9,308.9,117.06,high
cam03__frame_00019.jpg,47,277.29,85.1,300.43,124.4,low
cam03__frame_00019.jpg,48,237.41,75.19,264.63,97.15,medium
cam03__frame_00019.jpg,49,243.85,89.38,275.09,111.68,medium
cam03__frame_00019.jpg,50,244.27,103.26,279.26,131.94,low
cam03__frame_00019.jpg,51,223.15,99.42,247.22,120.35,low
cam03__frame_00019.jpg,52,223.96,117.28,247.76,137.42,low
cam03__frame_00019.jpg,53,196.55,81.39,203.41,101.15,high
cam03__frame_00019.jpg,54,196.55,100.6,203.41,114.6,high
cam03__frame_00019.jpg,55,205.06,91.54,208.35,106.36,high
cam03__frame_00019.jpg,56,205.61,106.36,208.9,118.71,high
cam03__frame_00019.jpg,57,208.9,93.46,212.2,108.56,high
cam03__frame_00019.jpg,58,209.45,109.66,211.92,120.91,high
cam03__frame_00019.jpg,59,212.74,97.85,216.31,113.22,high
cam03__frame_00019.jpg,60,212.2,114.05,216.31,125.3,high
cam03__frame_00019.jpg,61,215.49,100.32,219.61,113.5,high
cam03__frame_00019.jpg,62,216.31,114.32,218.78,128.87,high
cam03__frame_00019.jpg,63,219.61,103.07,223.72,118.44,high
cam03__frame_00019.jpg,64,219.6,118.99,224.27,132.7,high
cam03__frame_00019.jpg,65,241.51,161.2,265.3,185.56,high
cam03__frame_00019.jpg,66,294.9,156.27,302.3,166.7,low
cam03__frame_00019.jpg,67,295.58,167.7,303.56,176.57,low
cam03__frame_00019.jpg,68,296.22,176.91,305.11,185.48,low
cam03__frame_00019.jpg,69,295.9,185.48,305.74,193.74,low
cam03__frame_00019.jpg,70,297.17,194.38,306.38,202.63,medium
cam03__frame_00019.jpg,71,300.7,202.63,307.65,208.98,high
cam03__frame_00019.jpg,72,303.52,151.5,313.68,163.89,low
cam03__frame_00019.jpg,73,303.84,163.25,313.36,171.83,low
cam03__frame_00019.jpg,74,304.8,172.5,314.0,181.04,low
cam03__frame_00019.jpg,75,306.38,181.99,314.0,189.61,medium
cam03__frame_00019.jpg,76,420.05,45.61,434.01,94.62,medium
cam03__frame_00019.jpg,77,434.01,41.28,449.62,99.87,medium
cam03__frame_00019.jpg,78,451.81,89.41,461.67,106.11,medium
cam03__frame_00019.jpg,79,461.39,94.62,470.16,112.14,high
cam03__frame_00019.jpg,80,469.74,98.36,479.29,116.01,high
cam03__frame_00019.jpg,81,479.3,89.8,491.92,120.86,medium
cam03__frame_00019.jpg,82,491.0,104.43,515.03,127.75,medium
cam03__frame_00019.jpg,83,515.58,100.98,526.74,113.67,high
cam03__frame_00019.jpg,84,513.59,112.38,526.85,123.82,medium
cam03__frame_00019.jpg,85,511.53,122.41,526.62,137.07,medium
cam03__frame_00019.jpg,86,526.69,70.94,535.76,106.21,high
cam03__frame_00019.jpg,87,525.93,105.24,537.97,116.83,medium
cam03__frame_00019.jpg,88,525.17,115.58,537.98,128.99,medium
cam03__frame_00019.jpg,89,524.79,127.47,536.66,140.94,medium
cam03__frame_00019.jpg,90,536.59,94.9,552.5,117.55,high
cam03__frame_00019.jpg,91,534.2,115.74,555.77,148.65,medium
cam03__frame_00019.jpg,92,552.92,113.38,573.35,136.72,low
cam03__frame_00019.jpg,93,548.72,133.87,574.57,163.91,low
cam03__frame_00019.jpg,94,570.54,119.04,595.62,174.9,medium
cam03__frame_00019.jpg,95,596.82,117.06,620.98,194.63,medium
cam03__frame_00019.jpg,96,622.68,136.5,639.0,199.73,high
cam03__frame_00019.jpg,97,405.03,151.64,420.08,172.7,medium
cam03__frame_00019.jpg,98,405.36,172.61,419.65,199.69,high
cam03__frame_00019.jpg,99,406.6,200.3,419.6,213.99,high
cam03__frame_00019.jpg,100,406.68,214.33,420.12,222.89,high
cam03__frame_00019.jpg,101,426.32,171.89,476.95,222.52,low
cam03__frame_00019.jpg,102,421.04,204.45,457.39,230.55,high
cam03__frame_00019.jpg,103,424.55,219.78,452.79,239.46,high
cam03__frame_00019.jpg,104,421.94,228.82,453.41,251.55,high
cam03__frame_00019.jpg,105,424.26,242.18,452.08,262.55,high
cam03__frame_00019.jpg,106,468.0,198.83,483.23,217.02,high
cam03__frame_00019.jpg,107,451.8,213.09,476.3,245.06,medium
cam03__frame_00019.jpg,108,452.24,242.11,469.46,256.87,high
cam03__frame_00019.jpg,109,470.44,224.9,479.75,247.03,high
cam03__frame_00019.jpg,110,470.94,246.54,478.8,255.4,high
cam03__frame_00019.jpg,111,481.17,193.51,535.15,295.41,low
cam03__frame_00019.jpg,112,528.0,223.82,560.4,254.96,high
cam03__frame_00019.jpg,113,532.23,242.9,578.79,288.86,low
cam03__frame_00019.jpg,114,536.74,268.5,579.19,305.39,medium
cam03__frame_00019.jpg,115,533.59,298.45,561.25,322.52,high
cam03__frame_00019.jpg,116,534.23,318.43,564.59,350.21,high
cam03__frame_00019.jpg,117,561.2,272.64,603.84,370.9,low
cam03__frame_00019.jpg,118,598.68,263.01,640.0,324.83,high
cam03__frame_00019.jpg,119,598.71,309.22,640.0,349.87,high
cam03__frame_00019.jpg,120,598.5,325.74,640.0,368.52,high
cam03__frame_00019.jpg,121,594.52,341.66,640.0,393.54,high
cam03__frame_00019.jpg,122,564.46,343.73,631.7,409.2,medium
cam03__frame_00019.jpg,123,617.98,390.73,638.89,408.79,high
cam03__frame_00019.jpg,124,626.38,406.26,637.38,420.26,high
cam03__frame_00019.jpg,125,626.38,419.26,634.38,431.77,high
cam03__frame_00019.jpg,126,595.67,400.3,625.58,433.51,high
cam03__frame_00019.jpg,127,598.8,415.48,625.22,446.25,high
cam03__frame_00019.jpg,128,596.9,434.88,623.75,464.3,low
cam03__frame_00019.jpg,129,444.19,244.17,516.88,312.82,high
cam03__frame_00019.jpg,130,520.75,370.64,610.94,460.8,low
cam03__frame_00019.jpg,131,525.49,425.6,579.09,471.44,high
cam03__frame_00019.jpg,132,523.19,442.45,579.47,499.32,high
cam03__frame_00019.jpg,133,520.26,461.05,572.84,514.57,high
cam03__frame_00019.jpg,134,520.28,479.37,571.06,530.51,high
cam03__frame_00019.jpg,135,453.0,347.4,520.7,423.8,low
cam03__frame_00019.jpg,136,398.47,260.39,482.15,343.24,low
cam03__frame_00019.jpg,137,401.88,316.3,445.87,357.91,medium
cam03__frame_00019.jpg,138,402.67,334.48,443.69,379.28,high
cam03__frame_00019.jpg,139,496.51,295.7,536.85,366.56,low
cam03__frame_00019.jpg,140,375.23,230.29,403.89,278.84,medium
cam03__frame_00019.jpg,141,363.29,246.21,391.15,293.17,low
cam03__frame_00019.jpg,142,379.1,328.3,402.48,351.07,medium
cam03__frame_00019.jpg,143,378.31,340.6,388.13,351.99,high
cam03__frame_00019.jpg,144,378.88,347.98,387.83,358.31,high
cam03__frame_00019.jpg,145,379.98,352.71,387.42,361.17,high
cam03__frame_00019.jpg,146,380.29,357.04,386.71,364.25,high
cam03__frame_00019.jpg,147,380.29,360.85,386.9,368.3,high
cam03__frame_00019.jpg,148,379.9,364.3,386.5,371.75,high
cam03__frame_00019.jpg,149,380.03,368.31,385.93,374.92,high
cam03__frame_00019.jpg,150,392.94,37.12,419.78,114.88,medium
cam03__frame_00019.jpg,151,366.1,371.0,385.74,390.9,low
cam03__frame_00019.jpg,152,405.53,358.68,429.37,382.49,low
cam03__frame_00019.jpg,153,406.3,374.69,417.83,385.97,high
cam03__frame_00019.jpg,154,407.84,380.9,417.71,390.45,high
cam03__frame_00019.jpg,155,407.27,384.05,417.14,393.61,high
cam03__frame_00019.jpg,156,406.56,387.31,415.95,396.4,high
cam03__frame_00019.jpg,157,406.45,391.26,413.45,398.1,high
cam03__frame_00019.jpg,158,406.1,394.98,412.12,400.89,high
cam03__frame_00019.jpg,159,381.87,389.34,400.04,407.36,medium
cam03__frame_00019.jpg,160,383.81,401.44,393.84,411.88,high
cam03__frame_00019.jpg,161,383.91,406.24,394.8,416.87,high
cam03__frame_00019.jpg,162,393.11,401.65,412.24,420.78,low
cam03__frame_00019.jpg,163,392.95,413.04,403.84,423.67,high
cam03__frame_00019.jpg,164,392.24,415.88,403.13,426.5,high
cam03__frame_00019.jpg,165,234.87,318.91,248.8,341.46,low
cam03__frame_00019.jpg,166,217.7,306.92,238.67,336.04,medium
cam03__frame_00019.jpg,167,320.76,354.52,343.31,379.1,medium
cam03__frame_00019.jpg,168,315.46,320.7,339.33,354.52,medium
cam03__frame_00019.jpg,169,301.44,247.36,346.58,278.8,medium
cam03__frame_00019.jpg,170,307.02,230.05,340.02,255.13,medium
cam03__frame_00019.jpg,171,296.69,232.41,310.4,260.36,high
cam03__frame_00019.jpg,172,366.2,190.2,374.96,233.47,high
cam03__frame_00019.jpg,173,357.4,187.29,367.26,226.1,high
cam03__frame_00019.jpg,174,350.4,180.69,357.36,220.64,high
cam03__frame_00019.jpg,175,320.4,192.58,329.0,200.89,medium
cam03__frame_00019.jpg,176,320.2,184.52,326.8,192.1,low
cam03__frame_00019.jpg,177,317.12,175.5,325.9,184.52,low
cam03__frame_00019.jpg,178,314.46,150.19,328.49,175.7,high
cam03__frame_00019.jpg,179,307.87,198.51,315.0,205.9,high
cam03__frame_00019.jpg,180,306.92,190.45,313.33,197.57,medium
cam03__frame_00019.jpg,181,392.59,419.54,402.54,429.25,high
cam03__frame_00019.jpg,182,404.09,379.86,454.0,429.79,medium
cam03__frame_00019.jpg,183,344.89,340.1,366.2,372.95,medium
cam03__frame_00019.jpg,184,340.94,291.06,369.82,339.19,low
cam03__frame_00019.jpg,185,252.78,364.01,274.67,479.1,low
cam03__frame_00019.jpg,186,407.36,413.02,430.66,432.28,high
cam03__frame_00020.jpg,0,392.59,419.54,402.54,429.25,high
cam03__frame_00020.jpg,1,300.7,202.63,307.65,208.98,high
cam03__frame_00020.jpg,2,297.17,194.38,306.38,202.63,medium
cam03__frame_00020.jpg,3,295.9,185.48,305.74,193.74,low
cam03__frame_00020.jpg,4,296.22,176.91,305.11,185.48,low
cam03__frame_00020.jpg,5,295.58,167.7,303.56,176.57,low
cam03__frame_00020.jpg,6,294.9,156.27,302.3,166.7,low
cam03__frame_00020.jpg,7,241.51,161.2,265.3,185.56,high
cam03__frame_00020.jpg,8,219.6,118.99,224.27,132.7,high
cam03__frame_00020.jpg,9,219.61,103.07,223.72,118.44,high
cam03__frame_00020.jpg,10,216.31,114.32,218.78,128.87,high
cam03__frame_00020.jpg,11,215.49,100.32,219.61,113.5,high
cam03__frame_00020.jpg,12,212.2,114.05,216.31,125.3,high
cam03__frame_00020.jpg,13,212.74,97.85,216.31,113.22,high
cam03__frame_00020.jpg,14,209.45,109.66,211.92,120.91,high
cam03__frame_00020.jpg,15,208.9,93.46,212.2,108.56,high
cam03__frame_00020.jpg,16,205.61,106.36,208.9,118.71,high
cam03__frame_00020.jpg,17,205.06,91.54,208.35,106.36,high
cam03__frame_00020.jpg,18,196.55,100.6,203.41,114.6,high
cam03__frame_00020.jpg,19,196.55,81.39,203.41,101.15,high
cam03__frame_00020.jpg,20,223.96,117.28,247.76,137.42,low
cam03__frame_00020.jpg,21,223.15,99.42,247.22,120.35,low
cam03__frame_00020.jpg,22,244.27,103.26,279.26,131.94,low
cam03__frame_00020.jpg,23,243.85,89.38,275.09,111.68,medium
cam03__frame_00020.jpg,24,237.41,75.19,264.63,97.15,medium
cam03__frame_00020.jpg,25,277.29,85.1,300.43,124.4,low
cam03__frame_00020.jpg,26,299.0,68.9,308.9,117.06,high
cam03__frame_00020.jpg,27,267.37,68.56,295.3,84.72,low
cam03__frame_00020.jpg,28,266.64,53.86,293.09,68.19,low
cam03__frame_00020.jpg,29,266.6,35.03,293.6,53.24,low
cam03__frame_00020.jpg,30,172.16,545.37,271.8,613.4,medium
cam03__frame_00020.jpg,31,148.25,429.12,237.37,489.42,high
cam03__frame_00020.jpg,32,147.2,420.64,226.91,471.84,high
cam03__frame_00020.jpg,33,138.9,402.15,229.63,458.91,medium
cam03__frame_00020.jpg,34,145.72,380.1,224.51,437.18,medium
cam03__frame_00020.jpg,35,138.61,357.56,205.57,403.7,medium
cam03__frame_00020.jpg,36,136.16,309.86,209.56,364.69,medium
cam03__frame_00020.jpg,37,127.89,203.78,197.45,287.36,medium
cam03__frame_00020.jpg,38,118.13,129.5,186.05,208.04,medium
cam03__frame_00020.jpg,39,105.85,55.44,179.52,118.21,medium
cam03__frame_00020.jpg,40,444.51,612.56,470.42,640.0,high
cam03__frame_00020.jpg,41,411.9,579.26,445.62,636.62,medium
cam03__frame_00020.jpg,42,396.03,543.36,420.83,572.6,high
cam03__frame_00020.jpg,43,328.3,486.82,366.67,588.9,low
cam03__frame_00020.jpg,44,369.02,561.87,405.7,639.58,medium
cam03__frame_00020.jpg,45,449.2,545.56,465.54,604.51,high
cam03__frame_00020.jpg,46,426.9,509.88,449.2,572.8,high
cam03__frame_00020.jpg,47,413.53,491.56,427.4,550.51,high
cam03__frame_00020.jpg,48,397.7,475.7,413.53,523.26,high
cam03__frame_00020.jpg,49,383.8,442.51,399.1,508.4,high
cam03__frame_00020.jpg,50,367.9,412.78,381.82,480.66,high
cam03__frame_00020.jpg,51,478.5,536.58,506.55,562.04,high
cam03__frame_00020.jpg,52,480.69,529.08,511.14,560.07,low
cam03__frame_00020.jpg,53,476.68,489.19,540.41,552.75,low
cam03__frame_00020.jpg,54,456.63,505.98,477.07,523.12,high
cam03__frame_00020.jpg,55,458.29,499.91,480.63,519.63,high
cam03__frame_00020.jpg,56,460.7,495.03,483.62,517.47,high
cam03__frame_00020.jpg,57,456.39,458.03,511.82,513.51,medium
cam03__frame_00020.jpg,58,444.62,492.2,459.66,505.32,high
cam03__frame_00020.jpg,59,444.12,485.27,459.57,498.69,high
cam03__frame_00020.jpg,60,438.4,472.57,461.7,491.83,high
cam03__frame_00020.jpg,61,443.63,469.91,462.84,486.13,high
cam03__frame_00020.jpg,62,444.13,462.48,465.19,480.07,high
cam03__frame_00020.jpg,63,444.26,431.0,489.19,475.53,medium
cam03__frame_00020.jpg,64,426.99,462.85,444.52,477.46,high
cam03__frame_00020.jpg,65,422.49,452.56,445.79,471.81,high
cam03__frame_00020.jpg,66,423.96,446.68,447.26,465.93,high
cam03__frame_00020.jpg,67,425.43,441.53,448.73,460.78,high
cam03__frame_00020.jpg,68,425.43,435.11,448.73,454.37,high
cam03__frame_00020.jpg,69,426.22,415.19,460.14,449.43,medium
cam03__frame_00020.jpg,70,403.32,429.72,426.62,448.98,high
cam03__frame_00020.jpg,71,404.96,424.47,428.26,443.73,high
cam03__frame_00020.jpg,72,405.29,418.24,428.59,437.5,high
cam03__frame_00020.jpg,73,407.36,413.02,430.66,432.28,high
cam03__frame_00020.jpg,74,392.94,37.12,419.78,114.88,medium
cam03__frame_00020.jpg,75,420.05,45.61,434.01,94.62,medium
cam03__frame_00020.jpg,76,434.01,41.28,449.62,99.87,medium
cam03__frame_00020.jpg,77,451.81,89.41,461.67,106.11,medium
cam03__frame_00020.jpg,78,461.39,94.62,470.16,112.14,high
cam03__frame_00020.jpg,79,469.74,98.36,479.29,116.01,high
cam03__frame_00020.jpg,80,479.3,89.8,491.92,120.86,medium
cam03__frame_00020.jpg,81,491.0,104.43,515.03,127.75,medium
cam03__frame_00020.jpg,82,515.58,100.98,526.74,113.67,high
cam03__frame_00020.jpg,83,513.59,112.38,526.85,123.82,medium
cam03__frame_00020.jpg,84,511.53,122.41,526.62,137.07,medium
cam03__frame_00020.jpg,85,526.69,70.94,535.76,106.21,high
cam03__frame_00020.jpg,86,525.93,105.24,537.97,116.83,medium
cam03__frame_00020.jpg,87,525.17,115.58,537.98,128.99,medium
cam03__frame_00020.jpg,88,524.79,127.47,536.66,140.94,medium
cam03__frame_00020.jpg,89,536.59,94.9,552.5,117.55,high
cam03__frame_00020.jpg,90,534.2,115.74,555.77,148.65,medium
cam03__frame_00020.jpg,91,552.92,113.38,573.35,136.72,low
cam03__frame_00020.jpg,92,548.72,133.87,574.57,163.91,low
cam03__frame_00020.jpg,93,570.54,119.04,595.62,174.9,medium
cam03__frame_00020.jpg,94,596.82,117.06,620.98,194.63,medium
cam03__frame_00020.jpg,95,622.68,136.5,639.0,199.73,high
cam03__frame_00020.jpg,96,405.03,151.64,420.08,172.7,medium
cam03__frame_00020.jpg,97,405.36,172.61,419.65,199.69,high
cam03__frame_00020.jpg,98,406.6,200.3,419.6,213.99,high
cam03__frame_00020.jpg,99,406.68,214.33,420.12,222.89,high
cam03__frame_00020.jpg,100,426.32,171.89,476.95,222.52,low
cam03__frame_00020.jpg,101,421.04,204.45,457.39,230.55,high
cam03__frame_00020.jpg,102,424.55,219.78,452.79,239.46,high
cam03__frame_00020.jpg,103,421.94,228.82,453.41,251.55,high
cam03__frame_00020.jpg,104,424.26,242.18,452.08,262.55,high
cam03__frame_00020.jpg,105,468.0,198.83,483.23,217.02,high
cam03__frame_00020.jpg,106,451.8,213.09,476.3,245.06,medium
cam03__frame_00020.jpg,107,452.24,242.11,469.46,256.87,high
cam03__frame_00020.jpg,108,470.44,224.9,479.75,247.03,high
cam03__frame_00020.jpg,109,470.94,246.54,478.8,255.4,high
cam03__frame_00020.jpg,110,481.17,193.51,535.15,295.41,low
cam03__frame_00020.jpg,111,528.0,223.82,560.4,254.96,high
cam03__frame_00020.jpg,112,532.23,242.9,578.79,288.86,low
cam03__frame_00020.jpg,113,536.74,268.5,579.19,305.39,medium
cam03__frame_00020.jpg,114,533.59,298.45,561.25,322.52,high
cam03__frame_00020.jpg,115,534.23,318.43,564.59,350.21,high
cam03__frame_00020.jpg,116,561.2,272.64,603.84,370.9,low
cam03__frame_00020.jpg,117,598.68,263.01,640.0,324.83,high
cam03__frame_00020.jpg,118,598.71,309.22,640.0,349.87,high
cam03__frame_00020.jpg,119,598.5,325.74,640.0,368.52,high
cam03__frame_00020.jpg,120,594.52,341.66,640.0,393.54,high
cam03__frame_00020.jpg,121,564.46,343.73,631.7,409.2,medium
cam03__frame_00020.jpg,122,617.98,390.73,638.89,408.79,high
cam03__frame_00020.jpg,123,626.38,406.26,637.38,420.26,high
cam03__frame_00020.jpg,124,626.38,419.26,634.38,431.77,high
cam03__frame_00020.jpg,125,595.67,400.3,625.58,433.51,high
cam03__frame_00020.jpg,126,598.8,415.48,625.22,446.25,high
cam03__frame_00020.jpg,127,596.9,434.88,623.75,464.3,low
cam03__frame_00020.jpg,128,444.19,244.17,516.88,312.82,high
cam03__frame_00020.jpg,129,520.75,370.64,610.94,460.8,low
cam03__frame_00020.jpg,130,525.49,425.6,579.09,471.44,high
cam03__frame_00020.jpg,131,523.19,442.45,579.47,499.32,high
cam03__frame_00020.jpg,132,520.26,461.05,572.84,514.57,high
cam03__frame_00020.jpg,133,520.28,479.37,571.06,530.51,high
cam03__frame_00020.jpg,134,453.0,347.4,520.7,423.8,low
cam03__frame_00020.jpg,135,398.47,260.39,482.15,343.24,low
cam03__frame_00020.jpg,136,401.88,316.3,445.87,357.91,medium
cam03__frame_00020.jpg,137,402.67,334.48,443.69,379.28,high
cam03__frame_00020.jpg,138,496.51,295.7,536.85,366.56,low
cam03__frame_00020.jpg,139,375.23,230.29,403.89,278.84,medium
cam03__frame_00020.jpg,140,363.29,246.21,391.15,293.17,low
cam03__frame_00020.jpg,141,379.1,328.3,402.48,351.07,medium
cam03__frame_00020.jpg,142,378.31,340.6,388.13,351.99,high
cam03__frame_00020.jpg,143,378.88,347.98,387.83,358.31,high
cam03__frame_00020.jpg,144,379.98,352.71,387.42,361.17,high
cam03__frame_00020.jpg,145,380.29,357.04,386.71,364.25,high
cam03__frame_00020.jpg,146,380.29,360.85,386.9,368.3,high
cam03__frame_00020.jpg,147,379.9,364.3,386.5,371.75,high
cam03__frame_00020.jpg,148,380.03,368.31,385.93,374.92,high
cam03__frame_00020.jpg,149,366.1,371.0,385.74,390.9,low
cam03__frame_00020.jpg,150,405.53,358.68,429.37,382.49,low
cam03__frame_00020.jpg,151,406.3,374.69,417.83,385.97,high
cam03__frame_00020.jpg,152,407.84,380.9,417.71,390.45,high
cam03__frame_00020.jpg,153,407.27,384.05,417.14,393.61,high
cam03__frame_00020.jpg,154,406.56,387.31,415.95,396.4,high
cam03__frame_00020.jpg,155,406.45,391.26,413.45,398.1,high
cam03__frame_00020.jpg,156,406.1,394.98,412.12,400.89,high
cam03__frame_00020.jpg,157,381.87,389.34,400.04,407.36,medium
cam03__frame_00020.jpg,158,383.81,401.44,393.84,411.88,high
cam03__frame_00020.jpg,159,383.91,406.24,394.8,416.87,high
cam03__frame_00020.jpg,160,393.11,401.65,412.24,420.78,low
cam03__frame_00020.jpg,161,392.95,413.04,403.84,423.67,high
cam03__frame_00020.jpg,162,392.24,415.88,403.13,426.5,high
cam03__frame_00020.jpg,163,303.52,151.5,313.68,163.89,low
cam03__frame_00020.jpg,164,404.09,379.86,454.0,429.79,medium
cam03__frame_00020.jpg,165,340.94,291.06,369.82,339.19,high
cam03__frame_00020.jpg,166,250.2,362.7,274.67,479.1,medium
cam03__frame_00020.jpg,167,320.76,354.52,343.31,379.1,medium
cam03__frame_00020.jpg,168,315.46,320.7,339.33,354.52,medium
cam03__frame_00020.jpg,169,301.44,247.36,346.58,278.8,medium
cam03__frame_00020.jpg,170,307.02,230.05,340.02,255.13,medium
cam03__frame_00020.jpg,171,296.69,232.41,310.4,260.36,high
cam03__frame_00020.jpg,172,366.2,190.2,374.96,233.47,high
cam03__frame_00020.jpg,173,357.4,187.29,367.26,226.1,high
cam03__frame_00020.jpg,174,350.4,180.69,357.36,220.64,high
cam03__frame_00020.jpg,175,320.4,192.58,329.0,200.89,medium
cam03__frame_00020.jpg,176,320.2,184.52,326.8,192.1,low
cam03__frame_00020.jpg,177,317.12,175.5,325.9,184.52,low
cam03__frame_00020.jpg,178,314.46,150.19,328.49,175.7,high
cam03__frame_00020.jpg,179,307.87,198.51,315.0,205.9,high
cam03__frame_00020.jpg,180,306.92,190.45,313.33,197.57,medium
cam03__frame_00020.jpg,181,306.38,181.99,314.0,189.61,medium
cam03__frame_00020.jpg,182,304.8,172.5,314.0,181.04,low
cam03__frame_00020.jpg,183,303.84,163.25,313.36,171.83,low
cam03__frame_00023.jpg,0,598.68,263.01,640.0,324.83,high
cam03__frame_00023.jpg,1,204.94,126.98,231.56,173.56,low
cam03__frame_00023.jpg,2,344.89,340.1,366.2,372.95,high
cam03__frame_00023.jpg,3,252.78,364.01,274.67,479.1,low
cam03__frame_00023.jpg,4,217.7,306.92,238.67,336.04,medium
cam03__frame_00023.jpg,5,235.66,317.19,256.63,346.3,medium
cam03__frame_00023.jpg,6,301.44,247.36,346.58,278.8,medium
cam03__frame_00023.jpg,7,307.02,230.05,340.02,255.13,medium
cam03__frame_00023.jpg,8,296.69,232.41,310.4,260.36,high
cam03__frame_00023.jpg,9,366.2,190.2,374.96,233.47,high
cam03__frame_00023.jpg,10,357.4,187.29,367.26,226.1,high
cam03__frame_00023.jpg,11,350.4,180.69,357.36,220.64,high
cam03__frame_00023.jpg,12,320.4,192.58,329.0,200.89,medium
cam03__frame_00023.jpg,13,320.2,184.52,326.8,192.1,low
cam03__frame_00023.jpg,14,317.12,175.5,325.9,184.52,low
cam03__frame_00023.jpg,15,314.46,150.19,328.49,175.7,high
cam03__frame_00023.jpg,16,307.87,198.51,315.0,205.9,high
cam03__frame_00023.jpg,17,306.92,190.45,313.33,197.57,medium
cam03__frame_00023.jpg,18,306.38,181.99,314.0,189.61,medium
cam03__frame_00023.jpg,19,304.8,172.5,314.0,181.04,low
cam03__frame_00023.jpg,20,303.84,163.25,313.36,171.83,low
cam03__frame_00023.jpg,21,303.52,151.5,313.68,163.89,low
cam03__frame_00023.jpg,22,300.7,202.63,307.65,208.98,high
cam03__frame_00023.jpg,23,297.17,194.38,306.38,202.63,medium
cam03__frame_00023.jpg,24,295.9,185.48,305.74,193.74,low
cam03__frame_00023.jpg,25,296.22,176.91,305.11,185.48,low
cam03__frame_00023.jpg,26,295.58,167.7,303.56,176.57,low
cam03__frame_00023.jpg,27,294.9,156.27,302.3,166.7,low
cam03__frame_00023.jpg,28,241.51,161.2,265.3,185.56,high
cam03__frame_00023.jpg,29,219.6,118.99,224.27,132.7,high
cam03__frame_00023.jpg,30,219.61,103.07,223.72,118.44,high
cam03__frame_00023.jpg,31,216.31,114.32,218.78,128.87,high
cam03__frame_00023.jpg,32,215.49,100.32,219.61,113.5,high
cam03__frame_00023.jpg,33,212.2,114.05,216.31,125.3,high
cam03__frame_00023.jpg,34,212.74,97.85,216.31,113.22,high
cam03__frame_00023.jpg,35,209.45,109.66,211.92,120.91,high
cam03__frame_00023.jpg,36,208.9,93.46,212.2,108.56,high
cam03__frame_00023.jpg,37,205.61,106.36,208.9,118.71,high
cam03__frame_00023.jpg,38,205.06,91.54,208.35,106.36,high
cam03__frame_00023.jpg,39,196.55,100.6,203.41,114.6,high
cam03__frame_00023.jpg,40,196.55,81.39,203.41,101.15,high
cam03__frame_00023.jpg,41,223.96,117.28,247.76,137.42,low
cam03__frame_00023.jpg,42,223.15,99.42,247.22,120.35,low
cam03__frame_00023.jpg,43,244.27,103.26,279.26,131.94,low
cam03__frame_00023.jpg,44,243.85,89.38,275.09,111.68,medium
cam03__frame_00023.jpg,45,237.41,75.19,264.63,97.15,medium
cam03__frame_00023.jpg,46,277.29,85.1,300.43,124.4,low
cam03__frame_00023.jpg,47,299.0,68.9,308.9,117.06,high
cam03__frame_00023.jpg,48,267.37,68.56,295.3,84.72,low
cam03__frame_00023.jpg,49,266.64,53.86,293.09,68.19,low
cam03__frame_00023.jpg,50,266.6,35.03,293.6,53.24,low
cam03__frame_00023.jpg,51,172.16,545.37,271.8,613.4,medium
cam03__frame_00023.jpg,52,148.25,429.12,237.37,489.42,high
cam03__frame_00023.jpg,53,147.2,420.64,226.91,471.84,high
cam03__frame_00023.jpg,54,138.9,402.15,229.63,458.91,medium
cam03__frame_00023.jpg,55,145.72,380.1,224.51,437.18,medium
cam03__frame_00023.jpg,56,138.61,357.56,205.57,403.7,medium
cam03__frame_00023.jpg,57,136.16,309.86,209.56,364.69,medium
cam03__frame_00023.jpg,58,127.89,203.78,197.45,287.36,medium
cam03__frame_00023.jpg,59,118.13,129.5,186.05,208.04,medium
cam03__frame_00023.jpg,60,105.85,55.44,179.52,118.21,medium
cam03__frame_00023.jpg,61,444.51,612.56,470.42,640.0,high
cam03__frame_00023.jpg,62,411.9,579.26,445.62,636.62,medium
cam03__frame_00023.jpg,63,396.03,543.36,420.83,572.6,high
cam03__frame_00023.jpg,64,328.3,486.82,366.67,592.7,medium
cam03__frame_00023.jpg,65,369.02,561.87,405.7,639.58,medium
cam03__frame_00023.jpg,66,449.2,545.56,465.54,604.51,high
cam03__frame_00023.jpg,67,426.9,509.88,449.2,572.8,high
cam03__frame_00023.jpg,68,413.53,491.56,427.4,550.51,high
cam03__frame_00023.jpg,69,397.7,475.7,413.53,523.26,high
cam03__frame_00023.jpg,70,383.8,442.51,399.1,508.4,high
cam03__frame_00023.jpg,71,367.9,412.78,381.82,480.66,high
cam03__frame_00023.jpg,72,478.5,536.58,506.55,562.04,high
cam03__frame_00023.jpg,73,480.69,529.08,511.14,560.07,low
cam03__frame_00023.jpg,74,476.68,489.19,540.41,552.75,low
cam03__frame_00023.jpg,75,456.63,505.98,477.07,523.12,high
cam03__frame_00023.jpg,76,458.29,499.91,480.63,519.63,high
cam03__frame_00023.jpg,77,460.7,495.03,483.62,517.47,high
cam03__frame_00023.jpg,78,456.39,458.03,511.82,513.51,medium
cam03__frame_00023.jpg,79,444.62,492.2,459.66,505.32,high
cam03__frame_00023.jpg,80,444.12,485.27,459.57,498.69,high
cam03__frame_00023.jpg,81,438.4,472.57,461.7,491.83,high
cam03__frame_00023.jpg,82,443.63,469.91,462.84,486.13,high
cam03__frame_00023.jpg,83,444.13,462.48,465.19,480.07,high
cam03__frame_00023.jpg,84,444.26,431.0,489.19,475.53,medium
cam03__frame_00023.jpg,85,426.99,462.85,444.52,477.46,high
cam03__frame_00023.jpg,86,422.49,452.56,445.79,471.81,high
cam03__frame_00023.jpg,87,423.96,446.68,447.26,465.93,high
cam03__frame_00023.jpg,88,425.43,441.53,448.73,460.78,high
cam03__frame_00023.jpg,89,425.43,435.11,448.73,454.37,high
cam03__frame_00023.jpg,90,426.22,415.19,460.14,449.43,medium
cam03__frame_00023.jpg,91,403.32,429.72,426.62,448.98,high
cam03__frame_00023.jpg,92,404.96,424.47,428.26,443.73,high
cam03__frame_00023.jpg,93,405.29,418.24,428.59,437.5,high
cam03__frame_00023.jpg,94,407.36,413.02,430.66,432.28,high
cam03__frame_00023.jpg,95,404.09,379.86,454.0,429.79,medium
cam03__frame_00023.jpg,96,392.59,419.54,402.54,429.25,high
cam03__frame_00023.jpg,97,392.24,415.88,403.13,426.5,high
cam03__frame_00023.jpg,98,392.95,413.04,403.84,423.67,high
cam03__frame_00023.jpg,99,393.11,401.65,412.24,420.78,low
cam03__frame_00023.jpg,100,383.91,406.24,394.8,416.87,high
cam03__frame_00023.jpg,101,383.81,401.44,393.84,411.88,high
cam03__frame_00023.jpg,102,381.87,389.34,400.04,407.36,medium
cam03__frame_00023.jpg,103,406.1,394.98,412.12,400.89,high
cam03__frame_00023.jpg,104,406.45,391.26,413.45,398.1,high
cam03__frame_00023.jpg,105,406.56,387.31,415.95,396.4,high
cam03__frame_00023.jpg,106,407.27,384.05,417.14,393.61,high
cam03__frame_00023.jpg,107,407.84,380.9,417.71,390.45,high
cam03__frame_00023.jpg,108,406.3,374.69,417.83,385.97,high
cam03__frame_00023.jpg,109,405.53,358.68,429.37,382.49,low
cam03__frame_00023.jpg,110,366.1,371.0,385.74,390.9,low
cam03__frame_00023.jpg,111,380.03,368.31,385.93,374.92,high
cam03__frame_00023.jpg,112,379.9,364.3,386.5,371.75,high
cam03__frame_00023.jpg,113,380.29,360.85,386.9,368.3,high
cam03__frame_00023.jpg,114,380.29,357.04,386.71,364.25,high
cam03__frame_00023.jpg,115,379.98,352.71,387.42,361.17,high
cam03__frame_00023.jpg,116,378.88,347.98,387.83,358.31,high
cam03__frame_00023.jpg,117,378.31,340.6,388.13,351.99,high
cam03__frame_00023.jpg,118,379.1,328.3,402.48,351.07,medium
cam03__frame_00023.jpg,119,406.68,214.33,420.12,222.89,high
cam03__frame_00023.jpg,120,406.6,200.3,419.6,213.99,high
cam03__frame_00023.jpg,121,405.36,172.61,419.65,199.69,high
cam03__frame_00023.jpg,122,405.03,151.64,420.08,172.7,medium
cam03__frame_00023.jpg,123,363.29,246.21,391.15,293.17,low
cam03__frame_00023.jpg,124,375.23,230.29,403.89,278.84,medium
cam03__frame_00023.jpg,125,496.51,295.7,536.85,366.56,low
cam03__frame_00023.jpg,126,402.67,334.48,443.69,379.28,high
cam03__frame_00023.jpg,127,401.88,316.3,445.87,357.91,medium
cam03__frame_00023.jpg,128,398.47,260.39,482.15,343.24,low
cam03__frame_00023.jpg,129,453.0,347.4,520.7,423.8,low
cam03__frame_00023.jpg,130,520.28,479.37,571.06,530.51,high
cam03__frame_00023.jpg,131,520.26,461.05,572.84,514.57,high
cam03__frame_00023.jpg,132,523.19,442.45,579.47,499.32,high
cam03__frame_00023.jpg,133,525.49,425.6,579.09,471.44,high
cam03__frame_00023.jpg,134,520.75,370.64,610.94,460.8,low
cam03__frame_00023.jpg,135,444.19,244.17,516.88,312.82,high
cam03__frame_00023.jpg,136,596.9,434.88,623.75,464.3,low
cam03__frame_00023.jpg,137,598.8,415.48,625.22,446.25,high
cam03__frame_00023.jpg,138,595.67,400.3,625.58,433.51,high
cam03__frame_00023.jpg,139,626.38,419.26,634.38,431.77,high
cam03__frame_00023.jpg,140,626.38,406.26,637.38,420.26,high
cam03__frame_00023.jpg,141,617.98,390.73,638.89,408.79,high
cam03__frame_00023.jpg,142,564.46,343.73,631.7,409.2,medium
cam03__frame_00023.jpg,143,594.52,341.66,640.0,393.54,high
cam03__frame_00023.jpg,144,598.5,325.74,640.0,368.52,high
cam03__frame_00023.jpg,145,598.71,309.22,640.0,349.87,high
cam03__frame_00023.jpg,146,561.2,272.64,603.84,370.9,low
cam03__frame_00023.jpg,147,534.23,318.43,564.59,350.21,high
cam03__frame_00023.jpg,148,533.59,298.45,561.25,322.52,high
cam03__frame_00023.jpg,149,536.74,268.5,579.19,305.39,medium
cam03__frame_00023.jpg,150,532.23,242.9,578.79,288.86,low
cam03__frame_00023.jpg,151,528.0,223.82,560.4,254.96,high
cam03__frame_00023.jpg,152,481.17,193.51,535.15,295.41,low
cam03__frame_00023.jpg,153,470.94,246.54,478.8,255.4,high
cam03__frame_00023.jpg,154,470.44,224.9,479.75,247.03,high
cam03__frame_00023.jpg,155,452.24,242.11,469.46,256.87,high
cam03__frame_00023.jpg,156,451.8,213.09,476.3,245.06,medium
cam03__frame_00023.jpg,157,468.0,198.83,483.23,217.02,high
cam03__frame_00023.jpg,158,424.26,242.18,452.08,262.55,high
cam03__frame_00023.jpg,159,421.94,228.82,453.41,251.55,high
cam03__frame_00023.jpg,160,424.55,219.78,452.79,239.46,high
cam03__frame_00023.jpg,161,421.04,204.45,457.39,230.55,high
cam03__frame_00023.jpg,162,426.32,171.89,476.95,222.52,low
cam03__frame_00023.jpg,163,622.68,136.5,639.0,199.73,high
cam03__frame_00023.jpg,164,596.82,117.06,620.98,194.63,medium
cam03__frame_00023.jpg,165,570.54,119.04,595.62,174.9,medium
cam03__frame_00023.jpg,166,548.72,133.87,574.57,163.91,low
cam03__frame_00023.jpg,167,552.92,113.38,573.35,136.72,low
cam03__frame_00023.jpg,168,534.2,115.74,555.77,148.65,medium
cam03__frame_00023.jpg,169,536.59,94.9,552.5,117.55,high
cam03__frame_00023.jpg,170,524.79,127.47,536.66,140.94,medium
cam03__frame_00023.jpg,171,525.17,115.58,537.98,128.99,medium
cam03__frame_00023.jpg,172,525.93,105.24,537.97,116.83,medium
cam03__frame_00023.jpg,173,526.69,70.94,535.76,106.21,high
cam03__frame_00023.jpg,174,511.53,122.41,526.62,137.07,medium
cam03__frame_00023.jpg,175,513.59,112.38,526.85,123.82,medium
cam03__frame_00023.jpg,176,515.58,100.98,526.74,113.67,high
cam03__frame_00023.jpg,177,491.0,104.43,515.03,127.75,medium
cam03__frame_00023.jpg,178,479.3,89.8,491.92,120.86,medium
cam03__frame_00023.jpg,179,469.74,98.36,479.29,116.01,high
cam03__frame_00023.jpg,180,461.39,94.62,470.16,112.14,high
cam03__frame_00023.jpg,181,451.81,89.41,461.67,106.11,medium
cam03__frame_00023.jpg,182,434.01,41.28,449.62,99.87,medium
cam03__frame_00023.jpg,183,420.05,45.61,434.01,94.62,medium
cam03__frame_00023.jpg,184,392.94,37.12,419.78,114.88,medium
cam03__frame_00026.jpg,0,392.95,413.04,403.84,423.67,high
cam03__frame_00026.jpg,1,393.11,401.65,412.24,420.78,low
cam03__frame_00026.jpg,2,383.91,406.24,394.8,416.87,high
cam03__frame_00026.jpg,3,383.81,401.44,393.84,411.88,high
cam03__frame_00026.jpg,4,381.87,389.34,400.04,407.36,medium
cam03__frame_00026.jpg,5,406.1,394.98,412.12,400.89,high
cam03__frame_00026.jpg,6,406.45,391.26,413.45,398.1,high
cam03__frame_00026.jpg,7,406.56,387.31,415.95,396.4,high
cam03__frame_00026.jpg,8,407.27,384.05,417.14,393.61,high
cam03__frame_00026.jpg,9,407.84,380.9,417.71,390.45,high
cam03__frame_00026.jpg,10,406.3,374.69,417.83,385.97,high
cam03__frame_00026.jpg,11,405.53,358.68,429.37,382.49,low
cam03__frame_00026.jpg,12,366.1,371.0,385.74,390.9,low
cam03__frame_00026.jpg,13,380.03,368.31,385.93,374.92,high
cam03__frame_00026.jpg,14,379.9,364.3,386.5,371.75,high
cam03__frame_00026.jpg,15,380.29,360.85,386.9,368.3,high
cam03__frame_00026.jpg,16,380.29,357.04,386.71,364.25,high
cam03__frame_00026.jpg,17,379.98,352.71,387.42,361.17,high
cam03__frame_00026.jpg,18,378.88,347.98,387.83,358.31,high
cam03__frame_00026.jpg,19,378.31,340.6,388.13,351.99,high
cam03__frame_00026.jpg,20,379.1,328.3,402.48,351.07,medium
cam03__frame_00026.jpg,21,406.68,214.33,420.12,222.89,high
cam03__frame_00026.jpg,22,406.6,200.3,419.6,213.99,high
cam03__frame_00026.jpg,23,405.36,172.61,419.65,199.69,high
cam03__frame_00026.jpg,24,405.03,151.64,420.08,172.7,medium
cam03__frame_00026.jpg,25,363.29,246.21,391.15,293.17,low
cam03__frame_00026.jpg,26,375.23,230.29,403.89,278.84,medium
cam03__frame_00026.jpg,27,496.51,295.7,536.85,366.56,low
cam03__frame_00026.jpg,28,402.67,334.48,443.69,379.28,high
cam03__frame_00026.jpg,29,401.88,316.3,445.87,357.91,medium
cam03__frame_00026.jpg,30,398.47,260.39,482.15,343.24,low
cam03__frame_00026.jpg,31,453.0,347.4,520.7,423.8,low
cam03__frame_00026.jpg,32,520.28,479.37,571.06,530.51,high
cam03__frame_00026.jpg,33,520.26,461.05,572.84,514.57,high
cam03__frame_00026.jpg,34,523.19,442.45,579.47,499.32,high
cam03__frame_00026.jpg,35,525.49,425.6,579.09,471.44,high
cam03__frame_00026.jpg,36,520.75,370.64,610.94,460.8,low
cam03__frame_00026.jpg,37,444.19,244.17,516.88,312.82,high
cam03__frame_00026.jpg,38,596.9,434.88,623.75,464.3,low
cam03__frame_00026.jpg,39,598.8,415.48,625.22,446.25,high
cam03__frame_00026.jpg,40,595.67,400.3,625.58,433.51,high
cam03__frame_00026.jpg,41,626.38,419.26,634.38,431.77,high
cam03__frame_00026.jpg,42,626.38,406.26,637.38,420.26,high
cam03__frame_00026.jpg,43,617.98,390.73,638.89,408.79,high
cam03__frame_00026.jpg,44,564.46,343.73,631.7,409.2,medium
cam03__frame_00026.jpg,45,594.52,341.66,640.0,393.54,high
cam03__frame_00026.jpg,46,598.5,325.74,640.0,368.52,high
cam03__frame_00026.jpg,47,598.71,309.22,640.0,349.87,high
cam03__frame_00026.jpg,48,598.68,263.01,640.0,324.83,high
cam03__frame_00026.jpg,49,561.2,272.64,603.84,370.9,low
cam03__frame_00026.jpg,50,534.23,318.43,564.59,350.21,high
cam03__frame_00026.jpg,51,533.59,298.45,561.25,322.52,high
cam03__frame_00026.jpg,52,536.74,268.5,579.19,305.39,medium
cam03__frame_00026.jpg,53,532.23,242.9,578.79,288.86,low
cam03__frame_00026.jpg,54,528.0,223.82,560.4,254.96,high
cam03__frame_00026.jpg,55,481.17,193.51,535.15,295.41,low
cam03__frame_00026.jpg,56,470.94,246.54,478.8,255.4,high
cam03__frame_00026.jpg,57,470.44,224.9,479.75,247.03,high
cam03__frame_00026.jpg,58,452.24,242.11,469.46,256.87,high
cam03__frame_00026.jpg,59,451.8,213.09,476.3,245.06,medium
cam03__frame_00026.jpg,60,468.0,198.83,483.23,217.02,high
cam03__frame_00026.jpg,61,424.26,242.18,452.08,262.55,high
cam03__frame_00026.jpg,62,421.94,228.82,453.41,251.55,high
cam03__frame_00026.jpg,63,424.55,219.78,452.79,239.46,high
cam03__frame_00026.jpg,64,421.04,204.45,457.39,230.55,high
cam03__frame_00026.jpg,65,426.32,171.89,476.95,222.52,low
cam03__frame_00026.jpg,66,622.68,136.5,639.0,199.73,high
cam03__frame_00026.jpg,67,596.82,117.06,620.98,194.63,medium
cam03__frame_00026.jpg,68,570.54,119.04,595.62,174.9,medium
cam03__frame_00026.jpg,69,548.72,133.87,574.57,163.91,low
cam03__frame_00026.jpg,70,552.92,113.38,573.35,136.72,low
cam03__frame_00026.jpg,71,534.2,115.74,555.77,148.65,medium
cam03__frame_00026.jpg,72,536.59,94.9,552.5,117.55,high
cam03__frame_00026.jpg,73,524.79,127.47,536.66,140.94,medium
cam03__frame_00026.jpg,74,525.17,115.58,537.98,128.99,medium
cam03__frame_00026.jpg,75,525.93,105.24,537.97,116.83,medium
cam03__frame_00026.jpg,76,526.69,70.94,535.76,106.21,high
cam03__frame_00026.jpg,77,511.53,122.41,526.62,137.07,medium
cam03__frame_00026.jpg,78,513.59,112.38,526.85,123.82,medium
cam03__frame_00026.jpg,79,515.58,100.98,526.74,113.67,high
cam03__frame_00026.jpg,80,491.0,104.43,515.03,127.75,medium
cam03__frame_00026.jpg,81,479.3,89.8,491.92,120.86,medium
cam03__frame_00026.jpg,82,469.74,98.36,479.29,116.01,high
cam03__frame_00026.jpg,83,461.39,94.62,470.16,112.14,high
cam03__frame_00026.jpg,84,451.81,89.41,461.67,106.11,medium
cam03__frame_00026.jpg,85,434.01,41.28,449.62,99.87,medium
cam03__frame_00026.jpg,86,420.05,45.61,434.01,94.62,medium
cam03__frame_00026.jpg,87,392.94,37.12,419.78,114.88,medium
cam03__frame_00026.jpg,88,210.49,125.87,233.78,169.12,low
cam03__frame_00026.jpg,89,307.87,198.51,315.0,205.9,high
cam03__frame_00026.jpg,90,314.46,150.19,328.49,175.7,high
cam03__frame_00026.jpg,91,317.12,175.5,325.9,184.52,low
cam03__frame_00026.jpg,92,320.2,184.52,326.8,192.1,low
cam03__frame_00026.jpg,93,320.4,192.58,329.0,200.89,medium
cam03__frame_00026.jpg,94,350.4,180.69,357.36,211.1,high
cam03__frame_00026.jpg,95,296.69,232.41,310.4,260.36,high
cam03__frame_00026.jpg,96,307.02,230.05,340.02,255.13,medium
cam03__frame_00026.jpg,97,301.44,247.36,346.58,278.8,medium
cam03__frame_00026.jpg,98,315.46,320.7,339.33,354.52,medium
cam03__frame_00026.jpg,99,320.76,354.52,343.31,379.1,medium
cam03__frame_00026.jpg,100,217.7,306.92,238.67,336.04,medium
cam03__frame_00026.jpg,101,234.87,318.91,248.8,341.46,low
cam03__frame_00026.jpg,102,252.78,364.01,274.67,479.1,low
cam03__frame_00026.jpg,103,340.94,291.06,369.82,339.19,low
cam03__frame_00026.jpg,104,344.89,340.1,366.2,372.95,medium
cam03__frame_00026.jpg,105,407.36,413.02,430.66,432.28,high
cam03__frame_00026.jpg,106,405.29,418.24,428.59,437.5,high
cam03__frame_00026.jpg,107,404.96,424.47,428.26,443.73,high
cam03__frame_00026.jpg,108,403.32,429.72,426.62,448.98,high
cam03__frame_00026.jpg,109,426.22,415.19,460.14,449.43,medium
cam03__frame_00026.jpg,110,425.43,435.11,448.73,454.37,high
cam03__frame_00026.jpg,111,425.43,441.53,448.73,460.78,high
cam03__frame_00026.jpg,112,423.96,446.68,447.26,465.93,high
cam03__frame_00026.jpg,113,422.49,452.56,445.79,471.81,high
cam03__frame_00026.jpg,114,426.99,462.85,444.52,477.46,high
cam03__frame_00026.jpg,115,444.26,431.0,489.19,475.53,medium
cam03__frame_00026.jpg,116,444.13,462.48,465.19,480.07,high
cam03__frame_00026.jpg,117,443.63,469.91,462.84,486.13,high
cam03__frame_00026.jpg,118,438.4,472.57,461.7,491.83,high
cam03__frame_00026.jpg,119,444.12,485.27,459.57,498.69,high
cam03__frame_00026.jpg,120,444.62,492.2,459.66,505.32,high
cam03__frame_00026.jpg,121,456.39,458.03,511.82,513.51,medium
cam03__frame_00026.jpg,122,460.7,495.03,483.62,517.47,high
cam03__frame_00026.jpg,123,458.29,499.91,480.63,519.63,high
cam03__frame_00026.jpg,124,456.63,505.98,477.07,523.12,high
cam03__frame_00026.jpg,125,476.68,489.19,540.41,552.75,low
cam03__frame_00026.jpg,126,480.69,529.08,511.14,560.07,low
cam03__frame_00026.jpg,127,478.5,536.58,506.55,562.04,high
cam03__frame_00026.jpg,128,367.9,412.78,381.82,480.66,high
cam03__frame_00026.jpg,129,383.8,442.51,399.1,508.4,high
cam03__frame_00026.jpg,130,397.7,475.7,413.53,523.26,high
cam03__frame_00026.jpg,131,413.53,491.56,427.4,550.51,high
cam03__frame_00026.jpg,132,426.9,509.88,449.2,572.8,high
cam03__frame_00026.jpg,133,449.2,545.56,465.54,604.51,high
cam03__frame_00026.jpg,134,369.02,561.87,405.7,639.58,medium
cam03__frame_00026.jpg,135,396.03,543.36,420.83,572.6,high
cam03__frame_00026.jpg,136,411.9,579.26,445.62,636.62,medium
cam03__frame_00026.jpg,137,444.51,612.56,470.42,640.0,high
cam03__frame_00026.jpg,138,105.85,55.44,179.52,118.21,medium
cam03__frame_00026.jpg,139,118.13,129.5,186.05,208.04,medium
cam03__frame_00026.jpg,140,127.89,203.78,197.45,287.36,medium
cam03__frame_00026.jpg,141,136.16,309.86,209.56,364.69,medium
cam03__frame_00026.jpg,142,138.61,357.56,205.57,403.7,medium
cam03__frame_00026.jpg,143,145.72,380.1,224.51,437.18,medium
cam03__frame_00026.jpg,144,138.9,402.15,229.63,458.91,medium
cam03__frame_00026.jpg,145,147.2,420.64,226.91,471.84,high
cam03__frame_00026.jpg,146,148.25,429.12,237.37,489.42,high
cam03__frame_00026.jpg,147,172.16,545.37,271.8,613.4,medium
cam03__frame_00026.jpg,148,266.6,35.03,293.6,53.24,low
cam03__frame_00026.jpg,149,266.64,53.86,293.09,68.19,low
cam03__frame_00026.jpg,150,267.37,68.56,295.3,84.72,low
cam03__frame_00026.jpg,151,299.0,68.9,308.9,117.06,high
cam03__frame_00026.jpg,152,277.29,85.1,300.43,124.4,low
cam03__frame_00026.jpg,153,237.41,75.19,264.63,97.15,medium
cam03__frame_00026.jpg,154,243.85,89.38,275.09,111.68,medium
cam03__frame_00026.jpg,155,244.27,103.26,279.26,131.94,low
cam03__frame_00026.jpg,156,223.15,99.42,247.22,120.35,low
cam03__frame_00026.jpg,157,223.96,117.28,247.76,137.42,low
cam03__frame_00026.jpg,158,196.55,81.39,203.41,101.15,high
cam03__frame_00026.jpg,159,196.55,100.6,203.41,114.6,high
cam03__frame_00026.jpg,160,205.06,91.54,208.35,106.36,high
cam03__frame_00026.jpg,161,205.61,106.36,208.9,118.71,high
cam03__frame_00026.jpg,162,208.9,93.46,212.2,108.56,high
cam03__frame_00026.jpg,163,209.45,109.66,211.92,120.91,high
cam03__frame_00026.jpg,164,212.74,97.85,216.31,113.22,high
cam03__frame_00026.jpg,165,212.2,114.05,216.31,125.3,high
cam03__frame_00026.jpg,166,215.49,100.32,219.61,113.5,high
cam03__frame_00026.jpg,167,216.31,114.32,218.78,128.87,high
cam03__frame_00026.jpg,168,219.61,103.07,223.72,118.44,high
cam03__frame_00026.jpg,169,219.6,118.99,224.27,132.7,high
cam03__frame_00026.jpg,170,241.51,161.2,265.3,185.56,high
cam03__frame_00026.jpg,171,294.9,156.27,302.3,166.7,low
cam03__frame_00026.jpg,172,295.58,167.7,303.56,176.57,low
cam03__frame_00026.jpg,173,296.22,176.91,305.11,185.48,low
cam03__frame_00026.jpg,174,295.9,185.48,305.74,193.74,low
cam03__frame_00026.jpg,175,297.17,194.38,306.38,202.63,medium
cam03__frame_00026.jpg,176,300.7,202.63,307.65,208.98,high
cam03__frame_00026.jpg,177,303.52,151.5,313.68,163.89,low
cam03__frame_00026.jpg,178,303.84,163.25,313.36,171.83,low
cam03__frame_00026.jpg,179,304.8,172.5,314.0,181.04,low
cam03__frame_00026.jpg,180,306.38,181.99,314.0,189.61,medium
cam03__frame_00026.jpg,181,306.92,190.45,313.33,197.57,medium
cam03__frame_00026.jpg,182,404.09,379.86,454.0,429.79,medium
cam03__frame_00026.jpg,183,392.59,419.54,402.54,429.25,high
cam03__frame_00026.jpg,184,392.24,415.88,403.13,426.5,high
cam03__frame_00029.jpg,0,479.3,89.8,491.92,120.86,medium
cam03__frame_00029.jpg,1,469.74,98.36,479.29,116.01,high
cam03__frame_00029.jpg,2,461.39,94.62,470.16,112.14,high
cam03__frame_00029.jpg,3,451.81,89.41,461.67,106.11,medium
cam03__frame_00029.jpg,4,434.01,41.28,449.62,99.87,medium
cam03__frame_00029.jpg,5,420.05,45.61,434.01,94.62,medium
cam03__frame_00029.jpg,6,392.94,37.12,419.78,114.88,medium
cam03__frame_00029.jpg,7,525.17,115.58,537.98,128.99,medium
cam03__frame_00029.jpg,8,525.93,105.24,537.97,116.83,medium
cam03__frame_00029.jpg,9,526.69,70.94,535.76,106.21,high
cam03__frame_00029.jpg,10,511.53,122.41,526.62,137.07,medium
cam03__frame_00029.jpg,11,513.59,112.38,526.85,123.82,medium
cam03__frame_00029.jpg,12,515.58,100.98,526.74,113.67,high
cam03__frame_00029.jpg,13,491.0,104.43,515.03,127.75,medium
cam03__frame_00029.jpg,14,407.36,413.02,430.66,432.28,high
cam03__frame_00029.jpg,15,405.29,418.24,428.59,437.5,high
cam03__frame_00029.jpg,16,404.96,424.47,428.26,443.73,high
cam03__frame_00029.jpg,17,403.32,429.72,426.62,448.98,high
cam03__frame_00029.jpg,18,426.22,415.19,460.14,449.43,medium
cam03__frame_00029.jpg,19,425.43,435.11,448.73,454.37,high
cam03__frame_00029.jpg,20,425.43,441.53,448.73,460.78,high
cam03__frame_00029.jpg,21,423.96,446.68,447.26,465.93,high
cam03__frame_00029.jpg,22,422.49,452.56,445.79,471.81,high
cam03__frame_00029.jpg,23,426.99,462.85,444.52,477.46,high
cam03__frame_00029.jpg,24,444.26,431.0,489.19,475.53,medium
cam03__frame_00029.jpg,25,444.13,462.48,465.19,480.07,high
cam03__frame_00029.jpg,26,443.63,469.91,462.84,486.13,high
cam03__frame_00029.jpg,27,438.4,472.57,461.7,491.83,high
cam03__frame_00029.jpg,28,444.12,485.27,459.57,498.69,high
cam03__frame_00029.jpg,29,444.62,492.2,459.66,505.32,high
cam03__frame_00029.jpg,30,456.39,458.03,511.82,513.51,medium
cam03__frame_00029.jpg,31,460.7,495.03,483.62,517.47,high
cam03__frame_00029.jpg,32,458.29,499.91,480.63,519.63,high
cam03__frame_00029.jpg,33,456.63,505.98,477.07,523.12,high
cam03__frame_00029.jpg,34,476.68,489.19,540.41,552.75,low
cam03__frame_00029.jpg,35,480.69,529.08,511.14,560.07,low
cam03__frame_00029.jpg,36,478.5,536.58,506.55,562.04,high
cam03__frame_00029.jpg,37,367.9,412.78,381.82,480.66,high
cam03__frame_00029.jpg,38,383.8,442.51,399.1,508.4,high
cam03__frame_00029.jpg,39,397.7,475.7,413.53,523.26,high
cam03__frame_00029.jpg,40,413.53,491.56,427.4,550.51,high
cam03__frame_00029.jpg,41,426.9,509.88,449.2,572.8,high
cam03__frame_00029.jpg,42,449.2,545.56,465.54,604.51,high
cam03__frame_00029.jpg,43,369.02,561.87,405.7,639.58,medium
cam03__frame_00029.jpg,44,396.03,543.36,420.83,572.6,high
cam03__frame_00029.jpg,45,411.9,579.26,445.62,636.62,medium
cam03__frame_00029.jpg,46,444.51,612.56,470.42,640.0,high
cam03__frame_00029.jpg,47,105.85,55.44,179.52,118.21,medium
cam03__frame_00029.jpg,48,118.13,129.5,186.05,208.04,medium
cam03__frame_00029.jpg,49,127.89,203.78,197.45,287.36,medium
cam03__frame_00029.jpg,50,136.16,309.86,209.56,364.69,medium
cam03__frame_00029.jpg,51,138.61,357.56,205.57,403.7,medium
cam03__frame_00029.jpg,52,145.72,380.1,224.51,437.18,medium
cam03__frame_00029.jpg,53,138.9,402.15,229.63,458.91,medium
cam03__frame_00029.jpg,54,147.2,420.64,226.91,471.84,high
cam03__frame_00029.jpg,55,148.25,429.12,237.37,489.42,high
cam03__frame_00029.jpg,56,172.16,545.37,271.8,613.4,medium
cam03__frame_00029.jpg,57,266.6,35.03,293.6,53.24,low
cam03__frame_00029.jpg,58,266.64,53.86,293.09,68.19,low
cam03__frame_00029.jpg,59,267.37,68.56,295.3,84.72,low
cam03__frame_00029.jpg,60,299.0,68.9,308.9,117.06,high
cam03__frame_00029.jpg,61,277.29,85.1,300.43,124.4,low
cam03__frame_00029.jpg,62,237.41,75.19,264.63,97.15,medium
cam03__frame_00029.jpg,63,243.85,89.38,275.09,111.68,medium
cam03__frame_00029.jpg,64,244.27,103.26,279.26,131.94,low
cam03__frame_00029.jpg,65,223.15,99.42,247.22,120.35,low
cam03__frame_00029.jpg,66,223.96,117.28,247.76,137.42,low
cam03__frame_00029.jpg,67,196.55,81.39,203.41,101.15,high
cam03__frame_00029.jpg,68,196.55,100.6,203.41,114.6,high
cam03__frame_00029.jpg,69,205.06,91.54,208.35,106.36,high
cam03__frame_00029.jpg,70,205.61,106.36,208.9,118.71,high
cam03__frame_00029.jpg,71,208.9,93.46,212.2,108.56,high
cam03__frame_00029.jpg,72,209.45,109.66,211.92,120.91,high
cam03__frame_00029.jpg,73,212.74,97.85,216.31,113.22,high
cam03__frame_00029.jpg,74,212.2,114.05,216.31,125.3,high
cam03__frame_00029.jpg,75,215.49,100.32,219.61,113.5,high
cam03__frame_00029.jpg,76,216.31,114.32,218.78,128.87,high
cam03__frame_00029.jpg,77,219.61,103.07,223.72,118.44,high
cam03__frame_00029.jpg,78,219.6,118.99,224.27,132.7,high
cam03__frame_00029.jpg,79,241.51,161.2,265.3,185.56,high
cam03__frame_00029.jpg,80,294.9,156.27,302.3,166.7,low
cam03__frame_00029.jpg,81,295.58,167.7,303.56,176.57,low
cam03__frame_00029.jpg,82,296.22,176.91,305.11,185.48,low
cam03__frame_00029.jpg,83,295.9,185.48,305.74,193.74,low
cam03__frame_00029.jpg,84,297.17,194.38,306.38,202.63,medium
cam03__frame_00029.jpg,85,300.7,202.63,307.65,208.98,high
cam03__frame_00029.jpg,86,303.52,151.5,313.68,163.89,low
cam03__frame_00029.jpg,87,303.84,163.25,313.36,171.83,low
cam03__frame_00029.jpg,88,304.8,172.5,314.0,181.04,low
cam03__frame_00029.jpg,89,306.38,181.99,314.0,189.61,medium
cam03__frame_00029.jpg,90,306.92,190.45,313.33,197.57,medium
cam03__frame_00029.jpg,91,307.87,198.51,315.0,205.9,high
cam03__frame_00029.jpg,92,314.46,150.19,328.49,175.7,high
cam03__frame_00029.jpg,93,317.12,175.5,325.9,184.52,low
cam03__frame_00029.jpg,94,357.4,187.29,367.26,226.1,high
cam03__frame_00029.jpg,95,366.2,190.2,374.96,233.47,high
cam03__frame_00029.jpg,96,296.69,232.41,310.4,260.36,high
cam03__frame_00029.jpg,97,307.02,230.05,340.02,255.13,medium
cam03__frame_00029.jpg,98,301.44,247.36,346.58,278.8,medium
cam03__frame_00029.jpg,99,315.46,320.7,339.33,354.52,medium
cam03__frame_00029.jpg,100,314.38,354.52,344.59,375.3,high
cam03__frame_00029.jpg,101,217.7,306.92,238.67,336.04,medium
cam03__frame_00029.jpg,102,234.87,318.91,248.8,341.46,low
cam03__frame_00029.jpg,103,252.78,364.01,274.67,479.1,low
cam03__frame_00029.jpg,104,340.94,291.06,369.82,339.19,low
cam03__frame_00029.jpg,105,344.89,340.1,366.2,372.95,medium
cam03__frame_00029.jpg,106,320.2,184.52,326.8,192.1,low
cam03__frame_00029.jpg,107,208.27,133.64,235.99,170.23,low
cam03__frame_00029.jpg,108,524.79,127.47,536.66,140.94,medium
cam03__frame_00029.jpg,109,536.59,94.9,552.5,117.55,high
cam03__frame_00029.jpg,110,534.2,115.74,555.77,148.65,medium
cam03__frame_00029.jpg,111,552.92,113.38,573.35,136.72,low
cam03__frame_00029.jpg,112,548.72,133.87,574.57,163.91,low
cam03__frame_00029.jpg,113,570.54,119.04,595.62,174.9,medium
cam03__frame_00029.jpg,114,596.82,117.06,620.98,194.63,medium
cam03__frame_00029.jpg,115,622.68,136.5,639.0,199.73,high
cam03__frame_00029.jpg,116,405.03,151.64,420.08,172.7,medium
cam03__frame_00029.jpg,117,405.36,172.61,419.65,199.69,high
cam03__frame_00029.jpg,118,406.6,200.3,419.6,213.99,high
cam03__frame_00029.jpg,119,406.68,214.33,420.12,222.89,high
cam03__frame_00029.jpg,120,426.32,171.89,476.95,222.52,low
cam03__frame_00029.jpg,121,421.04,204.45,457.39,230.55,high
cam03__frame_00029.jpg,122,424.55,219.78,452.79,239.46,high
cam03__frame_00029.jpg,123,421.94,228.82,453.41,251.55,high
cam03__frame_00029.jpg,124,424.26,242.18,452.08,262.55,high
cam03__frame_00029.jpg,125,468.0,198.83,483.23,217.02,high
cam03__frame_00029.jpg,126,451.8,213.09,476.3,245.06,medium
cam03__frame_00029.jpg,127,452.24,242.11,469.46,256.87,high
cam03__frame_00029.jpg,128,470.44,224.9,479.75,247.03,high
cam03__frame_00029.jpg,129,470.94,246.54,478.8,255.4,high
cam03__frame_00029.jpg,130,481.17,193.51,535.15,295.41,low
cam03__frame_00029.jpg,131,528.0,223.82,560.4,254.96,high
cam03__frame_00029.jpg,132,532.23,242.9,578.79,288.86,low
cam03__frame_00029.jpg,133,536.74,268.5,579.19,305.39,medium
cam03__frame_00029.jpg,134,533.59,298.45,561.25,322.52,high
cam03__frame_00029.jpg,135,534.23,318.43,564.59,350.21,high
cam03__frame_00029.jpg,136,561.2,272.64,603.84,370.9,low
cam03__frame_00029.jpg,137,598.68,263.01,640.0,324.83,high
cam03__frame_00029.jpg,138,598.71,309.22,640.0,349.87,high
cam03__frame_00029.jpg,139,598.5,325.74,640.0,368.52,high
cam03__frame_00029.jpg,140,594.52,341.66,640.0,393.54,high
cam03__frame_00029.jpg,141,564.46,343.73,631.7,409.2,medium
cam03__frame_00029.jpg,142,617.98,390.73,638.89,408.79,high
cam03__frame_00029.jpg,143,626.38,406.26,637.38,420.26,high
cam03__frame_00029.jpg,144,626.38,419.26,634.38,431.77,high
cam03__frame_00029.jpg,145,392.95,413.04,403.84,423.67,high
cam03__frame_00029.jpg,146,595.67,400.3,625.58,433.51,high
cam03__frame_00029.jpg,147,598.8,415.48,625.22,446.25,high
cam03__frame_00029.jpg,148,596.9,434.88,623.75,464.3,low
cam03__frame_00029.jpg,149,444.19,244.17,516.88,312.82,high
cam03__frame_00029.jpg,150,520.75,370.64,610.94,460.8,low
cam03__frame_00029.jpg,151,525.49,425.6,579.09,471.44,high
cam03__frame_00029.jpg,152,523.19,442.45,579.47,499.32,high
cam03__frame_00029.jpg,153,520.26,461.05,572.84,514.57,high
cam03__frame_00029.jpg,154,520.28,479.37,571.06,530.51,high
cam03__frame_00029.jpg,155,453.0,347.4,520.7,423.8,low
cam03__frame_00029.jpg,156,398.47,260.39,482.15,343.24,low
cam03__frame_00029.jpg,157,401.88,316.3,445.87,357.91,medium
cam03__frame_00029.jpg,158,402.67,334.48,443.69,379.28,high
cam03__frame_00029.jpg,159,496.51,295.7,536.85,366.56,low
cam03__frame_00029.jpg,160,375.23,230.29,403.89,278.84,medium
cam03__frame_00029.jpg,161,363.29,246.21,391.15,293.17,low
cam03__frame_00029.jpg,162,379.1,328.3,402.48,351.07,medium
cam03__frame_00029.jpg,163,378.31,340.6,388.13,351.99,high
cam03__frame_00029.jpg,164,378.88,347.98,387.83,358.31,high
cam03__frame_00029.jpg,165,379.98,352.71,387.42,361.17,high
cam03__frame_00029.jpg,166,380.29,357.04,386.71,364.25,high
cam03__frame_00029.jpg,167,380.29,360.85,386.9,368.3,high
cam03__frame_00029.jpg,168,379.9,364.3,386.5,371.75,high
cam03__frame_00029.jpg,169,380.03,368.31,385.93,374.92,high
cam03__frame_00029.jpg,170,366.1,371.0,385.74,390.9,low
cam03__frame_00029.jpg,171,405.53,358.68,429.37,382.49,low
cam03__frame_00029.jpg,172,406.3,374.69,417.83,385.97,high
cam03__frame_00029.jpg,173,407.84,380.9,417.71,390.45,high
cam03__frame_00029.jpg,174,407.27,384.05,417.14,393.61,high
cam03__frame_00029.jpg,175,406.56,387.31,415.95,396.4,high
cam03__frame_00029.jpg,176,406.45,391.26,413.45,398.1,high
cam03__frame_00029.jpg,177,406.1,394.98,412.12,400.89,high
cam03__frame_00029.jpg,178,381.87,389.34,400.04,407.36,medium
cam03__frame_00029.jpg,179,383.81,401.44,393.84,411.88,high
cam03__frame_00029.jpg,180,383.91,406.24,394.8,416.87,high
cam03__frame_00029.jpg,181,393.11,401.65,412.24,420.78,low
cam03__frame_00029.jpg,182,404.09,379.86,454.0,429.79,medium
cam03__frame_00029.jpg,183,392.59,419.54,402.54,429.25,high
cam03__frame_00029.jpg,184,392.24,415.88,403.13,426.5,high
cam03__frame_00029.jpg,185,320.4,192.58,329.0,200.89,medium
cam03__frame_00029.jpg,186,350.4,180.69,357.36,220.64,high
cam03__frame_00030.jpg,0,380.03,368.31,385.93,374.92,high
cam03__frame_00030.jpg,1,392.94,37.12,419.78,114.88,medium
cam03__frame_00030.jpg,2,420.05,45.61,434.01,94.62,medium
cam03__frame_00030.jpg,3,434.01,41.28,449.62,99.87,medium
cam03__frame_00030.jpg,4,451.81,89.41,461.67,106.11,medium
cam03__frame_00030.jpg,5,461.39,94.62,470.16,112.14,high
cam03__frame_00030.jpg,6,469.74,98.36,479.29,116.01,high
cam03__frame_00030.jpg,7,479.3,89.8,491.92,120.86,medium
cam03__frame_00030.jpg,8,491.0,104.43,515.03,127.75,medium
cam03__frame_00030.jpg,9,515.58,100.98,526.74,113.67,high
cam03__frame_00030.jpg,10,513.59,112.38,526.85,123.82,medium
cam03__frame_00030.jpg,11,511.53,122.41,526.62,137.07,medium
cam03__frame_00030.jpg,12,526.69,70.94,535.76,106.21,high
cam03__frame_00030.jpg,13,525.93,105.24,537.97,116.83,medium
cam03__frame_00030.jpg,14,525.17,115.58,537.98,128.99,medium
cam03__frame_00030.jpg,15,524.79,127.47,536.66,140.94,medium
cam03__frame_00030.jpg,16,536.59,94.9,552.5,117.55,high
cam03__frame_00030.jpg,17,534.2,115.74,555.77,148.65,medium
cam03__frame_00030.jpg,18,552.92,113.38,573.35,136.72,low
cam03__frame_00030.jpg,19,548.72,133.87,574.57,163.91,low
cam03__frame_00030.jpg,20,570.54,119.04,595.62,174.9,medium
cam03__frame_00030.jpg,21,596.82,117.06,620.98,194.63,medium
cam03__frame_00030.jpg,22,622.68,136.5,639.0,199.73,high
cam03__frame_00030.jpg,23,405.03,151.64,420.08,172.7,medium
cam03__frame_00030.jpg,24,405.36,172.61,419.65,199.69,high
cam03__frame_00030.jpg,25,406.6,200.3,419.6,213.99,high
cam03__frame_00030.jpg,26,406.68,214.33,420.12,222.89,high
cam03__frame_00030.jpg,27,426.32,171.89,476.95,222.52,low
cam03__frame_00030.jpg,28,421.04,204.45,457.39,230.55,high
cam03__frame_00030.jpg,29,424.55,219.78,452.79,239.46,high
cam03__frame_00030.jpg,30,421.94,228.82,453.41,251.55,high
cam03__frame_00030.jpg,31,424.26,242.18,452.08,262.55,high
cam03__frame_00030.jpg,32,468.0,198.83,483.23,217.02,high
cam03__frame_00030.jpg,33,451.8,213.09,476.3,245.06,medium
cam03__frame_00030.jpg,34,452.24,242.11,469.46,256.87,high
cam03__frame_00030.jpg,35,470.44,224.9,479.75,247.03,high
cam03__frame_00030.jpg,36,470.94,246.54,478.8,255.4,high
cam03__frame_00030.jpg,37,481.17,193.51,535.15,295.41,low
cam03__frame_00030.jpg,38,528.0,223.82,560.4,254.96,high
cam03__frame_00030.jpg,39,532.23,242.9,578.79,288.86,low
cam03__frame_00030.jpg,40,536.74,268.5,579.19,305.39,medium
cam03__frame_00030.jpg,41,533.59,298.45,561.25,322.52,high
cam03__frame_00030.jpg,42,534.23,318.43,564.59,350.21,high
cam03__frame_00030.jpg,43,561.2,272.64,603.84,370.9,low
cam03__frame_00030.jpg,44,598.68,263.01,640.0,324.83,high
cam03__frame_00030.jpg,45,598.71,309.22,640.0,349.87,high
cam03__frame_00030.jpg,46,598.5,325.74,640.0,368.52,high
cam03__frame_00030.jpg,47,594.52,341.66,640.0,393.54,high
cam03__frame_00030.jpg,48,564.46,343.73,631.7,409.2,medium
cam03__frame_00030.jpg,49,617.98,390.73,638.89,408.79,high
cam03__frame_00030.jpg,50,626.38,406.26,637.38,420.26,high
cam03__frame_00030.jpg,51,626.38,419.26,634.38,431.77,high
cam03__frame_00030.jpg,52,595.67,400.3,625.58,433.51,high
cam03__frame_00030.jpg,53,598.8,415.48,625.22,446.25,high
cam03__frame_00030.jpg,54,596.9,434.88,623.75,464.3,low
cam03__frame_00030.jpg,55,444.19,244.17,516.88,312.82,high
cam03__frame_00030.jpg,56,520.75,370.64,610.94,460.8,low
cam03__frame_00030.jpg,57,525.49,425.6,579.09,471.44,high
cam03__frame_00030.jpg,58,523.19,442.45,579.47,499.32,high
cam03__frame_00030.jpg,59,520.26,461.05,572.84,514.57,high
cam03__frame_00030.jpg,60,520.28,479.37,571.06,530.51,high
cam03__frame_00030.jpg,61,453.0,347.4,520.7,423.8,low
cam03__frame_00030.jpg,62,398.47,260.39,482.15,343.24,low
cam03__frame_00030.jpg,63,401.88,316.3,445.87,357.91,medium
cam03__frame_00030.jpg,64,402.67,334.48,443.69,379.28,high
cam03__frame_00030.jpg,65,496.51,295.7,536.85,366.56,low
cam03__frame_00030.jpg,66,375.23,230.29,403.89,278.84,medium
cam03__frame_00030.jpg,67,363.29,246.21,391.15,293.17,low
cam03__frame_00030.jpg,68,379.1,328.3,402.48,351.07,medium
cam03__frame_00030.jpg,69,378.31,340.6,388.13,351.99,high
cam03__frame_00030.jpg,70,378.88,347.98,387.83,358.31,high
cam03__frame_00030.jpg,71,379.98,352.71,387.42,361.17,high
cam03__frame_00030.jpg,72,380.29,357.04,386.71,364.25,high
cam03__frame_00030.jpg,73,380.29,360.85,386.9,368.3,high
cam03__frame_00030.jpg,74,379.9,364.3,386.5,371.75,high
cam03__frame_00030.jpg,75,366.1,371.0,385.74,390.9,low
cam03__frame_00030.jpg,76,405.53,358.68,429.37,382.49,low
cam03__frame_00030.jpg,77,406.3,374.69,417.83,385.97,high
cam03__frame_00030.jpg,78,407.84,380.9,417.71,390.45,high
cam03__frame_00030.jpg,79,407.27,384.05,417.14,393.61,high
cam03__frame_00030.jpg,80,406.56,387.31,415.95,396.4,high
cam03__frame_00030.jpg,81,406.45,391.26,413.45,398.1,high
cam03__frame_00030.jpg,82,406.1,394.98,412.12,400.89,high
cam03__frame_00030.jpg,83,381.87,389.34,400.04,407.36,medium
cam03__frame_00030.jpg,84,383.81,401.44,393.84,411.88,high
cam03__frame_00030.jpg,85,383.91,406.24,394.8,416.87,high
cam03__frame_00030.jpg,86,393.11,401.65,412.24,420.78,low
cam03__frame_00030.jpg,87,392.95,413.04,403.84,423.67,high
cam03__frame_00030.jpg,88,392.24,415.88,403.13,426.5,high
cam03__frame_00030.jpg,89,392.59,419.54,402.54,429.25,high
cam03__frame_00030.jpg,90,404.09,379.86,454.0,429.79,medium
cam03__frame_00030.jpg,91,407.36,413.02,430.66,432.28,high
cam03__frame_00030.jpg,92,405.29,418.24,428.59,437.5,high
cam03__frame_00030.jpg,93,404.96,424.47,428.26,443.73,high
cam03__frame_00030.jpg,94,403.32,429.72,426.62,448.98,high
cam03__frame_00030.jpg,95,426.22,415.19,460.14,449.43,medium
cam03__frame_00030.jpg,96,425.43,435.11,448.73,454.37,high
cam03__frame_00030.jpg,97,425.43,441.53,448.73,460.78,high
cam03__frame_00030.jpg,98,423.96,446.68,447.26,465.93,high
cam03__frame_00030.jpg,99,422.49,452.56,445.79,471.81,high
cam03__frame_00030.jpg,100,426.99,462.85,444.52,477.46,high
cam03__frame_00030.jpg,101,444.26,431.0,489.19,475.53,medium
cam03__frame_00030.jpg,102,444.13,462.48,465.19,480.07,high
cam03__frame_00030.jpg,103,443.63,469.91,462.84,486.13,high
cam03__frame_00030.jpg,104,438.4,472.57,461.7,491.83,high
cam03__frame_00030.jpg,105,444.12,485.27,459.57,498.69,high
cam03__frame_00030.jpg,106,444.62,492.2,459.66,505.32,high
cam03__frame_00030.jpg,107,456.39,458.03,511.82,513.51,medium
cam03__frame_00030.jpg,108,460.7,495.03,483.62,517.47,high
cam03__frame_00030.jpg,109,458.29,499.91,480.63,519.63,high
cam03__frame_00030.jpg,110,456.63,505.98,477.07,523.12,high
cam03__frame_00030.jpg,111,476.68,489.19,540.41,552.75,low
cam03__frame_00030.jpg,112,480.69,529.08,511.14,560.07,low
cam03__frame_00030.jpg,113,478.5,536.58,506.55,562.04,high
cam03__frame_00030.jpg,114,367.9,412.78,381.82,480.66,high
cam03__frame_00030.jpg,115,383.8,442.51,399.1,508.4,high
cam03__frame_00030.jpg,116,397.7,475.7,413.53,523.26,high
cam03__frame_00030.jpg,117,413.53,491.56,427.4,550.51,high
cam03__frame_00030.jpg,118,426.9,509.88,449.2,572.8,high
cam03__frame_00030.jpg,119,449.2,545.56,465.54,604.51,high
cam03__frame_00030.jpg,120,369.02,561.87,405.7,639.58,medium
cam03__frame_00030.jpg,121,396.03,543.36,420.83,572.6,high
cam03__frame_00030.jpg,122,411.9,579.26,445.62,636.62,medium
cam03__frame_00030.jpg,123,444.51,612.56,470.42,640.0,high
cam03__frame_00030.jpg,124,105.85,55.44,179.52,118.21,medium
cam03__frame_00030.jpg,125,118.13,129.5,186.05,208.04,medium
cam03__frame_00030.jpg,126,127.89,203.78,197.45,287.36,medium
cam03__frame_00030.jpg,127,136.16,309.86,209.56,364.69,medium
cam03__frame_00030.jpg,128,138.61,357.56,205.57,403.7,medium
cam03__frame_00030.jpg,129,145.72,380.1,224.51,437.18,medium
cam03__frame_00030.jpg,130,138.9,402.15,229.63,458.91,medium
cam03__frame_00030.jpg,131,147.2,420.64,226.91,471.84,high
cam03__frame_00030.jpg,132,148.25,429.12,237.37,489.42,high
cam03__frame_00030.jpg,133,172.16,545.37,271.8,613.4,medium
cam03__frame_00030.jpg,134,266.6,35.03,293.6,53.24,low
cam03__frame_00030.jpg,135,266.64,53.86,293.09,68.19,low
cam03__frame_00030.jpg,136,267.37,68.56,295.3,84.72,low
cam03__frame_00030.jpg,137,299.0,68.9,308.9,117.06,high
cam03__frame_00030.jpg,138,277.29,85.1,300.43,124.4,low
cam03__frame_00030.jpg,139,237.41,75.19,264.63,97.15,medium
cam03__frame_00030.jpg,140,243.85,89.38,275.09,111.68,medium
cam03__frame_00030.jpg,141,244.27,103.26,279.26,131.94,low
cam03__frame_00030.jpg,142,223.15,99.42,247.22,120.35,low
cam03__frame_00030.jpg,143,223.96,117.28,247.76,137.42,low
cam03__frame_00030.jpg,144,196.55,81.39,203.41,101.15,high
cam03__frame_00030.jpg,145,196.55,100.6,203.41,114.6,high
cam03__frame_00030.jpg,146,205.06,91.54,208.35,106.36,high
cam03__frame_00030.jpg,147,205.61,106.36,208.9,118.71,high
cam03__frame_00030.jpg,148,208.9,93.46,212.2,108.56,high
cam03__frame_00030.jpg,149,209.45,109.66,211.92,120.91,high
cam03__frame_00030.jpg,150,212.74,97.85,216.31,113.22,high
cam03__frame_00030.jpg,151,212.2,114.05,216.31,125.3,high
cam03__frame_00030.jpg,152,215.49,100.32,219.61,113.5,high
cam03__frame_00030.jpg,153,216.31,114.32,218.78,128.87,high
cam03__frame_00030.jpg,154,219.61,103.07,223.72,118.44,high
cam03__frame_00030.jpg,155,219.6,118.99,224.27,132.7,high
cam03__frame_00030.jpg,156,241.51,161.2,265.3,185.56,high
cam03__frame_00030.jpg,157,294.9,156.27,302.3,166.7,low
cam03__frame_00030.jpg,158,295.58,167.7,303.56,176.57,low
cam03__frame_00030.jpg,159,296.22,176.91,305.11,185.48,low
cam03__frame_00030.jpg,160,295.9,185.48,305.74,193.74,low
cam03__frame_00030.jpg,161,297.17,194.38,306.38,202.63,medium
cam03__frame_00030.jpg,162,300.7,202.63,307.65,208.98,high
cam03__frame_00030.jpg,163,303.52,151.5,313.68,163.89,low
cam03__frame_00030.jpg,164,303.84,163.25,313.36,171.83,low
cam03__frame_00030.jpg,165,304.8,172.5,314.0,181.04,low
cam03__frame_00030.jpg,166,306.38,181.99,314.0,189.61,medium
cam03__frame_00030.jpg,167,306.92,190.45,313.33,197.57,medium
cam03__frame_00030.jpg,168,307.87,198.51,315.0,205.9,high
cam03__frame_00030.jpg,169,314.46,150.19,328.49,175.7,high
cam03__frame_00030.jpg,170,317.12,175.5,325.9,184.52,low
cam03__frame_00030.jpg,171,320.2,184.52,326.8,192.1,low
cam03__frame_00030.jpg,172,320.4,192.58,329.0,200.89,medium
cam03__frame_00030.jpg,173,350.4,180.69,357.36,220.64,high
cam03__frame_00030.jpg,174,357.4,187.29,367.26,226.1,high
cam03__frame_00030.jpg,175,366.2,190.2,374.96,233.47,high
cam03__frame_00030.jpg,176,296.69,232.41,310.4,260.36,high
cam03__frame_00030.jpg,177,307.02,230.05,340.02,255.13,medium
cam03__frame_00030.jpg,178,301.44,247.36,346.58,278.8,medium
cam03__frame_00030.jpg,179,315.46,320.7,339.33,354.52,medium
cam03__frame_00030.jpg,180,320.76,354.52,343.31,379.1,medium
cam03__frame_00030.jpg,181,252.78,364.01,274.67,479.1,low
cam03__frame_00030.jpg,182,340.94,291.06,369.82,339.19,low
cam03__frame_00030.jpg,183,344.89,340.1,366.2,372.95,medium
cam03__frame_00030.jpg,184,208.43,126.17,233.28,171.73,low
cam03__frame_00032.jpg,0,403.32,429.72,426.62,448.98,high
cam03__frame_00032.jpg,1,320.76,354.52,343.31,379.1,medium
cam03__frame_00032.jpg,2,315.46,320.7,339.33,354.52,medium
cam03__frame_00032.jpg,3,301.44,247.36,346.58,278.8,medium
cam03__frame_00032.jpg,4,307.02,230.05,340.02,255.13,medium
cam03__frame_00032.jpg,5,296.69,232.41,310.4,260.36,high
cam03__frame_00032.jpg,6,366.2,190.2,374.96,233.47,high
cam03__frame_00032.jpg,7,357.4,187.29,367.26,226.1,high
cam03__frame_00032.jpg,8,350.4,180.69,357.36,220.64,high
cam03__frame_00032.jpg,9,320.4,192.58,329.0,200.89,medium
cam03__frame_00032.jpg,10,320.2,184.52,326.8,192.1,low
cam03__frame_00032.jpg,11,317.12,175.5,325.9,184.52,low
cam03__frame_00032.jpg,12,314.46,150.19,328.49,175.7,high
cam03__frame_00032.jpg,13,307.87,198.51,315.0,205.9,high
cam03__frame_00032.jpg,14,306.92,190.45,313.33,197.57,medium
cam03__frame_00032.jpg,15,306.38,181.99,314.0,189.61,medium
cam03__frame_00032.jpg,16,304.8,172.5,314.0,181.04,low
cam03__frame_00032.jpg,17,303.84,163.25,313.36,171.83,low
cam03__frame_00032.jpg,18,303.52,151.5,313.68,163.89,low
cam03__frame_00032.jpg,19,300.7,202.63,307.65,208.98,high
cam03__frame_00032.jpg,20,297.17,194.38,306.38,202.63,medium
cam03__frame_00032.jpg,21,295.9,185.48,305.74,193.74,low
cam03__frame_00032.jpg,22,296.22,176.91,305.11,185.48,low
cam03__frame_00032.jpg,23,295.58,167.7,303.56,176.57,low
cam03__frame_00032.jpg,24,294.9,156.27,302.3,166.7,low
cam03__frame_00032.jpg,25,241.51,161.2,265.3,185.56,high
cam03__frame_00032.jpg,26,219.6,118.99,224.27,132.7,high
cam03__frame_00032.jpg,27,219.61,103.07,223.72,118.44,high
cam03__frame_00032.jpg,28,216.31,114.32,218.78,128.87,high
cam03__frame_00032.jpg,29,215.49,100.32,219.61,113.5,high
cam03__frame_00032.jpg,30,212.2,114.05,216.31,125.3,high
cam03__frame_00032.jpg,31,212.74,97.85,216.31,113.22,high
cam03__frame_00032.jpg,32,209.45,109.66,211.92,120.91,high
cam03__frame_00032.jpg,33,208.9,93.46,212.2,108.56,high
cam03__frame_00032.jpg,34,205.61,106.36,208.9,118.71,high
cam03__frame_00032.jpg,35,205.06,91.54,208.35,106.36,high
cam03__frame_00032.jpg,36,196.55,100.6,203.41,114.6,high
cam03__frame_00032.jpg,37,196.55,81.39,203.41,101.15,high
cam03__frame_00032.jpg,38,223.96,117.28,247.76,137.42,low
cam03__frame_00032.jpg,39,223.15,99.42,247.22,120.35,low
cam03__frame_00032.jpg,40,244.27,103.26,279.26,131.94,low
cam03__frame_00032.jpg,41,243.85,89.38,275.09,111.68,medium
cam03__frame_00032.jpg,42,237.41,75.19,264.63,97.15,medium
cam03__frame_00032.jpg,43,277.29,85.1,300.43,124.4,low
cam03__frame_00032.jpg,44,299.0,68.9,308.9,117.06,high
cam03__frame_00032.jpg,45,267.37,68.56,295.3,84.72,low
cam03__frame_00032.jpg,46,266.64,53.86,293.09,68.19,low
cam03__frame_00032.jpg,47,266.6,35.03,293.6,53.24,low
cam03__frame_00032.jpg,48,172.16,545.37,271.8,613.4,medium
cam03__frame_00032.jpg,49,148.25,429.12,237.37,489.42,high
cam03__frame_00032.jpg,50,147.2,420.64,226.91,471.84,high
cam03__frame_00032.jpg,51,138.9,402.15,229.63,458.91,medium
cam03__frame_00032.jpg,52,145.72,380.1,224.51,437.18,medium
cam03__frame_00032.jpg,53,138.61,357.56,205.57,403.7,medium
cam03__frame_00032.jpg,54,136.16,309.86,209.56,364.69,medium
cam03__frame_00032.jpg,55,127.89,203.78,197.45,287.36,medium
cam03__frame_00032.jpg,56,118.13,129.5,186.05,208.04,medium
cam03__frame_00032.jpg,57,105.85,55.44,179.52,118.21,medium
cam03__frame_00032.jpg,58,444.51,612.56,470.42,640.0,high
cam03__frame_00032.jpg,59,411.9,579.26,445.62,636.62,medium
cam03__frame_00032.jpg,60,396.03,543.36,420.83,572.6,high
cam03__frame_00032.jpg,61,369.02,561.87,405.7,639.58,medium
cam03__frame_00032.jpg,62,449.2,545.56,465.54,604.51,high
cam03__frame_00032.jpg,63,426.9,509.88,449.2,572.8,high
cam03__frame_00032.jpg,64,413.53,491.56,427.4,550.51,high
cam03__frame_00032.jpg,65,397.7,475.7,413.53,523.26,high
cam03__frame_00032.jpg,66,383.8,442.51,399.1,508.4,high
cam03__frame_00032.jpg,67,367.9,412.78,381.82,480.66,high
cam03__frame_00032.jpg,68,478.5,536.58,506.55,562.04,high
cam03__frame_00032.jpg,69,480.69,529.08,511.14,560.07,low
cam03__frame_00032.jpg,70,476.68,489.19,540.41,552.75,low
cam03__frame_00032.jpg,71,456.63,505.98,477.07,523.12,high
cam03__frame_00032.jpg,72,458.29,499.91,480.63,519.63,high
cam03__frame_00032.jpg,73,460.7,495.03,483.62,517.47,high
cam03__frame_00032.jpg,74,456.39,458.03,511.82,513.51,medium
cam03__frame_00032.jpg,75,444.62,492.2,459.66,505.32,high
cam03__frame_00032.jpg,76,444.12,485.27,459.57,498.69,high
cam03__frame_00032.jpg,77,438.4,472.57,461.7,491.83,high
cam03__frame_00032.jpg,78,443.63,469.91,462.84,486.13,high
cam03__frame_00032.jpg,79,444.13,462.48,465.19,480.07,high
cam03__frame_00032.jpg,80,444.26,431.0,489.19,475.53,medium
cam03__frame_00032.jpg,81,426.99,462.85,444.52,477.46,high
cam03__frame_00032.jpg,82,422.49,452.56,445.79,471.81,high
cam03__frame_00032.jpg,83,423.96,446.68,447.26,465.93,high
cam03__frame_00032.jpg,84,434.01,41.28,449.62,99.87,medium
cam03__frame_00032.jpg,85,420.05,45.61,434.01,94.62,medium
cam03__frame_00032.jpg,86,392.94,37.12,419.78,114.88,medium
cam03__frame_00032.jpg,87,425.43,441.53,448.73,460.78,high
cam03__frame_00032.jpg,88,344.89,340.1,366.2,372.95,medium
cam03__frame_00032.jpg,89,425.43,435.11,448.73,454.37,high
cam03__frame_00032.jpg,90,407.36,413.02,430.66,432.28,high
cam03__frame_00032.jpg,91,405.29,418.24,428.59,437.5,high
cam03__frame_00032.jpg,92,404.96,424.47,428.26,443.73,high
cam03__frame_00032.jpg,93,217.7,306.92,238.67,336.04,medium
cam03__frame_00032.jpg,94,426.22,415.19,460.14,449.43,medium
cam03__frame_00032.jpg,95,340.94,291.06,369.82,339.19,low
cam03__frame_00032.jpg,96,404.09,379.86,454.0,429.79,medium
cam03__frame_00032.jpg,97,392.59,419.54,402.54,429.25,high
cam03__frame_00032.jpg,98,392.24,415.88,403.13,426.5,high
cam03__frame_00032.jpg,99,392.95,413.04,403.84,423.67,high
cam03__frame_00032.jpg,100,393.11,401.65,412.24,420.78,low
cam03__frame_00032.jpg,101,383.91,406.24,394.8,416.87,high
cam03__frame_00032.jpg,102,383.81,401.44,393.84,411.88,high
cam03__frame_00032.jpg,103,381.87,389.34,400.04,407.36,medium
cam03__frame_00032.jpg,104,406.1,394.98,412.12,400.89,high
cam03__frame_00032.jpg,105,406.45,391.26,413.45,398.1,high
cam03__frame_00032.jpg,106,406.56,387.31,415.95,396.4,high
cam03__frame_00032.jpg,107,407.27,384.05,417.14,393.61,high
cam03__frame_00032.jpg,108,407.84,380.9,417.71,390.45,high
cam03__frame_00032.jpg,109,406.3,374.69,417.83,385.97,high
cam03__frame_00032.jpg,110,405.53,358.68,429.37,382.49,low
cam03__frame_00032.jpg,111,366.1,371.0,385.74,390.9,low
cam03__frame_00032.jpg,112,380.03,368.31,385.93,374.92,high
cam03__frame_00032.jpg,113,379.9,364.3,386.5,371.75,high
cam03__frame_00032.jpg,114,380.29,360.85,386.9,368.3,high
cam03__frame_00032.jpg,115,380.29,357.04,386.71,364.25,high
cam03__frame_00032.jpg,116,379.98,352.71,387.42,361.17,high
cam03__frame_00032.jpg,117,378.88,347.98,387.83,358.31,high
cam03__frame_00032.jpg,118,378.31,340.6,388.13,351.99,high
cam03__frame_00032.jpg,119,379.1,328.3,402.48,351.07,medium
cam03__frame_00032.jpg,120,406.68,214.33,420.12,222.89,high
cam03__frame_00032.jpg,121,406.6,200.3,419.6,213.99,high
cam03__frame_00032.jpg,122,405.36,172.61,419.65,199.69,high
cam03__frame_00032.jpg,123,405.03,151.64,420.08,172.7,medium
cam03__frame_00032.jpg,124,363.29,246.21,391.15,293.17,low
cam03__frame_00032.jpg,125,375.23,230.29,403.89,278.84,medium
cam03__frame_00032.jpg,126,496.51,295.7,536.85,366.56,low
cam03__frame_00032.jpg,127,402.67,334.48,443.69,379.28,high
cam03__frame_00032.jpg,128,401.88,316.3,445.87,357.91,medium
cam03__frame_00032.jpg,129,398.47,260.39,482.15,343.24,low
cam03__frame_00032.jpg,130,453.0,347.4,520.7,423.8,low
cam03__frame_00032.jpg,131,520.28,479.37,571.06,530.51,high
cam03__frame_00032.jpg,132,520.26,461.05,572.84,514.57,high
cam03__frame_00032.jpg,133,523.19,442.45,579.47,499.32,high
cam03__frame_00032.jpg,134,525.49,425.6,579.09,471.44,high
cam03__frame_00032.jpg,135,520.75,370.64,610.94,460.8,low
cam03__frame_00032.jpg,136,444.19,244.17,516.88,312.82,high
cam03__frame_00032.jpg,137,596.9,434.88,623.75,464.3,low
cam03__frame_00032.jpg,138,598.8,415.48,625.22,446.25,high
cam03__frame_00032.jpg,139,595.67,400.3,625.58,433.51,high
cam03__frame_00032.jpg,140,626.38,419.26,634.38,431.77,high
cam03__frame_00032.jpg,141,626.38,406.26,637.38,420.26,high
cam03__frame_00032.jpg,142,617.98,390.73,638.89,408.79,high
cam03__frame_00032.jpg,143,564.46,343.73,631.7,409.2,medium
cam03__frame_00032.jpg,144,594.52,341.66,640.0,393.54,high
cam03__frame_00032.jpg,145,598.5,325.74,640.0,368.52,high
cam03__frame_00032.jpg,146,598.71,309.22,640.0,349.87,high
cam03__frame_00032.jpg,147,598.68,263.01,640.0,324.83,high
cam03__frame_00032.jpg,148,561.2,272.64,603.84,370.9,low
cam03__frame_00032.jpg,149,534.23,318.43,564.59,350.21,high
cam03__frame_00032.jpg,150,533.59,298.45,561.25,322.52,high
cam03__frame_00032.jpg,151,536.74,268.5,579.19,305.39,medium
cam03__frame_00032.jpg,152,532.23,242.9,578.79,288.86,low
cam03__frame_00032.jpg,153,528.0,223.82,560.4,254.96,high
cam03__frame_00032.jpg,154,481.17,193.51,535.15,295.41,low
cam03__frame_00032.jpg,155,470.94,246.54,478.8,255.4,high
cam03__frame_00032.jpg,156,470.44,224.9,479.75,247.03,high
cam03__frame_00032.jpg,157,452.24,242.11,469.46,256.87,high
cam03__frame_00032.jpg,158,451.8,213.09,476.3,245.06,medium
cam03__frame_00032.jpg,159,468.0,198.83,483.23,217.02,high
cam03__frame_00032.jpg,160,424.26,242.18,452.08,262.55,high
cam03__frame_00032.jpg,161,421.94,228.82,453.41,251.55,high
cam03__frame_00032.jpg,162,424.55,219.78,452.79,239.46,high
cam03__frame_00032.jpg,163,421.04,204.45,457.39,230.55,high
cam03__frame_00032.jpg,164,426.32,171.89,476.95,222.52,low
cam03__frame_00032.jpg,165,622.68,136.5,639.0,199.73,high
cam03__frame_00032.jpg,166,596.82,117.06,620.98,194.63,medium
cam03__frame_00032.jpg,167,570.54,119.04,595.62,174.9,medium
cam03__frame_00032.jpg,168,548.72,133.87,574.57,163.91,low
cam03__frame_00032.jpg,169,552.92,113.38,573.35,136.72,low
cam03__frame_00032.jpg,170,534.2,115.74,555.77,148.65,medium
cam03__frame_00032.jpg,171,536.59,94.9,552.5,117.55,high
cam03__frame_00032.jpg,172,524.79,127.47,536.66,140.94,medium
cam03__frame_00032.jpg,173,525.17,115.58,537.98,128.99,medium
cam03__frame_00032.jpg,174,525.93,105.24,537.97,116.83,medium
cam03__frame_00032.jpg,175,526.69,70.94,535.76,106.21,high
cam03__frame_00032.jpg,176,511.53,122.41,526.62,137.07,medium
cam03__frame_00032.jpg,177,513.59,112.38,526.85,123.82,medium
cam03__frame_00032.jpg,178,515.58,100.98,526.74,113.67,high
cam03__frame_00032.jpg,179,491.0,104.43,515.03,127.75,medium
cam03__frame_00032.jpg,180,479.3,89.8,491.92,120.86,medium
cam03__frame_00032.jpg,181,469.74,98.36,479.29,116.01,high
cam03__frame_00032.jpg,182,461.39,94.62,470.16,112.14,high
cam03__frame_00032.jpg,183,451.81,89.41,461.67,106.11,medium
cam03__frame_00032.jpg,184,252.78,364.01,274.67,479.1,low
cam03__frame_00032.jpg,185,234.87,318.91,248.8,341.46,low
cam03__frame_00033.jpg,0,407.36,413.02,430.66,432.28,high
cam03__frame_00033.jpg,1,404.09,379.86,454.0,429.79,medium
cam03__frame_00033.jpg,2,392.59,419.54,402.54,429.25,high
cam03__frame_00033.jpg,3,392.24,415.88,403.13,426.5,high
cam03__frame_00033.jpg,4,392.95,413.04,403.84,423.67,high
cam03__frame_00033.jpg,5,393.11,401.65,412.24,420.78,low
cam03__frame_00033.jpg,6,383.91,406.24,394.8,416.87,high
cam03__frame_00033.jpg,7,383.81,401.44,393.84,411.88,high
cam03__frame_00033.jpg,8,381.87,389.34,400.04,407.36,medium
cam03__frame_00033.jpg,9,406.1,394.98,412.12,400.89,high
cam03__frame_00033.jpg,10,406.45,391.26,413.45,398.1,high
cam03__frame_00033.jpg,11,406.56,387.31,415.95,396.4,high
cam03__frame_00033.jpg,12,407.27,384.05,417.14,393.61,high
cam03__frame_00033.jpg,13,407.84,380.9,417.71,390.45,high
cam03__frame_00033.jpg,14,406.3,374.69,417.83,385.97,high
cam03__frame_00033.jpg,15,405.53,358.68,429.37,382.49,low
cam03__frame_00033.jpg,16,366.1,371.0,385.74,390.9,low
cam03__frame_00033.jpg,17,380.03,368.31,385.93,374.92,high
cam03__frame_00033.jpg,18,379.9,364.3,386.5,371.75,high
cam03__frame_00033.jpg,19,380.29,360.85,386.9,368.3,high
cam03__frame_00033.jpg,20,380.29,357.04,386.71,364.25,high
cam03__frame_00033.jpg,21,379.98,352.71,387.42,361.17,high
cam03__frame_00033.jpg,22,378.88,347.98,387.83,358.31,high
cam03__frame_00033.jpg,23,378.31,340.6,388.13,351.99,high
cam03__frame_00033.jpg,24,379.1,328.3,402.48,351.07,medium
cam03__frame_00033.jpg,25,406.68,214.33,420.12,222.89,high
cam03__frame_00033.jpg,26,406.6,200.3,419.6,213.99,high
cam03__frame_00033.jpg,27,405.36,172.61,419.65,199.69,high
cam03__frame_00033.jpg,28,405.03,151.64,420.08,172.7,medium
cam03__frame_00033.jpg,29,363.29,246.21,391.15,293.17,low
cam03__frame_00033.jpg,30,375.23,230.29,403.89,278.84,medium
cam03__frame_00033.jpg,31,496.51,295.7,536.85,366.56,low
cam03__frame_00033.jpg,32,402.67,334.48,443.69,379.28,high
cam03__frame_00033.jpg,33,401.88,316.3,445.87,357.91,medium
cam03__frame_00033.jpg,34,398.47,260.39,482.15,343.24,low
cam03__frame_00033.jpg,35,453.0,347.4,520.7,423.8,low
cam03__frame_00033.jpg,36,520.28,479.37,571.06,530.51,high
cam03__frame_00033.jpg,37,520.26,461.05,572.84,514.57,high
cam03__frame_00033.jpg,38,523.19,442.45,579.47,499.32,high
cam03__frame_00033.jpg,39,525.49,425.6,579.09,471.44,high
cam03__frame_00033.jpg,40,520.75,370.64,610.94,460.8,low
cam03__frame_00033.jpg,41,444.19,244.17,516.88,312.82,high
cam03__frame_00033.jpg,42,596.9,434.88,623.75,464.3,low
cam03__frame_00033.jpg,43,598.8,415.48,625.22,446.25,high
cam03__frame_00033.jpg,44,595.67,400.3,625.58,433.51,high
cam03__frame_00033.jpg,45,626.38,419.26,634.38,431.77,high
cam03__frame_00033.jpg,46,626.38,406.26,637.38,420.26,high
cam03__frame_00033.jpg,47,617.98,390.73,638.89,408.79,high
cam03__frame_00033.jpg,48,564.46,343.73,631.7,409.2,medium
cam03__frame_00033.jpg,49,594.52,341.66,640.0,393.54,high
cam03__frame_00033.jpg,50,598.5,325.74,640.0,368.52,high
cam03__frame_00033.jpg,51,598.71,309.22,640.0,349.87,high
cam03__frame_00033.jpg,52,598.68,263.01,640.0,324.83,high
cam03__frame_00033.jpg,53,561.2,272.64,603.84,370.9,low
cam03__frame_00033.jpg,54,534.23,318.43,564.59,350.21,high
cam03__frame_00033.jpg,55,533.59,298.45,561.25,322.52,high
cam03__frame_00033.jpg,56,536.74,268.5,579.19,305.39,medium
cam03__frame_00033.jpg,57,532.23,242.9,578.79,288.86,low
cam03__frame_00033.jpg,58,528.0,223.82,560.4,254.96,high
cam03__frame_00033.jpg,59,481.17,193.51,535.15,295.41,low
cam03__frame_00033.jpg,60,470.94,246.54,478.8,255.4,high
cam03__frame_00033.jpg,61,470.44,224.9,479.75,247.03,high
cam03__frame_00033.jpg,62,452.24,242.11,469.46,256.87,high
cam03__frame_00033.jpg,63,451.8,213.09,476.3,245.06,medium
cam03__frame_00033.jpg,64,468.0,198.83,483.23,217.02,high
cam03__frame_00033.jpg,65,424.26,242.18,452.08,262.55,high
cam03__frame_00033.jpg,66,421.94,228.82,453.41,251.55,high
cam03__frame_00033.jpg,67,424.55,219.78,452.79,239.46,high
cam03__frame_00033.jpg,68,421.04,204.45,457.39,230.55,high
cam03__frame_00033.jpg,69,426.32,171.89,476.95,222.52,low
cam03__frame_00033.jpg,70,622.68,136.5,639.0,199.73,high
cam03__frame_00033.jpg,71,596.82,117.06,620.98,194.63,medium
cam03__frame_00033.jpg,72,570.54,119.04,595.62,174.9,medium
cam03__frame_00033.jpg,73,548.72,133.87,574.57,163.91,low
cam03__frame_00033.jpg,74,552.92,113.38,573.35,136.72,low
cam03__frame_00033.jpg,75,534.2,115.74,555.77,148.65,medium
cam03__frame_00033.jpg,76,536.59,94.9,552.5,117.55,high
cam03__frame_00033.jpg,77,524.79,127.47,536.66,140.94,medium
cam03__frame_00033.jpg,78,525.17,115.58,537.98,128.99,medium
cam03__frame_00033.jpg,79,525.93,105.24,537.97,116.83,medium
cam03__frame_00033.jpg,80,210.49,129.2,234.88,165.8,low
cam03__frame_00033.jpg,81,526.69,70.94,535.76,106.21,high
cam03__frame_00033.jpg,82,511.53,122.41,526.62,137.07,medium
cam03__frame_00033.jpg,83,513.59,112.38,526.85,123.82,medium
cam03__frame_00033.jpg,84,515.58,100.98,526.74,113.67,high
cam03__frame_00033.jpg,85,491.0,104.43,515.03,127.75,medium
cam03__frame_00033.jpg,86,479.3,89.8,491.92,120.86,medium
cam03__frame_00033.jpg,87,469.74,98.36,479.29,116.01,high
cam03__frame_00033.jpg,88,461.39,94.62,470.16,112.14,high
cam03__frame_00033.jpg,89,451.81,89.41,461.67,106.11,medium
cam03__frame_00033.jpg,90,434.01,41.28,449.62,99.87,medium
cam03__frame_00033.jpg,91,420.05,45.61,434.01,94.62,medium
cam03__frame_00033.jpg,92,344.89,340.1,366.2,371.5,high
cam03__frame_00033.jpg,93,340.94,291.06,369.82,339.19,low
cam03__frame_00033.jpg,94,252.78,364.01,274.67,479.1,low
cam03__frame_00033.jpg,95,234.87,318.91,248.8,341.46,low
cam03__frame_00033.jpg,96,315.46,320.7,339.33,354.52,high
cam03__frame_00033.jpg,97,217.7,306.92,238.67,324.2,high
cam03__frame_00033.jpg,98,301.44,247.36,346.58,278.8,medium
cam03__frame_00033.jpg,99,307.02,230.05,340.02,255.13,medium
cam03__frame_00033.jpg,100,296.69,232.41,310.4,260.36,high
cam03__frame_00033.jpg,101,366.2,190.2,374.96,233.47,high
cam03__frame_00033.jpg,102,357.4,187.29,367.26,226.1,high
cam03__frame_00033.jpg,103,350.4,180.69,357.36,220.64,high
cam03__frame_00033.jpg,104,320.4,192.58,329.0,200.89,medium
cam03__frame_00033.jpg,105,320.2,184.52,326.8,192.1,low
cam03__frame_00033.jpg,106,317.12,175.5,325.9,184.52,low
cam03__frame_00033.jpg,107,314.46,150.19,328.49,175.7,high
cam03__frame_00033.jpg,108,307.87,198.51,315.0,205.9,high
cam03__frame_00033.jpg,109,306.92,190.45,313.33,197.57,medium
cam03__frame_00033.jpg,110,306.38,181.99,314.0,189.61,medium
cam03__frame_00033.jpg,111,304.8,172.5,314.0,181.04,low
cam03__frame_00033.jpg,112,303.84,163.25,313.36,171.83,low
cam03__frame_00033.jpg,113,303.52,151.5,313.68,163.89,low
cam03__frame_00033.jpg,114,392.94,37.12,419.78,114.88,medium
cam03__frame_00033.jpg,115,300.7,202.63,307.65,208.98,high
cam03__frame_00033.jpg,116,297.17,194.38,306.38,202.63,medium
cam03__frame_00033.jpg,117,295.9,185.48,305.74,193.74,low
cam03__frame_00033.jpg,118,296.22,176.91,305.11,185.48,low
cam03__frame_00033.jpg,119,295.58,167.7,303.56,176.57,low
cam03__frame_00033.jpg,120,294.9,156.27,302.3,166.7,low
cam03__frame_00033.jpg,121,241.51,161.2,265.3,185.56,high
cam03__frame_00033.jpg,122,219.6,118.99,224.27,132.7,high
cam03__frame_00033.jpg,123,219.61,103.07,223.72,118.44,high
cam03__frame_00033.jpg,124,216.31,114.32,218.78,128.87,high
cam03__frame_00033.jpg,125,215.49,100.32,219.61,113.5,high
cam03__frame_00033.jpg,126,212.2,114.05,216.31,125.3,high
cam03__frame_00033.jpg,127,212.74,97.85,216.31,113.22,high
cam03__frame_00033.jpg,128,209.45,109.66,211.92,120.91,high
cam03__frame_00033.jpg,129,208.9,93.46,212.2,108.56,high
cam03__frame_00033.jpg,130,205.61,106.36,208.9,118.71,high
cam03__frame_00033.jpg,131,205.06,91.54,208.35,106.36,high
cam03__frame_00033.jpg,132,196.55,100.6,203.41,114.6,high
cam03__frame_00033.jpg,133,196.55,81.39,203.41,101.15,high
cam03__frame_00033.jpg,134,223.96,117.28,247.76,137.42,low
cam03__frame_00033.jpg,135,223.15,99.42,247.22,120.35,low
cam03__frame_00033.jpg,136,244.27,103.26,279.26,131.94,low
cam03__frame_00033.jpg,137,243.85,89.38,275.09,111.68,medium
cam03__frame_00033.jpg,138,237.41,75.19,264.63,97.15,medium
cam03__frame_00033.jpg,139,277.29,85.1,300.43,124.4,low
cam03__frame_00033.jpg,140,299.0,68.9,308.9,117.06,high
cam03__frame_00033.jpg,141,267.37,68.56,295.3,84.72,low
cam03__frame_00033.jpg,142,266.64,53.86,293.09,68.19,low
cam03__frame_00033.jpg,143,266.6,35.03,293.6,53.24,low
cam03__frame_00033.jpg,144,172.16,545.37,271.8,613.4,medium
cam03__frame_00033.jpg,145,148.25,429.12,237.37,489.42,high
cam03__frame_00033.jpg,146,147.2,420.64,226.91,471.84,high
cam03__frame_00033.jpg,147,138.9,402.15,229.63,458.91,medium
cam03__frame_00033.jpg,148,145.72,380.1,224.51,437.18,medium
cam03__frame_00033.jpg,149,138.61,357.56,205.57,403.7,medium
cam03__frame_00033.jpg,150,136.16,309.86,209.56,364.69,medium
cam03__frame_00033.jpg,151,127.89,203.78,197.45,287.36,medium
cam03__frame_00033.jpg,152,118.13,129.5,186.05,208.04,medium
cam03__frame_00033.jpg,153,105.85,55.44,179.52,118.21,medium
cam03__frame_00033.jpg,154,444.51,612.56,470.42,640.0,high
cam03__frame_00033.jpg,155,411.9,579.26,445.62,636.62,medium
cam03__frame_00033.jpg,156,396.03,543.36,420.83,572.6,high
cam03__frame_00033.jpg,157,369.02,561.87,405.7,639.58,medium
cam03__frame_00033.jpg,158,449.2,545.56,465.54,604.51,high
cam03__frame_00033.jpg,159,426.9,509.88,449.2,572.8,high
cam03__frame_00033.jpg,160,413.53,491.56,427.4,550.51,high
cam03__frame_00033.jpg,161,397.7,475.7,413.53,523.26,high
cam03__frame_00033.jpg,162,383.8,442.51,399.1,508.4,high
cam03__frame_00033.jpg,163,367.9,412.78,381.82,480.66,high
cam03__frame_00033.jpg,164,478.5,536.58,506.55,562.04,high
cam03__frame_00033.jpg,165,480.69,529.08,511.14,560.07,low
cam03__frame_00033.jpg,166,476.68,489.19,540.41,552.75,low
cam03__frame_00033.jpg,167,456.63,505.98,477.07,523.12,high
cam03__frame_00033.jpg,168,458.29,499.91,480.63,519.63,high
cam03__frame_00033.jpg,169,460.7,495.03,483.62,517.47,high
cam03__frame_00033.jpg,170,456.39,458.03,511.82,513.51,medium
cam03__frame_00033.jpg,171,444.62,492.2,459.66,505.32,high
cam03__frame_00033.jpg,172,444.12,485.27,459.57,498.69,high
cam03__frame_00033.jpg,173,438.4,472.57,461.7,491.83,high
cam03__frame_00033.jpg,174,443.63,469.91,462.84,486.13,high
cam03__frame_00033.jpg,175,444.13,462.48,465.19,480.07,high
cam03__frame_00033.jpg,176,444.26,431.0,489.19,475.53,medium
cam03__frame_00033.jpg,177,426.99,462.85,444.52,477.46,high
cam03__frame_00033.jpg,178,422.49,452.56,445.79,471.81,high
cam03__frame_00033.jpg,179,423.96,446.68,447.26,465.93,high
cam03__frame_00033.jpg,180,425.43,441.53,448.73,460.78,high
cam03__frame_00033.jpg,181,425.43,435.11,448.73,454.37,high
cam03__frame_00033.jpg,182,426.22,415.19,460.14,449.43,medium
cam03__frame_00033.jpg,183,403.32,429.72,426.62,448.98,high
cam03__frame_00033.jpg,184,404.96,424.47,428.26,443.73,high
cam03__frame_00033.jpg,185,405.29,418.24,428.59,437.5,high
cam03__frame_00035.jpg,0,378.31,340.6,388.13,351.99,high
cam03__frame_00035.jpg,1,404.09,379.86,454.0,429.79,medium
cam03__frame_00035.jpg,2,392.59,419.54,402.54,429.25,high
cam03__frame_00035.jpg,3,392.24,415.88,403.13,426.5,high
cam03__frame_00035.jpg,4,392.95,413.04,403.84,423.67,high
cam03__frame_00035.jpg,5,393.11,401.65,412.24,420.78,low
cam03__frame_00035.jpg,6,383.91,406.24,394.8,416.87,high
cam03__frame_00035.jpg,7,383.81,401.44,393.84,411.88,high
cam03__frame_00035.jpg,8,381.87,389.34,400.04,407.36,medium
cam03__frame_00035.jpg,9,406.1,394.98,412.12,400.89,high
cam03__frame_00035.jpg,10,406.45,391.26,413.45,398.1,high
cam03__frame_00035.jpg,11,406.56,387.31,415.95,396.4,high
cam03__frame_00035.jpg,12,407.27,384.05,417.14,393.61,high
cam03__frame_00035.jpg,13,407.84,380.9,417.71,390.45,high
cam03__frame_00035.jpg,14,406.3,374.69,417.83,385.97,high
cam03__frame_00035.jpg,15,405.53,358.68,429.37,382.49,low
cam03__frame_00035.jpg,16,366.1,371.0,385.74,390.9,low
cam03__frame_00035.jpg,17,380.03,368.31,385.93,374.92,high
cam03__frame_00035.jpg,18,379.9,364.3,386.5,371.75,high
cam03__frame_00035.jpg,19,380.29,360.85,386.9,368.3,high
cam03__frame_00035.jpg,20,380.29,357.04,386.71,364.25,high
cam03__frame_00035.jpg,21,379.98,352.71,387.42,361.17,high
cam03__frame_00035.jpg,22,378.88,347.98,387.83,358.31,high
cam03__frame_00035.jpg,23,379.1,328.3,402.48,351.07,medium
cam03__frame_00035.jpg,24,406.68,214.33,420.12,222.89,high
cam03__frame_00035.jpg,25,406.6,200.3,419.6,213.99,high
cam03__frame_00035.jpg,26,405.36,172.61,419.65,199.69,high
cam03__frame_00035.jpg,27,405.03,151.64,420.08,172.7,medium
cam03__frame_00035.jpg,28,363.29,246.21,391.15,293.17,low
cam03__frame_00035.jpg,29,375.23,230.29,403.89,278.84,medium
cam03__frame_00035.jpg,30,496.51,295.7,536.85,366.56,low
cam03__frame_00035.jpg,31,402.67,334.48,443.69,379.28,high
cam03__frame_00035.jpg,32,401.88,316.3,445.87,357.91,medium
cam03__frame_00035.jpg,33,398.47,260.39,482.15,343.24,low
cam03__frame_00035.jpg,34,453.0,347.4,520.7,423.8,low
cam03__frame_00035.jpg,35,520.28,479.37,571.06,530.51,high
cam03__frame_00035.jpg,36,520.26,461.05,572.84,514.57,high
cam03__frame_00035.jpg,37,523.19,442.45,579.47,499.32,high
cam03__frame_00035.jpg,38,525.49,425.6,579.09,471.44,high
cam03__frame_00035.jpg,39,520.75,370.64,610.94,460.8,low
cam03__frame_00035.jpg,40,444.19,244.17,516.88,312.82,high
cam03__frame_00035.jpg,41,596.9,434.88,623.75,464.3,low
cam03__frame_00035.jpg,42,598.8,415.48,625.22,446.25,high
cam03__frame_00035.jpg,43,595.67,400.3,625.58,433.51,high
cam03__frame_00035.jpg,44,626.38,419.26,634.38,431.77,high
cam03__frame_00035.jpg,45,626.38,406.26,637.38,420.26,high
cam03__frame_00035.jpg,46,617.98,390.73,638.89,408.79,high
cam03__frame_00035.jpg,47,564.46,343.73,631.7,409.2,medium
cam03__frame_00035.jpg,48,594.52,341.66,640.0,393.54,high
cam03__frame_00035.jpg,49,598.5,325.74,640.0,368.52,high
cam03__frame_00035.jpg,50,598.71,309.22,640.0,349.87,high
cam03__frame_00035.jpg,51,598.68,263.01,640.0,324.83,high
cam03__frame_00035.jpg,52,561.2,272.64,603.84,370.9,low
cam03__frame_00035.jpg,53,534.23,318.43,564.59,350.21,high
cam03__frame_00035.jpg,54,533.59,298.45,561.25,322.52,high
cam03__frame_00035.jpg,55,536.74,268.5,579.19,305.39,medium
cam03__frame_00035.jpg,56,532.23,242.9,578.79,288.86,low
cam03__frame_00035.jpg,57,528.0,223.82,560.4,254.96,high
cam03__frame_00035.jpg,58,481.17,193.51,535.15,295.41,low
cam03__frame_00035.jpg,59,470.94,246.54,478.8,255.4,high
cam03__frame_00035.jpg,60,470.44,224.9,479.75,247.03,high
cam03__frame_00035.jpg,61,452.24,242.11,469.46,256.87,high
cam03__frame_00035.jpg,62,451.8,213.09,476.3,245.06,medium
cam03__frame_00035.jpg,63,468.0,198.83,483.23,217.02,high
cam03__frame_00035.jpg,64,424.26,242.18,452.08,262.55,high
cam03__frame_00035.jpg,65,421.94,228.82,453.41,251.55,high
cam03__frame_00035.jpg,66,424.55,219.78,452.79,239.46,high
cam03__frame_00035.jpg,67,421.04,204.45,457.39,230.55,high
cam03__frame_00035.jpg,68,426.32,171.89,476.95,222.52,low
cam03__frame_00035.jpg,69,622.68,136.5,639.0,199.73,high
cam03__frame_00035.jpg,70,596.82,117.06,620.98,194.63,medium
cam03__frame_00035.jpg,71,570.54,119.04,595.62,174.9,medium
cam03__frame_00035.jpg,72,548.72,133.87,574.57,163.91,low
cam03__frame_00035.jpg,73,552.92,113.38,573.35,136.72,low
cam03__frame_00035.jpg,74,534.2,115.74,555.77,148.65,medium
cam03__frame_00035.jpg,75,536.59,94.9,552.5,117.55,high
cam03__frame_00035.jpg,76,524.79,127.47,536.66,140.94,medium
cam03__frame_00035.jpg,77,525.17,115.58,537.98,128.99,medium
cam03__frame_00035.jpg,78,525.93,105.24,537.97,116.83,medium
cam03__frame_00035.jpg,79,526.69,70.94,535.76,106.21,high
cam03__frame_00035.jpg,80,511.53,122.41,526.62,137.07,medium
cam03__frame_00035.jpg,81,513.59,112.38,526.85,123.82,medium
cam03__frame_00035.jpg,82,515.58,100.98,526.74,113.67,high
cam03__frame_00035.jpg,83,491.0,104.43,515.03,127.75,medium
cam03__frame_00035.jpg,84,479.3,89.8,491.92,120.86,medium
cam03__frame_00035.jpg,85,469.74,98.36,479.29,116.01,high
cam03__frame_00035.jpg,86,461.39,94.62,470.16,112.14,high
cam03__frame_00035.jpg,87,451.81,89.41,461.67,106.11,medium
cam03__frame_00035.jpg,88,434.01,41.28,449.62,99.87,medium
cam03__frame_00035.jpg,89,420.05,45.61,434.01,94.62,medium
cam03__frame_00035.jpg,90,392.94,37.12,419.78,114.88,medium
cam03__frame_00035.jpg,91,207.6,127.83,234.94,169.25,low
cam03__frame_00035.jpg,92,407.36,413.02,430.66,432.28,high
cam03__frame_00035.jpg,93,405.29,418.24,428.59,437.5,high
cam03__frame_00035.jpg,94,404.96,424.47,428.26,443.73,high
cam03__frame_00035.jpg,95,403.32,429.72,426.62,448.98,high
cam03__frame_00035.jpg,96,426.22,415.19,460.14,449.43,medium
cam03__frame_00035.jpg,97,425.43,435.11,448.73,454.37,high
cam03__frame_00035.jpg,98,425.43,441.53,448.73,460.78,high
cam03__frame_00035.jpg,99,423.96,446.68,447.26,465.93,high
cam03__frame_00035.jpg,100,422.49,452.56,445.79,471.81,high
cam03__frame_00035.jpg,101,426.99,462.85,444.52,477.46,high
cam03__frame_00035.jpg,102,444.26,431.0,489.19,475.53,medium
cam03__frame_00035.jpg,103,444.13,462.48,465.19,480.07,high
cam03__frame_00035.jpg,104,443.63,469.91,462.84,486.13,high
cam03__frame_00035.jpg,105,438.4,472.57,461.7,491.83,high
cam03__frame_00035.jpg,106,444.12,485.27,459.57,498.69,high
cam03__frame_00035.jpg,107,444.62,492.2,459.66,505.32,high
cam03__frame_00035.jpg,108,456.39,458.03,511.82,513.51,medium
cam03__frame_00035.jpg,109,460.7,495.03,483.62,517.47,high
cam03__frame_00035.jpg,110,458.29,499.91,480.63,519.63,high
cam03__frame_00035.jpg,111,456.63,505.98,477.07,523.12,high
cam03__frame_00035.jpg,112,476.68,489.19,540.41,552.75,low
cam03__frame_00035.jpg,113,480.69,529.08,511.14,560.07,low
cam03__frame_00035.jpg,114,478.5,536.58,506.55,562.04,high
cam03__frame_00035.jpg,115,367.9,412.78,381.82,480.66,high
cam03__frame_00035.jpg,116,383.8,442.51,399.1,508.4,high
cam03__frame_00035.jpg,117,397.7,475.7,413.53,523.26,high
cam03__frame_00035.jpg,118,413.53,491.56,427.4,550.51,high
cam03__frame_00035.jpg,119,426.9,509.88,449.2,572.8,high
cam03__frame_00035.jpg,120,449.2,545.56,465.54,604.51,high
cam03__frame_00035.jpg,121,396.03,543.36,420.83,599.3,medium
cam03__frame_00035.jpg,122,411.9,579.26,445.62,636.62,medium
cam03__frame_00035.jpg,123,444.51,612.56,470.42,640.0,high
cam03__frame_00035.jpg,124,105.85,55.44,179.52,118.21,medium
cam03__frame_00035.jpg,125,118.13,129.5,186.05,208.04,medium
cam03__frame_00035.jpg,126,127.89,203.78,197.45,287.36,medium
cam03__frame_00035.jpg,127,136.16,309.86,209.56,364.69,medium
cam03__frame_00035.jpg,128,138.61,357.56,205.57,403.7,medium
cam03__frame_00035.jpg,129,145.72,380.1,224.51,437.18,medium
cam03__frame_00035.jpg,130,138.9,402.15,229.63,458.91,medium
cam03__frame_00035.jpg,131,147.2,420.64,226.91,471.84,high
cam03__frame_00035.jpg,132,148.25,429.12,237.37,489.42,high
cam03__frame_00035.jpg,133,172.16,545.37,271.8,613.4,medium
cam03__frame_00035.jpg,134,266.6,35.03,293.6,53.24,low
cam03__frame_00035.jpg,135,266.64,53.86,293.09,68.19,low
cam03__frame_00035.jpg,136,267.37,68.56,295.3,84.72,low
cam03__frame_00035.jpg,137,299.0,68.9,308.9,117.06,high
cam03__frame_00035.jpg,138,277.29,85.1,300.43,124.4,low
cam03__frame_00035.jpg,139,237.41,75.19,264.63,97.15,medium
cam03__frame_00035.jpg,140,243.85,89.38,275.09,111.68,medium
cam03__frame_00035.jpg,141,244.27,103.26,279.26,131.94,low
cam03__frame_00035.jpg,142,223.15,99.42,247.22,120.35,low
cam03__frame_00035.jpg,143,223.96,117.28,247.76,137.42,low
cam03__frame_00035.jpg,144,196.55,81.39,203.41,101.15,high
cam03__frame_00035.jpg,145,196.55,100.6,203.41,114.6,high
cam03__frame_00035.jpg,146,205.06,91.54,208.35,106.36,high
cam03__frame_00035.jpg,147,205.61,106.36,208.9,118.71,high
cam03__frame_00035.jpg,148,208.9,93.46,212.2,108.56,high
cam03__frame_00035.jpg,149,209.45,109.66,211.92,120.91,high
cam03__frame_00035.jpg,150,212.74,97.85,216.31,113.22,high
cam03__frame_00035.jpg,151,212.2,114.05,216.31,125.3,high
cam03__frame_00035.jpg,152,215.49,100.32,219.61,113.5,high
cam03__frame_00035.jpg,153,216.31,114.32,218.78,128.87,high
cam03__frame_00035.jpg,154,219.61,103.07,223.72,118.44,high
cam03__frame_00035.jpg,155,219.6,118.99,224.27,132.7,high
cam03__frame_00035.jpg,156,241.51,161.2,265.3,185.56,high
cam03__frame_00035.jpg,157,294.9,156.27,302.3,166.7,low
cam03__frame_00035.jpg,158,295.58,167.7,303.56,176.57,low
cam03__frame_00035.jpg,159,296.22,176.91,305.11,185.48,low
cam03__frame_00035.jpg,160,295.9,185.48,305.74,193.74,low
cam03__frame_00035.jpg,161,297.17,194.38,306.38,202.63,medium
cam03__frame_00035.jpg,162,300.7,202.63,307.65,208.98,high
cam03__frame_00035.jpg,163,303.52,151.5,313.68,163.89,low
cam03__frame_00035.jpg,164,303.84,163.25,313.36,171.83,low
cam03__frame_00035.jpg,165,304.8,172.5,314.0,181.04,low
cam03__frame_00035.jpg,166,306.38,181.99,314.0,189.61,medium
cam03__frame_00035.jpg,167,306.92,190.45,313.33,197.57,medium
cam03__frame_00035.jpg,168,307.87,198.51,315.0,205.9,high
cam03__frame_00035.jpg,169,314.46,150.19,328.49,175.7,high
cam03__frame_00035.jpg,170,317.12,175.5,325.9,184.52,low
cam03__frame_00035.jpg,171,320.2,184.52,326.8,192.1,low
cam03__frame_00035.jpg,172,320.4,192.58,329.0,200.89,medium
cam03__frame_00035.jpg,173,350.4,180.69,357.36,220.64,high
cam03__frame_00035.jpg,174,357.4,187.29,367.26,226.1,high
cam03__frame_00035.jpg,175,366.2,190.2,374.96,233.47,high
cam03__frame_00035.jpg,176,296.69,232.41,310.4,260.36,high
cam03__frame_00035.jpg,177,307.02,230.05,340.02,255.13,medium
cam03__frame_00035.jpg,178,217.7,306.92,238.67,336.04,medium
cam03__frame_00035.jpg,179,234.87,318.91,248.8,341.46,low
cam03__frame_00035.jpg,180,252.78,364.01,274.67,479.1,low
cam03__frame_00040.jpg,0,404.09,379.86,454.0,429.79,medium
cam03__frame_00040.jpg,1,420.05,45.61,434.01,94.62,medium
cam03__frame_00040.jpg,2,434.01,41.28,449.62,99.87,medium
cam03__frame_00040.jpg,3,451.81,89.41,461.67,106.11,medium
cam03__frame_00040.jpg,4,461.39,94.62,470.16,112.14,high
cam03__frame_00040.jpg,5,469.74,98.36,479.29,116.01,high
cam03__frame_00040.jpg,6,479.3,89.8,491.92,120.86,medium
cam03__frame_00040.jpg,7,491.0,104.43,515.03,127.75,medium
cam03__frame_00040.jpg,8,515.58,100.98,526.74,113.67,high
cam03__frame_00040.jpg,9,513.59,112.38,526.85,123.82,medium
cam03__frame_00040.jpg,10,511.53,122.41,526.62,137.07,medium
cam03__frame_00040.jpg,11,526.69,70.94,535.76,106.21,high
cam03__frame_00040.jpg,12,525.93,105.24,537.97,116.83,medium
cam03__frame_00040.jpg,13,525.17,115.58,537.98,128.99,medium
cam03__frame_00040.jpg,14,524.79,127.47,536.66,140.94,medium
cam03__frame_00040.jpg,15,536.59,94.9,552.5,117.55,high
cam03__frame_00040.jpg,16,534.2,115.74,555.77,148.65,medium
cam03__frame_00040.jpg,17,552.92,113.38,573.35,136.72,low
cam03__frame_00040.jpg,18,548.72,133.87,574.57,163.91,low
cam03__frame_00040.jpg,19,570.54,119.04,595.62,174.9,medium
cam03__frame_00040.jpg,20,596.82,117.06,620.98,194.63,medium
cam03__frame_00040.jpg,21,622.68,136.5,639.0,199.73,high
cam03__frame_00040.jpg,22,405.03,151.64,420.08,172.7,medium
cam03__frame_00040.jpg,23,405.36,172.61,419.65,199.69,high
cam03__frame_00040.jpg,24,406.6,200.3,419.6,213.99,high
cam03__frame_00040.jpg,25,406.68,214.33,420.12,222.89,high
cam03__frame_00040.jpg,26,426.32,171.89,476.95,222.52,low
cam03__frame_00040.jpg,27,421.04,204.45,457.39,230.55,high
cam03__frame_00040.jpg,28,424.55,219.78,452.79,239.46,high
cam03__frame_00040.jpg,29,421.94,228.82,453.41,251.55,high
cam03__frame_00040.jpg,30,424.26,242.18,452.08,262.55,high
cam03__frame_00040.jpg,31,468.0,198.83,483.23,217.02,high
cam03__frame_00040.jpg,32,451.8,213.09,476.3,245.06,medium
cam03__frame_00040.jpg,33,452.24,242.11,469.46,256.87,high
cam03__frame_00040.jpg,34,470.44,224.9,479.75,247.03,high
cam03__frame_00040.jpg,35,470.94,246.54,478.8,255.4,high
cam03__frame_00040.jpg,36,481.17,193.51,535.15,295.41,low
cam03__frame_00040.jpg,37,528.0,223.82,560.4,254.96,high
cam03__frame_00040.jpg,38,532.23,242.9,578.79,288.86,low
cam03__frame_00040.jpg,39,536.74,268.5,579.19,305.39,medium
cam03__frame_00040.jpg,40,533.59,298.45,561.25,322.52,high
cam03__frame_00040.jpg,41,534.23,318.43,564.59,350.21,high
cam03__frame_00040.jpg,42,561.2,272.64,603.84,370.9,low
cam03__frame_00040.jpg,43,598.68,263.01,640.0,324.83,high
cam03__frame_00040.jpg,44,598.71,309.22,640.0,349.87,high
cam03__frame_00040.jpg,45,598.5,325.74,640.0,368.52,high
cam03__frame_00040.jpg,46,594.52,341.66,640.0,393.54,high
cam03__frame_00040.jpg,47,564.46,343.73,631.7,409.2,medium
cam03__frame_00040.jpg,48,617.98,390.73,638.89,408.79,high
cam03__frame_00040.jpg,49,626.38,406.26,637.38,420.26,high
cam03__frame_00040.jpg,50,626.38,419.26,634.38,431.77,high
cam03__frame_00040.jpg,51,595.67,400.3,625.58,433.51,high
cam03__frame_00040.jpg,52,598.8,415.48,625.22,446.25,high
cam03__frame_00040.jpg,53,596.9,434.88,623.75,464.3,low
cam03__frame_00040.jpg,54,444.19,244.17,516.88,312.82,high
cam03__frame_00040.jpg,55,520.75,370.64,610.94,460.8,low
cam03__frame_00040.jpg,56,525.49,425.6,579.09,471.44,high
cam03__frame_00040.jpg,57,523.19,442.45,579.47,499.32,high
cam03__frame_00040.jpg,58,520.26,461.05,572.84,514.57,high
cam03__frame_00040.jpg,59,520.28,479.37,571.06,530.51,high
cam03__frame_00040.jpg,60,453.0,347.4,520.7,423.8,low
cam03__frame_00040.jpg,61,398.47,260.39,482.15,343.24,low
cam03__frame_00040.jpg,62,401.88,316.3,445.87,357.91,medium
cam03__frame_00040.jpg,63,402.67,334.48,443.69,379.28,high
cam03__frame_00040.jpg,64,496.51,295.7,536.85,366.56,low
cam03__frame_00040.jpg,65,375.23,230.29,403.89,278.84,medium
cam03__frame_00040.jpg,66,363.29,246.21,391.15,293.17,low
cam03__frame_00040.jpg,67,379.1,328.3,402.48,351.07,medium
cam03__frame_00040.jpg,68,378.31,340.6,388.13,351.99,high
cam03__frame_00040.jpg,69,378.88,347.98,387.83,358.31,high
cam03__frame_00040.jpg,70,379.98,352.71,387.42,361.17,high
cam03__frame_00040.jpg,71,380.29,357.04,386.71,364.25,high
cam03__frame_00040.jpg,72,380.29,360.85,386.9,368.3,high
cam03__frame_00040.jpg,73,379.9,364.3,386.5,371.75,high
cam03__frame_00040.jpg,74,380.03,368.31,385.93,374.92,high
cam03__frame_00040.jpg,75,366.1,371.0,385.74,390.9,low
cam03__frame_00040.jpg,76,405.53,358.68,429.37,382.49,low
cam03__frame_00040.jpg,77,406.3,374.69,417.83,385.97,high
cam03__frame_00040.jpg,78,407.84,380.9,417.71,390.45,high
cam03__frame_00040.jpg,79,407.27,384.05,417.14,393.61,high
cam03__frame_00040.jpg,80,406.56,387.31,415.95,396.4,high
cam03__frame_00040.jpg,81,406.45,391.26,413.45,398.1,high
cam03__frame_00040.jpg,82,406.1,394.98,412.12,400.89,high
cam03__frame_00040.jpg,83,381.87,389.34,400.04,407.36,medium
cam03__frame_00040.jpg,84,383.81,401.44,393.84,411.88,high
cam03__frame_00040.jpg,85,383.91,406.24,394.8,416.87,high
cam03__frame_00040.jpg,86,393.11,401.65,412.24,420.78,low
cam03__frame_00040.jpg,87,392.95,413.04,403.84,423.67,high
cam03__frame_00040.jpg,88,392.24,415.88,403.13,426.5,high
cam03__frame_00040.jpg,89,392.59,419.54,402.54,429.25,high
cam03__frame_00040.jpg,90,392.94,37.12,419.78,114.88,medium
cam03__frame_00040.jpg,91,407.36,413.02,430.66,432.28,high
cam03__frame_00040.jpg,92,405.29,418.24,428.59,437.5,high
cam03__frame_00040.jpg,93,404.96,424.47,428.26,443.73,high
cam03__frame_00040.jpg,94,403.32,429.72,426.62,448.98,high
cam03__frame_00040.jpg,95,426.22,415.19,460.14,449.43,medium
cam03__frame_00040.jpg,96,425.43,435.11,448.73,454.37,high
cam03__frame_00040.jpg,97,425.43,441.53,448.73,460.78,high
cam03__frame_00040.jpg,98,423.96,446.68,447.26,465.93,high
cam03__frame_00040.jpg,99,422.49,452.56,445.79,471.81,high
cam03__frame_00040.jpg,100,426.99,462.85,444.52,477.46,high
cam03__frame_00040.jpg,101,444.26,431.0,489.19,475.53,medium
cam03__frame_00040.jpg,102,444.13,462.48,465.19,480.07,high
cam03__frame_00040.jpg,103,443.63,469.91,462.84,486.13,high
cam03__frame_00040.jpg,104,438.4,472.57,461.7,491.83,high
cam03__frame_00040.jpg,105,444.12,485.27,459.57,498.69,high
cam03__frame_00040.jpg,106,444.62,492.2,459.66,505.32,high
cam03__frame_00040.jpg,107,456.39,458.03,511.82,513.51,medium
cam03__frame_00040.jpg,108,460.7,495.03,483.62,517.47,high
cam03__frame_00040.jpg,109,458.29,499.91,480.63,519.63,high
cam03__frame_00040.jpg,110,456.63,505.98,477.07,523.12,high
cam03__frame_00040.jpg,111,476.68,489.19,540.41,552.75,low
cam03__frame_00040.jpg,112,480.69,529.08,511.14,560.07,low
cam03__frame_00040.jpg,113,478.5,536.58,506.55,562.04,high
cam03__frame_00040.jpg,114,367.9,412.78,381.82,480.66,high
cam03__frame_00040.jpg,115,383.8,442.51,399.1,508.4,high
cam03__frame_00040.jpg,116,397.7,475.7,413.53,523.26,high
cam03__frame_00040.jpg,117,413.53,491.56,427.4,550.51,high
cam03__frame_00040.jpg,118,426.9,509.88,449.2,572.8,high
cam03__frame_00040.jpg,119,449.2,545.56,465.54,604.51,high
cam03__frame_00040.jpg,120,396.03,543.36,420.83,588.9,medium
cam03__frame_00040.jpg,121,411.9,579.26,445.62,636.62,medium
cam03__frame_00040.jpg,122,444.51,612.56,470.42,640.0,high
cam03__frame_00040.jpg,123,105.85,55.44,179.52,118.21,medium
cam03__frame_00040.jpg,124,118.13,129.5,186.05,208.04,medium
cam03__frame_00040.jpg,125,127.89,203.78,197.45,287.36,medium
cam03__frame_00040.jpg,126,136.16,309.86,209.56,364.69,medium
cam03__frame_00040.jpg,127,138.61,357.56,205.57,403.7,medium
cam03__frame_00040.jpg,128,145.72,380.1,224.51,437.18,medium
cam03__frame_00040.jpg,129,138.9,402.15,229.63,458.91,medium
cam03__frame_00040.jpg,130,147.2,420.64,226.91,471.84,high
cam03__frame_00040.jpg,131,148.25,429.12,237.37,489.42,high
cam03__frame_00040.jpg,132,172.16,545.37,271.8,613.4,medium
cam03__frame_00040.jpg,133,266.6,35.03,293.6,53.24,low
cam03__frame_00040.jpg,134,266.64,53.86,293.09,68.19,low
cam03__frame_00040.jpg,135,267.37,68.56,295.3,84.72,low
cam03__frame_00040.jpg,136,299.0,68.9,308.9,117.06,high
cam03__frame_00040.jpg,137,277.29,85.1,300.43,124.4,low
cam03__frame_00040.jpg,138,237.41,75.19,264.63,97.15,medium
cam03__frame_00040.jpg,139,243.85,89.38,275.09,111.68,medium
cam03__frame_00040.jpg,140,244.27,103.26,279.26,131.94,low
cam03__frame_00040.jpg,141,223.15,99.42,247.22,120.35,low
cam03__frame_00040.jpg,142,223.96,117.28,247.76,137.42,low
cam03__frame_00040.jpg,143,196.55,81.39,203.41,101.15,high
cam03__frame_00040.jpg,144,196.55,100.6,203.41,114.6,high
cam03__frame_00040.jpg,145,205.06,91.54,208.35,106.36,high
cam03__frame_00040.jpg,146,205.61,106.36,208.9,118.71,high
cam03__frame_00040.jpg,147,208.9,93.46,212.2,108.56,high
cam03__frame_00040.jpg,148,209.45,109.66,211.92,120.91,high
cam03__frame_00040.jpg,149,212.74,97.85,216.31,113.22,high
cam03__frame_00040.jpg,150,212.2,114.05,216.31,125.3,high
cam03__frame_00040.jpg,151,215.49,100.32,219.61,113.5,high
cam03__frame_00040.jpg,152,216.31,114.32,218.78,128.87,high
cam03__frame_00040.jpg,153,219.61,103.07,223.72,118.44,high
cam03__frame_00040.jpg,154,219.6,118.99,224.27,132.7,high
cam03__frame_00040.jpg,155,241.51,161.2,265.3,185.56,high
cam03__frame_00040.jpg,156,294.9,156.27,302.3,166.7,low
cam03__frame_00040.jpg,157,295.58,167.7,303.56,176.57,low
cam03__frame_00040.jpg,158,296.22,176.91,305.11,185.48,low
cam03__frame_00040.jpg,159,295.9,185.48,305.74,193.74,low
cam03__frame_00040.jpg,160,297.17,194.38,306.38,202.63,medium
cam03__frame_00040.jpg,161,300.7,202.63,307.65,208.98,high
cam03__frame_00040.jpg,162,303.52,151.5,313.68,163.89,low
cam03__frame_00040.jpg,163,303.84,163.25,313.36,171.83,low
cam03__frame_00040.jpg,164,304.8,172.5,314.0,181.04,low
cam03__frame_00040.jpg,165,306.38,181.99,314.0,189.61,medium
cam03__frame_00040.jpg,166,306.92,190.45,313.33,197.57,medium
cam03__frame_00040.jpg,167,307.87,198.51,315.0,205.9,high
cam03__frame_00040.jpg,168,314.46,150.19,328.49,175.7,high
cam03__frame_00040.jpg,169,317.12,175.5,325.9,184.52,low
cam03__frame_00040.jpg,170,320.2,184.52,326.8,192.1,low
cam03__frame_00040.jpg,171,320.4,192.58,329.0,200.89,medium
cam03__frame_00040.jpg,172,350.4,180.69,357.36,220.64,high
cam03__frame_00040.jpg,173,357.4,187.29,367.26,226.1,high
cam03__frame_00040.jpg,174,366.2,190.2,374.96,233.47,high
cam03__frame_00040.jpg,175,296.69,232.41,310.4,260.36,high
cam03__frame_00040.jpg,176,307.02,230.05,340.02,255.13,medium
cam03__frame_00040.jpg,177,301.44,247.36,346.58,278.8,medium
cam03__frame_00040.jpg,178,315.46,320.7,339.33,354.52,medium
cam03__frame_00040.jpg,179,320.76,354.52,343.31,379.1,medium
cam03__frame_00040.jpg,180,217.7,306.92,238.67,336.04,medium
cam03__frame_00040.jpg,181,234.87,318.91,248.8,341.46,low
cam03__frame_00040.jpg,182,252.78,364.01,274.67,479.1,low
cam03__frame_00040.jpg,183,344.89,340.1,366.2,372.95,high
cam03__frame_00040.jpg,184,210.24,128.25,230.77,166.74,low
cam03__frame_00042.jpg,0,392.94,37.12,419.78,114.88,medium
cam03__frame_00042.jpg,1,205.1,124.4,233.34,168.03,low
cam03__frame_00042.jpg,2,344.89,340.1,366.2,372.95,medium
cam03__frame_00042.jpg,3,340.94,291.06,369.82,339.19,low
cam03__frame_00042.jpg,4,252.78,364.01,274.67,479.1,low
cam03__frame_00042.jpg,5,234.87,318.91,248.8,341.46,low
cam03__frame_00042.jpg,6,217.7,306.92,238.67,336.04,medium
cam03__frame_00042.jpg,7,320.76,354.52,343.31,379.1,medium
cam03__frame_00042.jpg,8,315.46,320.7,339.33,354.52,medium
cam03__frame_00042.jpg,9,301.44,247.36,346.58,278.8,medium
cam03__frame_00042.jpg,10,307.02,230.05,340.02,255.13,medium
cam03__frame_00042.jpg,11,296.69,232.41,310.4,260.36,high
cam03__frame_00042.jpg,12,366.2,190.2,374.96,233.47,high
cam03__frame_00042.jpg,13,357.4,187.29,367.26,226.1,high
cam03__frame_00042.jpg,14,350.4,180.69,357.36,220.64,high
cam03__frame_00042.jpg,15,320.4,192.58,329.0,200.89,medium
cam03__frame_00042.jpg,16,320.2,184.52,326.8,192.1,low
cam03__frame_00042.jpg,17,317.12,175.5,325.9,184.52,low
cam03__frame_00042.jpg,18,314.46,150.19,328.49,175.7,high
cam03__frame_00042.jpg,19,307.87,198.51,315.0,205.9,high
cam03__frame_00042.jpg,20,306.92,190.45,313.33,197.57,medium
cam03__frame_00042.jpg,21,306.38,181.99,314.0,189.61,medium
cam03__frame_00042.jpg,22,304.8,172.5,314.0,181.04,low
cam03__frame_00042.jpg,23,303.84,163.25,313.36,171.83,low
cam03__frame_00042.jpg,24,303.52,151.5,313.68,163.89,low
cam03__frame_00042.jpg,25,300.7,202.63,307.65,208.98,high
cam03__frame_00042.jpg,26,297.17,194.38,306.38,202.63,medium
cam03__frame_00042.jpg,27,295.9,185.48,305.74,193.74,low
cam03__frame_00042.jpg,28,296.22,176.91,305.11,185.48,low
cam03__frame_00042.jpg,29,295.58,167.7,303.56,176.57,low
cam03__frame_00042.jpg,30,294.9,156.27,302.3,166.7,low
cam03__frame_00042.jpg,31,241.51,161.2,265.3,185.56,high
cam03__frame_00042.jpg,32,219.6,118.99,224.27,132.7,high
cam03__frame_00042.jpg,33,219.61,103.07,223.72,118.44,high
cam03__frame_00042.jpg,34,216.31,114.32,218.78,128.87,high
cam03__frame_00042.jpg,35,215.49,100.32,219.61,113.5,high
cam03__frame_00042.jpg,36,212.2,114.05,216.31,125.3,high
cam03__frame_00042.jpg,37,212.74,97.85,216.31,113.22,high
cam03__frame_00042.jpg,38,209.45,109.66,211.92,120.91,high
cam03__frame_00042.jpg,39,208.9,93.46,212.2,108.56,high
cam03__frame_00042.jpg,40,205.61,106.36,208.9,118.71,high
cam03__frame_00042.jpg,41,205.06,91.54,208.35,106.36,high
cam03__frame_00042.jpg,42,196.55,100.6,203.41,114.6,high
cam03__frame_00042.jpg,43,196.55,81.39,203.41,101.15,high
cam03__frame_00042.jpg,44,223.96,117.28,247.76,137.42,low
cam03__frame_00042.jpg,45,223.15,99.42,247.22,120.35,low
cam03__frame_00042.jpg,46,244.27,103.26,279.26,131.94,low
cam03__frame_00042.jpg,47,243.85,89.38,275.09,111.68,medium
cam03__frame_00042.jpg,48,237.41,75.19,264.63,97.15,medium
cam03__frame_00042.jpg,49,277.29,85.1,300.43,124.4,low
cam03__frame_00042.jpg,50,299.0,68.9,308.9,117.06,high
cam03__frame_00042.jpg,51,267.37,68.56,295.3,84.72,low
cam03__frame_00042.jpg,52,266.64,53.86,293.09,68.19,low
cam03__frame_00042.jpg,53,266.6,35.03,293.6,53.24,low
cam03__frame_00042.jpg,54,172.16,545.37,271.8,613.4,medium
cam03__frame_00042.jpg,55,148.25,429.12,237.37,489.42,high
cam03__frame_00042.jpg,56,147.2,420.64,226.91,471.84,high
cam03__frame_00042.jpg,57,138.9,402.15,229.63,458.91,medium
cam03__frame_00042.jpg,58,145.72,380.1,224.51,437.18,medium
cam03__frame_00042.jpg,59,138.61,357.56,205.57,403.7,medium
cam03__frame_00042.jpg,60,136.16,309.86,209.56,364.69,medium
cam03__frame_00042.jpg,61,127.89,203.78,197.45,287.36,medium
cam03__frame_00042.jpg,62,118.13,129.5,186.05,208.04,medium
cam03__frame_00042.jpg,63,105.85,55.44,179.52,118.21,medium
cam03__frame_00042.jpg,64,444.51,612.56,470.42,640.0,high
cam03__frame_00042.jpg,65,411.9,579.26,445.62,636.62,medium
cam03__frame_00042.jpg,66,396.03,543.36,420.83,585.9,medium
cam03__frame_00042.jpg,67,449.2,545.56,465.54,604.51,high
cam03__frame_00042.jpg,68,426.9,509.88,449.2,572.8,high
cam03__frame_00042.jpg,69,413.53,491.56,427.4,550.51,high
cam03__frame_00042.jpg,70,397.7,475.7,413.53,523.26,high
cam03__frame_00042.jpg,71,383.8,442.51,399.1,508.4,high
cam03__frame_00042.jpg,72,367.9,412.78,381.82,480.66,high
cam03__frame_00042.jpg,73,478.5,536.58,506.55,562.04,high
cam03__frame_00042.jpg,74,480.69,529.08,511.14,560.07,low
cam03__frame_00042.jpg,75,476.68,489.19,540.41,552.75,low
cam03__frame_00042.jpg,76,456.63,505.98,477.07,523.12,high
cam03__frame_00042.jpg,77,458.29,499.91,480.63,519.63,high
cam03__frame_00042.jpg,78,460.7,495.03,483.62,517.47,high
cam03__frame_00042.jpg,79,456.39,458.03,511.82,513.51,medium
cam03__frame_00042.jpg,80,444.62,492.2,459.66,505.32,high
cam03__frame_00042.jpg,81,444.12,485.27,459.57,498.69,high
cam03__frame_00042.jpg,82,438.4,472.57,461.7,491.83,high
cam03__frame_00042.jpg,83,443.63,469.91,462.84,486.13,high
cam03__frame_00042.jpg,84,444.13,462.48,465.19,480.07,high
cam03__frame_00042.jpg,85,444.26,431.0,489.19,475.53,medium
cam03__frame_00042.jpg,86,426.99,462.85,444.52,477.46,high
cam03__frame_00042.jpg,87,422.49,452.56,445.79,471.81,high
cam03__frame_00042.jpg,88,407.36,413.02,430.66,432.28,high
cam03__frame_00042.jpg,89,405.29,418.24,428.59,437.5,high
cam03__frame_00042.jpg,90,404.96,424.47,428.26,443.73,high
cam03__frame_00042.jpg,91,403.32,429.72,426.62,448.98,high
cam03__frame_00042.jpg,92,426.22,415.19,460.14,449.43,medium
cam03__frame_00042.jpg,93,425.43,435.11,448.73,454.37,high
cam03__frame_00042.jpg,94,425.43,441.53,448.73,460.78,high
cam03__frame_00042.jpg,95,423.96,446.68,447.26,465.93,high
cam03__frame_00042.jpg,96,383.91,406.24,394.8,416.87,high
cam03__frame_00042.jpg,97,383.81,401.44,393.84,411.88,high
cam03__frame_00042.jpg,98,381.87,389.34,400.04,407.36,medium
cam03__frame_00042.jpg,99,406.1,394.98,412.12,400.89,high
cam03__frame_00042.jpg,100,406.45,391.26,413.45,398.1,high
cam03__frame_00042.jpg,101,406.56,387.31,415.95,396.4,high
cam03__frame_00042.jpg,102,407.27,384.05,417.14,393.61,high
cam03__frame_00042.jpg,103,407.84,380.9,417.71,390.45,high
cam03__frame_00042.jpg,104,406.3,374.69,417.83,385.97,high
cam03__frame_00042.jpg,105,405.53,358.68,429.37,382.49,low
cam03__frame_00042.jpg,106,366.1,371.0,385.74,390.9,low
cam03__frame_00042.jpg,107,380.03,368.31,385.93,374.92,high
cam03__frame_00042.jpg,108,379.9,364.3,386.5,371.75,high
cam03__frame_00042.jpg,109,380.29,360.85,386.9,368.3,high
cam03__frame_00042.jpg,110,380.29,357.04,386.71,364.25,high
cam03__frame_00042.jpg,111,379.98,352.71,387.42,361.17,high
cam03__frame_00042.jpg,112,378.88,347.98,387.83,358.31,high
cam03__frame_00042.jpg,113,378.31,340.6,388.13,351.99,high
cam03__frame_00042.jpg,114,379.1,328.3,402.48,351.07,medium
cam03__frame_00042.jpg,115,406.68,214.33,420.12,222.89,high
cam03__frame_00042.jpg,116,406.6,200.3,419.6,213.99,high
cam03__frame_00042.jpg,117,405.36,172.61,419.65,199.69,high
cam03__frame_00042.jpg,118,405.03,151.64,420.08,172.7,medium
cam03__frame_00042.jpg,119,363.29,246.21,391.15,293.17,low
cam03__frame_00042.jpg,120,375.23,230.29,403.89,278.84,medium
cam03__frame_00042.jpg,121,496.51,295.7,536.85,366.56,low
cam03__frame_00042.jpg,122,402.67,334.48,443.69,379.28,high
cam03__frame_00042.jpg,123,401.88,316.3,445.87,357.91,medium
cam03__frame_00042.jpg,124,398.47,260.39,482.15,343.24,low
cam03__frame_00042.jpg,125,453.0,347.4,520.7,423.8,low
cam03__frame_00042.jpg,126,520.28,479.37,571.06,530.51,high
cam03__frame_00042.jpg,127,520.26,461.05,572.84,514.57,high
cam03__frame_00042.jpg,128,523.19,442.45,579.47,499.32,high
cam03__frame_00042.jpg,129,525.49,425.6,579.09,471.44,high
cam03__frame_00042.jpg,130,520.75,370.64,610.94,460.8,low
cam03__frame_00042.jpg,131,444.19,244.17,516.88,312.82,high
cam03__frame_00042.jpg,132,596.9,434.88,623.75,464.3,low
cam03__frame_00042.jpg,133,598.8,415.48,625.22,446.25,high
cam03__frame_00042.jpg,134,595.67,400.3,625.58,433.51,high
cam03__frame_00042.jpg,135,626.38,419.26,634.38,431.77,high
cam03__frame_00042.jpg,136,626.38,406.26,637.38,420.26,high
cam03__frame_00042.jpg,137,617.98,390.73,638.89,408.79,high
cam03__frame_00042.jpg,138,564.46,343.73,631.7,409.2,medium
cam03__frame_00042.jpg,139,594.52,341.66,640.0,393.54,high
cam03__frame_00042.jpg,140,598.5,325.74,640.0,368.52,high
cam03__frame_00042.jpg,141,598.71,309.22,640.0,349.87,high
cam03__frame_00042.jpg,142,598.68,263.01,640.0,324.83,high
cam03__frame_00042.jpg,143,561.2,272.64,603.84,370.9,low
cam03__frame_00042.jpg,144,534.23,318.43,564.59,350.21,high
cam03__frame_00042.jpg,145,533.59,298.45,561.25,322.52,high
cam03__frame_00042.jpg,146,536.74,268.5,579.19,305.39,medium
cam03__frame_00042.jpg,147,532.23,242.9,578.79,288.86,low
cam03__frame_00042.jpg,148,528.0,223.82,560.4,254.96,high
cam03__frame_00042.jpg,149,481.17,193.51,535.15,295.41,low
cam03__frame_00042.jpg,150,470.94,246.54,478.8,255.4,high
cam03__frame_00042.jpg,151,470.44,224.9,479.75,247.03,high
cam03__frame_00042.jpg,152,452.24,242.11,469.46,256.87,high
cam03__frame_00042.jpg,153,451.8,213.09,476.3,245.06,medium
cam03__frame_00042.jpg,154,468.0,198.83,483.23,217.02,high
cam03__frame_00042.jpg,155,424.26,242.18,452.08,262.55,high
cam03__frame_00042.jpg,156,421.94,228.82,453.41,251.55,high
cam03__frame_00042.jpg,157,424.55,219.78,452.79,239.46,high
cam03__frame_00042.jpg,158,421.04,204.45,457.39,230.55,high
cam03__frame_00042.jpg,159,426.32,171.89,476.95,222.52,low
cam03__frame_00042.jpg,160,622.68,136.5,639.0,199.73,high
cam03__frame_00042.jpg,161,596.82,117.06,620.98,194.63,medium
cam03__frame_00042.jpg,162,570.54,119.04,595.62,174.9,medium
cam03__frame_00042.jpg,163,548.72,133.87,574.57,163.91,low
cam03__frame_00042.jpg,164,552.92,113.38,573.35,136.72,low
cam03__frame_00042.jpg,165,534.2,115.74,555.77,148.65,medium
cam03__frame_00042.jpg,166,536.59,94.9,552.5,117.55,high
cam03__frame_00042.jpg,167,524.79,127.47,536.66,140.94,medium
cam03__frame_00042.jpg,168,525.17,115.58,537.98,128.99,medium
cam03__frame_00042.jpg,169,525.93,105.24,537.97,116.83,medium
cam03__frame_00042.jpg,170,526.69,70.94,535.76,106.21,high
cam03__frame_00042.jpg,171,511.53,122.41,526.62,137.07,medium
cam03__frame_00042.jpg,172,513.59,112.38,526.85,123.82,medium
cam03__frame_00042.jpg,173,515.58,100.98,526.74,113.67,high
cam03__frame_00042.jpg,174,491.0,104.43,515.03,127.75,medium
cam03__frame_00042.jpg,175,479.3,89.8,491.92,120.86,medium
cam03__frame_00042.jpg,176,469.74,98.36,479.29,116.01,high
cam03__frame_00042.jpg,177,461.39,94.62,470.16,112.14,high
cam03__frame_00042.jpg,178,451.81,89.41,461.67,106.11,medium
cam03__frame_00042.jpg,179,434.01,41.28,449.62,99.87,medium
cam03__frame_00042.jpg,180,420.05,45.61,434.01,94.62,medium
cam03__frame_00042.jpg,181,404.09,379.86,454.0,429.79,medium
cam03__frame_00042.jpg,182,392.59,419.54,402.54,429.25,high
cam03__frame_00042.jpg,183,392.24,415.88,403.13,426.5,high
cam03__frame_00042.jpg,184,392.95,413.04,403.84,423.67,high
cam03__frame_00042.jpg,185,393.11,401.65,412.24,420.78,low
