image_name,box_index,xtl,ytl,xbr,ybr,occlusion_level
cam09__frame_00000.jpg,0,559.63,431.26,609.96,531.67,low
cam09__frame_00000.jpg,1,604.4,475.87,639.61,568.47,low
cam09__frame_00000.jpg,2,368.46,186.09,377.06,191.7,medium
cam09__frame_00000.jpg,3,368.21,180.08,376.81,186.3,medium
cam09__frame_00000.jpg,4,368.21,173.6,376.81,179.93,medium
cam09__frame_00000.jpg,5,368.14,168.17,376.75,174.28,medium
cam09__frame_00000.jpg,6,377.6,200.84,392.29,209.18,low
cam09__frame_00000.jpg,7,76.1,317.48,85.41,337.21,high
cam09__frame_00000.jpg,8,14.17,315.23,23.05,340.61,high
cam09__frame_00000.jpg,9,22.73,314.92,30.66,358.7,medium
cam09__frame_00000.jpg,10,30.66,314.28,39.55,358.7,medium
cam09__frame_00000.jpg,11,38.91,332.68,46.21,359.97,high
cam09__frame_00000.jpg,12,47.48,312.38,57.95,355.52,high
cam09__frame_00000.jpg,13,57.0,333.8,73.26,354.88,medium
cam09__frame_00000.jpg,14,48.25,355.82,55.23,377.11,high
cam09__frame_00000.jpg,15,57.43,355.4,70.28,375.27,medium
cam09__frame_00000.jpg,16,3.69,338.97,24.18,366.06,high
cam09__frame_00000.jpg,17,11.47,363.6,22.28,390.09,medium
cam09__frame_00000.jpg,18,24.25,367.5,34.08,390.09,medium
cam09__frame_00000.jpg,19,34.6,358.64,48.33,395.0,low
cam09__frame_00000.jpg,20,8.52,400.9,14.91,427.93,high
cam09__frame_00000.jpg,21,0.17,379.28,11.47,454.46,high
cam09__frame_00000.jpg,22,148.9,266.06,157.67,312.4,high
cam09__frame_00000.jpg,23,133.82,283.6,150.27,327.2,medium
cam09__frame_00000.jpg,24,128.63,302.6,134.66,333.89,high
cam09__frame_00000.jpg,25,121.5,319.63,127.81,334.71,high
cam09__frame_00000.jpg,26,359.54,207.61,376.85,261.61,medium
cam09__frame_00000.jpg,27,301.96,208.28,335.96,230.5,medium
cam09__frame_00000.jpg,28,274.92,199.4,301.19,224.31,medium
cam09__frame_00000.jpg,29,252.71,203.26,274.15,225.86,medium
cam09__frame_00000.jpg,30,218.13,191.09,250.97,222.38,medium
cam09__frame_00000.jpg,31,275.89,219.87,302.74,236.48,high
cam09__frame_00000.jpg,32,234.4,222.54,253.59,231.38,high
cam09__frame_00000.jpg,33,218.71,223.31,233.4,234.43,high
cam09__frame_00000.jpg,34,197.2,229.52,216.64,238.31,high
cam09__frame_00000.jpg,35,217.52,245.25,243.85,269.19,high
cam09__frame_00000.jpg,36,304.28,230.89,342.58,237.77,high
cam09__frame_00000.jpg,37,190.16,242.75,216.82,250.67,high
cam09__frame_00000.jpg,38,182.89,250.71,218.2,264.9,medium
cam09__frame_00000.jpg,39,275.67,237.21,306.47,248.94,high
cam09__frame_00000.jpg,40,309.94,237.9,343.17,246.52,medium
cam09__frame_00000.jpg,41,309.9,246.55,346.28,260.75,medium
cam09__frame_00000.jpg,42,331.74,260.4,360.13,266.63,high
cam09__frame_00000.jpg,43,334.11,266.1,374.86,303.1,medium
cam09__frame_00000.jpg,44,338.4,304.19,393.09,328.32,medium
cam09__frame_00000.jpg,45,366.3,349.23,417.22,392.13,medium
cam09__frame_00000.jpg,46,378.1,192.49,392.79,200.84,low
cam09__frame_00000.jpg,47,378.43,184.31,393.12,192.66,low
cam09__frame_00000.jpg,48,111.91,330.6,118.21,356.38,high
cam09__frame_00000.jpg,49,96.83,335.81,106.42,345.96,high
cam09__frame_00000.jpg,50,378.93,175.96,393.63,184.31,low
cam09__frame_00000.jpg,51,379.1,167.29,393.79,175.63,low
cam09__frame_00000.jpg,52,395.95,208.16,399.98,216.87,high
cam09__frame_00000.jpg,53,396.1,199.07,400.12,207.78,high
cam09__frame_00000.jpg,54,396.1,190.56,400.12,199.27,high
cam09__frame_00000.jpg,55,396.24,181.61,400.27,190.33,high
cam09__frame_00000.jpg,56,396.53,173.1,400.55,181.81,high
cam09__frame_00000.jpg,57,399.85,217.83,403.87,225.0,high
cam09__frame_00000.jpg,58,400.14,209.6,404.16,217.5,high
cam09__frame_00000.jpg,59,400.28,201.67,404.31,209.8,high
cam09__frame_00000.jpg,60,400.28,193.3,404.31,201.7,high
cam09__frame_00000.jpg,61,400.16,184.67,404.18,193.39,high
cam09__frame_00000.jpg,62,400.38,174.62,404.18,184.45,high
cam09__frame_00000.jpg,63,403.89,221.62,418.85,228.82,low
cam09__frame_00000.jpg,64,404.19,213.84,419.15,221.04,low
cam09__frame_00000.jpg,65,404.2,206.66,420.05,213.86,low
cam09__frame_00000.jpg,66,404.49,200.08,419.45,206.7,low
cam09__frame_00000.jpg,67,404.78,192.9,419.74,200.1,low
cam09__frame_00000.jpg,68,404.78,186.02,420.04,193.2,low
cam09__frame_00000.jpg,69,404.5,177.04,420.64,186.31,low
cam09__frame_00000.jpg,70,449.24,174.51,461.35,184.24,high
cam09__frame_00000.jpg,71,425.74,238.27,435.26,246.0,medium
cam09__frame_00000.jpg,72,422.15,231.21,436.61,239.97,medium
cam09__frame_00000.jpg,73,422.31,225.2,436.77,233.96,medium
cam09__frame_00000.jpg,74,423.15,218.85,437.61,227.62,medium
cam09__frame_00000.jpg,75,424.06,212.46,438.52,221.23,medium
cam09__frame_00000.jpg,76,425.6,205.75,440.12,214.86,medium
cam09__frame_00000.jpg,77,440.7,208.0,465.74,213.34,medium
cam09__frame_00000.jpg,78,439.87,200.99,465.58,207.83,medium
cam09__frame_00000.jpg,79,443.87,194.48,465.24,201.16,medium
cam09__frame_00000.jpg,80,436.16,244.05,453.5,253.9,low
cam09__frame_00000.jpg,81,436.23,236.13,454.39,245.59,low
cam09__frame_00000.jpg,82,436.63,228.33,454.62,237.77,low
cam09__frame_00000.jpg,83,437.14,220.34,454.42,229.7,low
cam09__frame_00000.jpg,84,438.83,212.32,455.76,222.1,low
cam09__frame_00000.jpg,85,451.64,251.73,465.46,264.4,high
cam09__frame_00000.jpg,86,465.26,236.71,466.99,266.29,high
cam09__frame_00000.jpg,87,464.68,226.37,469.87,236.65,high
cam09__frame_00000.jpg,88,464.97,217.0,470.16,226.1,high
cam09__frame_00000.jpg,89,465.41,206.32,470.59,216.6,high
cam09__frame_00000.jpg,90,465.8,196.16,470.98,206.44,high
cam09__frame_00000.jpg,91,473.22,185.88,479.25,191.47,high
cam09__frame_00000.jpg,92,466.07,185.21,471.43,194.37,high
cam09__frame_00000.jpg,93,472.11,203.3,490.0,210.68,medium
cam09__frame_00000.jpg,94,473.0,211.4,490.88,220.29,low
cam09__frame_00000.jpg,95,471.7,220.3,490.9,230.35,low
cam09__frame_00000.jpg,96,472.1,231.02,489.98,241.75,low
cam09__frame_00000.jpg,97,469.92,241.96,480.93,271.41,low
cam09__frame_00000.jpg,98,480.93,241.95,485.33,274.44,low
cam09__frame_00000.jpg,99,484.51,244.71,489.19,274.16,low
cam09__frame_00000.jpg,100,492.91,287.5,510.23,302.97,low
cam09__frame_00000.jpg,101,508.44,294.63,530.54,314.63,high
cam09__frame_00000.jpg,102,509.99,282.62,532.08,302.6,high
cam09__frame_00000.jpg,103,514.1,265.26,561.52,297.39,low
cam09__frame_00000.jpg,104,529.88,308.01,550.68,327.84,medium
cam09__frame_00000.jpg,105,531.38,294.1,553.49,315.98,high
cam09__frame_00000.jpg,106,563.3,346.65,586.34,363.44,medium
cam09__frame_00000.jpg,107,564.87,328.79,609.3,345.59,low
cam09__frame_00000.jpg,108,565.6,313.2,610.02,330.0,low
cam09__frame_00000.jpg,109,557.73,274.38,599.03,316.81,low
cam09__frame_00000.jpg,110,586.6,351.44,632.72,392.16,low
cam09__frame_00000.jpg,111,480.03,186.64,525.99,208.21,medium
cam09__frame_00000.jpg,112,481.02,182.19,526.46,202.41,medium
cam09__frame_00000.jpg,113,481.21,178.26,527.77,198.89,medium
cam09__frame_00000.jpg,114,482.73,172.69,528.88,194.76,medium
cam09__frame_00000.jpg,115,483.62,166.25,530.17,189.4,medium
cam09__frame_00000.jpg,116,526.53,205.33,563.61,228.19,medium
cam09__frame_00000.jpg,117,528.55,197.3,562.98,217.85,medium
cam09__frame_00000.jpg,118,528.78,188.8,561.43,208.54,medium
cam09__frame_00000.jpg,119,529.81,180.93,563.11,200.95,medium
cam09__frame_00000.jpg,120,530.81,174.33,565.35,194.92,medium
cam09__frame_00000.jpg,121,531.74,167.42,568.7,189.11,medium
cam09__frame_00000.jpg,122,534.01,160.05,573.08,182.69,medium
cam09__frame_00000.jpg,123,558.86,228.4,601.97,247.83,low
cam09__frame_00000.jpg,124,558.35,223.38,604.15,242.91,low
cam09__frame_00000.jpg,125,559.63,217.88,606.55,238.33,low
cam09__frame_00000.jpg,126,560.03,211.51,606.37,232.57,low
cam09__frame_00000.jpg,127,558.74,204.11,607.87,226.14,low
cam09__frame_00000.jpg,128,560.2,196.98,607.75,218.46,low
cam09__frame_00000.jpg,129,562.31,191.43,607.13,211.99,low
cam09__frame_00000.jpg,130,564.42,185.88,609.4,206.59,low
cam09__frame_00000.jpg,131,606.6,241.62,612.43,246.26,high
cam09__frame_00000.jpg,132,607.21,236.6,611.85,241.43,high
cam09__frame_00000.jpg,133,607.4,229.45,616.48,235.83,medium
cam09__frame_00000.jpg,134,607.6,223.27,616.68,229.5,medium
cam09__frame_00000.jpg,135,607.98,218.25,617.06,223.66,medium
cam09__frame_00000.jpg,136,608.18,212.65,617.45,218.64,medium
cam09__frame_00000.jpg,137,608.3,206.24,617.7,212.72,medium
cam09__frame_00000.jpg,138,608.76,198.86,617.7,206.02,medium
cam09__frame_00000.jpg,139,573.24,182.09,615.34,201.9,low
cam09__frame_00000.jpg,140,574.15,174.43,619.4,195.68,low
cam09__frame_00000.jpg,141,612.18,235.85,640.0,269.97,low
cam09__frame_00000.jpg,142,119.39,160.1,125.08,171.48,low
cam09__frame_00000.jpg,143,118.7,172.22,124.39,183.6,low
cam09__frame_00000.jpg,144,119.04,183.3,124.73,194.67,low
cam09__frame_00000.jpg,145,125.62,159.41,131.31,170.79,low
cam09__frame_00000.jpg,146,124.58,171.53,130.27,182.9,low
cam09__frame_00000.jpg,147,124.93,183.3,130.62,194.67,low
cam09__frame_00000.jpg,148,131.16,182.6,136.85,193.98,low
cam09__frame_00000.jpg,149,131.09,171.14,136.78,182.52,low
cam09__frame_00000.jpg,150,137.15,182.32,142.84,193.7,low
cam09__frame_00000.jpg,151,137.41,171.21,143.1,182.58,low
cam09__frame_00000.jpg,152,99.9,175.4,107.2,188.84,low
cam09__frame_00000.jpg,153,100.38,188.7,107.71,203.49,low
cam09__frame_00000.jpg,154,107.5,176.3,115.29,189.26,low
cam09__frame_00000.jpg,155,107.69,188.88,115.02,203.67,low
cam09__frame_00000.jpg,156,95.47,187.9,100.03,203.98,medium
cam09__frame_00000.jpg,157,95.23,203.98,100.03,219.55,medium
cam09__frame_00000.jpg,158,70.3,188.3,77.26,204.58,high
cam09__frame_00000.jpg,159,69.6,203.74,76.79,223.14,high
cam09__frame_00000.jpg,160,79.1,170.1,88.75,189.29,low
cam09__frame_00000.jpg,161,77.94,188.88,87.15,203.7,low
cam09__frame_00000.jpg,162,77.54,204.5,87.15,222.13,low
cam09__frame_00000.jpg,163,87.95,188.08,94.76,203.3,low
cam09__frame_00000.jpg,164,87.15,204.5,95.16,220.12,low
cam09__frame_00000.jpg,165,496.36,409.16,521.59,428.57,medium
cam09__frame_00000.jpg,166,42.8,509.0,116.72,637.71,low
cam09__frame_00000.jpg,167,112.56,608.65,172.36,638.54,low
cam09__frame_00000.jpg,168,119.21,587.88,175.69,609.48,medium
cam09__frame_00000.jpg,169,125.02,573.76,148.28,586.8,high
cam09__frame_00000.jpg,170,113.75,447.08,212.15,591.2,low
cam09__frame_00000.jpg,171,194.56,478.4,267.86,640.0,low
cam09__frame_00000.jpg,172,200.8,541.8,262.42,589.56,low
cam09__frame_00000.jpg,173,205.05,512.34,254.91,542.37,low
cam09__frame_00000.jpg,174,71.02,464.67,129.17,515.64,medium
cam09__frame_00000.jpg,175,101.9,445.3,150.7,465.39,medium
cam09__frame_00000.jpg,176,110.5,418.02,157.16,443.86,medium
cam09__frame_00000.jpg,177,119.12,396.48,157.88,419.45,medium
cam09__frame_00000.jpg,178,120.81,373.81,163.06,396.71,medium
cam09__frame_00000.jpg,179,129.05,355.78,172.72,375.55,medium
cam09__frame_00000.jpg,180,142.2,343.2,178.2,356.45,medium
cam09__frame_00000.jpg,181,149.0,330.24,181.16,342.61,medium
cam09__frame_00000.jpg,182,154.57,316.57,184.67,330.05,medium
cam09__frame_00000.jpg,183,270.11,539.5,308.22,627.61,low
cam09__frame_00000.jpg,184,272.49,606.97,300.28,640.0,high
cam09__frame_00000.jpg,185,300.28,563.3,322.51,640.0,high
cam09__frame_00000.jpg,186,322.51,598.24,351.09,640.0,high
cam09__frame_00000.jpg,187,347.92,584.7,429.69,640.0,high
cam09__frame_00000.jpg,188,316.16,437.1,418.57,588.71,low
cam09__frame_00000.jpg,189,436.8,587.1,492.4,638.73,medium
cam09__frame_00000.jpg,190,494.64,588.71,539.9,640.0,high
cam09__frame_00000.jpg,191,435.0,423.32,552.7,572.4,low
cam09__frame_00000.jpg,192,489.29,417.01,578.23,545.09,medium
cam09__frame_00000.jpg,193,269.4,460.77,312.28,542.05,low
cam09__frame_00000.jpg,194,167.18,438.76,198.1,475.48,high
cam09__frame_00000.jpg,195,200.0,436.18,233.53,478.05,high
cam09__frame_00000.jpg,196,222.45,392.17,293.33,479.56,medium
cam09__frame_00000.jpg,197,274.47,405.88,312.4,449.74,high
cam09__frame_00000.jpg,198,167.18,391.09,198.1,436.18,medium
cam09__frame_00000.jpg,199,304.4,322.17,364.94,437.47,low
cam09__frame_00000.jpg,200,368.8,393.67,431.93,428.52,medium
cam09__frame_00000.jpg,201,174.4,343.03,222.97,393.55,medium
cam09__frame_00000.jpg,202,231.63,357.46,270.61,399.33,medium
cam09__frame_00000.jpg,203,269.65,356.98,297.07,388.26,medium
cam09__frame_00000.jpg,204,272.53,386.33,300.92,402.21,high
cam09__frame_00000.jpg,205,163.31,292.53,218.63,319.97,medium
cam09__frame_00000.jpg,206,219.61,269.6,255.56,325.65,low
cam09__frame_00000.jpg,207,223.21,325.65,256.99,335.35,high
cam09__frame_00000.jpg,208,260.59,304.44,277.48,343.62,low
cam09__frame_00000.jpg,209,294.4,271.01,331.79,371.7,medium
cam09__frame_00000.jpg,210,283.27,305.16,295.13,315.94,high
cam09__frame_00000.jpg,211,275.82,301.89,282.26,315.58,high
cam09__frame_00000.jpg,212,176.13,264.57,216.51,294.08,medium
cam09__frame_00000.jpg,213,255.65,294.39,274.29,304.64,high
cam09__frame_00000.jpg,214,254.41,279.79,274.6,294.9,medium
cam09__frame_00000.jpg,215,243.81,259.12,273.7,276.8,medium
cam09__frame_00000.jpg,216,244.27,231.81,275.42,258.81,low
cam09__frame_00000.jpg,217,281.4,248.6,305.9,303.48,medium
cam09__frame_00000.jpg,218,31.72,178.81,39.68,204.08,low
cam09__frame_00000.jpg,219,43.0,230.53,55.5,255.78,medium
cam09__frame_00000.jpg,220,34.07,204.83,41.66,230.08,low
cam09__frame_00000.jpg,221,35.85,229.63,43.45,254.89,low
cam09__frame_00000.jpg,222,27.14,230.53,34.74,255.78,low
cam09__frame_00000.jpg,223,26.02,205.27,33.62,230.53,low
cam09__frame_00000.jpg,224,19.09,231.31,26.69,256.57,low
cam09__frame_00000.jpg,225,18.64,207.62,25.79,231.98,low
cam09__frame_00000.jpg,226,0.92,243.04,14.5,272.68,low
cam09__frame_00000.jpg,227,131.44,215.75,142.81,228.62,medium
cam09__frame_00000.jpg,228,139.1,232.2,142.51,248.96,medium
cam09__frame_00000.jpg,229,160.29,218.3,167.47,233.26,medium
cam09__frame_00000.jpg,230,120.19,243.14,128.2,257.17,medium
cam09__frame_00000.jpg,231,120.5,256.85,128.85,270.47,medium
cam09__frame_00000.jpg,232,110.0,228.41,115.95,260.73,medium
cam09__frame_00000.jpg,233,111.81,263.06,120.34,273.14,medium
cam09__frame_00000.jpg,234,97.18,240.04,104.1,264.97,high
cam09__frame_00000.jpg,235,85.06,250.08,91.29,280.55,high
cam09__frame_00000.jpg,236,90.26,263.93,97.87,296.82,medium
cam09__frame_00000.jpg,237,96.83,263.93,103.06,294.74,medium
cam09__frame_00000.jpg,238,102.03,279.51,108.95,295.09,medium
cam09__frame_00000.jpg,239,60.51,271.2,70.59,295.7,high
cam09__frame_00000.jpg,240,81.19,283.1,89.47,318.78,high
cam09__frame_00000.jpg,241,46.2,285.83,50.42,303.8,high
cam09__frame_00000.jpg,242,41.14,287.57,46.36,302.6,high
cam09__frame_00000.jpg,243,59.07,304.73,66.0,333.78,high
cam09__frame_00000.jpg,244,66.02,299.83,71.56,332.02,high
cam09__frame_00000.jpg,245,102.86,346.5,113.28,376.39,low
cam09__frame_00000.jpg,246,90.25,368.99,97.1,380.5,high
cam09__frame_00000.jpg,247,79.36,359.49,96.07,378.39,medium
cam09__frame_00000.jpg,248,82.2,392.0,92.45,428.87,medium
cam09__frame_00000.jpg,249,70.6,402.6,80.84,447.19,medium
cam09__frame_00000.jpg,250,41.91,429.42,52.87,438.74,high
cam09__frame_00000.jpg,251,48.37,435.46,62.75,463.45,medium
cam09__frame_00000.jpg,252,34.27,450.0,50.79,481.21,medium
cam09__frame_00000.jpg,253,49.3,464.7,64.7,492.95,low
cam09__frame_00000.jpg,254,4.99,486.9,20.97,506.4,high
cam09__frame_00000.jpg,255,20.03,473.1,31.99,490.77,high
cam09__frame_00000.jpg,256,27.95,482.74,50.93,534.39,low
cam09__frame_00000.jpg,257,15.28,495.81,38.2,547.06,low
cam09__frame_00000.jpg,258,1.25,507.18,24.85,540.67,medium
cam09__frame_00000.jpg,259,0.49,541.44,27.13,570.36,high
cam09__frame_00000.jpg,260,2.02,596.24,14.19,637.9,high
cam09__frame_00000.jpg,261,382.51,289.2,390.58,303.22,high
cam09__frame_00000.jpg,262,390.58,304.07,397.37,321.06,high
cam09__frame_00000.jpg,263,397.53,309.4,404.51,327.16,high
cam09__frame_00000.jpg,264,404.64,314.23,413.81,350.2,high
cam09__frame_00000.jpg,265,416.04,343.69,427.54,370.42,high
cam09__frame_00000.jpg,266,427.36,357.14,435.51,386.35,high
cam09__frame_00000.jpg,267,434.9,365.18,443.42,387.5,high
cam09__frame_00000.jpg,268,440.2,377.38,454.0,416.42,medium
cam09__frame_00000.jpg,269,456.43,398.52,468.63,424.55,high
cam09__frame_00000.jpg,270,477.58,405.84,493.03,424.55,high
cam09__frame_00000.jpg,271,561.02,547.14,594.71,573.83,high
cam09__frame_00000.jpg,272,558.92,582.34,578.4,614.1,high
cam09__frame_00000.jpg,273,579.2,570.14,618.29,640.0,medium
cam09__frame_00000.jpg,274,398.28,251.01,402.2,259.89,high
cam09__frame_00000.jpg,275,402.56,252.52,406.48,261.4,medium
cam09__frame_00000.jpg,276,406.85,252.52,410.77,261.4,medium
cam09__frame_00000.jpg,277,406.31,242.84,410.23,251.73,medium
cam09__frame_00000.jpg,278,401.95,242.63,405.87,251.51,medium
cam09__frame_00000.jpg,279,397.6,241.54,401.52,250.42,medium
cam09__frame_00000.jpg,280,406.53,234.4,410.45,242.8,medium
cam09__frame_00000.jpg,281,402.17,233.48,406.09,242.36,medium
cam09__frame_00000.jpg,282,398.03,232.92,401.95,241.8,medium
cam09__frame_00000.jpg,283,386.71,244.9,390.19,259.49,medium
cam09__frame_00000.jpg,284,381.89,244.68,386.26,258.39,medium
cam09__frame_00000.jpg,285,393.26,254.6,399.09,270.93,high
cam09__frame_00000.jpg,286,421.56,282.04,431.68,291.82,medium
cam09__frame_00000.jpg,287,419.87,274.6,432.02,281.03,low
cam09__frame_00000.jpg,288,432.1,288.0,451.85,296.37,medium
cam09__frame_00000.jpg,289,433.77,278.99,449.17,288.4,medium
cam09__frame_00000.jpg,290,433.29,271.49,449.81,279.0,medium
cam09__frame_00000.jpg,291,433.89,264.88,449.21,272.09,high
cam09__frame_00000.jpg,292,432.84,297.83,462.87,340.18,medium
cam09__frame_00000.jpg,293,452.95,271.79,466.86,313.15,high
cam09__frame_00000.jpg,294,463.97,336.95,477.87,367.19,medium
cam09__frame_00000.jpg,295,465.41,309.75,476.73,336.36,high
cam09__frame_00000.jpg,296,476.56,357.39,494.19,372.65,high
cam09__frame_00000.jpg,297,480.53,329.1,494.33,358.36,medium
cam09__frame_00000.jpg,298,494.55,344.9,508.45,371.36,medium
cam09__frame_00000.jpg,299,491.77,371.7,507.41,400.2,medium
cam09__frame_00000.jpg,300,507.76,374.14,529.65,412.41,low
cam09__frame_00000.jpg,301,558.84,465.03,565.34,480.96,high
cam09__frame_00000.jpg,302,552.56,462.79,558.84,476.03,high
cam09__frame_00000.jpg,303,559.74,448.66,566.47,464.58,high
cam09__frame_00000.jpg,304,553.68,447.76,559.29,462.34,high
cam09__frame_00000.jpg,305,559.47,433.86,565.72,445.48,high
cam09__frame_00000.jpg,306,553.34,437.69,559.34,447.14,high
cam09__frame_00000.jpg,307,557.84,421.43,561.8,434.09,high
cam09__frame_00000.jpg,308,565.74,433.1,571.0,446.82,high
cam09__frame_00000.jpg,309,561.71,418.17,569.06,432.87,high
cam09__frame_00000.jpg,310,569.2,419.19,574.36,432.69,high
cam09__frame_00000.jpg,311,571.08,404.21,577.16,412.68,high
cam09__frame_00000.jpg,312,572.4,395.48,577.69,404.21,high
cam09__frame_00000.jpg,313,549.36,437.94,553.29,449.22,high
cam09__frame_00000.jpg,314,548.3,422.73,557.56,437.43,high
cam09__frame_00000.jpg,315,520.22,426.4,549.79,453.22,medium
cam09__frame_00000.jpg,316,526.52,415.6,550.33,435.65,medium
cam09__frame_00000.jpg,317,531.2,396.12,558.3,417.3,low
cam09__frame_00002.jpg,0,41.91,429.42,52.87,438.74,high
cam09__frame_00002.jpg,1,480.03,186.64,525.99,208.21,medium
cam09__frame_00002.jpg,2,534.01,160.05,573.08,182.69,medium
cam09__frame_00002.jpg,3,531.74,167.42,568.7,189.11,medium
cam09__frame_00002.jpg,4,530.81,174.33,565.35,194.92,medium
cam09__frame_00002.jpg,5,529.81,180.93,563.11,200.95,medium
cam09__frame_00002.jpg,6,528.78,188.8,561.43,208.54,medium
cam09__frame_00002.jpg,7,528.55,197.3,562.98,217.85,medium
cam09__frame_00002.jpg,8,526.53,205.33,563.61,228.19,medium
cam09__frame_00002.jpg,9,574.15,174.43,619.4,195.68,low
cam09__frame_00002.jpg,10,573.24,182.09,615.34,201.9,low
cam09__frame_00002.jpg,11,564.42,185.88,609.4,206.59,low
cam09__frame_00002.jpg,12,562.31,191.43,607.13,211.99,low
cam09__frame_00002.jpg,13,560.2,196.98,607.75,218.46,low
cam09__frame_00002.jpg,14,558.74,204.11,607.87,226.14,low
cam09__frame_00002.jpg,15,560.03,211.51,606.37,232.57,low
cam09__frame_00002.jpg,16,558.35,223.38,604.15,242.91,low
cam09__frame_00002.jpg,17,558.86,228.4,601.97,247.83,low
cam09__frame_00002.jpg,18,608.76,198.86,617.7,206.02,medium
cam09__frame_00002.jpg,19,608.3,206.24,617.7,212.72,medium
cam09__frame_00002.jpg,20,608.18,212.65,617.45,218.64,medium
cam09__frame_00002.jpg,21,607.98,218.25,617.06,223.66,medium
cam09__frame_00002.jpg,22,607.6,223.27,616.68,229.5,medium
cam09__frame_00002.jpg,23,607.4,229.45,616.48,235.83,medium
cam09__frame_00002.jpg,24,607.21,236.6,611.85,241.43,high
cam09__frame_00002.jpg,25,606.6,241.62,612.43,246.26,high
cam09__frame_00002.jpg,26,612.18,235.85,640.0,269.97,low
cam09__frame_00002.jpg,27,492.91,287.5,510.23,302.97,low
cam09__frame_00002.jpg,28,514.1,265.26,561.52,297.39,low
cam09__frame_00002.jpg,29,509.99,282.62,532.08,302.6,high
cam09__frame_00002.jpg,30,508.44,294.63,530.54,314.63,high
cam09__frame_00002.jpg,31,531.38,294.1,553.49,315.98,high
cam09__frame_00002.jpg,32,529.88,308.01,550.68,327.84,medium
cam09__frame_00002.jpg,33,557.73,274.38,599.03,316.81,low
cam09__frame_00002.jpg,34,565.6,313.2,610.02,330.0,low
cam09__frame_00002.jpg,35,564.87,328.79,609.3,345.59,low
cam09__frame_00002.jpg,36,563.3,346.65,586.34,363.44,medium
cam09__frame_00002.jpg,37,586.6,351.44,632.72,392.16,low
cam09__frame_00002.jpg,38,381.89,244.68,386.26,258.39,medium
cam09__frame_00002.jpg,39,386.71,244.9,390.19,259.49,medium
cam09__frame_00002.jpg,40,393.26,254.6,399.09,270.93,high
cam09__frame_00002.jpg,41,398.03,232.92,401.95,241.8,medium
cam09__frame_00002.jpg,42,397.6,241.54,401.52,250.42,medium
cam09__frame_00002.jpg,43,398.28,251.01,402.2,259.89,high
cam09__frame_00002.jpg,44,402.17,233.48,406.09,242.36,medium
cam09__frame_00002.jpg,45,401.95,242.63,405.87,251.51,medium
cam09__frame_00002.jpg,46,402.56,252.52,406.48,261.4,medium
cam09__frame_00002.jpg,47,406.53,234.4,410.45,242.8,medium
cam09__frame_00002.jpg,48,406.31,242.84,410.23,251.73,medium
cam09__frame_00002.jpg,49,406.85,252.52,410.77,261.4,medium
cam09__frame_00002.jpg,50,419.87,274.6,432.02,281.03,low
cam09__frame_00002.jpg,51,421.56,282.04,431.68,291.82,medium
cam09__frame_00002.jpg,52,433.89,264.88,449.21,272.09,high
cam09__frame_00002.jpg,53,433.29,271.49,449.81,279.0,medium
cam09__frame_00002.jpg,54,433.77,278.99,449.17,288.4,medium
cam09__frame_00002.jpg,55,432.1,288.0,451.85,296.37,medium
cam09__frame_00002.jpg,56,452.95,271.79,466.86,313.15,high
cam09__frame_00002.jpg,57,432.84,297.83,462.87,340.18,medium
cam09__frame_00002.jpg,58,465.41,309.75,476.73,336.36,high
cam09__frame_00002.jpg,59,463.97,336.95,477.87,367.19,medium
cam09__frame_00002.jpg,60,480.53,329.1,494.33,358.36,medium
cam09__frame_00002.jpg,61,476.56,357.39,494.19,372.65,high
cam09__frame_00002.jpg,62,494.55,344.9,508.45,371.36,medium
cam09__frame_00002.jpg,63,491.77,371.7,507.41,400.2,medium
cam09__frame_00002.jpg,64,507.76,374.14,529.65,412.41,low
cam09__frame_00002.jpg,65,497.09,409.54,521.59,428.55,medium
cam09__frame_00002.jpg,66,531.2,396.12,558.3,417.3,low
cam09__frame_00002.jpg,67,526.52,415.6,550.33,435.65,medium
cam09__frame_00002.jpg,68,520.22,426.4,549.79,453.22,medium
cam09__frame_00002.jpg,69,572.4,395.48,577.69,404.21,high
cam09__frame_00002.jpg,70,571.08,404.21,577.16,412.68,high
cam09__frame_00002.jpg,71,281.4,248.6,305.9,303.48,medium
cam09__frame_00002.jpg,72,244.27,231.81,275.42,258.81,low
cam09__frame_00002.jpg,73,243.81,259.12,273.7,276.8,medium
cam09__frame_00002.jpg,74,254.41,279.79,274.6,294.9,medium
cam09__frame_00002.jpg,75,255.65,294.39,274.29,304.64,high
cam09__frame_00002.jpg,76,176.13,264.57,216.51,294.08,medium
cam09__frame_00002.jpg,77,275.82,301.89,282.26,315.58,high
cam09__frame_00002.jpg,78,283.27,305.16,295.13,315.94,high
cam09__frame_00002.jpg,79,294.4,271.01,331.79,371.7,medium
cam09__frame_00002.jpg,80,260.59,304.44,277.48,343.62,low
cam09__frame_00002.jpg,81,223.21,325.65,256.99,335.35,high
cam09__frame_00002.jpg,82,219.61,269.6,255.56,325.65,low
cam09__frame_00002.jpg,83,163.31,292.53,218.63,319.97,medium
cam09__frame_00002.jpg,84,272.53,386.33,300.92,402.21,high
cam09__frame_00002.jpg,85,269.65,356.98,297.07,388.26,medium
cam09__frame_00002.jpg,86,231.63,357.46,270.61,399.33,medium
cam09__frame_00002.jpg,87,174.4,343.03,222.97,393.55,medium
cam09__frame_00002.jpg,88,368.8,393.67,431.93,428.52,medium
cam09__frame_00002.jpg,89,304.4,322.17,364.94,437.47,low
cam09__frame_00002.jpg,90,167.18,391.09,198.1,436.18,medium
cam09__frame_00002.jpg,91,274.47,405.88,312.4,449.74,high
cam09__frame_00002.jpg,92,222.45,392.17,293.33,479.56,medium
cam09__frame_00002.jpg,93,200.0,436.18,233.53,478.05,high
cam09__frame_00002.jpg,94,42.8,509.0,116.72,637.71,low
cam09__frame_00002.jpg,95,112.56,608.65,172.36,638.54,low
cam09__frame_00002.jpg,96,119.21,587.88,175.69,609.48,medium
cam09__frame_00002.jpg,97,125.02,573.76,148.28,586.8,high
cam09__frame_00002.jpg,98,113.75,447.08,212.15,591.2,low
cam09__frame_00002.jpg,99,194.56,478.4,267.86,640.0,low
cam09__frame_00002.jpg,100,200.8,541.8,262.42,589.56,low
cam09__frame_00002.jpg,101,205.05,512.34,254.91,542.37,low
cam09__frame_00002.jpg,102,71.02,464.67,129.17,515.64,medium
cam09__frame_00002.jpg,103,101.9,445.3,150.7,465.39,medium
cam09__frame_00002.jpg,104,110.5,418.02,157.16,443.86,medium
cam09__frame_00002.jpg,105,119.12,396.48,157.88,419.45,medium
cam09__frame_00002.jpg,106,120.81,373.81,163.06,396.71,medium
cam09__frame_00002.jpg,107,129.05,353.13,170.89,375.47,medium
cam09__frame_00002.jpg,108,142.2,343.2,178.2,356.45,medium
cam09__frame_00002.jpg,109,149.0,330.24,181.16,342.61,medium
cam09__frame_00002.jpg,110,154.57,316.57,184.67,330.05,medium
cam09__frame_00002.jpg,111,270.11,539.5,308.22,627.61,low
cam09__frame_00002.jpg,112,272.49,606.97,300.28,640.0,high
cam09__frame_00002.jpg,113,300.28,563.3,322.51,640.0,high
cam09__frame_00002.jpg,114,322.51,598.24,351.09,640.0,high
cam09__frame_00002.jpg,115,347.92,584.7,429.69,640.0,high
cam09__frame_00002.jpg,116,436.8,587.1,492.4,638.73,medium
cam09__frame_00002.jpg,117,494.64,588.71,539.9,640.0,high
cam09__frame_00002.jpg,118,432.23,416.42,549.94,565.5,low
cam09__frame_00002.jpg,119,269.4,460.77,312.28,542.05,low
cam09__frame_00002.jpg,120,167.18,438.76,198.1,475.48,high
cam09__frame_00002.jpg,121,359.54,207.61,376.85,261.61,medium
cam09__frame_00002.jpg,122,301.96,208.28,335.96,230.5,medium
cam09__frame_00002.jpg,123,274.92,199.4,301.19,224.31,medium
cam09__frame_00002.jpg,124,252.71,203.26,274.15,225.86,medium
cam09__frame_00002.jpg,125,218.13,191.09,250.97,222.38,medium
cam09__frame_00002.jpg,126,275.89,219.87,302.74,236.48,high
cam09__frame_00002.jpg,127,234.4,222.54,253.59,231.38,high
cam09__frame_00002.jpg,128,218.71,223.31,233.4,234.43,high
cam09__frame_00002.jpg,129,197.2,229.52,216.64,238.31,high
cam09__frame_00002.jpg,130,217.52,245.25,243.85,269.19,high
cam09__frame_00002.jpg,131,304.28,230.89,342.58,237.77,high
cam09__frame_00002.jpg,132,190.16,242.75,216.82,250.67,high
cam09__frame_00002.jpg,133,182.89,250.71,218.2,264.9,medium
cam09__frame_00002.jpg,134,275.67,237.21,306.47,248.94,high
cam09__frame_00002.jpg,135,309.94,237.9,343.17,246.52,medium
cam09__frame_00002.jpg,136,309.9,246.55,346.28,260.75,medium
cam09__frame_00002.jpg,137,331.74,260.4,360.13,266.63,high
cam09__frame_00002.jpg,138,334.11,266.1,374.86,303.1,medium
cam09__frame_00002.jpg,139,366.3,349.23,417.22,392.13,medium
cam09__frame_00002.jpg,140,489.28,415.17,582.55,546.96,medium
cam09__frame_00002.jpg,141,316.16,434.0,416.1,588.71,low
cam09__frame_00002.jpg,142,148.9,266.06,157.67,312.4,high
cam09__frame_00002.jpg,143,133.82,283.6,150.27,327.2,medium
cam09__frame_00002.jpg,144,128.63,302.6,134.66,333.89,high
cam09__frame_00002.jpg,145,121.5,319.63,127.81,334.71,high
cam09__frame_00002.jpg,146,111.91,330.6,118.21,356.38,high
cam09__frame_00002.jpg,147,102.86,346.5,113.28,376.39,low
cam09__frame_00002.jpg,148,96.83,335.81,106.42,345.96,high
cam09__frame_00002.jpg,149,90.25,368.99,97.1,380.5,high
cam09__frame_00002.jpg,150,79.36,359.49,96.07,378.39,medium
cam09__frame_00002.jpg,151,82.2,392.0,92.45,428.87,medium
cam09__frame_00002.jpg,152,70.6,402.6,80.84,447.19,medium
cam09__frame_00002.jpg,153,48.37,435.46,62.75,463.45,medium
cam09__frame_00002.jpg,154,481.02,182.19,526.46,202.41,medium
cam09__frame_00002.jpg,155,49.3,464.7,64.7,492.95,low
cam09__frame_00002.jpg,156,34.27,450.0,50.79,481.21,medium
cam09__frame_00002.jpg,157,20.03,473.1,31.99,490.77,high
cam09__frame_00002.jpg,158,4.99,486.9,20.97,506.4,high
cam09__frame_00002.jpg,159,27.95,482.74,50.93,534.39,low
cam09__frame_00002.jpg,160,15.28,495.81,38.2,547.06,low
cam09__frame_00002.jpg,161,1.25,507.18,24.85,540.67,medium
cam09__frame_00002.jpg,162,0.49,541.44,27.13,570.36,high
cam09__frame_00002.jpg,163,2.02,596.24,14.19,637.9,high
cam09__frame_00002.jpg,164,160.29,218.3,167.47,233.26,medium
cam09__frame_00002.jpg,165,131.44,215.75,142.81,228.62,medium
cam09__frame_00002.jpg,166,139.1,232.2,142.51,248.96,medium
cam09__frame_00002.jpg,167,120.19,243.14,128.2,257.17,medium
cam09__frame_00002.jpg,168,120.5,256.85,128.85,270.47,medium
cam09__frame_00002.jpg,169,110.0,228.41,115.95,260.73,medium
cam09__frame_00002.jpg,170,111.81,263.06,120.34,273.14,medium
cam09__frame_00002.jpg,171,102.03,279.51,108.95,295.09,medium
cam09__frame_00002.jpg,172,97.18,240.04,104.1,264.97,high
cam09__frame_00002.jpg,173,96.83,263.93,103.06,294.74,medium
cam09__frame_00002.jpg,174,90.26,263.93,97.87,296.82,medium
cam09__frame_00002.jpg,175,85.06,250.08,91.29,280.55,high
cam09__frame_00002.jpg,176,60.51,271.2,70.59,295.7,high
cam09__frame_00002.jpg,177,46.2,285.83,50.42,303.8,high
cam09__frame_00002.jpg,178,41.14,287.57,46.36,302.6,high
cam09__frame_00002.jpg,179,81.19,283.1,89.47,318.78,high
cam09__frame_00002.jpg,180,76.1,317.48,85.41,337.21,high
cam09__frame_00002.jpg,181,66.02,299.83,71.56,332.02,high
cam09__frame_00002.jpg,182,59.07,304.73,66.0,333.78,high
cam09__frame_00002.jpg,183,57.0,333.8,73.26,354.88,medium
cam09__frame_00002.jpg,184,57.43,355.4,70.28,375.27,medium
cam09__frame_00002.jpg,185,47.48,312.38,57.95,355.52,high
cam09__frame_00002.jpg,186,48.25,355.82,55.23,377.11,high
cam09__frame_00002.jpg,187,38.91,332.68,46.21,359.97,high
cam09__frame_00002.jpg,188,30.66,314.28,39.55,358.7,medium
cam09__frame_00002.jpg,189,22.73,314.92,30.66,358.7,medium
cam09__frame_00002.jpg,190,14.17,315.23,23.05,340.61,high
cam09__frame_00002.jpg,191,34.6,358.64,48.33,395.0,low
cam09__frame_00002.jpg,192,24.25,367.5,34.08,390.09,medium
cam09__frame_00002.jpg,193,11.47,363.6,22.28,390.09,medium
cam09__frame_00002.jpg,194,3.69,338.97,24.18,366.06,high
cam09__frame_00002.jpg,195,8.52,400.9,14.91,427.93,high
cam09__frame_00002.jpg,196,0.17,379.28,11.47,454.46,high
cam09__frame_00002.jpg,197,137.15,182.32,142.84,193.7,low
cam09__frame_00002.jpg,198,137.41,171.21,143.1,182.58,low
cam09__frame_00002.jpg,199,131.16,182.6,136.85,193.98,low
cam09__frame_00002.jpg,200,131.09,171.14,136.78,182.52,low
cam09__frame_00002.jpg,201,124.93,183.3,130.62,194.67,low
cam09__frame_00002.jpg,202,124.58,171.53,130.27,182.9,low
cam09__frame_00002.jpg,203,125.62,159.41,131.31,170.79,low
cam09__frame_00002.jpg,204,119.04,183.3,124.73,194.67,low
cam09__frame_00002.jpg,205,118.7,172.22,124.39,183.6,low
cam09__frame_00002.jpg,206,119.39,160.1,125.08,171.48,low
cam09__frame_00002.jpg,207,107.69,188.88,115.02,203.67,low
cam09__frame_00002.jpg,208,107.5,176.3,115.29,189.26,low
cam09__frame_00002.jpg,209,100.38,188.7,107.71,203.49,low
cam09__frame_00002.jpg,210,99.9,175.4,107.2,188.84,low
cam09__frame_00002.jpg,211,95.23,203.98,100.03,219.55,medium
cam09__frame_00002.jpg,212,95.47,187.9,100.03,203.98,medium
cam09__frame_00002.jpg,213,87.15,204.5,95.16,220.12,low
cam09__frame_00002.jpg,214,87.95,188.08,94.76,203.3,low
cam09__frame_00002.jpg,215,77.54,204.5,87.15,222.13,low
cam09__frame_00002.jpg,216,77.94,188.88,87.15,203.7,low
cam09__frame_00002.jpg,217,79.1,170.1,88.75,189.29,low
cam09__frame_00002.jpg,218,69.6,203.74,76.79,223.14,high
cam09__frame_00002.jpg,219,70.3,188.3,77.26,204.58,high
cam09__frame_00002.jpg,220,31.72,178.81,39.68,204.08,low
cam09__frame_00002.jpg,221,43.0,230.53,55.5,255.78,medium
cam09__frame_00002.jpg,222,35.85,229.63,43.45,254.89,low
cam09__frame_00002.jpg,223,34.07,204.83,41.66,230.08,low
cam09__frame_00002.jpg,224,27.14,230.53,34.74,255.78,low
cam09__frame_00002.jpg,225,26.02,205.27,33.62,230.53,low
cam09__frame_00002.jpg,226,19.09,231.31,26.69,256.57,low
cam09__frame_00002.jpg,227,18.64,207.62,25.79,231.98,low
cam09__frame_00002.jpg,228,0.92,243.04,14.5,272.68,low
cam09__frame_00002.jpg,229,382.51,289.2,390.58,303.22,high
cam09__frame_00002.jpg,230,390.58,304.07,397.37,321.06,high
cam09__frame_00002.jpg,231,397.53,309.4,404.51,327.16,high
cam09__frame_00002.jpg,232,404.64,314.23,413.81,350.2,high
cam09__frame_00002.jpg,233,416.04,343.69,427.54,370.42,high
cam09__frame_00002.jpg,234,427.36,357.14,435.51,386.35,high
cam09__frame_00002.jpg,235,434.9,365.18,443.42,387.5,high
cam09__frame_00002.jpg,236,440.2,377.38,454.0,416.42,medium
cam09__frame_00002.jpg,237,456.43,398.52,468.63,424.55,high
cam09__frame_00002.jpg,238,477.58,405.84,493.03,424.55,high
cam09__frame_00002.jpg,239,561.02,547.14,594.71,573.83,high
cam09__frame_00002.jpg,240,558.92,582.34,578.4,614.1,high
cam09__frame_00002.jpg,241,579.2,570.14,618.29,640.0,medium
cam09__frame_00002.jpg,242,604.4,475.87,639.61,568.47,low
cam09__frame_00002.jpg,243,559.63,431.26,609.96,531.67,low
cam09__frame_00002.jpg,244,558.84,465.03,565.34,480.96,high
cam09__frame_00002.jpg,245,552.56,462.79,558.84,476.03,high
cam09__frame_00002.jpg,246,559.74,448.66,566.47,464.58,high
cam09__frame_00002.jpg,247,553.68,447.76,559.29,462.34,high
cam09__frame_00002.jpg,248,565.74,433.1,571.0,446.82,high
cam09__frame_00002.jpg,249,559.47,433.86,565.72,445.48,high
cam09__frame_00002.jpg,250,553.34,437.69,559.34,447.14,high
cam09__frame_00002.jpg,251,549.36,437.94,553.29,449.22,high
cam09__frame_00002.jpg,252,569.2,419.19,574.36,432.69,high
cam09__frame_00002.jpg,253,561.71,418.17,569.06,432.87,high
cam09__frame_00002.jpg,254,557.84,421.43,561.8,434.09,high
cam09__frame_00002.jpg,255,548.3,422.73,557.56,437.43,high
cam09__frame_00002.jpg,256,368.14,168.17,376.75,174.28,medium
cam09__frame_00002.jpg,257,368.21,173.6,376.81,179.93,medium
cam09__frame_00002.jpg,258,368.21,180.08,376.81,186.3,medium
cam09__frame_00002.jpg,259,368.46,186.09,377.06,191.7,medium
cam09__frame_00002.jpg,260,379.1,167.29,393.79,175.63,low
cam09__frame_00002.jpg,261,378.93,175.96,393.63,184.31,low
cam09__frame_00002.jpg,262,378.43,184.31,393.12,192.66,low
cam09__frame_00002.jpg,263,378.1,192.49,392.79,200.84,low
cam09__frame_00002.jpg,264,377.6,200.84,392.29,209.18,low
cam09__frame_00002.jpg,265,396.53,173.1,400.55,181.81,high
cam09__frame_00002.jpg,266,396.24,181.61,400.27,190.33,high
cam09__frame_00002.jpg,267,396.1,190.56,400.12,199.27,high
cam09__frame_00002.jpg,268,396.1,199.07,400.12,207.78,high
cam09__frame_00002.jpg,269,395.95,208.16,399.98,216.87,high
cam09__frame_00002.jpg,270,400.38,174.62,404.18,184.45,high
cam09__frame_00002.jpg,271,400.16,184.67,404.18,193.39,high
cam09__frame_00002.jpg,272,400.28,193.3,404.31,201.7,high
cam09__frame_00002.jpg,273,400.28,201.67,404.31,209.8,high
cam09__frame_00002.jpg,274,400.14,209.6,404.16,217.5,high
cam09__frame_00002.jpg,275,399.85,217.83,403.87,225.0,high
cam09__frame_00002.jpg,276,404.5,177.04,420.64,186.31,low
cam09__frame_00002.jpg,277,404.78,186.02,420.04,193.2,low
cam09__frame_00002.jpg,278,404.78,192.9,419.74,200.1,low
cam09__frame_00002.jpg,279,404.49,200.08,419.45,206.7,low
cam09__frame_00002.jpg,280,404.2,206.66,420.05,213.86,low
cam09__frame_00002.jpg,281,404.19,213.84,419.15,221.04,low
cam09__frame_00002.jpg,282,403.89,221.62,418.85,228.82,low
cam09__frame_00002.jpg,283,449.24,174.51,461.35,184.24,high
cam09__frame_00002.jpg,284,443.87,194.48,465.24,201.16,medium
cam09__frame_00002.jpg,285,439.87,200.99,465.58,207.83,medium
cam09__frame_00002.jpg,286,440.7,208.0,465.74,213.34,medium
cam09__frame_00002.jpg,287,425.6,205.75,440.12,214.86,medium
cam09__frame_00002.jpg,288,424.06,212.46,438.52,221.23,medium
cam09__frame_00002.jpg,289,423.15,218.85,437.61,227.62,medium
cam09__frame_00002.jpg,290,422.31,225.2,436.77,233.96,medium
cam09__frame_00002.jpg,291,422.15,231.21,436.61,239.97,medium
cam09__frame_00002.jpg,292,425.74,238.27,435.26,246.0,medium
cam09__frame_00002.jpg,293,438.83,212.32,455.76,222.1,low
cam09__frame_00002.jpg,294,437.14,220.34,454.42,229.7,low
cam09__frame_00002.jpg,295,436.63,228.33,454.62,237.77,low
cam09__frame_00002.jpg,296,436.23,236.13,454.39,245.59,low
cam09__frame_00002.jpg,297,436.16,244.05,453.5,253.9,low
cam09__frame_00002.jpg,298,466.07,185.21,471.43,194.37,high
cam09__frame_00002.jpg,299,465.8,196.16,470.98,206.44,high
cam09__frame_00002.jpg,300,465.41,206.32,470.59,216.6,high
cam09__frame_00002.jpg,301,464.97,217.0,470.16,226.1,high
cam09__frame_00002.jpg,302,464.68,226.37,469.87,236.65,high
cam09__frame_00002.jpg,303,465.26,236.71,466.99,266.29,high
cam09__frame_00002.jpg,304,451.64,251.73,465.46,264.4,high
cam09__frame_00002.jpg,305,472.11,203.3,490.0,210.68,medium
cam09__frame_00002.jpg,306,473.0,211.4,490.88,220.29,low
cam09__frame_00002.jpg,307,471.7,220.3,490.9,230.35,low
cam09__frame_00002.jpg,308,472.1,231.02,489.98,241.75,low
cam09__frame_00002.jpg,309,469.92,241.96,480.93,271.41,low
cam09__frame_00002.jpg,310,480.93,241.95,485.33,274.44,low
cam09__frame_00002.jpg,311,484.51,244.71,489.19,274.16,low
cam09__frame_00002.jpg,312,473.22,185.88,479.25,191.47,high
cam09__frame_00002.jpg,313,483.62,166.25,530.17,189.4,medium
cam09__frame_00002.jpg,314,482.73,172.69,528.88,194.76,medium
cam09__frame_00002.jpg,315,481.21,178.26,527.77,198.89,medium
cam09__frame_00005.jpg,0,275.82,301.89,282.26,315.58,high
cam09__frame_00005.jpg,1,283.27,305.16,295.13,315.94,high
cam09__frame_00005.jpg,2,294.4,271.01,331.79,371.7,medium
cam09__frame_00005.jpg,3,260.59,304.44,277.48,343.62,low
cam09__frame_00005.jpg,4,223.21,325.65,256.99,335.35,high
cam09__frame_00005.jpg,5,219.61,269.6,255.56,325.65,low
cam09__frame_00005.jpg,6,163.31,292.53,218.63,319.97,medium
cam09__frame_00005.jpg,7,272.53,386.33,300.92,402.21,high
cam09__frame_00005.jpg,8,269.65,356.98,297.07,388.26,medium
cam09__frame_00005.jpg,9,231.63,357.46,270.61,399.33,medium
cam09__frame_00005.jpg,10,174.4,343.03,222.97,393.55,medium
cam09__frame_00005.jpg,11,368.46,186.09,377.06,191.7,medium
cam09__frame_00005.jpg,12,379.1,167.29,393.79,175.63,low
cam09__frame_00005.jpg,13,378.93,175.96,393.63,184.31,low
cam09__frame_00005.jpg,14,378.43,184.31,393.12,192.66,low
cam09__frame_00005.jpg,15,378.1,192.49,392.79,200.84,low
cam09__frame_00005.jpg,16,377.6,200.84,392.29,209.18,low
cam09__frame_00005.jpg,17,396.53,173.1,400.55,181.81,high
cam09__frame_00005.jpg,18,396.24,181.61,400.27,190.33,high
cam09__frame_00005.jpg,19,396.1,190.56,400.12,199.27,high
cam09__frame_00005.jpg,20,396.1,199.07,400.12,207.78,high
cam09__frame_00005.jpg,21,395.95,208.16,399.98,216.87,high
cam09__frame_00005.jpg,22,400.38,174.62,404.18,184.45,high
cam09__frame_00005.jpg,23,400.16,184.67,404.18,193.39,high
cam09__frame_00005.jpg,24,400.28,193.3,404.31,201.7,high
cam09__frame_00005.jpg,25,400.28,201.67,404.31,209.8,high
cam09__frame_00005.jpg,26,400.14,209.6,404.16,217.5,high
cam09__frame_00005.jpg,27,399.85,217.83,403.87,225.0,high
cam09__frame_00005.jpg,28,404.5,177.04,420.64,186.31,low
cam09__frame_00005.jpg,29,404.78,186.02,420.04,193.2,low
cam09__frame_00005.jpg,30,404.78,192.9,419.74,200.1,low
cam09__frame_00005.jpg,31,404.49,200.08,419.45,206.7,low
cam09__frame_00005.jpg,32,404.2,206.66,420.05,213.86,low
cam09__frame_00005.jpg,33,404.19,213.84,419.15,221.04,low
cam09__frame_00005.jpg,34,403.89,221.62,418.85,228.82,low
cam09__frame_00005.jpg,35,449.24,174.51,461.35,184.24,high
cam09__frame_00005.jpg,36,443.87,194.48,465.24,201.16,medium
cam09__frame_00005.jpg,37,439.87,200.99,465.58,207.83,medium
cam09__frame_00005.jpg,38,440.7,208.0,465.74,213.34,medium
cam09__frame_00005.jpg,39,425.6,205.75,440.12,214.86,medium
cam09__frame_00005.jpg,40,424.06,212.46,438.52,221.23,medium
cam09__frame_00005.jpg,41,423.15,218.85,437.61,227.62,medium
cam09__frame_00005.jpg,42,422.31,225.2,436.77,233.96,medium
cam09__frame_00005.jpg,43,422.15,231.21,436.61,239.97,medium
cam09__frame_00005.jpg,44,425.74,238.27,435.26,246.0,medium
cam09__frame_00005.jpg,45,438.83,212.32,455.76,222.1,low
cam09__frame_00005.jpg,46,437.14,220.34,454.42,229.7,low
cam09__frame_00005.jpg,47,436.63,228.33,454.62,237.77,low
cam09__frame_00005.jpg,48,436.23,236.13,454.39,245.59,low
cam09__frame_00005.jpg,49,436.16,244.05,453.5,253.9,low
cam09__frame_00005.jpg,50,466.07,185.21,471.43,194.37,high
cam09__frame_00005.jpg,51,465.8,196.16,470.98,206.44,high
cam09__frame_00005.jpg,52,465.41,206.32,470.59,216.6,high
cam09__frame_00005.jpg,53,464.97,217.0,470.16,226.1,high
cam09__frame_00005.jpg,54,464.68,226.37,469.87,236.65,high
cam09__frame_00005.jpg,55,465.26,236.71,466.99,266.29,high
cam09__frame_00005.jpg,56,451.64,251.73,465.46,264.4,high
cam09__frame_00005.jpg,57,472.11,203.3,490.0,210.68,medium
cam09__frame_00005.jpg,58,473.0,211.4,490.88,220.29,low
cam09__frame_00005.jpg,59,471.7,220.3,490.9,230.35,low
cam09__frame_00005.jpg,60,472.1,231.02,489.98,241.75,low
cam09__frame_00005.jpg,61,469.92,241.96,480.93,271.41,low
cam09__frame_00005.jpg,62,480.93,241.95,485.33,274.44,low
cam09__frame_00005.jpg,63,484.51,244.71,489.19,274.16,low
cam09__frame_00005.jpg,64,473.22,185.88,479.25,191.47,high
cam09__frame_00005.jpg,65,483.62,166.25,530.17,189.4,medium
cam09__frame_00005.jpg,66,482.73,172.69,528.88,194.76,medium
cam09__frame_00005.jpg,67,481.21,178.26,527.77,198.89,medium
cam09__frame_00005.jpg,68,481.02,182.19,526.46,202.41,medium
cam09__frame_00005.jpg,69,480.03,186.64,525.99,208.21,medium
cam09__frame_00005.jpg,70,534.01,160.05,573.08,182.69,medium
cam09__frame_00005.jpg,71,531.74,167.42,568.7,189.11,medium
cam09__frame_00005.jpg,72,530.81,174.33,565.35,194.92,medium
cam09__frame_00005.jpg,73,529.81,180.93,563.11,200.95,medium
cam09__frame_00005.jpg,74,528.78,188.8,561.43,208.54,medium
cam09__frame_00005.jpg,75,528.55,197.3,562.98,217.85,medium
cam09__frame_00005.jpg,76,526.53,205.33,563.61,228.19,medium
cam09__frame_00005.jpg,77,574.15,174.43,619.4,195.68,low
cam09__frame_00005.jpg,78,573.24,182.09,615.34,201.9,low
cam09__frame_00005.jpg,79,564.42,185.88,609.4,206.59,low
cam09__frame_00005.jpg,80,562.31,191.43,607.13,211.99,low
cam09__frame_00005.jpg,81,560.2,196.98,607.75,218.46,low
cam09__frame_00005.jpg,82,558.74,204.11,607.87,226.14,low
cam09__frame_00005.jpg,83,560.03,211.51,606.37,232.57,low
cam09__frame_00005.jpg,84,558.35,223.38,604.15,242.91,low
cam09__frame_00005.jpg,85,558.86,228.4,601.97,247.83,low
cam09__frame_00005.jpg,86,608.76,198.86,617.7,206.02,medium
cam09__frame_00005.jpg,87,608.3,206.24,617.7,212.72,medium
cam09__frame_00005.jpg,88,608.18,212.65,617.45,218.64,medium
cam09__frame_00005.jpg,89,607.98,218.25,617.06,223.66,medium
cam09__frame_00005.jpg,90,607.6,223.27,616.68,229.5,medium
cam09__frame_00005.jpg,91,607.4,229.45,616.48,235.83,medium
cam09__frame_00005.jpg,92,607.21,236.6,611.85,241.43,high
cam09__frame_00005.jpg,93,606.6,241.62,612.43,246.26,high
cam09__frame_00005.jpg,94,612.18,235.85,640.0,269.97,low
cam09__frame_00005.jpg,95,492.91,287.5,510.23,302.97,low
cam09__frame_00005.jpg,96,514.1,265.26,561.52,297.39,low
cam09__frame_00005.jpg,97,509.99,282.62,532.08,302.6,high
cam09__frame_00005.jpg,98,508.44,294.63,530.54,314.63,high
cam09__frame_00005.jpg,99,531.38,294.1,553.49,315.98,high
cam09__frame_00005.jpg,100,529.88,308.01,550.68,327.84,medium
cam09__frame_00005.jpg,101,557.73,274.38,599.03,316.81,low
cam09__frame_00005.jpg,102,565.6,313.2,610.02,330.0,low
cam09__frame_00005.jpg,103,272.49,627.7,301.1,640.0,high
cam09__frame_00005.jpg,104,300.28,603.2,318.4,640.0,high
cam09__frame_00005.jpg,105,366.3,349.23,417.22,392.13,medium
cam09__frame_00005.jpg,106,334.11,266.1,374.86,303.1,medium
cam09__frame_00005.jpg,107,331.74,260.4,360.13,266.63,high
cam09__frame_00005.jpg,108,309.9,246.55,346.28,260.75,medium
cam09__frame_00005.jpg,109,309.94,237.9,343.17,246.52,medium
cam09__frame_00005.jpg,110,275.67,237.21,306.47,248.94,high
cam09__frame_00005.jpg,111,182.89,250.71,218.2,264.9,medium
cam09__frame_00005.jpg,112,190.16,242.75,216.82,250.67,high
cam09__frame_00005.jpg,113,304.28,230.89,342.58,237.77,high
cam09__frame_00005.jpg,114,217.52,245.25,243.85,269.19,high
cam09__frame_00005.jpg,115,197.2,229.52,216.64,238.31,high
cam09__frame_00005.jpg,116,218.71,223.31,233.4,234.43,high
cam09__frame_00005.jpg,117,234.4,222.54,253.59,231.38,high
cam09__frame_00005.jpg,118,275.89,219.87,302.74,236.48,high
cam09__frame_00005.jpg,119,218.13,191.09,250.97,222.38,medium
cam09__frame_00005.jpg,120,252.71,203.26,274.15,225.86,medium
cam09__frame_00005.jpg,121,274.92,199.4,301.19,224.31,medium
cam09__frame_00005.jpg,122,301.96,208.28,335.96,230.5,medium
cam09__frame_00005.jpg,123,359.54,207.61,376.85,261.61,medium
cam09__frame_00005.jpg,124,15.28,495.81,38.2,547.06,low
cam09__frame_00005.jpg,125,27.95,482.74,50.93,534.39,low
cam09__frame_00005.jpg,126,4.99,486.9,20.97,506.4,high
cam09__frame_00005.jpg,127,20.03,473.1,31.99,490.77,high
cam09__frame_00005.jpg,128,34.27,450.0,50.79,481.21,medium
cam09__frame_00005.jpg,129,49.3,464.7,64.7,492.95,low
cam09__frame_00005.jpg,130,41.91,429.42,52.87,438.74,high
cam09__frame_00005.jpg,131,48.37,435.46,62.75,463.45,medium
cam09__frame_00005.jpg,132,70.6,402.6,80.84,447.19,medium
cam09__frame_00005.jpg,133,82.2,392.0,92.45,428.87,medium
cam09__frame_00005.jpg,134,79.36,359.49,96.07,378.39,medium
cam09__frame_00005.jpg,135,90.25,368.99,97.1,380.5,high
cam09__frame_00005.jpg,136,96.83,335.81,106.42,345.96,high
cam09__frame_00005.jpg,137,102.86,346.5,113.28,376.39,low
cam09__frame_00005.jpg,138,111.91,330.6,118.21,356.38,high
cam09__frame_00005.jpg,139,121.5,319.63,127.81,334.71,high
cam09__frame_00005.jpg,140,128.63,302.6,134.66,333.89,high
cam09__frame_00005.jpg,141,133.82,283.6,150.27,327.2,medium
cam09__frame_00005.jpg,142,368.21,180.08,376.81,186.3,medium
cam09__frame_00005.jpg,143,368.21,173.6,376.81,179.93,medium
cam09__frame_00005.jpg,144,368.14,168.17,376.75,174.28,medium
cam09__frame_00005.jpg,145,148.9,266.06,157.67,312.4,high
cam09__frame_00005.jpg,146,564.87,328.79,609.3,345.59,low
cam09__frame_00005.jpg,147,563.3,346.65,586.34,363.44,medium
cam09__frame_00005.jpg,148,586.6,351.44,632.72,392.16,low
cam09__frame_00005.jpg,149,381.89,244.68,386.26,258.39,medium
cam09__frame_00005.jpg,150,386.71,244.9,390.19,259.49,medium
cam09__frame_00005.jpg,151,393.26,254.6,399.09,270.93,high
cam09__frame_00005.jpg,152,398.03,232.92,401.95,241.8,medium
cam09__frame_00005.jpg,153,397.6,241.54,401.52,250.42,medium
cam09__frame_00005.jpg,154,398.28,251.01,402.2,259.89,high
cam09__frame_00005.jpg,155,402.17,233.48,406.09,242.36,medium
cam09__frame_00005.jpg,156,401.95,242.63,405.87,251.51,medium
cam09__frame_00005.jpg,157,402.56,252.52,406.48,261.4,medium
cam09__frame_00005.jpg,158,406.53,234.4,410.45,242.8,medium
cam09__frame_00005.jpg,159,406.31,242.84,410.23,251.73,medium
cam09__frame_00005.jpg,160,406.85,252.52,410.77,261.4,medium
cam09__frame_00005.jpg,161,419.87,274.6,432.02,281.03,low
cam09__frame_00005.jpg,162,421.56,282.04,431.68,291.82,medium
cam09__frame_00005.jpg,163,433.89,264.88,449.21,272.09,high
cam09__frame_00005.jpg,164,433.29,271.49,449.81,279.0,medium
cam09__frame_00005.jpg,165,433.77,278.99,449.17,288.4,medium
cam09__frame_00005.jpg,166,432.1,288.0,451.85,296.37,medium
cam09__frame_00005.jpg,167,452.95,271.79,466.86,313.15,high
cam09__frame_00005.jpg,168,432.84,297.83,462.87,340.18,medium
cam09__frame_00005.jpg,169,465.41,309.75,476.73,336.36,high
cam09__frame_00005.jpg,170,463.97,336.95,477.87,367.19,medium
cam09__frame_00005.jpg,171,480.53,329.1,494.33,358.36,medium
cam09__frame_00005.jpg,172,476.56,357.39,494.19,372.65,high
cam09__frame_00005.jpg,173,494.55,344.9,508.45,371.36,medium
cam09__frame_00005.jpg,174,491.77,371.7,507.41,400.2,medium
cam09__frame_00005.jpg,175,507.76,374.14,529.65,412.41,low
cam09__frame_00005.jpg,176,497.09,409.54,521.59,428.55,medium
cam09__frame_00005.jpg,177,531.2,396.12,558.3,417.3,low
cam09__frame_00005.jpg,178,526.52,415.6,550.33,435.65,medium
cam09__frame_00005.jpg,179,520.22,426.4,549.79,453.22,medium
cam09__frame_00005.jpg,180,572.4,395.48,577.69,404.21,high
cam09__frame_00005.jpg,181,571.08,404.21,577.16,412.68,high
cam09__frame_00005.jpg,182,548.3,422.73,557.56,437.43,high
cam09__frame_00005.jpg,183,557.84,421.43,561.8,434.09,high
cam09__frame_00005.jpg,184,561.71,418.17,569.06,432.87,high
cam09__frame_00005.jpg,185,569.2,419.19,574.36,432.69,high
cam09__frame_00005.jpg,186,549.36,437.94,553.29,449.22,high
cam09__frame_00005.jpg,187,553.34,437.69,559.34,447.14,high
cam09__frame_00005.jpg,188,42.8,509.0,116.72,637.71,low
cam09__frame_00005.jpg,189,112.56,608.65,172.36,638.54,low
cam09__frame_00005.jpg,190,119.21,587.88,175.69,609.48,medium
cam09__frame_00005.jpg,191,125.02,573.76,148.28,586.8,high
cam09__frame_00005.jpg,192,113.75,447.08,212.15,591.2,low
cam09__frame_00005.jpg,193,194.56,478.4,267.86,640.0,low
cam09__frame_00005.jpg,194,200.8,541.8,262.42,589.56,low
cam09__frame_00005.jpg,195,205.05,512.34,254.91,542.37,low
cam09__frame_00005.jpg,196,71.02,464.67,129.17,515.64,medium
cam09__frame_00005.jpg,197,101.9,445.3,150.7,465.39,medium
cam09__frame_00005.jpg,198,110.5,418.02,157.16,443.86,medium
cam09__frame_00005.jpg,199,119.12,396.48,157.88,419.45,medium
cam09__frame_00005.jpg,200,120.81,373.81,163.06,396.71,medium
cam09__frame_00005.jpg,201,129.05,353.13,170.89,375.47,medium
cam09__frame_00005.jpg,202,142.2,343.2,178.2,356.45,medium
cam09__frame_00005.jpg,203,149.0,330.24,181.16,342.61,medium
cam09__frame_00005.jpg,204,154.57,316.57,184.67,330.05,medium
cam09__frame_00005.jpg,205,270.11,539.5,308.22,627.61,low
cam09__frame_00005.jpg,206,322.51,598.24,351.09,640.0,high
cam09__frame_00005.jpg,207,347.92,584.7,429.69,640.0,high
cam09__frame_00005.jpg,208,316.16,437.1,418.57,588.71,low
cam09__frame_00005.jpg,209,436.8,587.1,492.4,638.73,medium
cam09__frame_00005.jpg,210,494.64,588.71,539.9,640.0,high
cam09__frame_00005.jpg,211,432.23,416.42,549.94,565.5,low
cam09__frame_00005.jpg,212,489.29,417.01,578.23,545.09,medium
cam09__frame_00005.jpg,213,269.4,460.77,312.28,542.05,low
cam09__frame_00005.jpg,214,167.18,438.76,198.1,475.48,high
cam09__frame_00005.jpg,215,200.0,436.18,233.53,478.05,high
cam09__frame_00005.jpg,216,222.45,392.17,293.33,479.56,medium
cam09__frame_00005.jpg,217,274.47,405.88,312.4,449.74,high
cam09__frame_00005.jpg,218,167.18,391.09,198.1,436.18,medium
cam09__frame_00005.jpg,219,304.4,322.17,364.94,437.47,low
cam09__frame_00005.jpg,220,368.8,393.67,431.93,428.52,medium
cam09__frame_00005.jpg,221,559.47,433.86,565.72,445.48,high
cam09__frame_00005.jpg,222,565.74,433.1,571.0,446.82,high
cam09__frame_00005.jpg,223,553.68,447.76,559.29,462.34,high
cam09__frame_00005.jpg,224,559.74,448.66,566.47,464.58,high
cam09__frame_00005.jpg,225,552.56,462.79,558.84,476.03,high
cam09__frame_00005.jpg,226,558.84,465.03,565.34,480.96,high
cam09__frame_00005.jpg,227,559.63,431.26,609.96,531.67,low
cam09__frame_00005.jpg,228,604.4,475.87,639.61,568.47,low
cam09__frame_00005.jpg,229,579.2,570.14,618.29,640.0,medium
cam09__frame_00005.jpg,230,558.92,582.34,578.4,614.1,high
cam09__frame_00005.jpg,231,561.02,547.14,594.71,573.83,high
cam09__frame_00005.jpg,232,477.58,405.84,493.03,424.55,high
cam09__frame_00005.jpg,233,456.43,398.52,468.63,424.55,high
cam09__frame_00005.jpg,234,440.2,377.38,454.0,416.42,medium
cam09__frame_00005.jpg,235,434.9,365.18,443.42,387.5,high
cam09__frame_00005.jpg,236,427.36,357.14,435.51,386.35,high
cam09__frame_00005.jpg,237,416.04,343.69,427.54,370.42,high
cam09__frame_00005.jpg,238,404.64,314.23,413.81,350.2,high
cam09__frame_00005.jpg,239,397.53,309.4,404.51,327.16,high
cam09__frame_00005.jpg,240,390.58,304.07,397.37,321.06,high
cam09__frame_00005.jpg,241,382.51,289.2,390.58,303.22,high
cam09__frame_00005.jpg,242,0.92,243.04,14.5,272.68,low
cam09__frame_00005.jpg,243,18.64,207.62,25.79,231.98,low
cam09__frame_00005.jpg,244,19.09,231.31,26.69,256.57,low
cam09__frame_00005.jpg,245,26.02,205.27,33.62,230.53,low
cam09__frame_00005.jpg,246,27.14,230.53,34.74,255.78,low
cam09__frame_00005.jpg,247,34.07,204.83,41.66,230.08,low
cam09__frame_00005.jpg,248,35.85,229.63,43.45,254.89,low
cam09__frame_00005.jpg,249,43.0,230.53,55.5,255.78,medium
cam09__frame_00005.jpg,250,31.72,178.81,39.68,204.08,low
cam09__frame_00005.jpg,251,70.3,188.3,77.26,204.58,high
cam09__frame_00005.jpg,252,69.6,203.74,76.79,223.14,high
cam09__frame_00005.jpg,253,79.1,170.1,88.75,189.29,low
cam09__frame_00005.jpg,254,77.94,188.88,87.15,203.7,low
cam09__frame_00005.jpg,255,77.54,204.5,87.15,222.13,low
cam09__frame_00005.jpg,256,87.95,188.08,94.76,203.3,low
cam09__frame_00005.jpg,257,87.15,204.5,95.16,220.12,low
cam09__frame_00005.jpg,258,1.25,507.18,24.85,540.67,medium
cam09__frame_00005.jpg,259,0.49,541.44,27.13,570.36,high
cam09__frame_00005.jpg,260,2.02,596.24,14.19,637.9,high
cam09__frame_00005.jpg,261,160.29,218.3,167.47,233.26,medium
cam09__frame_00005.jpg,262,131.44,215.75,142.81,228.62,medium
cam09__frame_00005.jpg,263,139.1,232.2,142.51,248.96,medium
cam09__frame_00005.jpg,264,120.19,243.14,128.2,257.17,medium
cam09__frame_00005.jpg,265,120.5,256.85,128.85,270.47,medium
cam09__frame_00005.jpg,266,110.0,228.41,115.95,260.73,medium
cam09__frame_00005.jpg,267,111.81,263.06,120.34,273.14,medium
cam09__frame_00005.jpg,268,102.03,279.51,108.95,295.09,medium
cam09__frame_00005.jpg,269,97.18,240.04,104.1,264.97,high
cam09__frame_00005.jpg,270,96.83,263.93,103.06,294.74,medium
cam09__frame_00005.jpg,271,90.26,263.93,97.87,296.82,medium
cam09__frame_00005.jpg,272,85.06,250.08,91.29,280.55,high
cam09__frame_00005.jpg,273,60.51,271.2,70.59,295.7,high
cam09__frame_00005.jpg,274,46.2,285.83,50.42,303.8,high
cam09__frame_00005.jpg,275,41.14,287.57,46.36,302.6,high
cam09__frame_00005.jpg,276,81.19,283.1,89.47,318.78,high
cam09__frame_00005.jpg,277,76.1,317.48,85.41,337.21,high
cam09__frame_00005.jpg,278,66.02,299.83,71.56,332.02,high
cam09__frame_00005.jpg,279,59.07,304.73,66.0,333.78,high
cam09__frame_00005.jpg,280,57.0,333.8,73.26,354.88,medium
cam09__frame_00005.jpg,281,57.43,355.4,70.28,375.27,medium
cam09__frame_00005.jpg,282,47.48,312.38,57.95,355.52,high
cam09__frame_00005.jpg,283,48.25,355.82,55.23,377.11,high
cam09__frame_00005.jpg,284,38.91,332.68,46.21,359.97,high
cam09__frame_00005.jpg,285,30.66,314.28,39.55,358.7,medium
cam09__frame_00005.jpg,286,22.73,314.92,30.66,358.7,medium
cam09__frame_00005.jpg,287,14.17,315.23,23.05,340.61,high
cam09__frame_00005.jpg,288,34.6,358.64,48.33,395.0,low
cam09__frame_00005.jpg,289,24.25,367.5,34.08,390.09,medium
cam09__frame_00005.jpg,290,11.47,363.6,22.28,390.09,medium
cam09__frame_00005.jpg,291,3.69,338.97,24.18,366.06,high
cam09__frame_00005.jpg,292,8.52,400.9,14.91,427.93,high
cam09__frame_00005.jpg,293,0.17,379.28,11.47,454.46,high
cam09__frame_00005.jpg,294,137.15,182.32,142.84,193.7,low
cam09__frame_00005.jpg,295,137.41,171.21,143.1,182.58,low
cam09__frame_00005.jpg,296,131.16,182.6,136.85,193.98,low
cam09__frame_00005.jpg,297,131.09,171.14,136.78,182.52,low
cam09__frame_00005.jpg,298,124.93,183.3,130.62,194.67,low
cam09__frame_00005.jpg,299,124.58,171.53,130.27,182.9,low
cam09__frame_00005.jpg,300,125.62,159.41,131.31,170.79,low
cam09__frame_00005.jpg,301,119.04,183.3,124.73,194.67,low
cam09__frame_00005.jpg,302,118.7,172.22,124.39,183.6,low
cam09__frame_00005.jpg,303,119.39,160.1,125.08,171.48,low
cam09__frame_00005.jpg,304,107.69,188.88,115.02,203.67,low
cam09__frame_00005.jpg,305,107.5,176.3,115.29,189.26,low
cam09__frame_00005.jpg,306,100.38,188.7,107.71,203.49,low
cam09__frame_00005.jpg,307,99.9,175.4,107.2,188.84,low
cam09__frame_00005.jpg,308,95.47,187.9,100.03,203.98,medium
cam09__frame_00005.jpg,309,95.23,203.98,100.03,219.55,medium
cam09__frame_00005.jpg,310,281.4,248.6,305.9,303.48,medium
cam09__frame_00005.jpg,311,244.27,231.81,275.42,258.81,low
cam09__frame_00005.jpg,312,243.81,259.12,273.7,276.8,medium
cam09__frame_00005.jpg,313,254.41,279.79,274.6,294.9,medium
cam09__frame_00005.jpg,314,255.65,294.39,274.29,304.64,high
cam09__frame_00005.jpg,315,176.13,264.57,216.51,294.08,medium
cam09__frame_00007.jpg,0,112.56,608.65,172.36,638.54,low
cam09__frame_00007.jpg,1,359.54,207.61,376.85,261.61,medium
cam09__frame_00007.jpg,2,301.96,208.28,335.96,230.5,medium
cam09__frame_00007.jpg,3,274.92,199.4,301.19,224.31,medium
cam09__frame_00007.jpg,4,252.71,203.26,274.15,225.86,medium
cam09__frame_00007.jpg,5,218.13,191.09,250.97,222.38,medium
cam09__frame_00007.jpg,6,275.89,219.87,302.74,236.48,high
cam09__frame_00007.jpg,7,234.4,222.54,253.59,231.38,high
cam09__frame_00007.jpg,8,218.71,223.31,233.4,234.43,high
cam09__frame_00007.jpg,9,197.2,229.52,216.64,238.31,high
cam09__frame_00007.jpg,10,217.52,245.25,243.85,269.19,high
cam09__frame_00007.jpg,11,304.28,230.89,342.58,237.77,high
cam09__frame_00007.jpg,12,190.16,242.75,216.82,250.67,high
cam09__frame_00007.jpg,13,182.89,250.71,218.2,264.9,medium
cam09__frame_00007.jpg,14,275.67,237.21,306.47,248.94,high
cam09__frame_00007.jpg,15,309.94,237.9,343.17,246.52,medium
cam09__frame_00007.jpg,16,309.9,246.55,346.28,260.75,medium
cam09__frame_00007.jpg,17,331.74,260.4,360.13,266.63,high
cam09__frame_00007.jpg,18,334.11,266.1,374.86,303.1,medium
cam09__frame_00007.jpg,19,366.3,349.23,417.22,392.13,medium
cam09__frame_00007.jpg,20,281.4,248.6,305.9,303.48,medium
cam09__frame_00007.jpg,21,244.27,231.81,275.42,258.81,low
cam09__frame_00007.jpg,22,243.81,259.12,273.7,276.8,medium
cam09__frame_00007.jpg,23,254.41,279.79,274.6,294.9,medium
cam09__frame_00007.jpg,24,255.65,294.39,274.29,304.64,high
cam09__frame_00007.jpg,25,176.13,264.57,216.51,294.08,medium
cam09__frame_00007.jpg,26,275.82,301.89,282.26,315.58,high
cam09__frame_00007.jpg,27,283.27,305.16,295.13,315.94,high
cam09__frame_00007.jpg,28,294.4,271.01,331.79,371.7,medium
cam09__frame_00007.jpg,29,260.59,304.44,277.48,343.62,low
cam09__frame_00007.jpg,30,223.21,325.65,256.99,335.35,high
cam09__frame_00007.jpg,31,219.61,269.6,255.56,325.65,low
cam09__frame_00007.jpg,32,163.31,292.53,218.63,319.97,medium
cam09__frame_00007.jpg,33,272.53,386.33,300.92,402.21,high
cam09__frame_00007.jpg,34,269.65,356.98,297.07,388.26,medium
cam09__frame_00007.jpg,35,231.63,357.46,270.61,399.33,medium
cam09__frame_00007.jpg,36,174.4,343.03,222.97,393.55,medium
cam09__frame_00007.jpg,37,368.8,393.67,431.93,428.52,medium
cam09__frame_00007.jpg,38,304.4,322.17,364.94,437.47,low
cam09__frame_00007.jpg,39,167.18,391.09,198.1,436.18,medium
cam09__frame_00007.jpg,40,274.47,405.88,312.4,449.74,high
cam09__frame_00007.jpg,41,222.45,392.17,293.33,479.56,medium
cam09__frame_00007.jpg,42,200.0,436.18,233.53,478.05,high
cam09__frame_00007.jpg,43,167.18,438.76,198.1,475.48,high
cam09__frame_00007.jpg,44,269.4,460.77,312.28,542.05,low
cam09__frame_00007.jpg,45,489.29,417.01,578.23,545.09,medium
cam09__frame_00007.jpg,46,432.23,416.42,549.94,565.5,low
cam09__frame_00007.jpg,47,494.64,588.71,539.9,640.0,high
cam09__frame_00007.jpg,48,436.8,587.1,492.4,638.73,medium
cam09__frame_00007.jpg,49,316.16,437.1,418.57,588.71,low
cam09__frame_00007.jpg,50,347.92,584.7,429.69,640.0,high
cam09__frame_00007.jpg,51,322.51,598.24,351.09,640.0,high
cam09__frame_00007.jpg,52,300.28,563.3,322.51,640.0,high
cam09__frame_00007.jpg,53,272.49,606.97,300.28,640.0,high
cam09__frame_00007.jpg,54,270.11,539.5,308.22,627.61,low
cam09__frame_00007.jpg,55,154.57,316.57,184.67,330.05,medium
cam09__frame_00007.jpg,56,149.0,330.24,181.16,342.61,medium
cam09__frame_00007.jpg,57,142.2,343.2,178.2,356.45,medium
cam09__frame_00007.jpg,58,129.05,353.13,170.89,375.47,medium
cam09__frame_00007.jpg,59,120.81,373.81,163.06,396.71,medium
cam09__frame_00007.jpg,60,119.12,396.48,157.88,419.45,medium
cam09__frame_00007.jpg,61,110.5,418.02,157.16,443.86,medium
cam09__frame_00007.jpg,62,101.9,445.3,150.7,465.39,medium
cam09__frame_00007.jpg,63,71.02,464.67,129.17,515.64,medium
cam09__frame_00007.jpg,64,205.05,512.34,254.91,542.37,low
cam09__frame_00007.jpg,65,200.8,541.8,262.42,589.56,low
cam09__frame_00007.jpg,66,194.56,478.4,267.86,640.0,low
cam09__frame_00007.jpg,67,113.75,447.08,212.15,591.2,low
cam09__frame_00007.jpg,68,125.02,573.76,148.28,586.8,high
cam09__frame_00007.jpg,69,119.21,587.88,175.69,609.48,medium
cam09__frame_00007.jpg,70,42.8,509.0,116.72,637.71,low
cam09__frame_00007.jpg,71,368.14,168.17,376.75,174.28,medium
cam09__frame_00007.jpg,72,368.21,173.6,376.81,179.93,medium
cam09__frame_00007.jpg,73,368.21,180.08,376.81,186.3,medium
cam09__frame_00007.jpg,74,368.46,186.09,377.06,191.7,medium
cam09__frame_00007.jpg,75,379.1,167.29,393.79,175.63,low
cam09__frame_00007.jpg,76,378.93,175.96,393.63,184.31,low
cam09__frame_00007.jpg,77,378.43,184.31,393.12,192.66,low
cam09__frame_00007.jpg,78,378.1,192.49,392.79,200.84,low
cam09__frame_00007.jpg,79,377.6,200.84,392.29,209.18,low
cam09__frame_00007.jpg,80,396.53,173.1,400.55,181.81,high
cam09__frame_00007.jpg,81,396.24,181.61,400.27,190.33,high
cam09__frame_00007.jpg,82,396.1,190.56,400.12,199.27,high
cam09__frame_00007.jpg,83,396.1,199.07,400.12,207.78,high
cam09__frame_00007.jpg,84,395.95,208.16,399.98,216.87,high
cam09__frame_00007.jpg,85,400.38,174.62,404.18,184.45,high
cam09__frame_00007.jpg,86,400.16,184.67,404.18,193.39,high
cam09__frame_00007.jpg,87,400.28,193.3,404.31,201.7,high
cam09__frame_00007.jpg,88,400.28,201.67,404.31,209.8,high
cam09__frame_00007.jpg,89,400.14,209.6,404.16,217.5,high
cam09__frame_00007.jpg,90,399.85,217.83,403.87,225.0,high
cam09__frame_00007.jpg,91,404.5,177.04,420.64,186.31,low
cam09__frame_00007.jpg,92,404.78,186.02,420.04,193.2,low
cam09__frame_00007.jpg,93,404.78,192.9,419.74,200.1,low
cam09__frame_00007.jpg,94,404.49,200.08,419.45,206.7,low
cam09__frame_00007.jpg,95,404.2,206.66,420.05,213.86,low
cam09__frame_00007.jpg,96,404.19,213.84,419.15,221.04,low
cam09__frame_00007.jpg,97,403.89,221.62,418.85,228.82,low
cam09__frame_00007.jpg,98,449.24,174.51,461.35,184.24,high
cam09__frame_00007.jpg,99,443.87,194.48,465.24,201.16,medium
cam09__frame_00007.jpg,100,439.87,200.99,465.58,207.83,medium
cam09__frame_00007.jpg,101,440.7,208.0,465.74,213.34,medium
cam09__frame_00007.jpg,102,425.6,205.75,440.12,214.86,medium
cam09__frame_00007.jpg,103,424.06,212.46,438.52,221.23,medium
cam09__frame_00007.jpg,104,423.15,218.85,437.61,227.62,medium
cam09__frame_00007.jpg,105,422.31,225.2,436.77,233.96,medium
cam09__frame_00007.jpg,106,422.15,231.21,436.61,239.97,medium
cam09__frame_00007.jpg,107,425.74,238.27,435.26,246.0,medium
cam09__frame_00007.jpg,108,438.83,212.32,455.76,222.1,low
cam09__frame_00007.jpg,109,437.14,220.34,454.42,229.7,low
cam09__frame_00007.jpg,110,436.63,228.33,454.62,237.77,low
cam09__frame_00007.jpg,111,436.23,236.13,454.39,245.59,low
cam09__frame_00007.jpg,112,436.16,244.05,453.5,253.9,low
cam09__frame_00007.jpg,113,466.07,185.21,471.43,194.37,high
cam09__frame_00007.jpg,114,465.8,196.16,470.98,206.44,high
cam09__frame_00007.jpg,115,465.41,206.32,470.59,216.6,high
cam09__frame_00007.jpg,116,464.97,217.0,470.16,226.1,high
cam09__frame_00007.jpg,117,464.68,226.37,469.87,236.65,high
cam09__frame_00007.jpg,118,465.26,236.71,466.99,266.29,high
cam09__frame_00007.jpg,119,451.64,251.73,465.46,264.4,high
cam09__frame_00007.jpg,120,472.11,203.3,490.0,210.68,medium
cam09__frame_00007.jpg,121,473.0,211.4,490.88,220.29,low
cam09__frame_00007.jpg,122,471.7,220.3,490.9,230.35,low
cam09__frame_00007.jpg,123,472.1,231.02,489.98,241.75,low
cam09__frame_00007.jpg,124,469.92,241.96,480.93,271.41,low
cam09__frame_00007.jpg,125,480.93,241.95,485.33,274.44,low
cam09__frame_00007.jpg,126,484.51,244.71,489.19,274.16,low
cam09__frame_00007.jpg,127,473.22,185.88,479.25,191.47,high
cam09__frame_00007.jpg,128,483.62,166.25,530.17,189.4,medium
cam09__frame_00007.jpg,129,482.73,172.69,528.88,194.76,medium
cam09__frame_00007.jpg,130,481.21,178.26,527.77,198.89,medium
cam09__frame_00007.jpg,131,481.02,182.19,526.46,202.41,medium
cam09__frame_00007.jpg,132,480.03,186.64,525.99,208.21,medium
cam09__frame_00007.jpg,133,534.01,160.05,573.08,182.69,medium
cam09__frame_00007.jpg,134,531.74,167.42,568.7,189.11,medium
cam09__frame_00007.jpg,135,530.81,174.33,565.35,194.92,medium
cam09__frame_00007.jpg,136,529.81,180.93,563.11,200.95,medium
cam09__frame_00007.jpg,137,528.78,188.8,561.43,208.54,medium
cam09__frame_00007.jpg,138,528.55,197.3,562.98,217.85,medium
cam09__frame_00007.jpg,139,526.53,205.33,563.61,228.19,medium
cam09__frame_00007.jpg,140,574.15,174.43,619.4,195.68,low
cam09__frame_00007.jpg,141,573.24,182.09,615.34,201.9,low
cam09__frame_00007.jpg,142,564.42,185.88,609.4,206.59,low
cam09__frame_00007.jpg,143,562.31,191.43,607.13,211.99,low
cam09__frame_00007.jpg,144,560.2,196.98,607.75,218.46,low
cam09__frame_00007.jpg,145,558.74,204.11,607.87,226.14,low
cam09__frame_00007.jpg,146,560.03,211.51,606.37,232.57,low
cam09__frame_00007.jpg,147,558.35,223.38,604.15,242.91,low
cam09__frame_00007.jpg,148,558.86,228.4,601.97,247.83,low
cam09__frame_00007.jpg,149,608.76,198.86,617.7,206.02,medium
cam09__frame_00007.jpg,150,608.3,206.24,617.7,212.72,medium
cam09__frame_00007.jpg,151,608.18,212.65,617.45,218.64,medium
cam09__frame_00007.jpg,152,607.98,218.25,617.06,223.66,medium
cam09__frame_00007.jpg,153,607.6,223.27,616.68,229.5,medium
cam09__frame_00007.jpg,154,607.4,229.45,616.48,235.83,medium
cam09__frame_00007.jpg,155,607.21,236.6,611.85,241.43,high
cam09__frame_00007.jpg,156,606.6,241.62,612.43,246.26,high
cam09__frame_00007.jpg,157,612.18,235.85,640.0,269.97,low
cam09__frame_00007.jpg,158,492.91,287.5,510.23,302.97,low
cam09__frame_00007.jpg,159,514.1,265.26,561.52,297.39,low
cam09__frame_00007.jpg,160,509.99,282.62,532.08,302.6,high
cam09__frame_00007.jpg,161,508.44,294.63,530.54,314.63,high
cam09__frame_00007.jpg,162,531.38,294.1,553.49,315.98,high
cam09__frame_00007.jpg,163,529.88,308.01,550.68,327.84,medium
cam09__frame_00007.jpg,164,557.73,274.38,599.03,316.81,low
cam09__frame_00007.jpg,165,565.6,313.2,610.02,330.0,low
cam09__frame_00007.jpg,166,564.87,328.79,609.3,345.59,low
cam09__frame_00007.jpg,167,563.3,346.65,586.34,363.44,medium
cam09__frame_00007.jpg,168,586.6,351.44,632.72,392.16,low
cam09__frame_00007.jpg,169,381.89,244.68,386.26,258.39,medium
cam09__frame_00007.jpg,170,386.71,244.9,390.19,259.49,medium
cam09__frame_00007.jpg,171,393.26,254.6,399.09,270.93,high
cam09__frame_00007.jpg,172,398.03,232.92,401.95,241.8,medium
cam09__frame_00007.jpg,173,397.6,241.54,401.52,250.42,medium
cam09__frame_00007.jpg,174,398.28,251.01,402.2,259.89,high
cam09__frame_00007.jpg,175,402.17,233.48,406.09,242.36,medium
cam09__frame_00007.jpg,176,401.95,242.63,405.87,251.51,medium
cam09__frame_00007.jpg,177,402.56,252.52,406.48,261.4,medium
cam09__frame_00007.jpg,178,406.53,234.4,410.45,242.8,medium
cam09__frame_00007.jpg,179,406.31,242.84,410.23,251.73,medium
cam09__frame_00007.jpg,180,406.85,252.52,410.77,261.4,medium
cam09__frame_00007.jpg,181,419.87,274.6,432.02,281.03,low
cam09__frame_00007.jpg,182,421.56,282.04,431.68,291.82,medium
cam09__frame_00007.jpg,183,433.89,264.88,449.21,272.09,high
cam09__frame_00007.jpg,184,433.29,271.49,449.81,279.0,medium
cam09__frame_00007.jpg,185,433.77,278.99,449.17,288.4,medium
cam09__frame_00007.jpg,186,432.1,288.0,451.85,296.37,medium
cam09__frame_00007.jpg,187,452.95,271.79,466.86,313.15,high
cam09__frame_00007.jpg,188,432.84,297.83,462.87,340.18,medium
cam09__frame_00007.jpg,189,465.41,309.75,476.73,336.36,high
cam09__frame_00007.jpg,190,463.97,336.95,477.87,367.19,medium
cam09__frame_00007.jpg,191,480.53,329.1,494.33,358.36,medium
cam09__frame_00007.jpg,192,476.56,357.39,494.19,372.65,high
cam09__frame_00007.jpg,193,494.55,344.9,508.45,371.36,medium
cam09__frame_00007.jpg,194,491.77,371.7,507.41,400.2,medium
cam09__frame_00007.jpg,195,507.76,374.14,529.65,412.41,low
cam09__frame_00007.jpg,196,497.09,409.54,521.59,428.55,medium
cam09__frame_00007.jpg,197,531.2,396.12,558.3,417.3,low
cam09__frame_00007.jpg,198,526.52,415.6,550.33,435.65,medium
cam09__frame_00007.jpg,199,520.22,426.4,549.79,453.22,medium
cam09__frame_00007.jpg,200,572.4,395.48,577.69,404.21,high
cam09__frame_00007.jpg,201,571.08,404.21,577.16,412.68,high
cam09__frame_00007.jpg,202,548.3,422.73,557.56,437.43,high
cam09__frame_00007.jpg,203,557.84,421.43,561.8,434.09,high
cam09__frame_00007.jpg,204,561.71,418.17,569.06,432.87,high
cam09__frame_00007.jpg,205,569.2,419.19,574.36,432.69,high
cam09__frame_00007.jpg,206,549.36,437.94,553.29,449.22,high
cam09__frame_00007.jpg,207,553.34,437.69,559.34,447.14,high
cam09__frame_00007.jpg,208,559.47,433.86,565.72,445.48,high
cam09__frame_00007.jpg,209,565.74,433.1,571.0,446.82,high
cam09__frame_00007.jpg,210,553.68,447.76,559.29,462.34,high
cam09__frame_00007.jpg,211,559.74,448.66,566.47,464.58,high
cam09__frame_00007.jpg,212,552.56,462.79,558.84,476.03,high
cam09__frame_00007.jpg,213,558.84,465.03,565.34,480.96,high
cam09__frame_00007.jpg,214,559.63,431.26,609.96,531.67,low
cam09__frame_00007.jpg,215,604.4,475.87,639.61,568.47,low
cam09__frame_00007.jpg,216,579.2,570.14,618.29,640.0,medium
cam09__frame_00007.jpg,217,558.92,582.34,578.4,614.1,high
cam09__frame_00007.jpg,218,561.02,547.14,594.71,573.83,high
cam09__frame_00007.jpg,219,477.58,405.84,493.03,424.55,high
cam09__frame_00007.jpg,220,456.43,398.52,468.63,424.55,high
cam09__frame_00007.jpg,221,440.2,377.38,454.0,416.42,medium
cam09__frame_00007.jpg,222,434.9,365.18,443.42,387.5,high
cam09__frame_00007.jpg,223,427.36,357.14,435.51,386.35,high
cam09__frame_00007.jpg,224,416.04,343.69,427.54,370.42,high
cam09__frame_00007.jpg,225,404.64,314.23,413.81,350.2,high
cam09__frame_00007.jpg,226,397.53,309.4,404.51,327.16,high
cam09__frame_00007.jpg,227,390.58,304.07,397.37,321.06,high
cam09__frame_00007.jpg,228,382.51,289.2,390.58,303.22,high
cam09__frame_00007.jpg,229,0.92,243.04,14.5,272.68,low
cam09__frame_00007.jpg,230,18.64,207.62,25.79,231.98,low
cam09__frame_00007.jpg,231,19.09,231.31,26.69,256.57,low
cam09__frame_00007.jpg,232,26.02,205.27,33.62,230.53,low
cam09__frame_00007.jpg,233,27.14,230.53,34.74,255.78,low
cam09__frame_00007.jpg,234,34.07,204.83,41.66,230.08,low
cam09__frame_00007.jpg,235,35.85,229.63,43.45,254.89,low
cam09__frame_00007.jpg,236,43.0,230.53,55.5,255.78,medium
cam09__frame_00007.jpg,237,31.72,178.81,39.68,204.08,low
cam09__frame_00007.jpg,238,70.3,188.3,77.26,204.58,high
cam09__frame_00007.jpg,239,69.6,203.74,76.79,223.14,high
cam09__frame_00007.jpg,240,79.1,170.1,88.75,189.29,low
cam09__frame_00007.jpg,241,77.94,188.88,87.15,203.7,low
cam09__frame_00007.jpg,242,77.54,204.5,87.15,222.13,low
cam09__frame_00007.jpg,243,87.95,188.08,94.76,203.3,low
cam09__frame_00007.jpg,244,87.15,204.5,95.16,220.12,low
cam09__frame_00007.jpg,245,95.47,187.9,100.03,203.98,medium
cam09__frame_00007.jpg,246,95.23,203.98,100.03,219.55,medium
cam09__frame_00007.jpg,247,99.9,175.4,107.2,188.84,low
cam09__frame_00007.jpg,248,100.38,188.7,107.71,203.49,low
cam09__frame_00007.jpg,249,107.5,176.3,115.29,189.26,low
cam09__frame_00007.jpg,250,107.69,188.88,115.02,203.67,low
cam09__frame_00007.jpg,251,119.39,160.1,125.08,171.48,low
cam09__frame_00007.jpg,252,118.7,172.22,124.39,183.6,low
cam09__frame_00007.jpg,253,119.04,183.3,124.73,194.67,low
cam09__frame_00007.jpg,254,125.62,159.41,131.31,170.79,low
cam09__frame_00007.jpg,255,124.58,171.53,130.27,182.9,low
cam09__frame_00007.jpg,256,124.93,183.3,130.62,194.67,low
cam09__frame_00007.jpg,257,131.09,171.14,136.78,182.52,low
cam09__frame_00007.jpg,258,131.16,182.6,136.85,193.98,low
cam09__frame_00007.jpg,259,137.41,171.21,143.1,182.58,low
cam09__frame_00007.jpg,260,137.15,182.32,142.84,193.7,low
cam09__frame_00007.jpg,261,0.17,379.28,11.47,454.46,high
cam09__frame_00007.jpg,262,8.52,400.9,14.91,427.93,high
cam09__frame_00007.jpg,263,3.69,338.97,24.18,366.06,high
cam09__frame_00007.jpg,264,11.47,363.6,22.28,390.09,medium
cam09__frame_00007.jpg,265,24.25,367.5,34.08,390.09,medium
cam09__frame_00007.jpg,266,34.6,358.64,48.33,395.0,low
cam09__frame_00007.jpg,267,14.17,315.23,23.05,340.61,high
cam09__frame_00007.jpg,268,22.73,314.92,30.66,358.7,medium
cam09__frame_00007.jpg,269,30.66,314.28,39.55,358.7,medium
cam09__frame_00007.jpg,270,38.91,332.68,46.21,359.97,high
cam09__frame_00007.jpg,271,48.25,355.82,55.23,377.11,high
cam09__frame_00007.jpg,272,47.48,312.38,57.95,355.52,high
cam09__frame_00007.jpg,273,57.43,355.4,70.28,375.27,medium
cam09__frame_00007.jpg,274,57.0,333.8,73.26,354.88,medium
cam09__frame_00007.jpg,275,59.07,304.73,66.0,333.78,high
cam09__frame_00007.jpg,276,66.02,299.83,71.56,332.02,high
cam09__frame_00007.jpg,277,76.1,317.48,85.41,337.21,high
cam09__frame_00007.jpg,278,81.19,283.1,89.47,318.78,high
cam09__frame_00007.jpg,279,41.14,287.57,46.36,302.6,high
cam09__frame_00007.jpg,280,46.2,285.83,50.42,303.8,high
cam09__frame_00007.jpg,281,60.51,271.2,70.59,295.7,high
cam09__frame_00007.jpg,282,85.06,250.08,91.29,280.55,high
cam09__frame_00007.jpg,283,90.26,263.93,97.87,296.82,medium
cam09__frame_00007.jpg,284,96.83,263.93,103.06,294.74,medium
cam09__frame_00007.jpg,285,97.18,240.04,104.1,264.97,high
cam09__frame_00007.jpg,286,102.03,279.51,108.95,295.09,medium
cam09__frame_00007.jpg,287,111.81,263.06,120.34,273.14,medium
cam09__frame_00007.jpg,288,110.0,228.41,115.95,260.73,medium
cam09__frame_00007.jpg,289,120.5,256.85,128.85,270.47,medium
cam09__frame_00007.jpg,290,120.19,243.14,128.2,257.17,medium
cam09__frame_00007.jpg,291,139.1,232.2,142.51,248.96,medium
cam09__frame_00007.jpg,292,131.44,215.75,142.81,228.62,medium
cam09__frame_00007.jpg,293,2.02,596.24,14.19,637.9,high
cam09__frame_00007.jpg,294,0.49,541.44,27.13,570.36,high
cam09__frame_00007.jpg,295,1.25,507.18,24.85,540.67,medium
cam09__frame_00007.jpg,296,15.28,495.81,38.2,547.06,low
cam09__frame_00007.jpg,297,27.95,482.74,50.93,534.39,low
cam09__frame_00007.jpg,298,4.99,486.9,20.97,506.4,high
cam09__frame_00007.jpg,299,20.03,473.1,31.99,490.77,high
cam09__frame_00007.jpg,300,34.27,450.0,50.79,481.21,medium
cam09__frame_00007.jpg,301,49.3,464.7,64.7,492.95,low
cam09__frame_00007.jpg,302,41.91,429.42,52.87,438.74,high
cam09__frame_00007.jpg,303,48.37,435.46,62.75,463.45,medium
cam09__frame_00007.jpg,304,70.6,402.6,80.84,447.19,medium
cam09__frame_00007.jpg,305,82.2,392.0,92.45,428.87,medium
cam09__frame_00007.jpg,306,79.36,359.49,96.07,378.39,medium
cam09__frame_00007.jpg,307,90.25,368.99,97.1,380.5,high
cam09__frame_00007.jpg,308,96.83,335.81,106.42,345.96,high
cam09__frame_00007.jpg,309,102.86,346.5,113.28,376.39,low
cam09__frame_00007.jpg,310,111.91,330.6,118.21,356.38,high
cam09__frame_00007.jpg,311,121.5,319.63,127.81,334.71,high
cam09__frame_00007.jpg,312,128.63,302.6,134.66,333.89,high
cam09__frame_00007.jpg,313,133.82,283.6,150.27,327.2,medium
cam09__frame_00007.jpg,314,148.9,266.06,157.67,312.4,high
cam09__frame_00008.jpg,0,368.21,180.08,376.81,186.3,medium
cam09__frame_00008.jpg,1,368.21,173.6,376.81,179.93,medium
cam09__frame_00008.jpg,2,368.14,168.17,376.75,174.28,medium
cam09__frame_00008.jpg,3,359.54,207.61,376.85,261.61,medium
cam09__frame_00008.jpg,4,301.96,208.28,335.96,230.5,medium
cam09__frame_00008.jpg,5,274.92,199.4,301.19,224.31,medium
cam09__frame_00008.jpg,6,252.71,203.26,274.15,225.86,medium
cam09__frame_00008.jpg,7,218.13,191.09,250.97,222.38,medium
cam09__frame_00008.jpg,8,275.89,219.87,302.74,236.48,high
cam09__frame_00008.jpg,9,234.4,222.54,253.59,231.38,high
cam09__frame_00008.jpg,10,218.71,223.31,233.4,234.43,high
cam09__frame_00008.jpg,11,197.2,229.52,216.64,238.31,high
cam09__frame_00008.jpg,12,217.52,245.25,243.85,269.19,high
cam09__frame_00008.jpg,13,304.28,230.89,342.58,237.77,high
cam09__frame_00008.jpg,14,190.16,242.75,216.82,250.67,high
cam09__frame_00008.jpg,15,182.89,250.71,218.2,264.9,medium
cam09__frame_00008.jpg,16,275.67,237.21,306.47,248.94,high
cam09__frame_00008.jpg,17,309.94,237.9,343.17,246.52,medium
cam09__frame_00008.jpg,18,309.9,246.55,346.28,260.75,medium
cam09__frame_00008.jpg,19,331.74,260.4,360.13,266.63,high
cam09__frame_00008.jpg,20,334.11,266.1,374.86,303.1,medium
cam09__frame_00008.jpg,21,366.3,349.23,417.22,392.13,medium
cam09__frame_00008.jpg,22,281.4,248.6,305.9,303.48,medium
cam09__frame_00008.jpg,23,244.27,231.81,275.42,258.81,low
cam09__frame_00008.jpg,24,243.81,259.12,273.7,276.8,medium
cam09__frame_00008.jpg,25,254.41,279.79,274.6,294.9,medium
cam09__frame_00008.jpg,26,255.65,294.39,274.29,304.64,high
cam09__frame_00008.jpg,27,176.13,264.57,216.51,294.08,medium
cam09__frame_00008.jpg,28,275.82,301.89,282.26,315.58,high
cam09__frame_00008.jpg,29,283.27,305.16,295.13,315.94,high
cam09__frame_00008.jpg,30,294.4,271.01,331.79,371.7,medium
cam09__frame_00008.jpg,31,260.59,304.44,277.48,343.62,low
cam09__frame_00008.jpg,32,223.21,325.65,256.99,335.35,high
cam09__frame_00008.jpg,33,219.61,269.6,255.56,325.65,low
cam09__frame_00008.jpg,34,163.31,292.53,218.63,319.97,medium
cam09__frame_00008.jpg,35,272.53,386.33,300.92,402.21,high
cam09__frame_00008.jpg,36,269.65,356.98,297.07,388.26,medium
cam09__frame_00008.jpg,37,231.63,357.46,270.61,399.33,medium
cam09__frame_00008.jpg,38,174.4,343.03,222.97,393.55,medium
cam09__frame_00008.jpg,39,368.8,393.67,431.93,428.52,medium
cam09__frame_00008.jpg,40,304.4,322.17,364.94,437.47,low
cam09__frame_00008.jpg,41,167.18,391.09,198.1,436.18,medium
cam09__frame_00008.jpg,42,274.47,405.88,312.4,449.74,high
cam09__frame_00008.jpg,43,222.45,392.17,293.33,479.56,medium
cam09__frame_00008.jpg,44,200.0,436.18,233.53,478.05,high
cam09__frame_00008.jpg,45,167.18,438.76,198.1,475.48,high
cam09__frame_00008.jpg,46,269.4,460.77,312.28,542.05,low
cam09__frame_00008.jpg,47,489.29,417.01,578.23,545.09,medium
cam09__frame_00008.jpg,48,432.23,416.42,549.94,565.5,low
cam09__frame_00008.jpg,49,494.64,588.71,539.9,640.0,high
cam09__frame_00008.jpg,50,436.8,587.1,492.4,638.73,medium
cam09__frame_00008.jpg,51,316.16,437.1,418.57,588.71,low
cam09__frame_00008.jpg,52,347.92,584.7,429.69,640.0,high
cam09__frame_00008.jpg,53,322.51,598.24,351.09,640.0,high
cam09__frame_00008.jpg,54,300.28,563.3,322.51,640.0,high
cam09__frame_00008.jpg,55,272.49,606.97,300.28,640.0,high
cam09__frame_00008.jpg,56,270.11,539.5,308.22,627.61,low
cam09__frame_00008.jpg,57,154.57,316.57,184.67,330.05,medium
cam09__frame_00008.jpg,58,149.0,330.24,181.16,342.61,medium
cam09__frame_00008.jpg,59,142.2,343.2,178.2,356.45,medium
cam09__frame_00008.jpg,60,129.05,353.13,170.89,375.47,medium
cam09__frame_00008.jpg,61,120.81,373.81,163.06,396.71,medium
cam09__frame_00008.jpg,62,119.12,396.48,157.88,419.45,medium
cam09__frame_00008.jpg,63,110.5,418.02,157.16,443.86,medium
cam09__frame_00008.jpg,64,101.9,445.3,150.7,465.39,medium
cam09__frame_00008.jpg,65,71.02,464.67,129.17,515.64,medium
cam09__frame_00008.jpg,66,205.05,512.34,254.91,542.37,low
cam09__frame_00008.jpg,67,200.8,541.8,262.42,589.56,low
cam09__frame_00008.jpg,68,194.56,478.4,267.86,640.0,low
cam09__frame_00008.jpg,69,113.75,447.08,212.15,591.2,low
cam09__frame_00008.jpg,70,125.02,573.76,148.28,586.8,high
cam09__frame_00008.jpg,71,119.21,587.88,175.69,609.48,medium
cam09__frame_00008.jpg,72,112.56,608.65,172.36,638.54,low
cam09__frame_00008.jpg,73,42.8,509.0,116.72,637.71,low
cam09__frame_00008.jpg,74,148.9,266.06,157.67,312.4,high
cam09__frame_00008.jpg,75,133.82,283.6,150.27,327.2,medium
cam09__frame_00008.jpg,76,128.63,302.6,134.66,333.89,high
cam09__frame_00008.jpg,77,121.5,319.63,127.81,334.71,high
cam09__frame_00008.jpg,78,70.6,402.6,80.84,447.19,medium
cam09__frame_00008.jpg,79,48.37,435.46,62.75,463.45,medium
cam09__frame_00008.jpg,80,41.91,429.42,52.87,438.74,high
cam09__frame_00008.jpg,81,49.3,464.7,64.7,492.95,low
cam09__frame_00008.jpg,82,34.27,450.0,50.79,481.21,medium
cam09__frame_00008.jpg,83,20.03,473.1,31.99,490.77,high
cam09__frame_00008.jpg,84,4.99,486.9,20.97,506.4,high
cam09__frame_00008.jpg,85,27.95,482.74,50.93,534.39,low
cam09__frame_00008.jpg,86,15.28,495.81,38.2,547.06,low
cam09__frame_00008.jpg,87,1.25,507.18,24.85,540.67,medium
cam09__frame_00008.jpg,88,0.49,541.44,27.13,570.36,high
cam09__frame_00008.jpg,89,2.02,596.24,14.19,637.9,high
cam09__frame_00008.jpg,90,160.29,218.3,167.47,233.26,medium
cam09__frame_00008.jpg,91,131.44,215.75,142.81,228.62,medium
cam09__frame_00008.jpg,92,139.1,232.2,142.51,248.96,medium
cam09__frame_00008.jpg,93,120.19,243.14,128.2,257.17,medium
cam09__frame_00008.jpg,94,120.5,256.85,128.85,270.47,medium
cam09__frame_00008.jpg,95,60.51,271.2,70.59,295.7,high
cam09__frame_00008.jpg,96,46.2,285.83,50.42,303.8,high
cam09__frame_00008.jpg,97,41.14,287.57,46.36,302.6,high
cam09__frame_00008.jpg,98,76.1,317.48,83.1,337.21,high
cam09__frame_00008.jpg,99,66.02,299.83,71.56,332.02,high
cam09__frame_00008.jpg,100,59.07,304.73,66.0,333.78,high
cam09__frame_00008.jpg,101,57.0,333.8,73.26,354.88,medium
cam09__frame_00008.jpg,102,57.43,355.4,70.28,375.27,medium
cam09__frame_00008.jpg,103,47.48,312.38,57.95,355.52,high
cam09__frame_00008.jpg,104,48.25,355.82,55.23,377.11,high
cam09__frame_00008.jpg,105,38.91,332.68,46.21,359.97,high
cam09__frame_00008.jpg,106,30.66,314.28,39.55,358.7,medium
cam09__frame_00008.jpg,107,22.73,314.92,30.66,358.7,medium
cam09__frame_00008.jpg,108,14.17,315.23,23.05,340.61,high
cam09__frame_00008.jpg,109,34.6,358.64,48.33,395.0,low
cam09__frame_00008.jpg,110,24.25,367.5,34.08,390.09,medium
cam09__frame_00008.jpg,111,11.47,363.6,22.28,390.09,medium
cam09__frame_00008.jpg,112,3.69,338.97,24.18,366.06,high
cam09__frame_00008.jpg,113,8.52,400.9,14.91,427.93,high
cam09__frame_00008.jpg,114,0.17,379.28,11.47,454.46,high
cam09__frame_00008.jpg,115,137.15,182.32,142.84,193.7,low
cam09__frame_00008.jpg,116,137.41,171.21,143.1,182.58,low
cam09__frame_00008.jpg,117,131.16,182.6,136.85,193.98,low
cam09__frame_00008.jpg,118,131.09,171.14,136.78,182.52,low
cam09__frame_00008.jpg,119,124.93,183.3,130.62,194.67,low
cam09__frame_00008.jpg,120,124.58,171.53,130.27,182.9,low
cam09__frame_00008.jpg,121,125.62,159.41,131.31,170.79,low
cam09__frame_00008.jpg,122,119.04,183.3,124.73,194.67,low
cam09__frame_00008.jpg,123,118.7,172.22,124.39,183.6,low
cam09__frame_00008.jpg,124,119.39,160.1,125.08,171.48,low
cam09__frame_00008.jpg,125,107.69,188.88,115.02,203.67,low
cam09__frame_00008.jpg,126,107.5,176.3,115.29,189.26,low
cam09__frame_00008.jpg,127,100.38,188.7,107.71,203.49,low
cam09__frame_00008.jpg,128,99.9,175.4,107.2,188.84,low
cam09__frame_00008.jpg,129,77.54,204.51,85.1,222.13,medium
cam09__frame_00008.jpg,130,77.94,188.88,80.6,203.7,high
cam09__frame_00008.jpg,131,79.1,170.1,83.7,185.4,high
cam09__frame_00008.jpg,132,69.6,203.74,76.79,223.14,high
cam09__frame_00008.jpg,133,70.3,188.3,77.26,204.58,high
cam09__frame_00008.jpg,134,31.72,178.81,39.68,204.08,low
cam09__frame_00008.jpg,135,43.0,230.53,55.5,255.78,medium
cam09__frame_00008.jpg,136,35.85,229.63,43.45,254.89,low
cam09__frame_00008.jpg,137,34.07,204.83,41.66,230.08,low
cam09__frame_00008.jpg,138,27.14,230.53,34.74,255.78,low
cam09__frame_00008.jpg,139,26.02,205.27,33.62,230.53,low
cam09__frame_00008.jpg,140,19.09,231.31,26.69,256.57,low
cam09__frame_00008.jpg,141,18.64,207.62,25.79,231.98,low
cam09__frame_00008.jpg,142,0.92,243.04,14.5,272.68,low
cam09__frame_00008.jpg,143,382.51,289.2,390.58,303.22,high
cam09__frame_00008.jpg,144,390.58,304.07,397.37,321.06,high
cam09__frame_00008.jpg,145,397.53,309.4,404.51,327.16,high
cam09__frame_00008.jpg,146,404.64,314.23,413.81,350.2,high
cam09__frame_00008.jpg,147,416.04,343.69,427.54,370.42,high
cam09__frame_00008.jpg,148,427.36,357.14,435.51,386.35,high
cam09__frame_00008.jpg,149,434.9,365.18,443.42,387.5,high
cam09__frame_00008.jpg,150,440.2,377.38,454.0,416.42,medium
cam09__frame_00008.jpg,151,456.43,398.52,468.63,424.55,high
cam09__frame_00008.jpg,152,477.58,405.84,493.03,424.55,high
cam09__frame_00008.jpg,153,561.02,547.14,594.71,573.83,high
cam09__frame_00008.jpg,154,558.92,582.34,578.4,614.1,high
cam09__frame_00008.jpg,155,579.2,570.14,618.29,640.0,medium
cam09__frame_00008.jpg,156,604.4,475.87,639.61,568.47,low
cam09__frame_00008.jpg,157,559.63,431.26,609.96,531.67,low
cam09__frame_00008.jpg,158,558.84,465.03,565.34,480.96,high
cam09__frame_00008.jpg,159,552.56,462.79,558.84,476.03,high
cam09__frame_00008.jpg,160,559.74,448.66,566.47,464.58,high
cam09__frame_00008.jpg,161,553.68,447.76,559.29,462.34,high
cam09__frame_00008.jpg,162,565.74,433.1,571.0,446.82,high
cam09__frame_00008.jpg,163,559.47,433.86,565.72,445.48,high
cam09__frame_00008.jpg,164,553.34,437.69,559.34,447.14,high
cam09__frame_00008.jpg,165,549.36,437.94,553.29,449.22,high
cam09__frame_00008.jpg,166,569.2,419.19,574.36,432.69,high
cam09__frame_00008.jpg,167,561.71,418.17,569.06,432.87,high
cam09__frame_00008.jpg,168,557.84,421.43,561.8,434.09,high
cam09__frame_00008.jpg,169,548.3,422.73,557.56,437.43,high
cam09__frame_00008.jpg,170,571.08,404.21,577.16,412.68,high
cam09__frame_00008.jpg,171,572.4,395.48,577.69,404.21,high
cam09__frame_00008.jpg,172,520.22,426.4,549.79,453.22,medium
cam09__frame_00008.jpg,173,526.52,415.6,550.33,435.65,medium
cam09__frame_00008.jpg,174,531.2,396.12,558.3,417.3,low
cam09__frame_00008.jpg,175,497.09,409.54,521.59,428.55,medium
cam09__frame_00008.jpg,176,507.76,374.14,529.65,412.41,low
cam09__frame_00008.jpg,177,491.77,371.7,507.41,400.2,medium
cam09__frame_00008.jpg,178,494.55,344.9,508.45,371.36,medium
cam09__frame_00008.jpg,179,476.56,357.39,494.19,372.65,high
cam09__frame_00008.jpg,180,480.53,329.1,494.33,358.36,medium
cam09__frame_00008.jpg,181,463.97,336.95,477.87,367.19,medium
cam09__frame_00008.jpg,182,465.41,309.75,476.73,336.36,high
cam09__frame_00008.jpg,183,432.84,297.83,462.87,340.18,medium
cam09__frame_00008.jpg,184,452.95,271.79,466.86,313.15,high
cam09__frame_00008.jpg,185,432.1,288.0,451.85,296.37,medium
cam09__frame_00008.jpg,186,433.77,278.99,449.17,288.4,medium
cam09__frame_00008.jpg,187,433.29,271.49,449.81,279.0,medium
cam09__frame_00008.jpg,188,433.89,264.88,449.21,272.09,high
cam09__frame_00008.jpg,189,421.56,282.04,431.68,291.82,medium
cam09__frame_00008.jpg,190,419.87,274.6,432.02,281.03,low
cam09__frame_00008.jpg,191,406.85,252.52,410.77,261.4,medium
cam09__frame_00008.jpg,192,406.31,242.84,410.23,251.73,medium
cam09__frame_00008.jpg,193,406.53,234.4,410.45,242.8,medium
cam09__frame_00008.jpg,194,402.56,252.52,406.48,261.4,medium
cam09__frame_00008.jpg,195,401.95,242.63,405.87,251.51,medium
cam09__frame_00008.jpg,196,402.17,233.48,406.09,242.36,medium
cam09__frame_00008.jpg,197,398.28,251.01,402.2,259.89,high
cam09__frame_00008.jpg,198,397.6,241.54,401.52,250.42,medium
cam09__frame_00008.jpg,199,398.03,232.92,401.95,241.8,medium
cam09__frame_00008.jpg,200,393.26,254.6,399.09,270.93,high
cam09__frame_00008.jpg,201,386.71,244.9,390.19,259.49,medium
cam09__frame_00008.jpg,202,381.89,244.68,386.26,258.39,medium
cam09__frame_00008.jpg,203,586.6,351.44,632.72,392.16,low
cam09__frame_00008.jpg,204,563.3,346.65,586.34,363.44,medium
cam09__frame_00008.jpg,205,564.87,328.79,609.3,345.59,low
cam09__frame_00008.jpg,206,565.6,313.2,610.02,330.0,low
cam09__frame_00008.jpg,207,557.73,274.38,599.03,316.81,low
cam09__frame_00008.jpg,208,529.88,308.01,550.68,327.84,medium
cam09__frame_00008.jpg,209,531.38,294.1,553.49,315.98,high
cam09__frame_00008.jpg,210,508.44,294.63,530.54,314.63,high
cam09__frame_00008.jpg,211,509.99,282.62,532.08,302.6,high
cam09__frame_00008.jpg,212,514.1,265.26,561.52,297.39,low
cam09__frame_00008.jpg,213,492.91,287.5,510.23,302.97,low
cam09__frame_00008.jpg,214,612.18,235.85,640.0,269.97,low
cam09__frame_00008.jpg,215,606.6,241.62,612.43,246.26,high
cam09__frame_00008.jpg,216,607.21,236.6,611.85,241.43,high
cam09__frame_00008.jpg,217,607.4,229.45,616.48,235.83,medium
cam09__frame_00008.jpg,218,607.6,223.27,616.68,229.5,medium
cam09__frame_00008.jpg,219,607.98,218.25,617.06,223.66,medium
cam09__frame_00008.jpg,220,608.18,212.65,617.45,218.64,medium
cam09__frame_00008.jpg,221,608.3,206.24,617.7,212.72,medium
cam09__frame_00008.jpg,222,608.76,198.86,617.7,206.02,medium
cam09__frame_00008.jpg,223,558.86,228.4,601.97,247.83,low
cam09__frame_00008.jpg,224,558.35,223.38,604.15,242.91,low
cam09__frame_00008.jpg,225,560.03,211.51,606.37,232.57,low
cam09__frame_00008.jpg,226,558.74,204.11,607.87,226.14,low
cam09__frame_00008.jpg,227,560.2,196.98,607.75,218.46,low
cam09__frame_00008.jpg,228,562.31,191.43,607.13,211.99,low
cam09__frame_00008.jpg,229,564.42,185.88,609.4,206.59,low
cam09__frame_00008.jpg,230,573.24,182.09,615.34,201.9,low
cam09__frame_00008.jpg,231,574.15,174.43,619.4,195.68,low
cam09__frame_00008.jpg,232,526.53,205.33,563.61,228.19,medium
cam09__frame_00008.jpg,233,528.55,197.3,562.98,217.85,medium
cam09__frame_00008.jpg,234,528.78,188.8,561.43,208.54,medium
cam09__frame_00008.jpg,235,529.81,180.93,563.11,200.95,medium
cam09__frame_00008.jpg,236,530.81,174.33,565.35,194.92,medium
cam09__frame_00008.jpg,237,531.74,167.42,568.7,189.11,medium
cam09__frame_00008.jpg,238,534.01,160.05,573.08,182.69,medium
cam09__frame_00008.jpg,239,480.03,186.64,525.99,208.21,medium
cam09__frame_00008.jpg,240,481.02,182.19,526.46,202.41,medium
cam09__frame_00008.jpg,241,481.21,178.26,527.77,198.89,medium
cam09__frame_00008.jpg,242,482.73,172.69,528.88,194.76,medium
cam09__frame_00008.jpg,243,483.62,166.25,530.17,189.4,medium
cam09__frame_00008.jpg,244,473.22,185.88,479.25,191.47,high
cam09__frame_00008.jpg,245,484.51,244.71,489.19,274.16,low
cam09__frame_00008.jpg,246,480.93,241.95,485.33,274.44,low
cam09__frame_00008.jpg,247,469.92,241.96,480.93,271.41,low
cam09__frame_00008.jpg,248,472.1,231.02,489.98,241.75,low
cam09__frame_00008.jpg,249,471.7,220.3,490.9,230.35,low
cam09__frame_00008.jpg,250,473.0,211.4,490.88,220.29,low
cam09__frame_00008.jpg,251,472.11,203.3,490.0,210.68,medium
cam09__frame_00008.jpg,252,451.64,251.73,465.46,264.4,high
cam09__frame_00008.jpg,253,465.26,236.71,466.99,266.29,high
cam09__frame_00008.jpg,254,464.68,226.37,469.87,236.65,high
cam09__frame_00008.jpg,255,464.97,217.0,470.16,226.1,high
cam09__frame_00008.jpg,256,465.41,206.32,470.59,216.6,high
cam09__frame_00008.jpg,257,465.8,196.16,470.98,206.44,high
cam09__frame_00008.jpg,258,466.07,185.21,471.43,194.37,high
cam09__frame_00008.jpg,259,436.16,244.05,453.5,253.9,low
cam09__frame_00008.jpg,260,436.23,236.13,454.39,245.59,low
cam09__frame_00008.jpg,261,436.63,228.33,454.62,237.77,low
cam09__frame_00008.jpg,262,437.14,220.34,454.42,229.7,low
cam09__frame_00008.jpg,263,438.83,212.32,455.76,222.1,low
cam09__frame_00008.jpg,264,425.74,238.27,435.26,246.0,medium
cam09__frame_00008.jpg,265,422.15,231.21,436.61,239.97,medium
cam09__frame_00008.jpg,266,422.31,225.2,436.77,233.96,medium
cam09__frame_00008.jpg,267,423.15,218.85,437.61,227.62,medium
cam09__frame_00008.jpg,268,424.06,212.46,438.52,221.23,medium
cam09__frame_00008.jpg,269,425.6,205.75,440.12,214.86,medium
cam09__frame_00008.jpg,270,440.7,208.0,465.74,213.34,medium
cam09__frame_00008.jpg,271,439.87,200.99,465.58,207.83,medium
cam09__frame_00008.jpg,272,443.87,194.48,465.24,201.16,medium
cam09__frame_00008.jpg,273,449.24,174.51,461.35,184.24,high
cam09__frame_00008.jpg,274,403.89,221.62,418.85,228.82,low
cam09__frame_00008.jpg,275,404.19,213.84,419.15,221.04,low
cam09__frame_00008.jpg,276,404.2,206.66,420.05,213.86,low
cam09__frame_00008.jpg,277,404.49,200.08,419.45,206.7,low
cam09__frame_00008.jpg,278,404.78,192.9,419.74,200.1,low
cam09__frame_00008.jpg,279,404.78,186.02,420.04,193.2,low
cam09__frame_00008.jpg,280,404.5,177.04,420.64,186.31,low
cam09__frame_00008.jpg,281,399.85,217.83,403.87,225.0,high
cam09__frame_00008.jpg,282,400.14,209.6,404.16,217.5,high
cam09__frame_00008.jpg,283,400.28,201.67,404.31,209.8,high
cam09__frame_00008.jpg,284,400.28,193.3,404.31,201.7,high
cam09__frame_00008.jpg,285,400.16,184.67,404.18,193.39,high
cam09__frame_00008.jpg,286,400.38,174.62,404.18,184.45,high
cam09__frame_00008.jpg,287,395.95,208.16,399.98,216.87,high
cam09__frame_00008.jpg,288,396.1,199.07,400.12,207.78,high
cam09__frame_00008.jpg,289,396.1,190.56,400.12,199.27,high
cam09__frame_00008.jpg,290,396.24,181.61,400.27,190.33,high
cam09__frame_00008.jpg,291,396.53,173.1,400.55,181.81,high
cam09__frame_00008.jpg,292,377.6,200.84,392.29,209.18,low
cam09__frame_00008.jpg,293,378.1,192.49,392.79,200.84,low
cam09__frame_00008.jpg,294,378.43,184.31,393.12,192.66,low
cam09__frame_00008.jpg,295,378.93,175.96,393.63,184.31,low
cam09__frame_00008.jpg,296,379.1,167.29,393.79,175.63,low
cam09__frame_00008.jpg,297,368.46,186.09,377.06,191.7,medium
cam09__frame_00009.jpg,0,252.71,203.26,274.15,225.86,medium
cam09__frame_00009.jpg,1,301.96,208.28,335.96,230.5,medium
cam09__frame_00009.jpg,2,359.54,207.61,376.85,261.61,medium
cam09__frame_00009.jpg,3,368.14,168.17,376.75,174.28,medium
cam09__frame_00009.jpg,4,368.21,173.6,376.81,179.93,medium
cam09__frame_00009.jpg,5,368.21,180.08,376.81,186.3,medium
cam09__frame_00009.jpg,6,368.46,186.09,377.06,191.7,medium
cam09__frame_00009.jpg,7,379.1,167.29,393.79,175.63,low
cam09__frame_00009.jpg,8,378.93,175.96,393.63,184.31,low
cam09__frame_00009.jpg,9,378.43,184.31,393.12,192.66,low
cam09__frame_00009.jpg,10,378.1,192.49,392.79,200.84,low
cam09__frame_00009.jpg,11,377.6,200.84,392.29,209.18,low
cam09__frame_00009.jpg,12,396.53,173.1,400.55,181.81,high
cam09__frame_00009.jpg,13,396.24,181.61,400.27,190.33,high
cam09__frame_00009.jpg,14,396.1,190.56,400.12,199.27,high
cam09__frame_00009.jpg,15,396.1,199.07,400.12,207.78,high
cam09__frame_00009.jpg,16,395.95,208.16,399.98,216.87,high
cam09__frame_00009.jpg,17,400.38,174.62,404.18,184.45,high
cam09__frame_00009.jpg,18,400.16,184.67,404.18,193.39,high
cam09__frame_00009.jpg,19,400.28,193.3,404.31,201.7,high
cam09__frame_00009.jpg,20,400.28,201.67,404.31,209.8,high
cam09__frame_00009.jpg,21,400.14,209.6,404.16,217.5,high
cam09__frame_00009.jpg,22,399.85,217.83,403.87,225.0,high
cam09__frame_00009.jpg,23,404.5,177.04,420.64,186.31,low
cam09__frame_00009.jpg,24,404.78,186.02,420.04,193.2,low
cam09__frame_00009.jpg,25,404.78,192.9,419.74,200.1,low
cam09__frame_00009.jpg,26,404.49,200.08,419.45,206.7,low
cam09__frame_00009.jpg,27,404.2,206.66,420.05,213.86,low
cam09__frame_00009.jpg,28,404.19,213.84,419.15,221.04,low
cam09__frame_00009.jpg,29,403.89,221.62,418.85,228.82,low
cam09__frame_00009.jpg,30,449.24,174.51,461.35,184.24,high
cam09__frame_00009.jpg,31,443.87,194.48,465.24,201.16,medium
cam09__frame_00009.jpg,32,439.87,200.99,465.58,207.83,medium
cam09__frame_00009.jpg,33,440.7,208.0,465.74,213.34,medium
cam09__frame_00009.jpg,34,425.6,205.75,440.12,214.86,medium
cam09__frame_00009.jpg,35,424.06,212.46,438.52,221.23,medium
cam09__frame_00009.jpg,36,423.15,218.85,437.61,227.62,medium
cam09__frame_00009.jpg,37,422.31,225.2,436.77,233.96,medium
cam09__frame_00009.jpg,38,422.15,231.21,436.61,239.97,medium
cam09__frame_00009.jpg,39,425.74,238.27,435.26,246.0,medium
cam09__frame_00009.jpg,40,438.83,212.32,455.76,222.1,low
cam09__frame_00009.jpg,41,437.14,220.34,454.42,229.7,low
cam09__frame_00009.jpg,42,436.63,228.33,454.62,237.77,low
cam09__frame_00009.jpg,43,436.23,236.13,454.39,245.59,low
cam09__frame_00009.jpg,44,436.16,244.05,453.5,253.9,low
cam09__frame_00009.jpg,45,466.07,185.21,471.43,194.37,high
cam09__frame_00009.jpg,46,465.8,196.16,470.98,206.44,high
cam09__frame_00009.jpg,47,465.41,206.32,470.59,216.6,high
cam09__frame_00009.jpg,48,464.97,217.0,470.16,226.1,high
cam09__frame_00009.jpg,49,464.68,226.37,469.87,236.65,high
cam09__frame_00009.jpg,50,465.26,236.71,466.99,266.29,high
cam09__frame_00009.jpg,51,451.64,251.73,465.46,264.4,high
cam09__frame_00009.jpg,52,472.11,203.3,490.0,210.68,medium
cam09__frame_00009.jpg,53,473.0,211.4,490.88,220.29,low
cam09__frame_00009.jpg,54,471.7,220.3,490.9,230.35,low
cam09__frame_00009.jpg,55,472.1,231.02,489.98,241.75,low
cam09__frame_00009.jpg,56,469.92,241.96,480.93,271.41,low
cam09__frame_00009.jpg,57,480.93,241.95,485.33,274.44,low
cam09__frame_00009.jpg,58,484.51,244.71,489.19,274.16,low
cam09__frame_00009.jpg,59,473.22,185.88,479.25,191.47,high
cam09__frame_00009.jpg,60,483.62,166.25,530.17,189.4,medium
cam09__frame_00009.jpg,61,482.73,172.69,528.88,194.76,medium
cam09__frame_00009.jpg,62,481.21,178.26,527.77,198.89,medium
cam09__frame_00009.jpg,63,481.02,182.19,526.46,202.41,medium
cam09__frame_00009.jpg,64,480.03,186.64,525.99,208.21,medium
cam09__frame_00009.jpg,65,534.01,160.05,573.08,182.69,medium
cam09__frame_00009.jpg,66,531.74,167.42,568.7,189.11,medium
cam09__frame_00009.jpg,67,530.81,174.33,565.35,194.92,medium
cam09__frame_00009.jpg,68,529.81,180.93,563.11,200.95,medium
cam09__frame_00009.jpg,69,528.78,188.8,561.43,208.54,medium
cam09__frame_00009.jpg,70,528.55,197.3,562.98,217.85,medium
cam09__frame_00009.jpg,71,526.53,205.33,563.61,228.19,medium
cam09__frame_00009.jpg,72,574.15,174.43,619.4,195.68,low
cam09__frame_00009.jpg,73,573.24,182.09,615.34,201.9,low
cam09__frame_00009.jpg,74,564.42,185.88,609.4,206.59,low
cam09__frame_00009.jpg,75,562.31,191.43,607.13,211.99,low
cam09__frame_00009.jpg,76,560.2,196.98,607.75,218.46,low
cam09__frame_00009.jpg,77,558.74,204.11,607.87,226.14,low
cam09__frame_00009.jpg,78,560.03,211.51,606.37,232.57,low
cam09__frame_00009.jpg,79,558.35,223.38,604.15,242.91,low
cam09__frame_00009.jpg,80,558.86,228.4,601.97,247.83,low
cam09__frame_00009.jpg,81,608.76,198.86,617.7,206.02,medium
cam09__frame_00009.jpg,82,608.3,206.24,617.7,212.72,medium
cam09__frame_00009.jpg,83,608.18,212.65,617.45,218.64,medium
cam09__frame_00009.jpg,84,607.98,218.25,617.06,223.66,medium
cam09__frame_00009.jpg,85,607.6,223.27,616.68,229.5,medium
cam09__frame_00009.jpg,86,607.4,229.45,616.48,235.83,medium
cam09__frame_00009.jpg,87,607.21,236.6,611.85,241.43,high
cam09__frame_00009.jpg,88,606.6,241.62,612.43,246.26,high
cam09__frame_00009.jpg,89,612.18,235.85,640.0,269.97,low
cam09__frame_00009.jpg,90,492.91,287.5,510.23,302.97,low
cam09__frame_00009.jpg,91,514.1,265.26,561.52,297.39,low
cam09__frame_00009.jpg,92,509.99,282.62,532.08,302.6,high
cam09__frame_00009.jpg,93,508.44,294.63,530.54,314.63,high
cam09__frame_00009.jpg,94,531.38,294.1,553.49,315.98,high
cam09__frame_00009.jpg,95,529.88,308.01,550.68,327.84,medium
cam09__frame_00009.jpg,96,557.73,274.38,599.03,316.81,low
cam09__frame_00009.jpg,97,565.6,313.2,610.02,330.0,low
cam09__frame_00009.jpg,98,564.87,328.79,609.3,345.59,low
cam09__frame_00009.jpg,99,563.3,346.65,586.34,363.44,medium
cam09__frame_00009.jpg,100,586.6,351.44,632.72,392.16,low
cam09__frame_00009.jpg,101,381.89,244.68,386.26,258.39,medium
cam09__frame_00009.jpg,102,386.71,244.9,390.19,259.49,medium
cam09__frame_00009.jpg,103,393.26,254.6,399.09,270.93,high
cam09__frame_00009.jpg,104,398.03,232.92,401.95,241.8,medium
cam09__frame_00009.jpg,105,397.6,241.54,401.52,250.42,medium
cam09__frame_00009.jpg,106,398.28,251.01,402.2,259.89,high
cam09__frame_00009.jpg,107,402.17,233.48,406.09,242.36,medium
cam09__frame_00009.jpg,108,401.95,242.63,405.87,251.51,medium
cam09__frame_00009.jpg,109,402.56,252.52,406.48,261.4,medium
cam09__frame_00009.jpg,110,406.53,234.4,410.45,242.8,medium
cam09__frame_00009.jpg,111,406.31,242.84,410.23,251.73,medium
cam09__frame_00009.jpg,112,406.85,252.52,410.77,261.4,medium
cam09__frame_00009.jpg,113,419.87,274.6,432.02,281.03,low
cam09__frame_00009.jpg,114,421.56,282.04,431.68,291.82,medium
cam09__frame_00009.jpg,115,433.89,264.88,449.21,272.09,high
cam09__frame_00009.jpg,116,433.29,271.49,449.81,279.0,medium
cam09__frame_00009.jpg,117,433.77,278.99,449.17,288.4,medium
cam09__frame_00009.jpg,118,432.1,288.0,451.85,296.37,medium
cam09__frame_00009.jpg,119,452.95,271.79,466.86,313.15,high
cam09__frame_00009.jpg,120,432.84,297.83,462.87,340.18,medium
cam09__frame_00009.jpg,121,465.41,309.75,476.73,336.36,high
cam09__frame_00009.jpg,122,463.97,336.95,477.87,367.19,medium
cam09__frame_00009.jpg,123,480.53,329.1,494.33,358.36,medium
cam09__frame_00009.jpg,124,476.56,357.39,494.19,372.65,high
cam09__frame_00009.jpg,125,494.55,344.9,508.45,371.36,medium
cam09__frame_00009.jpg,126,491.77,371.7,507.41,400.2,medium
cam09__frame_00009.jpg,127,507.76,374.14,529.65,412.41,low
cam09__frame_00009.jpg,128,497.09,409.54,521.59,428.55,medium
cam09__frame_00009.jpg,129,531.2,396.12,558.3,417.3,low
cam09__frame_00009.jpg,130,526.52,415.6,550.33,435.65,medium
cam09__frame_00009.jpg,131,520.22,426.4,549.79,453.22,medium
cam09__frame_00009.jpg,132,572.4,395.48,577.69,404.21,high
cam09__frame_00009.jpg,133,571.08,404.21,577.16,412.68,high
cam09__frame_00009.jpg,134,548.3,422.73,557.56,437.43,high
cam09__frame_00009.jpg,135,557.84,421.43,561.8,434.09,high
cam09__frame_00009.jpg,136,561.71,418.17,569.06,432.87,high
cam09__frame_00009.jpg,137,569.2,419.19,574.36,432.69,high
cam09__frame_00009.jpg,138,549.36,437.94,553.29,449.22,high
cam09__frame_00009.jpg,139,553.34,437.69,559.34,447.14,high
cam09__frame_00009.jpg,140,559.47,433.86,565.72,445.48,high
cam09__frame_00009.jpg,141,565.74,433.1,571.0,446.82,high
cam09__frame_00009.jpg,142,553.68,447.76,559.29,462.34,high
cam09__frame_00009.jpg,143,559.74,448.66,566.47,464.58,high
cam09__frame_00009.jpg,144,552.56,462.79,558.84,476.03,high
cam09__frame_00009.jpg,145,558.84,465.03,565.34,480.96,high
cam09__frame_00009.jpg,146,559.63,431.26,609.96,531.67,low
cam09__frame_00009.jpg,147,604.4,475.87,639.61,568.47,low
cam09__frame_00009.jpg,148,579.2,570.14,618.29,640.0,medium
cam09__frame_00009.jpg,149,558.92,582.34,578.4,614.1,high
cam09__frame_00009.jpg,150,561.02,547.14,594.71,573.83,high
cam09__frame_00009.jpg,151,477.58,405.84,493.03,424.55,high
cam09__frame_00009.jpg,152,456.43,398.52,468.63,424.55,high
cam09__frame_00009.jpg,153,440.2,377.38,454.0,416.42,medium
cam09__frame_00009.jpg,154,434.9,365.18,443.42,387.5,high
cam09__frame_00009.jpg,155,427.36,357.14,435.51,386.35,high
cam09__frame_00009.jpg,156,416.04,343.69,427.54,370.42,high
cam09__frame_00009.jpg,157,404.64,314.23,413.81,350.2,high
cam09__frame_00009.jpg,158,397.53,309.4,404.51,327.16,high
cam09__frame_00009.jpg,159,390.58,304.07,397.37,321.06,high
cam09__frame_00009.jpg,160,382.51,289.2,390.58,303.22,high
cam09__frame_00009.jpg,161,0.92,243.04,14.5,272.68,low
cam09__frame_00009.jpg,162,18.64,207.62,25.79,231.98,low
cam09__frame_00009.jpg,163,19.09,231.31,26.69,256.57,low
cam09__frame_00009.jpg,164,26.02,205.27,33.62,230.53,low
cam09__frame_00009.jpg,165,27.14,230.53,34.74,255.78,low
cam09__frame_00009.jpg,166,34.07,204.83,41.66,230.08,low
cam09__frame_00009.jpg,167,35.85,229.63,43.45,254.89,low
cam09__frame_00009.jpg,168,43.0,230.53,55.5,255.78,medium
cam09__frame_00009.jpg,169,31.72,178.81,39.68,204.08,low
cam09__frame_00009.jpg,170,70.3,188.3,77.26,204.58,high
cam09__frame_00009.jpg,171,69.6,203.74,76.79,223.14,high
cam09__frame_00009.jpg,172,79.1,170.1,88.75,189.29,low
cam09__frame_00009.jpg,173,77.94,188.88,87.15,203.7,low
cam09__frame_00009.jpg,174,77.54,204.5,87.15,222.13,low
cam09__frame_00009.jpg,175,87.95,188.08,94.76,203.3,low
cam09__frame_00009.jpg,176,87.15,204.5,95.16,220.12,low
cam09__frame_00009.jpg,177,95.47,187.9,100.03,203.98,medium
cam09__frame_00009.jpg,178,95.23,203.98,100.03,219.55,medium
cam09__frame_00009.jpg,179,99.9,175.4,107.2,188.84,low
cam09__frame_00009.jpg,180,100.38,188.7,107.71,203.49,low
cam09__frame_00009.jpg,181,107.5,176.3,115.29,189.26,low
cam09__frame_00009.jpg,182,107.69,188.88,115.02,203.67,low
cam09__frame_00009.jpg,183,119.39,160.1,125.08,171.48,low
cam09__frame_00009.jpg,184,118.7,172.22,124.39,183.6,low
cam09__frame_00009.jpg,185,119.04,183.3,124.73,194.67,low
cam09__frame_00009.jpg,186,125.62,159.41,131.31,170.79,low
cam09__frame_00009.jpg,187,124.58,171.53,130.27,182.9,low
cam09__frame_00009.jpg,188,124.93,183.3,130.62,194.67,low
cam09__frame_00009.jpg,189,131.09,171.14,136.78,182.52,high
cam09__frame_00009.jpg,190,137.41,171.21,143.1,182.58,high
cam09__frame_00009.jpg,191,0.17,379.28,11.47,454.46,high
cam09__frame_00009.jpg,192,8.52,400.9,14.91,427.93,high
cam09__frame_00009.jpg,193,3.69,338.97,24.18,366.06,high
cam09__frame_00009.jpg,194,11.47,363.6,22.28,390.09,medium
cam09__frame_00009.jpg,195,24.25,367.5,34.08,390.09,medium
cam09__frame_00009.jpg,196,34.6,358.64,48.33,395.0,low
cam09__frame_00009.jpg,197,14.17,315.23,23.05,340.61,high
cam09__frame_00009.jpg,198,22.73,314.92,30.66,358.7,medium
cam09__frame_00009.jpg,199,30.66,314.28,39.55,358.7,medium
cam09__frame_00009.jpg,200,38.91,332.68,46.21,359.97,high
cam09__frame_00009.jpg,201,48.25,355.82,55.23,377.11,high
cam09__frame_00009.jpg,202,47.48,312.38,57.95,355.52,high
cam09__frame_00009.jpg,203,57.43,355.4,70.28,375.27,medium
cam09__frame_00009.jpg,204,57.0,333.8,73.26,354.88,medium
cam09__frame_00009.jpg,205,59.07,304.73,66.0,333.78,high
cam09__frame_00009.jpg,206,66.02,299.83,71.56,332.02,high
cam09__frame_00009.jpg,207,76.1,317.48,85.41,337.21,high
cam09__frame_00009.jpg,208,81.19,283.1,89.47,318.78,high
cam09__frame_00009.jpg,209,41.14,287.57,46.36,302.6,high
cam09__frame_00009.jpg,210,46.2,285.83,50.42,303.8,high
cam09__frame_00009.jpg,211,60.51,271.2,70.59,295.7,high
cam09__frame_00009.jpg,212,85.06,250.08,91.29,280.55,high
cam09__frame_00009.jpg,213,90.26,263.93,97.87,296.82,medium
cam09__frame_00009.jpg,214,96.83,263.93,103.06,294.74,medium
cam09__frame_00009.jpg,215,97.18,240.04,104.1,264.97,high
cam09__frame_00009.jpg,216,102.03,279.51,108.95,295.09,medium
cam09__frame_00009.jpg,217,111.81,263.06,120.34,273.14,medium
cam09__frame_00009.jpg,218,110.0,228.41,115.95,260.73,medium
cam09__frame_00009.jpg,219,120.5,256.85,128.85,270.47,medium
cam09__frame_00009.jpg,220,120.19,243.14,128.2,257.17,medium
cam09__frame_00009.jpg,221,139.1,232.2,142.51,248.96,medium
cam09__frame_00009.jpg,222,131.44,215.75,142.81,228.62,medium
cam09__frame_00009.jpg,223,2.02,596.24,14.19,637.9,high
cam09__frame_00009.jpg,224,0.49,541.44,27.13,570.36,high
cam09__frame_00009.jpg,225,1.25,507.18,24.85,540.67,medium
cam09__frame_00009.jpg,226,15.28,495.81,38.2,547.06,low
cam09__frame_00009.jpg,227,27.95,482.74,50.93,534.39,low
cam09__frame_00009.jpg,228,4.99,486.9,20.97,506.4,high
cam09__frame_00009.jpg,229,20.03,473.1,31.99,490.77,high
cam09__frame_00009.jpg,230,34.27,450.0,50.79,481.21,medium
cam09__frame_00009.jpg,231,49.3,464.7,64.7,492.95,low
cam09__frame_00009.jpg,232,41.91,429.42,52.87,438.74,high
cam09__frame_00009.jpg,233,48.37,435.46,62.75,463.45,medium
cam09__frame_00009.jpg,234,70.6,402.6,80.84,447.19,medium
cam09__frame_00009.jpg,235,82.2,392.0,92.45,428.87,medium
cam09__frame_00009.jpg,236,79.36,359.49,96.07,378.39,medium
cam09__frame_00009.jpg,237,90.25,368.99,97.1,380.5,high
cam09__frame_00009.jpg,238,96.83,335.81,106.42,345.96,high
cam09__frame_00009.jpg,239,102.86,346.5,113.28,376.39,low
cam09__frame_00009.jpg,240,111.91,330.6,118.21,356.38,high
cam09__frame_00009.jpg,241,121.5,319.63,127.81,334.71,high
cam09__frame_00009.jpg,242,128.63,302.6,134.66,333.89,high
cam09__frame_00009.jpg,243,133.82,283.6,150.27,327.2,medium
cam09__frame_00009.jpg,244,42.8,509.0,116.72,637.71,low
cam09__frame_00009.jpg,245,112.56,608.65,172.36,638.54,low
cam09__frame_00009.jpg,246,119.21,587.88,175.69,609.48,medium
cam09__frame_00009.jpg,247,125.02,573.76,148.28,586.8,high
cam09__frame_00009.jpg,248,113.75,447.08,212.15,591.2,low
cam09__frame_00009.jpg,249,194.56,478.4,267.86,640.0,low
cam09__frame_00009.jpg,250,200.8,541.8,262.42,589.56,low
cam09__frame_00009.jpg,251,205.05,512.34,254.91,542.37,low
cam09__frame_00009.jpg,252,71.02,464.67,129.17,515.64,medium
cam09__frame_00009.jpg,253,101.9,445.3,150.7,465.39,medium
cam09__frame_00009.jpg,254,110.5,418.02,157.16,443.86,medium
cam09__frame_00009.jpg,255,119.12,396.48,157.88,419.45,medium
cam09__frame_00009.jpg,256,120.81,373.81,163.06,396.71,medium
cam09__frame_00009.jpg,257,129.05,353.13,170.89,375.47,medium
cam09__frame_00009.jpg,258,142.2,343.2,178.2,356.45,medium
cam09__frame_00009.jpg,259,149.0,330.24,181.16,342.61,medium
cam09__frame_00009.jpg,260,154.57,316.57,184.67,330.05,medium
cam09__frame_00009.jpg,261,270.11,539.5,308.22,627.61,low
cam09__frame_00009.jpg,262,272.49,606.97,300.28,640.0,high
cam09__frame_00009.jpg,263,300.28,563.3,322.51,640.0,high
cam09__frame_00009.jpg,264,322.51,598.24,351.09,640.0,high
cam09__frame_00009.jpg,265,347.92,584.7,429.69,640.0,high
cam09__frame_00009.jpg,266,316.16,437.1,418.57,588.71,low
cam09__frame_00009.jpg,267,436.8,587.1,492.4,638.73,medium
cam09__frame_00009.jpg,268,494.64,588.71,539.9,640.0,high
cam09__frame_00009.jpg,269,432.23,416.42,549.94,565.5,low
cam09__frame_00009.jpg,270,489.29,417.01,578.23,545.09,medium
cam09__frame_00009.jpg,271,269.4,460.77,312.28,542.05,low
cam09__frame_00009.jpg,272,167.18,438.76,198.1,475.48,high
cam09__frame_00009.jpg,273,200.0,436.18,233.53,478.05,high
cam09__frame_00009.jpg,274,222.45,392.17,293.33,479.56,medium
cam09__frame_00009.jpg,275,274.47,405.88,312.4,449.74,high
cam09__frame_00009.jpg,276,167.18,391.09,198.1,436.18,medium
cam09__frame_00009.jpg,277,304.4,322.17,364.94,437.47,low
cam09__frame_00009.jpg,278,368.8,393.67,431.93,428.52,medium
cam09__frame_00009.jpg,279,174.4,343.03,222.97,393.55,medium
cam09__frame_00009.jpg,280,231.63,357.46,270.61,399.33,medium
cam09__frame_00009.jpg,281,269.65,356.98,297.07,388.26,medium
cam09__frame_00009.jpg,282,272.53,386.33,300.92,402.21,high
cam09__frame_00009.jpg,283,163.31,292.53,218.63,319.97,medium
cam09__frame_00009.jpg,284,219.61,269.6,255.56,325.65,low
cam09__frame_00009.jpg,285,223.21,325.65,256.99,335.35,high
cam09__frame_00009.jpg,286,260.59,304.44,277.48,343.62,low
cam09__frame_00009.jpg,287,294.4,271.01,331.79,371.7,medium
cam09__frame_00009.jpg,288,283.27,305.16,295.13,315.94,high
cam09__frame_00009.jpg,289,275.82,301.89,282.26,315.58,high
cam09__frame_00009.jpg,290,176.13,264.57,216.51,294.08,medium
cam09__frame_00009.jpg,291,255.65,294.39,274.29,304.64,high
cam09__frame_00009.jpg,292,254.41,279.79,274.6,294.9,medium
cam09__frame_00009.jpg,293,243.81,259.12,273.7,276.8,medium
cam09__frame_00009.jpg,294,244.27,231.81,275.42,258.81,low
cam09__frame_00009.jpg,295,281.4,248.6,305.9,303.48,medium
cam09__frame_00009.jpg,296,366.3,349.23,417.22,392.13,medium
cam09__frame_00009.jpg,297,334.11,266.1,374.86,303.1,medium
cam09__frame_00009.jpg,298,331.74,260.4,360.13,266.63,high
cam09__frame_00009.jpg,299,309.9,246.55,346.28,260.75,medium
cam09__frame_00009.jpg,300,309.94,237.9,343.17,246.52,medium
cam09__frame_00009.jpg,301,275.67,237.21,306.47,248.94,high
cam09__frame_00009.jpg,302,182.89,250.71,218.2,264.9,medium
cam09__frame_00009.jpg,303,190.16,242.75,216.82,250.67,high
cam09__frame_00009.jpg,304,304.28,230.89,342.58,237.77,high
cam09__frame_00009.jpg,305,217.52,245.25,243.85,269.19,high
cam09__frame_00009.jpg,306,197.2,229.52,216.64,238.31,high
cam09__frame_00009.jpg,307,218.71,223.31,233.4,234.43,high
cam09__frame_00009.jpg,308,234.4,222.54,253.59,231.38,high
cam09__frame_00009.jpg,309,275.89,219.87,302.74,236.48,high
cam09__frame_00009.jpg,310,218.13,191.09,250.97,222.38,medium
cam09__frame_00009.jpg,311,274.92,199.4,301.19,224.31,medium
cam09__frame_00013.jpg,0,572.4,395.48,577.69,404.21,high
cam09__frame_00013.jpg,1,548.3,422.73,557.56,437.43,high
cam09__frame_00013.jpg,2,557.84,421.43,561.8,434.09,high
cam09__frame_00013.jpg,3,561.71,418.17,569.06,432.87,high
cam09__frame_00013.jpg,4,569.2,419.19,574.36,432.69,high
cam09__frame_00013.jpg,5,549.36,437.94,553.29,449.22,high
cam09__frame_00013.jpg,6,553.34,437.69,559.34,447.14,high
cam09__frame_00013.jpg,7,559.47,433.86,565.72,445.48,high
cam09__frame_00013.jpg,8,565.74,433.1,571.0,446.82,high
cam09__frame_00013.jpg,9,553.68,447.76,559.29,462.34,high
cam09__frame_00013.jpg,10,559.74,448.66,566.47,464.58,high
cam09__frame_00013.jpg,11,552.56,462.79,558.84,476.03,high
cam09__frame_00013.jpg,12,558.84,465.03,565.34,480.96,high
cam09__frame_00013.jpg,13,559.63,431.26,609.96,531.67,low
cam09__frame_00013.jpg,14,604.4,475.87,639.61,568.47,low
cam09__frame_00013.jpg,15,579.2,570.14,618.29,640.0,medium
cam09__frame_00013.jpg,16,558.92,582.34,578.4,614.1,high
cam09__frame_00013.jpg,17,561.02,547.14,594.71,573.83,high
cam09__frame_00013.jpg,18,477.58,405.84,493.03,424.55,high
cam09__frame_00013.jpg,19,456.43,398.52,468.63,424.55,high
cam09__frame_00013.jpg,20,440.2,377.38,454.0,416.42,medium
cam09__frame_00013.jpg,21,434.9,365.18,443.42,387.5,high
cam09__frame_00013.jpg,22,427.36,357.14,435.51,386.35,high
cam09__frame_00013.jpg,23,416.04,343.69,427.54,370.42,high
cam09__frame_00013.jpg,24,404.64,314.23,413.81,350.2,high
cam09__frame_00013.jpg,25,397.53,309.4,404.51,327.16,high
cam09__frame_00013.jpg,26,390.58,304.07,397.37,321.06,high
cam09__frame_00013.jpg,27,382.51,289.2,390.58,303.22,high
cam09__frame_00013.jpg,28,0.0,240.56,17.6,270.19,low
cam09__frame_00013.jpg,29,18.64,207.62,25.79,231.98,low
cam09__frame_00013.jpg,30,19.09,231.31,26.69,256.57,low
cam09__frame_00013.jpg,31,26.02,205.27,33.62,230.53,low
cam09__frame_00013.jpg,32,27.14,230.53,34.74,255.78,low
cam09__frame_00013.jpg,33,34.07,204.83,41.66,230.08,low
cam09__frame_00013.jpg,34,35.85,229.63,43.45,254.89,low
cam09__frame_00013.jpg,35,43.0,230.53,55.5,255.78,medium
cam09__frame_00013.jpg,36,31.72,178.81,39.68,204.08,low
cam09__frame_00013.jpg,37,70.3,188.3,77.26,204.58,high
cam09__frame_00013.jpg,38,69.6,203.74,76.79,223.14,high
cam09__frame_00013.jpg,39,79.1,170.1,88.75,189.29,low
cam09__frame_00013.jpg,40,77.94,188.88,87.15,203.7,low
cam09__frame_00013.jpg,41,359.54,207.61,376.85,261.61,medium
cam09__frame_00013.jpg,42,301.96,208.28,335.96,230.5,medium
cam09__frame_00013.jpg,43,274.92,199.4,301.19,224.31,medium
cam09__frame_00013.jpg,44,252.71,203.26,274.15,225.86,medium
cam09__frame_00013.jpg,45,218.13,191.09,250.97,222.38,medium
cam09__frame_00013.jpg,46,275.89,219.87,302.74,236.48,high
cam09__frame_00013.jpg,47,234.4,222.54,253.59,231.38,high
cam09__frame_00013.jpg,48,218.71,223.31,233.4,234.43,high
cam09__frame_00013.jpg,49,197.2,229.52,216.64,238.31,high
cam09__frame_00013.jpg,50,217.52,245.25,243.85,269.19,high
cam09__frame_00013.jpg,51,304.28,230.89,342.58,237.77,high
cam09__frame_00013.jpg,52,190.16,242.75,216.82,250.67,high
cam09__frame_00013.jpg,53,182.89,250.71,218.2,264.9,medium
cam09__frame_00013.jpg,54,275.67,237.21,306.47,248.94,high
cam09__frame_00013.jpg,55,309.94,237.9,343.17,246.52,medium
cam09__frame_00013.jpg,56,309.9,246.55,346.28,260.75,medium
cam09__frame_00013.jpg,57,331.74,260.4,360.13,266.63,high
cam09__frame_00013.jpg,58,334.11,266.1,374.86,303.1,medium
cam09__frame_00013.jpg,59,366.3,349.23,417.22,392.13,medium
cam09__frame_00013.jpg,60,42.8,509.0,116.72,637.71,low
cam09__frame_00013.jpg,61,112.56,608.65,172.36,638.54,low
cam09__frame_00013.jpg,62,119.21,587.88,175.69,609.48,medium
cam09__frame_00013.jpg,63,125.02,573.76,148.28,586.8,high
cam09__frame_00013.jpg,64,113.75,447.08,212.15,591.2,low
cam09__frame_00013.jpg,65,194.56,478.4,267.86,640.0,low
cam09__frame_00013.jpg,66,200.8,541.8,262.42,589.56,low
cam09__frame_00013.jpg,67,205.05,512.34,254.91,542.37,low
cam09__frame_00013.jpg,68,71.02,464.67,129.17,515.64,medium
cam09__frame_00013.jpg,69,101.9,445.3,150.7,465.39,medium
cam09__frame_00013.jpg,70,110.5,418.02,157.16,443.86,medium
cam09__frame_00013.jpg,71,119.12,396.48,157.88,419.45,medium
cam09__frame_00013.jpg,72,120.81,373.81,163.06,396.71,medium
cam09__frame_00013.jpg,73,129.05,353.13,170.89,375.47,medium
cam09__frame_00013.jpg,74,142.2,343.2,178.2,356.45,medium
cam09__frame_00013.jpg,75,149.0,330.24,181.16,342.61,medium
cam09__frame_00013.jpg,76,154.57,316.57,184.67,330.05,medium
cam09__frame_00013.jpg,77,270.11,539.5,308.22,627.61,low
cam09__frame_00013.jpg,78,272.49,606.97,300.28,640.0,high
cam09__frame_00013.jpg,79,300.28,563.3,322.51,640.0,high
cam09__frame_00013.jpg,80,322.51,598.24,351.09,640.0,high
cam09__frame_00013.jpg,81,347.92,584.7,429.69,640.0,high
cam09__frame_00013.jpg,82,316.16,437.1,418.57,588.71,low
cam09__frame_00013.jpg,83,436.8,587.1,492.4,638.73,medium
cam09__frame_00013.jpg,84,494.64,588.71,539.9,640.0,high
cam09__frame_00013.jpg,85,432.23,416.42,549.94,565.5,low
cam09__frame_00013.jpg,86,489.29,417.01,578.23,545.09,medium
cam09__frame_00013.jpg,87,269.4,460.77,312.28,542.05,low
cam09__frame_00013.jpg,88,167.18,438.76,198.1,475.48,high
cam09__frame_00013.jpg,89,200.0,436.18,233.53,478.05,high
cam09__frame_00013.jpg,90,222.45,392.17,293.33,479.56,medium
cam09__frame_00013.jpg,91,274.47,405.88,312.4,449.74,high
cam09__frame_00013.jpg,92,167.18,391.09,198.1,436.18,medium
cam09__frame_00013.jpg,93,304.4,322.17,364.94,437.47,low
cam09__frame_00013.jpg,94,368.8,393.67,431.93,428.52,medium
cam09__frame_00013.jpg,95,174.4,343.03,222.97,393.55,medium
cam09__frame_00013.jpg,96,231.63,357.46,270.61,399.33,medium
cam09__frame_00013.jpg,97,269.65,356.98,297.07,388.26,medium
cam09__frame_00013.jpg,98,272.53,386.33,300.92,402.21,high
cam09__frame_00013.jpg,99,163.31,292.53,218.63,319.97,medium
cam09__frame_00013.jpg,100,219.61,269.6,255.56,325.65,low
cam09__frame_00013.jpg,101,223.21,325.65,256.99,335.35,high
cam09__frame_00013.jpg,102,260.59,304.44,277.48,343.62,low
cam09__frame_00013.jpg,103,294.4,271.01,331.79,371.7,medium
cam09__frame_00013.jpg,104,283.27,305.16,295.13,315.94,high
cam09__frame_00013.jpg,105,275.82,301.89,282.26,315.58,high
cam09__frame_00013.jpg,106,176.13,264.57,216.51,294.08,medium
cam09__frame_00013.jpg,107,255.65,294.39,274.29,304.64,high
cam09__frame_00013.jpg,108,254.41,279.79,274.6,294.9,medium
cam09__frame_00013.jpg,109,243.81,259.12,273.7,276.8,medium
cam09__frame_00013.jpg,110,244.27,231.81,275.42,258.81,low
cam09__frame_00013.jpg,111,281.4,248.6,305.9,303.48,medium
cam09__frame_00013.jpg,112,368.14,168.17,376.75,174.28,medium
cam09__frame_00013.jpg,113,368.21,173.6,376.81,179.93,medium
cam09__frame_00013.jpg,114,368.21,180.08,376.81,186.3,medium
cam09__frame_00013.jpg,115,368.46,186.09,377.06,191.7,medium
cam09__frame_00013.jpg,116,379.1,167.29,393.79,175.63,low
cam09__frame_00013.jpg,117,378.93,175.96,393.63,184.31,low
cam09__frame_00013.jpg,118,378.43,184.31,393.12,192.66,low
cam09__frame_00013.jpg,119,378.1,192.49,392.79,200.84,low
cam09__frame_00013.jpg,120,377.6,200.84,392.29,209.18,low
cam09__frame_00013.jpg,121,396.53,173.1,400.55,181.81,high
cam09__frame_00013.jpg,122,396.24,181.61,400.27,190.33,high
cam09__frame_00013.jpg,123,396.1,190.56,400.12,199.27,high
cam09__frame_00013.jpg,124,396.1,199.07,400.12,207.78,high
cam09__frame_00013.jpg,125,395.95,208.16,399.98,216.87,high
cam09__frame_00013.jpg,126,400.38,174.62,404.18,184.45,high
cam09__frame_00013.jpg,127,400.16,184.67,404.18,193.39,high
cam09__frame_00013.jpg,128,400.28,193.3,404.31,201.7,high
cam09__frame_00013.jpg,129,400.28,201.67,404.31,209.8,high
cam09__frame_00013.jpg,130,400.14,209.6,404.16,217.5,high
cam09__frame_00013.jpg,131,399.85,217.83,403.87,225.0,high
cam09__frame_00013.jpg,132,404.5,177.04,420.64,186.31,low
cam09__frame_00013.jpg,133,404.78,186.02,420.04,193.2,low
cam09__frame_00013.jpg,134,404.78,192.9,419.74,200.1,low
cam09__frame_00013.jpg,135,404.49,200.08,419.45,206.7,low
cam09__frame_00013.jpg,136,404.2,206.66,420.05,213.86,low
cam09__frame_00013.jpg,137,404.19,213.84,419.15,221.04,low
cam09__frame_00013.jpg,138,403.89,221.62,418.85,228.82,low
cam09__frame_00013.jpg,139,449.24,174.51,461.35,184.24,high
cam09__frame_00013.jpg,140,443.87,194.48,465.24,201.16,medium
cam09__frame_00013.jpg,141,439.87,200.99,465.58,207.83,medium
cam09__frame_00013.jpg,142,440.7,208.0,465.74,213.34,medium
cam09__frame_00013.jpg,143,425.6,205.75,440.12,214.86,medium
cam09__frame_00013.jpg,144,424.06,212.46,438.52,221.23,medium
cam09__frame_00013.jpg,145,423.15,218.85,437.61,227.62,medium
cam09__frame_00013.jpg,146,422.31,225.2,436.77,233.96,medium
cam09__frame_00013.jpg,147,422.15,231.21,436.61,239.97,medium
cam09__frame_00013.jpg,148,425.74,238.27,435.26,246.0,medium
cam09__frame_00013.jpg,149,438.83,212.32,455.76,222.1,low
cam09__frame_00013.jpg,150,437.14,220.34,454.42,229.7,low
cam09__frame_00013.jpg,151,436.63,228.33,454.62,237.77,low
cam09__frame_00013.jpg,152,436.23,236.13,454.39,245.59,low
cam09__frame_00013.jpg,153,436.16,244.05,453.5,253.9,low
cam09__frame_00013.jpg,154,466.07,185.21,471.43,194.37,high
cam09__frame_00013.jpg,155,465.8,196.16,470.98,206.44,high
cam09__frame_00013.jpg,156,465.41,206.32,470.59,216.6,high
cam09__frame_00013.jpg,157,464.97,217.0,470.16,226.1,high
cam09__frame_00013.jpg,158,464.68,226.37,469.87,236.65,high
cam09__frame_00013.jpg,159,465.26,236.71,466.99,266.29,high
cam09__frame_00013.jpg,160,451.64,251.73,465.46,264.4,high
cam09__frame_00013.jpg,161,472.11,203.3,490.0,210.68,medium
cam09__frame_00013.jpg,162,473.0,211.4,490.88,220.29,low
cam09__frame_00013.jpg,163,471.7,220.3,490.9,230.35,low
cam09__frame_00013.jpg,164,472.1,231.02,489.98,241.75,low
cam09__frame_00013.jpg,165,469.92,241.96,480.93,271.41,low
cam09__frame_00013.jpg,166,480.93,241.95,485.33,274.44,low
cam09__frame_00013.jpg,167,484.51,244.71,489.19,274.16,low
cam09__frame_00013.jpg,168,473.22,185.88,479.25,191.47,high
cam09__frame_00013.jpg,169,483.62,166.25,530.17,189.4,medium
cam09__frame_00013.jpg,170,482.73,172.69,528.88,194.76,medium
cam09__frame_00013.jpg,171,481.21,178.26,527.77,198.89,medium
cam09__frame_00013.jpg,172,481.02,182.19,526.46,202.41,medium
cam09__frame_00013.jpg,173,480.03,186.64,525.99,208.21,medium
cam09__frame_00013.jpg,174,534.01,160.05,573.08,182.69,medium
cam09__frame_00013.jpg,175,531.74,167.42,568.7,189.11,medium
cam09__frame_00013.jpg,176,530.81,174.33,565.35,194.92,medium
cam09__frame_00013.jpg,177,529.81,180.93,563.11,200.95,medium
cam09__frame_00013.jpg,178,528.78,188.8,561.43,208.54,medium
cam09__frame_00013.jpg,179,528.55,197.3,562.98,217.85,medium
cam09__frame_00013.jpg,180,526.53,205.33,563.61,228.19,medium
cam09__frame_00013.jpg,181,574.15,174.43,619.4,195.68,low
cam09__frame_00013.jpg,182,573.24,182.09,615.34,201.9,low
cam09__frame_00013.jpg,183,564.42,185.88,609.4,206.59,low
cam09__frame_00013.jpg,184,562.31,191.43,607.13,211.99,low
cam09__frame_00013.jpg,185,560.2,196.98,607.75,218.46,low
cam09__frame_00013.jpg,186,558.74,204.11,607.87,226.14,low
cam09__frame_00013.jpg,187,560.03,211.51,606.37,232.57,low
cam09__frame_00013.jpg,188,558.35,223.38,604.15,242.91,low
cam09__frame_00013.jpg,189,558.86,228.4,601.97,247.83,low
cam09__frame_00013.jpg,190,608.76,198.86,617.7,206.02,medium
cam09__frame_00013.jpg,191,608.3,206.24,617.7,212.72,medium
cam09__frame_00013.jpg,192,608.18,212.65,617.45,218.64,medium
cam09__frame_00013.jpg,193,607.98,218.25,617.06,223.66,medium
cam09__frame_00013.jpg,194,607.6,223.27,616.68,229.5,medium
cam09__frame_00013.jpg,195,607.4,229.45,616.48,235.83,medium
cam09__frame_00013.jpg,196,607.21,236.6,611.85,241.43,high
cam09__frame_00013.jpg,197,606.6,241.62,612.43,246.26,high
cam09__frame_00013.jpg,198,612.18,235.85,640.0,269.97,low
cam09__frame_00013.jpg,199,492.91,287.5,510.23,302.97,low
cam09__frame_00013.jpg,200,514.1,265.26,561.52,297.39,low
cam09__frame_00013.jpg,201,509.99,282.62,532.08,302.6,high
cam09__frame_00013.jpg,202,508.44,294.63,530.54,314.63,high
cam09__frame_00013.jpg,203,531.38,294.1,553.49,315.98,high
cam09__frame_00013.jpg,204,529.88,308.01,550.68,327.84,medium
cam09__frame_00013.jpg,205,557.73,274.38,599.03,316.81,low
cam09__frame_00013.jpg,206,565.6,313.2,610.02,330.0,low
cam09__frame_00013.jpg,207,564.87,328.79,609.3,345.59,low
cam09__frame_00013.jpg,208,563.3,346.65,586.34,363.44,medium
cam09__frame_00013.jpg,209,586.6,351.44,632.72,392.16,low
cam09__frame_00013.jpg,210,381.89,244.68,386.26,258.39,medium
cam09__frame_00013.jpg,211,386.71,244.9,390.19,259.49,medium
cam09__frame_00013.jpg,212,393.26,254.6,399.09,270.93,high
cam09__frame_00013.jpg,213,398.03,232.92,401.95,241.8,medium
cam09__frame_00013.jpg,214,397.6,241.54,401.52,250.42,medium
cam09__frame_00013.jpg,215,398.28,251.01,402.2,259.89,high
cam09__frame_00013.jpg,216,402.17,233.48,406.09,242.36,medium
cam09__frame_00013.jpg,217,401.95,242.63,405.87,251.51,medium
cam09__frame_00013.jpg,218,148.9,266.06,157.67,312.4,high
cam09__frame_00013.jpg,219,133.82,283.6,150.27,327.2,medium
cam09__frame_00013.jpg,220,128.63,302.6,134.66,333.89,high
cam09__frame_00013.jpg,221,121.5,319.63,127.81,334.71,high
cam09__frame_00013.jpg,222,111.91,330.6,118.21,356.38,high
cam09__frame_00013.jpg,223,102.86,346.5,113.28,376.39,low
cam09__frame_00013.jpg,224,96.83,335.81,106.42,345.96,high
cam09__frame_00013.jpg,225,90.25,368.99,97.1,380.5,high
cam09__frame_00013.jpg,226,79.36,359.49,96.07,378.39,medium
cam09__frame_00013.jpg,227,82.2,392.0,92.45,428.87,medium
cam09__frame_00013.jpg,228,70.6,402.6,80.84,447.19,medium
cam09__frame_00013.jpg,229,48.37,435.46,62.75,463.45,medium
cam09__frame_00013.jpg,230,41.91,429.42,52.87,438.74,high
cam09__frame_00013.jpg,231,49.3,464.7,64.7,492.95,low
cam09__frame_00013.jpg,232,34.27,450.0,50.79,481.21,medium
cam09__frame_00013.jpg,233,20.03,473.1,31.99,490.77,high
cam09__frame_00013.jpg,234,4.99,486.9,20.97,506.4,high
cam09__frame_00013.jpg,235,27.95,482.74,50.93,534.39,low
cam09__frame_00013.jpg,236,15.28,495.81,38.2,547.06,low
cam09__frame_00013.jpg,237,1.25,507.18,24.85,540.67,medium
cam09__frame_00013.jpg,238,0.49,541.44,27.13,570.36,high
cam09__frame_00013.jpg,239,2.02,596.24,14.19,637.9,high
cam09__frame_00013.jpg,240,160.29,218.3,167.47,233.26,medium
cam09__frame_00013.jpg,241,131.44,215.75,142.81,228.62,medium
cam09__frame_00013.jpg,242,139.1,232.2,142.51,248.96,medium
cam09__frame_00013.jpg,243,120.19,243.14,128.2,257.17,medium
cam09__frame_00013.jpg,244,120.5,256.85,128.85,270.47,medium
cam09__frame_00013.jpg,245,110.0,228.41,115.95,260.73,medium
cam09__frame_00013.jpg,246,111.81,263.06,120.34,273.14,medium
cam09__frame_00013.jpg,247,102.03,279.51,108.95,295.09,medium
cam09__frame_00013.jpg,248,97.18,240.04,104.1,264.97,high
cam09__frame_00013.jpg,249,96.83,263.93,103.06,294.74,medium
cam09__frame_00013.jpg,250,90.26,263.93,97.87,296.82,medium
cam09__frame_00013.jpg,251,85.06,250.08,91.29,280.55,high
cam09__frame_00013.jpg,252,60.51,271.2,70.59,295.7,high
cam09__frame_00013.jpg,253,46.2,285.83,50.42,303.8,high
cam09__frame_00013.jpg,254,41.14,287.57,46.36,302.6,high
cam09__frame_00013.jpg,255,81.19,283.1,89.47,318.78,high
cam09__frame_00013.jpg,256,76.1,317.48,85.41,337.21,high
cam09__frame_00013.jpg,257,66.02,299.83,71.56,332.02,high
cam09__frame_00013.jpg,258,59.07,304.73,66.0,333.78,high
cam09__frame_00013.jpg,259,57.0,333.8,73.26,354.88,medium
cam09__frame_00013.jpg,260,57.43,355.4,70.28,375.27,medium
cam09__frame_00013.jpg,261,47.48,312.38,57.95,355.52,high
cam09__frame_00013.jpg,262,48.25,355.82,55.23,377.11,high
cam09__frame_00013.jpg,263,38.91,332.68,46.21,359.97,high
cam09__frame_00013.jpg,264,30.66,314.28,39.55,358.7,medium
cam09__frame_00013.jpg,265,22.73,314.92,30.66,358.7,medium
cam09__frame_00013.jpg,266,14.17,315.23,23.05,340.61,high
cam09__frame_00013.jpg,267,34.6,358.64,48.33,395.0,low
cam09__frame_00013.jpg,268,24.25,367.5,34.08,390.09,medium
cam09__frame_00013.jpg,269,11.47,363.6,22.28,390.09,medium
cam09__frame_00013.jpg,270,3.69,338.97,24.18,366.06,high
cam09__frame_00013.jpg,271,8.52,400.9,14.91,427.93,high
cam09__frame_00013.jpg,272,0.17,379.28,11.47,454.46,high
cam09__frame_00013.jpg,273,137.15,182.32,142.84,193.7,low
cam09__frame_00013.jpg,274,137.41,171.21,143.1,182.58,low
cam09__frame_00013.jpg,275,131.16,182.6,136.85,193.98,low
cam09__frame_00013.jpg,276,131.09,171.14,136.78,182.52,low
cam09__frame_00013.jpg,277,124.93,183.3,130.62,194.67,low
cam09__frame_00013.jpg,278,124.58,171.53,130.27,182.9,low
cam09__frame_00013.jpg,279,125.62,159.41,131.31,170.79,low
cam09__frame_00013.jpg,280,119.04,183.3,124.73,194.67,low
cam09__frame_00013.jpg,281,118.7,172.22,124.39,183.6,low
cam09__frame_00013.jpg,282,119.39,160.1,125.08,171.48,low
cam09__frame_00013.jpg,283,107.69,188.88,115.02,203.67,low
cam09__frame_00013.jpg,284,107.5,176.3,115.29,189.26,low
cam09__frame_00013.jpg,285,100.38,188.7,107.71,203.49,low
cam09__frame_00013.jpg,286,99.9,175.4,107.2,188.84,low
cam09__frame_00013.jpg,287,95.23,203.98,100.03,219.55,medium
cam09__frame_00013.jpg,288,95.47,187.9,100.03,203.98,medium
cam09__frame_00013.jpg,289,87.15,204.5,95.16,220.12,low
cam09__frame_00013.jpg,290,87.95,188.08,94.76,203.3,low
cam09__frame_00013.jpg,291,77.54,204.5,87.15,222.13,low
cam09__frame_00013.jpg,292,402.56,252.52,406.48,261.4,medium
cam09__frame_00013.jpg,293,406.53,234.4,410.45,242.8,medium
cam09__frame_00013.jpg,294,406.31,242.84,410.23,251.73,medium
cam09__frame_00013.jpg,295,406.85,252.52,410.77,261.4,medium
cam09__frame_00013.jpg,296,419.87,274.6,432.02,281.03,low
cam09__frame_00013.jpg,297,421.56,282.04,431.68,291.82,medium
cam09__frame_00013.jpg,298,433.89,264.88,449.21,272.09,high
cam09__frame_00013.jpg,299,433.29,271.49,449.81,279.0,medium
cam09__frame_00013.jpg,300,433.77,278.99,449.17,288.4,medium
cam09__frame_00013.jpg,301,432.1,288.0,451.85,296.37,medium
cam09__frame_00013.jpg,302,452.95,271.79,466.86,313.15,high
cam09__frame_00013.jpg,303,432.84,297.83,462.87,340.18,medium
cam09__frame_00013.jpg,304,465.41,309.75,476.73,336.36,high
cam09__frame_00013.jpg,305,463.97,336.95,477.87,367.19,medium
cam09__frame_00013.jpg,306,480.53,329.1,494.33,358.36,medium
cam09__frame_00013.jpg,307,476.56,357.39,494.19,372.65,high
cam09__frame_00013.jpg,308,494.55,344.9,508.45,371.36,medium
cam09__frame_00013.jpg,309,491.77,371.7,507.41,400.2,medium
cam09__frame_00013.jpg,310,507.76,374.14,529.65,412.41,low
cam09__frame_00013.jpg,311,497.09,409.54,521.59,428.55,medium
cam09__frame_00013.jpg,312,531.2,396.12,558.3,417.3,low
cam09__frame_00013.jpg,313,526.52,415.6,550.33,435.65,medium
cam09__frame_00013.jpg,314,520.22,426.4,549.79,453.22,medium
cam09__frame_00013.jpg,315,571.08,404.21,577.16,412.68,high
cam09__frame_00014.jpg,0,87.95,188.08,94.76,203.3,low
cam09__frame_00014.jpg,1,87.15,204.5,95.16,220.12,low
cam09__frame_00014.jpg,2,95.47,187.9,100.03,203.98,medium
cam09__frame_00014.jpg,3,95.23,203.98,100.03,219.55,medium
cam09__frame_00014.jpg,4,99.9,175.4,107.2,188.84,low
cam09__frame_00014.jpg,5,100.38,188.7,107.71,203.49,low
cam09__frame_00014.jpg,6,107.5,176.3,115.29,189.26,low
cam09__frame_00014.jpg,7,433.89,264.88,449.21,272.09,high
cam09__frame_00014.jpg,8,433.29,271.49,449.81,279.0,medium
cam09__frame_00014.jpg,9,433.77,278.99,449.17,288.4,medium
cam09__frame_00014.jpg,10,432.1,288.0,451.85,296.37,medium
cam09__frame_00014.jpg,11,452.95,271.79,466.86,313.15,high
cam09__frame_00014.jpg,12,432.84,297.83,462.87,340.18,medium
cam09__frame_00014.jpg,13,465.41,309.75,476.73,336.36,high
cam09__frame_00014.jpg,14,463.97,336.95,477.87,367.19,medium
cam09__frame_00014.jpg,15,480.53,329.1,494.33,358.36,medium
cam09__frame_00014.jpg,16,476.56,357.39,494.19,372.65,high
cam09__frame_00014.jpg,17,494.55,344.9,508.45,371.36,medium
cam09__frame_00014.jpg,18,491.77,371.7,507.41,400.2,medium
cam09__frame_00014.jpg,19,507.76,374.14,529.65,412.41,low
cam09__frame_00014.jpg,20,497.09,409.54,521.59,428.55,medium
cam09__frame_00014.jpg,21,531.2,396.12,558.3,417.3,low
cam09__frame_00014.jpg,22,526.52,415.6,550.33,435.65,medium
cam09__frame_00014.jpg,23,520.22,426.4,549.79,453.22,medium
cam09__frame_00014.jpg,24,572.4,395.48,577.69,404.21,high
cam09__frame_00014.jpg,25,571.08,404.21,577.16,412.68,high
cam09__frame_00014.jpg,26,548.3,422.73,557.56,437.43,high
cam09__frame_00014.jpg,27,557.84,421.43,561.8,434.09,high
cam09__frame_00014.jpg,28,561.71,418.17,569.06,432.87,high
cam09__frame_00014.jpg,29,569.2,419.19,574.36,432.69,high
cam09__frame_00014.jpg,30,549.36,437.94,553.29,449.22,high
cam09__frame_00014.jpg,31,553.34,437.69,559.34,447.14,high
cam09__frame_00014.jpg,32,559.47,433.86,565.72,445.48,high
cam09__frame_00014.jpg,33,565.74,433.1,571.0,446.82,high
cam09__frame_00014.jpg,34,553.68,447.76,559.29,462.34,high
cam09__frame_00014.jpg,35,559.74,448.66,566.47,464.58,high
cam09__frame_00014.jpg,36,552.56,462.79,558.84,476.03,high
cam09__frame_00014.jpg,37,558.84,465.03,565.34,480.96,high
cam09__frame_00014.jpg,38,559.63,431.26,609.96,531.67,low
cam09__frame_00014.jpg,39,604.4,475.87,639.61,568.47,low
cam09__frame_00014.jpg,40,579.2,570.14,618.29,640.0,medium
cam09__frame_00014.jpg,41,77.94,188.88,87.15,203.7,low
cam09__frame_00014.jpg,42,90.26,263.93,97.87,296.82,medium
cam09__frame_00014.jpg,43,96.83,263.93,103.06,294.74,medium
cam09__frame_00014.jpg,44,97.18,240.04,104.1,264.97,high
cam09__frame_00014.jpg,45,102.03,279.51,108.95,295.09,medium
cam09__frame_00014.jpg,46,111.81,263.06,120.34,273.14,medium
cam09__frame_00014.jpg,47,110.0,228.41,115.95,260.73,medium
cam09__frame_00014.jpg,48,120.5,256.85,128.85,270.47,medium
cam09__frame_00014.jpg,49,120.19,243.14,128.2,257.17,medium
cam09__frame_00014.jpg,50,139.1,232.2,142.51,248.96,medium
cam09__frame_00014.jpg,51,131.44,215.75,142.81,228.62,medium
cam09__frame_00014.jpg,52,160.29,218.3,167.47,233.26,medium
cam09__frame_00014.jpg,53,2.02,596.24,14.19,637.9,high
cam09__frame_00014.jpg,54,0.49,541.44,27.13,570.36,high
cam09__frame_00014.jpg,55,1.25,507.18,24.85,540.67,medium
cam09__frame_00014.jpg,56,15.28,495.81,38.2,547.06,low
cam09__frame_00014.jpg,57,27.95,482.74,50.93,534.39,low
cam09__frame_00014.jpg,58,4.99,486.9,20.97,506.4,high
cam09__frame_00014.jpg,59,20.03,473.1,31.99,490.77,high
cam09__frame_00014.jpg,60,34.27,450.0,50.79,481.21,medium
cam09__frame_00014.jpg,61,49.3,464.7,64.7,492.95,low
cam09__frame_00014.jpg,62,41.91,429.42,52.87,438.74,high
cam09__frame_00014.jpg,63,48.37,435.46,62.75,463.45,medium
cam09__frame_00014.jpg,64,70.6,402.6,80.84,447.19,medium
cam09__frame_00014.jpg,65,82.2,392.0,92.45,428.87,medium
cam09__frame_00014.jpg,66,79.36,359.49,96.07,378.39,medium
cam09__frame_00014.jpg,67,90.25,368.99,97.1,380.5,high
cam09__frame_00014.jpg,68,96.83,335.81,106.42,345.96,high
cam09__frame_00014.jpg,69,102.86,346.5,113.28,376.39,low
cam09__frame_00014.jpg,70,111.91,330.6,118.21,356.38,high
cam09__frame_00014.jpg,71,121.5,319.63,127.81,334.71,high
cam09__frame_00014.jpg,72,128.63,302.6,134.66,333.89,high
cam09__frame_00014.jpg,73,133.82,283.6,150.27,327.2,medium
cam09__frame_00014.jpg,74,148.9,266.06,157.67,312.4,high
cam09__frame_00014.jpg,75,359.54,207.61,376.85,261.61,medium
cam09__frame_00014.jpg,76,301.96,208.28,335.96,230.5,medium
cam09__frame_00014.jpg,77,274.92,199.4,301.19,224.31,medium
cam09__frame_00014.jpg,78,252.71,203.26,274.15,225.86,medium
cam09__frame_00014.jpg,79,218.13,191.09,250.97,222.38,medium
cam09__frame_00014.jpg,80,275.89,219.87,302.74,236.48,high
cam09__frame_00014.jpg,81,234.4,222.54,253.59,231.38,high
cam09__frame_00014.jpg,82,218.71,223.31,233.4,234.43,high
cam09__frame_00014.jpg,83,197.2,229.52,216.64,238.31,high
cam09__frame_00014.jpg,84,217.52,245.25,243.85,269.19,high
cam09__frame_00014.jpg,85,304.28,230.89,342.58,237.77,high
cam09__frame_00014.jpg,86,190.16,242.75,216.82,250.67,high
cam09__frame_00014.jpg,87,182.89,250.71,218.2,264.9,medium
cam09__frame_00014.jpg,88,275.67,237.21,306.47,248.94,high
cam09__frame_00014.jpg,89,309.94,237.9,343.17,246.52,medium
cam09__frame_00014.jpg,90,309.9,246.55,346.28,260.75,medium
cam09__frame_00014.jpg,91,331.74,260.4,360.13,266.63,high
cam09__frame_00014.jpg,92,334.11,266.1,374.86,303.1,medium
cam09__frame_00014.jpg,93,366.3,349.23,417.22,392.13,medium
cam09__frame_00014.jpg,94,300.28,563.3,322.51,640.0,high
cam09__frame_00014.jpg,95,322.51,598.24,351.09,640.0,high
cam09__frame_00014.jpg,96,347.92,584.7,429.69,640.0,high
cam09__frame_00014.jpg,97,316.16,437.1,418.57,588.71,low
cam09__frame_00014.jpg,98,436.8,587.1,492.4,638.73,medium
cam09__frame_00014.jpg,99,494.64,588.71,539.9,640.0,high
cam09__frame_00014.jpg,100,432.23,416.42,549.94,565.5,low
cam09__frame_00014.jpg,101,489.29,417.01,578.23,545.09,medium
cam09__frame_00014.jpg,102,269.4,460.77,312.28,542.05,low
cam09__frame_00014.jpg,103,167.18,438.76,198.1,475.48,high
cam09__frame_00014.jpg,104,200.0,436.18,233.53,478.05,high
cam09__frame_00014.jpg,105,222.45,392.17,293.33,479.56,medium
cam09__frame_00014.jpg,106,274.47,405.88,312.4,449.74,high
cam09__frame_00014.jpg,107,167.18,391.09,198.1,436.18,medium
cam09__frame_00014.jpg,108,304.4,322.17,364.94,437.47,low
cam09__frame_00014.jpg,109,368.8,393.67,431.93,428.52,medium
cam09__frame_00014.jpg,110,174.4,343.03,222.97,393.55,medium
cam09__frame_00014.jpg,111,231.63,357.46,270.61,399.33,medium
cam09__frame_00014.jpg,112,269.65,356.98,297.07,388.26,medium
cam09__frame_00014.jpg,113,272.53,386.33,300.92,402.21,high
cam09__frame_00014.jpg,114,163.31,292.53,218.63,319.97,medium
cam09__frame_00014.jpg,115,219.61,269.6,255.56,325.65,low
cam09__frame_00014.jpg,116,223.21,325.65,256.99,335.35,high
cam09__frame_00014.jpg,117,260.59,304.44,277.48,343.62,low
cam09__frame_00014.jpg,118,294.4,271.01,331.79,371.7,medium
cam09__frame_00014.jpg,119,283.27,305.16,295.13,315.94,high
cam09__frame_00014.jpg,120,275.82,301.89,282.26,315.58,high
cam09__frame_00014.jpg,121,176.13,264.57,216.51,294.08,medium
cam09__frame_00014.jpg,122,255.65,294.39,274.29,304.64,high
cam09__frame_00014.jpg,123,254.41,279.79,274.6,294.9,medium
cam09__frame_00014.jpg,124,243.81,259.12,273.7,276.8,medium
cam09__frame_00014.jpg,125,244.27,231.81,275.42,258.81,low
cam09__frame_00014.jpg,126,281.4,248.6,305.9,303.48,medium
cam09__frame_00014.jpg,127,558.92,582.34,578.4,614.1,high
cam09__frame_00014.jpg,128,561.02,547.14,594.71,573.83,high
cam09__frame_00014.jpg,129,477.58,405.84,493.03,424.55,high
cam09__frame_00014.jpg,130,456.43,398.52,468.63,424.55,high
cam09__frame_00014.jpg,131,440.2,377.38,454.0,416.42,medium
cam09__frame_00014.jpg,132,434.9,365.18,443.42,387.5,high
cam09__frame_00014.jpg,133,427.36,357.14,435.51,386.35,high
cam09__frame_00014.jpg,134,416.04,343.69,427.54,370.42,high
cam09__frame_00014.jpg,135,404.64,314.23,413.81,350.2,high
cam09__frame_00014.jpg,136,397.53,309.4,404.51,327.16,high
cam09__frame_00014.jpg,137,390.58,304.07,397.37,321.06,high
cam09__frame_00014.jpg,138,382.51,289.2,390.58,303.22,high
cam09__frame_00014.jpg,139,0.92,239.7,15.6,272.67,low
cam09__frame_00014.jpg,140,18.64,207.62,25.79,231.98,low
cam09__frame_00014.jpg,141,19.09,231.31,26.69,256.57,low
cam09__frame_00014.jpg,142,26.02,205.27,33.62,230.53,low
cam09__frame_00014.jpg,143,27.14,230.53,34.74,255.78,low
cam09__frame_00014.jpg,144,34.07,204.83,41.66,230.08,low
cam09__frame_00014.jpg,145,35.85,229.63,43.45,254.89,low
cam09__frame_00014.jpg,146,43.0,230.53,55.5,255.78,medium
cam09__frame_00014.jpg,147,31.72,178.81,39.68,204.08,low
cam09__frame_00014.jpg,148,70.3,188.3,77.26,204.58,high
cam09__frame_00014.jpg,149,69.6,203.74,76.79,223.14,high
cam09__frame_00014.jpg,150,79.1,170.1,88.75,189.29,low
cam09__frame_00014.jpg,151,421.56,282.04,431.68,291.82,medium
cam09__frame_00014.jpg,152,419.87,274.6,432.02,281.03,low
cam09__frame_00014.jpg,153,406.85,252.52,410.77,261.4,medium
cam09__frame_00014.jpg,154,406.31,242.84,410.23,251.73,medium
cam09__frame_00014.jpg,155,406.53,234.4,410.45,242.8,medium
cam09__frame_00014.jpg,156,402.56,252.52,406.48,261.4,medium
cam09__frame_00014.jpg,157,401.95,242.63,405.87,251.51,medium
cam09__frame_00014.jpg,158,402.17,233.48,406.09,242.36,medium
cam09__frame_00014.jpg,159,398.28,251.01,402.2,259.89,high
cam09__frame_00014.jpg,160,397.6,241.54,401.52,250.42,medium
cam09__frame_00014.jpg,161,398.03,232.92,401.95,241.8,medium
cam09__frame_00014.jpg,162,393.26,254.6,399.09,270.93,high
cam09__frame_00014.jpg,163,386.71,244.9,390.19,259.49,medium
cam09__frame_00014.jpg,164,381.89,244.68,386.26,258.39,medium
cam09__frame_00014.jpg,165,586.6,351.44,632.72,392.16,low
cam09__frame_00014.jpg,166,563.3,346.65,586.34,363.44,medium
cam09__frame_00014.jpg,167,564.87,328.79,609.3,345.59,low
cam09__frame_00014.jpg,168,565.6,313.2,610.02,330.0,low
cam09__frame_00014.jpg,169,557.73,274.38,599.03,316.81,low
cam09__frame_00014.jpg,170,529.88,308.01,550.68,327.84,medium
cam09__frame_00014.jpg,171,531.38,294.1,553.49,315.98,high
cam09__frame_00014.jpg,172,508.44,294.63,530.54,314.63,high
cam09__frame_00014.jpg,173,509.99,282.62,532.08,302.6,high
cam09__frame_00014.jpg,174,514.1,265.26,561.52,297.39,low
cam09__frame_00014.jpg,175,492.91,287.5,510.23,302.97,low
cam09__frame_00014.jpg,176,612.18,235.85,640.0,269.97,low
cam09__frame_00014.jpg,177,606.6,241.62,612.43,246.26,high
cam09__frame_00014.jpg,178,607.21,236.6,611.85,241.43,high
cam09__frame_00014.jpg,179,607.4,229.45,616.48,235.83,medium
cam09__frame_00014.jpg,180,607.6,223.27,616.68,229.5,medium
cam09__frame_00014.jpg,181,607.98,218.25,617.06,223.66,medium
cam09__frame_00014.jpg,182,608.18,212.65,617.45,218.64,medium
cam09__frame_00014.jpg,183,608.3,206.24,617.7,212.72,medium
cam09__frame_00014.jpg,184,608.76,198.86,617.7,206.02,medium
cam09__frame_00014.jpg,185,558.86,228.4,601.97,247.83,low
cam09__frame_00014.jpg,186,558.35,223.38,604.15,242.91,low
cam09__frame_00014.jpg,187,560.03,211.51,606.37,232.57,low
cam09__frame_00014.jpg,188,558.74,204.11,607.87,226.14,low
cam09__frame_00014.jpg,189,560.2,196.98,607.75,218.46,low
cam09__frame_00014.jpg,190,562.31,191.43,607.13,211.99,low
cam09__frame_00014.jpg,191,564.42,185.88,609.4,206.59,low
cam09__frame_00014.jpg,192,573.24,182.09,615.34,201.9,low
cam09__frame_00014.jpg,193,574.15,174.43,619.4,195.68,low
cam09__frame_00014.jpg,194,526.53,205.33,563.61,228.19,medium
cam09__frame_00014.jpg,195,528.55,197.3,562.98,217.85,medium
cam09__frame_00014.jpg,196,528.78,188.8,561.43,208.54,medium
cam09__frame_00014.jpg,197,529.81,180.93,563.11,200.95,medium
cam09__frame_00014.jpg,198,42.8,509.0,116.72,637.71,low
cam09__frame_00014.jpg,199,112.56,608.65,172.36,638.54,low
cam09__frame_00014.jpg,200,119.21,587.88,175.69,609.48,medium
cam09__frame_00014.jpg,201,125.02,573.76,148.28,586.8,high
cam09__frame_00014.jpg,202,113.75,447.08,212.15,591.2,low
cam09__frame_00014.jpg,203,194.56,478.4,267.86,640.0,low
cam09__frame_00014.jpg,204,200.8,541.8,262.42,589.56,low
cam09__frame_00014.jpg,205,205.05,512.34,254.91,542.37,low
cam09__frame_00014.jpg,206,71.02,464.67,129.17,515.64,medium
cam09__frame_00014.jpg,207,101.9,445.3,150.7,465.39,medium
cam09__frame_00014.jpg,208,110.5,418.02,157.16,443.86,medium
cam09__frame_00014.jpg,209,119.12,396.48,157.88,419.45,medium
cam09__frame_00014.jpg,210,120.81,373.81,163.06,396.71,medium
cam09__frame_00014.jpg,211,129.05,353.13,170.89,375.47,medium
cam09__frame_00014.jpg,212,142.2,343.2,178.2,356.45,medium
cam09__frame_00014.jpg,213,149.0,330.24,181.16,342.61,medium
cam09__frame_00014.jpg,214,154.57,316.57,184.67,330.05,medium
cam09__frame_00014.jpg,215,270.11,539.5,308.22,627.61,low
cam09__frame_00014.jpg,216,272.49,606.97,300.28,640.0,high
cam09__frame_00014.jpg,217,530.81,174.33,565.35,194.92,medium
cam09__frame_00014.jpg,218,531.74,167.42,568.7,189.11,medium
cam09__frame_00014.jpg,219,534.01,160.05,573.08,182.69,medium
cam09__frame_00014.jpg,220,480.03,186.64,525.99,208.21,medium
cam09__frame_00014.jpg,221,481.02,182.19,526.46,202.41,medium
cam09__frame_00014.jpg,222,481.21,178.26,527.77,198.89,medium
cam09__frame_00014.jpg,223,482.73,172.69,528.88,194.76,medium
cam09__frame_00014.jpg,224,483.62,166.25,530.17,189.4,medium
cam09__frame_00014.jpg,225,473.22,185.88,479.25,191.47,high
cam09__frame_00014.jpg,226,484.51,244.71,489.19,274.16,low
cam09__frame_00014.jpg,227,480.93,241.95,485.33,274.44,low
cam09__frame_00014.jpg,228,469.92,241.96,480.93,271.41,low
cam09__frame_00014.jpg,229,472.1,231.02,489.98,241.75,low
cam09__frame_00014.jpg,230,471.7,220.3,490.9,230.35,low
cam09__frame_00014.jpg,231,473.0,211.4,490.88,220.29,low
cam09__frame_00014.jpg,232,472.11,203.3,490.0,210.68,medium
cam09__frame_00014.jpg,233,451.64,251.73,465.46,264.4,high
cam09__frame_00014.jpg,234,465.26,236.71,466.99,266.29,high
cam09__frame_00014.jpg,235,464.68,226.37,469.87,236.65,high
cam09__frame_00014.jpg,236,464.97,217.0,470.16,226.1,high
cam09__frame_00014.jpg,237,465.41,206.32,470.59,216.6,high
cam09__frame_00014.jpg,238,465.8,196.16,470.98,206.44,high
cam09__frame_00014.jpg,239,466.07,185.21,471.43,194.37,high
cam09__frame_00014.jpg,240,436.16,244.05,453.5,253.9,low
cam09__frame_00014.jpg,241,436.23,236.13,454.39,245.59,low
cam09__frame_00014.jpg,242,436.63,228.33,454.62,237.77,low
cam09__frame_00014.jpg,243,437.14,220.34,454.42,229.7,low
cam09__frame_00014.jpg,244,438.83,212.32,455.76,222.1,low
cam09__frame_00014.jpg,245,425.74,238.27,435.26,246.0,medium
cam09__frame_00014.jpg,246,422.15,231.21,436.61,239.97,medium
cam09__frame_00014.jpg,247,422.31,225.2,436.77,233.96,medium
cam09__frame_00014.jpg,248,423.15,218.85,437.61,227.62,medium
cam09__frame_00014.jpg,249,424.06,212.46,438.52,221.23,medium
cam09__frame_00014.jpg,250,425.6,205.75,440.12,214.86,medium
cam09__frame_00014.jpg,251,440.7,208.0,465.74,213.34,medium
cam09__frame_00014.jpg,252,439.87,200.99,465.58,207.83,medium
cam09__frame_00014.jpg,253,443.87,194.48,465.24,201.16,medium
cam09__frame_00014.jpg,254,449.24,174.51,461.35,184.24,high
cam09__frame_00014.jpg,255,403.89,221.62,418.85,228.82,low
cam09__frame_00014.jpg,256,404.19,213.84,419.15,221.04,low
cam09__frame_00014.jpg,257,404.2,206.66,420.05,213.86,low
cam09__frame_00014.jpg,258,404.49,200.08,419.45,206.7,low
cam09__frame_00014.jpg,259,404.78,192.9,419.74,200.1,low
cam09__frame_00014.jpg,260,404.78,186.02,420.04,193.2,low
cam09__frame_00014.jpg,261,404.5,177.04,420.64,186.31,low
cam09__frame_00014.jpg,262,399.85,217.83,403.87,225.0,high
cam09__frame_00014.jpg,263,400.14,209.6,404.16,217.5,high
cam09__frame_00014.jpg,264,400.28,201.67,404.31,209.8,high
cam09__frame_00014.jpg,265,400.28,193.3,404.31,201.7,high
cam09__frame_00014.jpg,266,400.16,184.67,404.18,193.39,high
cam09__frame_00014.jpg,267,400.38,174.62,404.18,184.45,high
cam09__frame_00014.jpg,268,395.95,208.16,399.98,216.87,high
cam09__frame_00014.jpg,269,396.1,199.07,400.12,207.78,high
cam09__frame_00014.jpg,270,396.1,190.56,400.12,199.27,high
cam09__frame_00014.jpg,271,396.24,181.61,400.27,190.33,high
cam09__frame_00014.jpg,272,396.53,173.1,400.55,181.81,high
cam09__frame_00014.jpg,273,377.6,200.84,392.29,209.18,low
cam09__frame_00014.jpg,274,378.1,192.49,392.79,200.84,low
cam09__frame_00014.jpg,275,378.43,184.31,393.12,192.66,low
cam09__frame_00014.jpg,276,378.93,175.96,393.63,184.31,low
cam09__frame_00014.jpg,277,379.1,167.29,393.79,175.63,low
cam09__frame_00014.jpg,278,368.46,186.09,377.06,191.7,medium
cam09__frame_00014.jpg,279,368.21,180.08,376.81,186.3,medium
cam09__frame_00014.jpg,280,368.21,173.6,376.81,179.93,medium
cam09__frame_00014.jpg,281,368.14,168.17,376.75,174.28,medium
cam09__frame_00014.jpg,282,107.69,188.88,115.02,203.67,low
cam09__frame_00014.jpg,283,119.39,160.1,125.08,171.48,low
cam09__frame_00014.jpg,284,118.7,172.22,124.39,183.6,low
cam09__frame_00014.jpg,285,119.04,183.3,124.73,194.67,low
cam09__frame_00014.jpg,286,125.62,159.41,131.31,170.79,low
cam09__frame_00014.jpg,287,124.58,171.53,130.27,182.9,low
cam09__frame_00014.jpg,288,124.93,183.3,130.62,194.67,low
cam09__frame_00014.jpg,289,131.09,171.14,136.78,182.52,low
cam09__frame_00014.jpg,290,131.16,182.6,136.85,193.98,low
cam09__frame_00014.jpg,291,137.41,171.21,143.1,182.58,low
cam09__frame_00014.jpg,292,137.15,182.32,142.84,193.7,low
cam09__frame_00014.jpg,293,0.17,379.28,11.47,454.46,high
cam09__frame_00014.jpg,294,8.52,400.9,14.91,427.93,high
cam09__frame_00014.jpg,295,3.69,338.97,24.18,366.06,high
cam09__frame_00014.jpg,296,11.47,363.6,22.28,390.09,medium
cam09__frame_00014.jpg,297,24.25,367.5,34.08,390.09,medium
cam09__frame_00014.jpg,298,34.6,358.64,48.33,395.0,low
cam09__frame_00014.jpg,299,14.17,315.23,23.05,340.61,high
cam09__frame_00014.jpg,300,22.73,314.92,30.66,358.7,medium
cam09__frame_00014.jpg,301,30.66,314.28,39.55,358.7,medium
cam09__frame_00014.jpg,302,38.91,332.68,46.21,359.97,high
cam09__frame_00014.jpg,303,48.25,355.82,55.23,377.11,high
cam09__frame_00014.jpg,304,47.48,312.38,57.95,355.52,high
cam09__frame_00014.jpg,305,57.43,355.4,70.28,375.27,medium
cam09__frame_00014.jpg,306,57.0,333.8,73.26,354.88,medium
cam09__frame_00014.jpg,307,59.07,304.73,66.0,333.78,high
cam09__frame_00014.jpg,308,66.02,299.83,71.56,332.02,high
cam09__frame_00014.jpg,309,76.1,317.48,85.41,337.21,high
cam09__frame_00014.jpg,310,81.19,283.1,89.47,318.78,high
cam09__frame_00014.jpg,311,41.14,287.57,46.36,302.6,high
cam09__frame_00014.jpg,312,46.2,285.83,50.42,303.8,high
cam09__frame_00014.jpg,313,60.51,271.2,70.59,295.7,high
cam09__frame_00014.jpg,314,85.06,250.08,91.29,280.55,high
cam09__frame_00014.jpg,315,77.54,204.5,87.15,222.13,low
cam09__frame_00015.jpg,0,396.24,181.61,400.27,190.33,high
cam09__frame_00015.jpg,1,422.15,231.21,436.61,239.97,medium
cam09__frame_00015.jpg,2,425.74,238.27,435.26,246.0,medium
cam09__frame_00015.jpg,3,438.83,212.32,455.76,222.1,low
cam09__frame_00015.jpg,4,437.14,220.34,454.42,229.7,low
cam09__frame_00015.jpg,5,436.63,228.33,454.62,237.77,low
cam09__frame_00015.jpg,6,436.23,236.13,454.39,245.59,low
cam09__frame_00015.jpg,7,436.16,244.05,453.5,253.9,low
cam09__frame_00015.jpg,8,466.07,185.21,471.43,194.37,high
cam09__frame_00015.jpg,9,465.8,196.16,470.98,206.44,high
cam09__frame_00015.jpg,10,465.41,206.32,470.59,216.6,high
cam09__frame_00015.jpg,11,464.97,217.0,470.16,226.1,high
cam09__frame_00015.jpg,12,464.68,226.37,469.87,236.65,high
cam09__frame_00015.jpg,13,465.26,236.71,466.99,266.29,high
cam09__frame_00015.jpg,14,451.64,251.73,465.46,264.4,high
cam09__frame_00015.jpg,15,472.11,203.3,490.0,210.68,medium
cam09__frame_00015.jpg,16,473.0,211.4,490.88,220.29,low
cam09__frame_00015.jpg,17,471.7,220.3,490.9,230.35,low
cam09__frame_00015.jpg,18,472.1,231.02,489.98,241.75,low
cam09__frame_00015.jpg,19,469.92,241.96,480.93,271.41,low
cam09__frame_00015.jpg,20,480.93,241.95,485.33,274.44,low
cam09__frame_00015.jpg,21,484.51,244.71,489.19,274.16,low
cam09__frame_00015.jpg,22,473.22,185.88,479.25,191.47,high
cam09__frame_00015.jpg,23,483.62,166.25,530.17,189.4,medium
cam09__frame_00015.jpg,24,482.73,172.69,528.88,194.76,medium
cam09__frame_00015.jpg,25,481.21,178.26,527.77,198.89,medium
cam09__frame_00015.jpg,26,481.02,182.19,526.46,202.41,medium
cam09__frame_00015.jpg,27,480.03,186.64,525.99,208.21,medium
cam09__frame_00015.jpg,28,534.01,160.05,573.08,182.69,medium
cam09__frame_00015.jpg,29,531.74,167.42,568.7,189.11,medium
cam09__frame_00015.jpg,30,530.81,174.33,565.35,194.92,medium
cam09__frame_00015.jpg,31,529.81,180.93,563.11,200.95,medium
cam09__frame_00015.jpg,32,528.78,188.8,561.43,208.54,medium
cam09__frame_00015.jpg,33,528.55,197.3,562.98,217.85,medium
cam09__frame_00015.jpg,34,526.53,205.33,563.61,228.19,medium
cam09__frame_00015.jpg,35,574.15,174.43,619.4,195.68,low
cam09__frame_00015.jpg,36,573.24,182.09,615.34,201.9,low
cam09__frame_00015.jpg,37,564.42,185.88,609.4,206.59,low
cam09__frame_00015.jpg,38,562.31,191.43,607.13,211.99,low
cam09__frame_00015.jpg,39,560.2,196.98,607.75,218.46,low
cam09__frame_00015.jpg,40,558.74,204.11,607.87,226.14,low
cam09__frame_00015.jpg,41,560.03,211.51,606.37,232.57,low
cam09__frame_00015.jpg,42,558.35,223.38,604.15,242.91,low
cam09__frame_00015.jpg,43,558.86,228.4,601.97,247.83,low
cam09__frame_00015.jpg,44,608.76,198.86,617.7,206.02,medium
cam09__frame_00015.jpg,45,608.3,206.24,617.7,212.72,medium
cam09__frame_00015.jpg,46,608.18,212.65,617.45,218.64,medium
cam09__frame_00015.jpg,47,607.98,218.25,617.06,223.66,medium
cam09__frame_00015.jpg,48,607.6,223.27,616.68,229.5,medium
cam09__frame_00015.jpg,49,607.4,229.45,616.48,235.83,medium
cam09__frame_00015.jpg,50,607.21,236.6,611.85,241.43,high
cam09__frame_00015.jpg,51,606.6,241.62,612.43,246.26,high
cam09__frame_00015.jpg,52,612.18,235.85,640.0,269.97,low
cam09__frame_00015.jpg,53,492.91,287.5,510.23,302.97,low
cam09__frame_00015.jpg,54,514.1,265.26,561.52,297.39,low
cam09__frame_00015.jpg,55,509.99,282.62,532.08,302.6,high
cam09__frame_00015.jpg,56,508.44,294.63,530.54,314.63,high
cam09__frame_00015.jpg,57,531.38,294.1,553.49,315.98,high
cam09__frame_00015.jpg,58,529.88,308.01,550.68,327.84,medium
cam09__frame_00015.jpg,59,557.73,274.38,599.03,316.81,low
cam09__frame_00015.jpg,60,565.6,313.2,610.02,330.0,low
cam09__frame_00015.jpg,61,564.87,328.79,609.3,345.59,low
cam09__frame_00015.jpg,62,563.3,346.65,586.34,363.44,medium
cam09__frame_00015.jpg,63,586.6,351.44,632.72,392.16,low
cam09__frame_00015.jpg,64,381.89,244.68,386.26,258.39,medium
cam09__frame_00015.jpg,65,386.71,244.9,390.19,259.49,medium
cam09__frame_00015.jpg,66,393.26,254.6,399.09,270.93,high
cam09__frame_00015.jpg,67,398.03,232.92,401.95,241.8,medium
cam09__frame_00015.jpg,68,397.6,241.54,401.52,250.42,medium
cam09__frame_00015.jpg,69,398.28,251.01,402.2,259.89,high
cam09__frame_00015.jpg,70,402.17,233.48,406.09,242.36,medium
cam09__frame_00015.jpg,71,401.95,242.63,405.87,251.51,medium
cam09__frame_00015.jpg,72,402.56,252.52,406.48,261.4,medium
cam09__frame_00015.jpg,73,406.53,234.4,410.45,242.8,medium
cam09__frame_00015.jpg,74,406.31,242.84,410.23,251.73,medium
cam09__frame_00015.jpg,75,406.85,252.52,410.77,261.4,medium
cam09__frame_00015.jpg,76,419.87,274.6,432.02,281.03,low
cam09__frame_00015.jpg,77,421.56,282.04,431.68,291.82,medium
cam09__frame_00015.jpg,78,433.89,264.88,449.21,272.09,high
cam09__frame_00015.jpg,79,433.29,271.49,449.81,279.0,medium
cam09__frame_00015.jpg,80,433.77,278.99,449.17,288.4,medium
cam09__frame_00015.jpg,81,432.1,288.0,451.85,296.37,medium
cam09__frame_00015.jpg,82,452.95,271.79,466.86,313.15,high
cam09__frame_00015.jpg,83,432.84,297.83,462.87,340.18,medium
cam09__frame_00015.jpg,84,465.41,309.75,476.73,336.36,high
cam09__frame_00015.jpg,85,463.97,336.95,477.87,367.19,medium
cam09__frame_00015.jpg,86,480.53,329.1,494.33,358.36,medium
cam09__frame_00015.jpg,87,476.56,357.39,494.19,372.65,high
cam09__frame_00015.jpg,88,494.55,344.9,508.45,371.36,medium
cam09__frame_00015.jpg,89,491.77,371.7,507.41,400.2,medium
cam09__frame_00015.jpg,90,507.76,374.14,529.65,412.41,low
cam09__frame_00015.jpg,91,497.09,409.54,521.59,428.55,medium
cam09__frame_00015.jpg,92,531.2,396.12,558.3,417.3,low
cam09__frame_00015.jpg,93,526.52,415.6,550.33,435.65,medium
cam09__frame_00015.jpg,94,520.22,426.4,549.79,453.22,medium
cam09__frame_00015.jpg,95,572.4,395.48,577.69,404.21,high
cam09__frame_00015.jpg,96,571.08,404.21,577.16,412.68,high
cam09__frame_00015.jpg,97,548.3,422.73,557.56,437.43,high
cam09__frame_00015.jpg,98,557.84,421.43,561.8,434.09,high
cam09__frame_00015.jpg,99,561.71,418.17,569.06,432.87,high
cam09__frame_00015.jpg,100,569.2,419.19,574.36,432.69,high
cam09__frame_00015.jpg,101,549.36,437.94,553.29,449.22,high
cam09__frame_00015.jpg,102,553.34,437.69,559.34,447.14,high
cam09__frame_00015.jpg,103,559.47,433.86,565.72,445.48,high
cam09__frame_00015.jpg,104,565.74,433.1,571.0,446.82,high
cam09__frame_00015.jpg,105,553.68,447.76,559.29,462.34,high
cam09__frame_00015.jpg,106,559.74,448.66,566.47,464.58,high
cam09__frame_00015.jpg,107,552.56,462.79,558.84,476.03,high
cam09__frame_00015.jpg,108,558.84,465.03,565.34,480.96,high
cam09__frame_00015.jpg,109,559.63,431.26,609.96,531.67,low
cam09__frame_00015.jpg,110,604.4,475.87,639.61,568.47,low
cam09__frame_00015.jpg,111,579.2,570.14,618.29,640.0,medium
cam09__frame_00015.jpg,112,558.92,582.34,578.4,614.1,high
cam09__frame_00015.jpg,113,561.02,547.14,594.71,573.83,high
cam09__frame_00015.jpg,114,477.58,405.84,493.03,424.55,high
cam09__frame_00015.jpg,115,456.43,398.52,468.63,424.55,high
cam09__frame_00015.jpg,116,440.2,377.38,454.0,416.42,medium
cam09__frame_00015.jpg,117,434.9,365.18,443.42,387.5,high
cam09__frame_00015.jpg,118,427.36,357.14,435.51,386.35,high
cam09__frame_00015.jpg,119,416.04,343.69,427.54,370.42,high
cam09__frame_00015.jpg,120,404.64,314.23,413.81,350.2,high
cam09__frame_00015.jpg,121,397.53,309.4,404.51,327.16,high
cam09__frame_00015.jpg,122,390.58,304.07,397.37,321.06,high
cam09__frame_00015.jpg,123,382.51,289.2,390.58,303.22,high
cam09__frame_00015.jpg,124,0.92,243.04,14.5,272.68,low
cam09__frame_00015.jpg,125,18.64,207.62,25.79,231.98,low
cam09__frame_00015.jpg,126,19.09,231.31,26.69,256.57,low
cam09__frame_00015.jpg,127,26.02,205.27,33.62,230.53,low
cam09__frame_00015.jpg,128,27.14,230.53,34.74,255.78,low
cam09__frame_00015.jpg,129,34.07,204.83,41.66,230.08,low
cam09__frame_00015.jpg,130,35.85,229.63,43.45,254.89,low
cam09__frame_00015.jpg,131,43.0,230.53,55.5,255.78,medium
cam09__frame_00015.jpg,132,31.72,178.81,39.68,204.08,low
cam09__frame_00015.jpg,133,70.3,188.3,77.26,204.58,high
cam09__frame_00015.jpg,134,69.6,203.74,76.79,223.14,high
cam09__frame_00015.jpg,135,79.1,170.1,88.75,189.29,low
cam09__frame_00015.jpg,136,77.94,188.88,87.15,203.7,low
cam09__frame_00015.jpg,137,77.54,204.5,87.15,222.13,low
cam09__frame_00015.jpg,138,87.95,188.08,94.76,203.3,low
cam09__frame_00015.jpg,139,87.15,204.5,95.16,220.12,low
cam09__frame_00015.jpg,140,95.47,187.9,100.03,203.98,medium
cam09__frame_00015.jpg,141,95.23,203.98,100.03,219.55,medium
cam09__frame_00015.jpg,142,99.9,175.4,107.2,188.84,low
cam09__frame_00015.jpg,143,100.38,188.7,107.71,203.49,low
cam09__frame_00015.jpg,144,107.5,176.3,115.29,189.26,low
cam09__frame_00015.jpg,145,107.69,188.88,115.02,203.67,low
cam09__frame_00015.jpg,146,119.39,160.1,125.08,171.48,low
cam09__frame_00015.jpg,147,118.7,172.22,124.39,183.6,low
cam09__frame_00015.jpg,148,119.04,183.3,124.73,194.67,low
cam09__frame_00015.jpg,149,125.62,159.41,131.31,170.79,low
cam09__frame_00015.jpg,150,124.58,171.53,130.27,182.9,low
cam09__frame_00015.jpg,151,124.93,183.3,130.62,194.67,low
cam09__frame_00015.jpg,152,131.09,171.14,136.78,182.52,low
cam09__frame_00015.jpg,153,131.16,182.6,136.85,193.98,low
cam09__frame_00015.jpg,154,137.41,171.21,143.1,182.58,low
cam09__frame_00015.jpg,155,137.15,182.32,142.84,193.7,low
cam09__frame_00015.jpg,156,0.17,379.28,11.47,454.46,high
cam09__frame_00015.jpg,157,8.52,400.9,14.91,427.93,high
cam09__frame_00015.jpg,158,3.69,338.97,24.18,366.06,high
cam09__frame_00015.jpg,159,11.47,363.6,22.28,390.09,medium
cam09__frame_00015.jpg,160,24.25,367.5,34.08,390.09,medium
cam09__frame_00015.jpg,161,34.6,358.64,48.33,395.0,low
cam09__frame_00015.jpg,162,14.17,315.23,23.05,340.61,high
cam09__frame_00015.jpg,163,22.73,314.92,30.66,358.7,medium
cam09__frame_00015.jpg,164,30.66,314.28,39.55,358.7,medium
cam09__frame_00015.jpg,165,38.91,332.68,46.21,359.97,high
cam09__frame_00015.jpg,166,48.25,355.82,55.23,377.11,high
cam09__frame_00015.jpg,167,47.48,312.38,57.95,355.52,high
cam09__frame_00015.jpg,168,57.43,355.4,70.28,375.27,medium
cam09__frame_00015.jpg,169,57.0,333.8,73.26,354.88,medium
cam09__frame_00015.jpg,170,59.07,304.73,66.0,333.78,high
cam09__frame_00015.jpg,171,66.02,299.83,71.56,332.02,high
cam09__frame_00015.jpg,172,76.1,317.48,85.41,337.21,high
cam09__frame_00015.jpg,173,81.19,283.1,89.47,318.78,high
cam09__frame_00015.jpg,174,41.14,287.57,46.36,302.6,high
cam09__frame_00015.jpg,175,46.2,285.83,50.42,303.8,high
cam09__frame_00015.jpg,176,60.51,271.2,70.59,295.7,high
cam09__frame_00015.jpg,177,85.06,250.08,91.29,280.55,high
cam09__frame_00015.jpg,178,90.26,263.93,97.87,296.82,medium
cam09__frame_00015.jpg,179,96.83,263.93,103.06,294.74,medium
cam09__frame_00015.jpg,180,97.18,240.04,104.1,264.97,high
cam09__frame_00015.jpg,181,102.03,279.51,108.95,295.09,medium
cam09__frame_00015.jpg,182,111.81,263.06,120.34,273.14,medium
cam09__frame_00015.jpg,183,110.0,228.41,115.95,260.73,medium
cam09__frame_00015.jpg,184,120.5,256.85,128.85,270.47,medium
cam09__frame_00015.jpg,185,120.19,243.14,128.2,257.17,medium
cam09__frame_00015.jpg,186,139.1,232.2,142.51,248.96,medium
cam09__frame_00015.jpg,187,131.44,215.75,142.81,228.62,medium
cam09__frame_00015.jpg,188,160.29,218.3,167.47,233.26,medium
cam09__frame_00015.jpg,189,2.02,596.24,14.19,637.9,high
cam09__frame_00015.jpg,190,0.49,541.44,27.13,570.36,high
cam09__frame_00015.jpg,191,1.25,507.18,24.85,540.67,medium
cam09__frame_00015.jpg,192,15.28,495.81,38.2,547.06,low
cam09__frame_00015.jpg,193,27.95,482.74,50.93,534.39,low
cam09__frame_00015.jpg,194,4.99,486.9,20.97,506.4,high
cam09__frame_00015.jpg,195,20.03,473.1,31.99,490.77,high
cam09__frame_00015.jpg,196,34.27,450.0,50.79,481.21,medium
cam09__frame_00015.jpg,197,49.3,464.7,64.7,492.95,low
cam09__frame_00015.jpg,198,41.91,429.42,52.87,438.74,high
cam09__frame_00015.jpg,199,48.37,435.46,62.75,463.45,medium
cam09__frame_00015.jpg,200,70.6,402.6,80.84,447.19,medium
cam09__frame_00015.jpg,201,82.2,392.0,92.45,428.87,medium
cam09__frame_00015.jpg,202,79.36,359.49,96.07,378.39,medium
cam09__frame_00015.jpg,203,90.25,368.99,97.1,380.5,high
cam09__frame_00015.jpg,204,96.83,335.81,106.42,345.96,high
cam09__frame_00015.jpg,205,102.86,346.5,113.28,376.39,low
cam09__frame_00015.jpg,206,111.91,330.6,118.21,356.38,high
cam09__frame_00015.jpg,207,121.5,319.63,127.81,334.71,high
cam09__frame_00015.jpg,208,128.63,302.6,134.66,333.89,high
cam09__frame_00015.jpg,209,133.82,283.6,150.27,327.2,medium
cam09__frame_00015.jpg,210,148.9,266.06,157.67,312.4,high
cam09__frame_00015.jpg,211,368.14,168.17,376.75,174.28,medium
cam09__frame_00015.jpg,212,368.21,173.6,376.81,179.93,medium
cam09__frame_00015.jpg,213,368.21,180.08,376.81,186.3,medium
cam09__frame_00015.jpg,214,368.46,186.09,377.06,191.7,medium
cam09__frame_00015.jpg,215,379.1,167.29,393.79,175.63,low
cam09__frame_00015.jpg,216,378.93,175.96,393.63,184.31,low
cam09__frame_00015.jpg,217,378.43,184.31,393.12,192.66,low
cam09__frame_00015.jpg,218,378.1,192.49,392.79,200.84,low
cam09__frame_00015.jpg,219,377.6,200.84,392.29,209.18,low
cam09__frame_00015.jpg,220,396.53,173.1,400.55,181.81,high
cam09__frame_00015.jpg,221,422.31,225.2,436.77,233.96,medium
cam09__frame_00015.jpg,222,396.1,190.56,400.12,199.27,high
cam09__frame_00015.jpg,223,396.1,199.07,400.12,207.78,high
cam09__frame_00015.jpg,224,395.95,208.16,399.98,216.87,high
cam09__frame_00015.jpg,225,400.38,174.62,404.18,184.45,high
cam09__frame_00015.jpg,226,400.16,184.67,404.18,193.39,high
cam09__frame_00015.jpg,227,400.28,193.3,404.31,201.7,high
cam09__frame_00015.jpg,228,400.28,201.67,404.31,209.8,high
cam09__frame_00015.jpg,229,400.14,209.6,404.16,217.5,high
cam09__frame_00015.jpg,230,399.85,217.83,403.87,225.0,high
cam09__frame_00015.jpg,231,404.5,177.04,420.64,186.31,low
cam09__frame_00015.jpg,232,404.78,186.02,420.04,193.2,low
cam09__frame_00015.jpg,233,404.78,192.9,419.74,200.1,low
cam09__frame_00015.jpg,234,404.49,200.08,419.45,206.7,low
cam09__frame_00015.jpg,235,404.2,206.66,420.05,213.86,low
cam09__frame_00015.jpg,236,404.19,213.84,419.15,221.04,low
cam09__frame_00015.jpg,237,403.89,221.62,418.85,228.82,low
cam09__frame_00015.jpg,238,449.24,174.51,461.35,184.24,high
cam09__frame_00015.jpg,239,443.87,194.48,465.24,201.16,medium
cam09__frame_00015.jpg,240,439.87,200.99,465.58,207.83,medium
cam09__frame_00015.jpg,241,440.7,208.0,465.74,213.34,medium
cam09__frame_00015.jpg,242,425.6,205.75,440.12,214.86,medium
cam09__frame_00015.jpg,243,424.06,212.46,438.52,221.23,medium
cam09__frame_00015.jpg,244,423.15,218.85,437.61,227.62,medium
cam09__frame_00015.jpg,245,42.8,509.0,116.72,637.71,low
cam09__frame_00015.jpg,246,112.56,608.65,172.36,638.54,low
cam09__frame_00015.jpg,247,119.21,587.88,175.69,609.48,medium
cam09__frame_00015.jpg,248,125.02,573.76,148.28,586.8,high
cam09__frame_00015.jpg,249,113.75,447.08,212.15,591.2,low
cam09__frame_00015.jpg,250,194.56,478.4,267.86,640.0,low
cam09__frame_00015.jpg,251,200.8,541.8,262.42,589.56,low
cam09__frame_00015.jpg,252,205.05,512.34,254.91,542.37,low
cam09__frame_00015.jpg,253,71.02,464.67,129.17,515.64,medium
cam09__frame_00015.jpg,254,101.9,445.3,150.7,465.39,medium
cam09__frame_00015.jpg,255,110.5,418.02,157.16,443.86,medium
cam09__frame_00015.jpg,256,119.12,396.48,157.88,419.45,medium
cam09__frame_00015.jpg,257,120.81,373.81,163.06,396.71,medium
cam09__frame_00015.jpg,258,129.05,353.13,170.89,375.47,medium
cam09__frame_00015.jpg,259,142.2,343.2,178.2,356.45,medium
cam09__frame_00015.jpg,260,149.0,330.24,181.16,342.61,medium
cam09__frame_00015.jpg,261,154.57,316.57,184.67,330.05,medium
cam09__frame_00015.jpg,262,270.11,539.5,308.22,627.61,low
cam09__frame_00015.jpg,263,272.49,606.97,300.28,640.0,high
cam09__frame_00015.jpg,264,300.28,563.3,322.51,640.0,high
cam09__frame_00015.jpg,265,322.51,598.24,351.09,640.0,high
cam09__frame_00015.jpg,266,347.92,584.7,429.69,640.0,high
cam09__frame_00015.jpg,267,316.16,437.1,418.57,588.71,low
cam09__frame_00015.jpg,268,436.8,587.1,492.4,638.73,medium
cam09__frame_00015.jpg,269,494.64,588.71,539.9,640.0,high
cam09__frame_00015.jpg,270,432.23,416.42,549.94,565.5,low
cam09__frame_00015.jpg,271,489.29,417.01,578.23,545.09,medium
cam09__frame_00015.jpg,272,269.4,460.77,312.28,542.05,low
cam09__frame_00015.jpg,273,167.18,438.76,198.1,475.48,high
cam09__frame_00015.jpg,274,200.0,436.18,233.53,478.05,high
cam09__frame_00015.jpg,275,222.45,392.17,293.33,479.56,medium
cam09__frame_00015.jpg,276,274.47,405.88,312.4,449.74,high
cam09__frame_00015.jpg,277,167.18,391.09,198.1,436.18,medium
cam09__frame_00015.jpg,278,304.4,322.17,364.94,437.47,low
cam09__frame_00015.jpg,279,368.8,393.67,431.93,428.52,medium
cam09__frame_00015.jpg,280,174.4,343.03,222.97,393.55,medium
cam09__frame_00015.jpg,281,231.63,357.46,270.61,399.33,medium
cam09__frame_00015.jpg,282,269.65,356.98,297.07,388.26,medium
cam09__frame_00015.jpg,283,272.53,386.33,300.92,402.21,high
cam09__frame_00015.jpg,284,163.31,292.53,218.63,319.97,medium
cam09__frame_00015.jpg,285,219.61,269.6,255.56,325.65,low
cam09__frame_00015.jpg,286,223.21,325.65,256.99,335.35,high
cam09__frame_00015.jpg,287,260.59,304.44,277.48,343.62,low
cam09__frame_00015.jpg,288,294.4,271.01,331.79,371.7,medium
cam09__frame_00015.jpg,289,283.27,305.16,295.13,315.94,high
cam09__frame_00015.jpg,290,275.82,301.89,282.26,315.58,high
cam09__frame_00015.jpg,291,176.13,264.57,216.51,294.08,medium
cam09__frame_00015.jpg,292,255.65,294.39,274.29,304.64,high
cam09__frame_00015.jpg,293,254.41,279.79,274.6,294.9,medium
cam09__frame_00015.jpg,294,243.81,259.12,273.7,276.8,medium
cam09__frame_00015.jpg,295,244.27,231.81,275.42,258.81,low
cam09__frame_00015.jpg,296,281.4,248.6,305.9,303.48,medium
cam09__frame_00015.jpg,297,366.3,349.23,417.22,392.13,medium
cam09__frame_00015.jpg,298,334.11,266.1,374.86,303.1,medium
cam09__frame_00015.jpg,299,331.74,260.4,360.13,266.63,high
cam09__frame_00015.jpg,300,309.9,246.55,346.28,260.75,medium
cam09__frame_00015.jpg,301,309.94,237.9,343.17,246.52,medium
cam09__frame_00015.jpg,302,275.67,237.21,306.47,248.94,high
cam09__frame_00015.jpg,303,182.89,250.71,218.2,264.9,medium
cam09__frame_00015.jpg,304,190.16,242.75,216.82,250.67,high
cam09__frame_00015.jpg,305,304.28,230.89,342.58,237.77,high
cam09__frame_00015.jpg,306,217.52,245.25,243.85,269.19,high
cam09__frame_00015.jpg,307,197.2,229.52,216.64,238.31,high
cam09__frame_00015.jpg,308,218.71,223.31,233.4,234.43,high
cam09__frame_00015.jpg,309,234.4,222.54,253.59,231.38,high
cam09__frame_00015.jpg,310,275.89,219.87,302.74,236.48,high
cam09__frame_00015.jpg,311,218.13,191.09,250.97,222.38,medium
cam09__frame_00015.jpg,312,252.71,203.26,274.15,225.86,medium
cam09__frame_00015.jpg,313,274.92,199.4,301.19,224.31,medium
cam09__frame_00015.jpg,314,301.96,208.28,335.96,230.5,medium
cam09__frame_00015.jpg,315,359.54,207.61,376.85,261.61,medium
cam09__frame_00038.jpg,0,398.03,232.92,401.95,241.8,medium
cam09__frame_00038.jpg,1,148.9,266.06,157.67,312.4,high
cam09__frame_00038.jpg,2,133.82,283.6,150.27,327.2,medium
cam09__frame_00038.jpg,3,128.63,302.6,134.66,333.89,high
cam09__frame_00038.jpg,4,121.5,319.63,127.81,334.71,high
cam09__frame_00038.jpg,5,111.91,330.6,118.21,356.38,high
cam09__frame_00038.jpg,6,102.86,346.5,113.28,376.39,low
cam09__frame_00038.jpg,7,96.83,335.81,106.42,345.96,high
cam09__frame_00038.jpg,8,90.25,368.99,97.1,380.5,high
cam09__frame_00038.jpg,9,79.36,359.49,96.07,378.39,medium
cam09__frame_00038.jpg,10,82.2,392.0,92.45,428.87,medium
cam09__frame_00038.jpg,11,70.6,402.6,80.84,447.19,medium
cam09__frame_00038.jpg,12,48.37,435.46,62.75,463.45,medium
cam09__frame_00038.jpg,13,41.91,429.42,52.87,438.74,high
cam09__frame_00038.jpg,14,49.3,464.7,64.7,492.95,low
cam09__frame_00038.jpg,15,34.27,450.0,50.79,481.21,medium
cam09__frame_00038.jpg,16,20.03,473.1,31.99,490.77,high
cam09__frame_00038.jpg,17,4.99,486.9,20.97,506.4,high
cam09__frame_00038.jpg,18,27.95,482.74,50.93,534.39,low
cam09__frame_00038.jpg,19,15.28,495.81,38.2,547.06,low
cam09__frame_00038.jpg,20,1.25,507.18,24.85,540.67,medium
cam09__frame_00038.jpg,21,0.49,541.44,27.13,570.36,high
cam09__frame_00038.jpg,22,2.02,596.24,14.19,637.9,high
cam09__frame_00038.jpg,23,160.29,218.3,167.47,233.26,medium
cam09__frame_00038.jpg,24,131.44,215.75,142.81,228.62,medium
cam09__frame_00038.jpg,25,139.1,232.2,142.51,248.96,medium
cam09__frame_00038.jpg,26,120.19,243.14,128.2,257.17,medium
cam09__frame_00038.jpg,27,120.5,256.85,128.85,270.47,medium
cam09__frame_00038.jpg,28,110.0,228.41,115.95,260.73,medium
cam09__frame_00038.jpg,29,111.81,263.06,120.34,273.14,medium
cam09__frame_00038.jpg,30,102.03,279.51,108.95,295.09,medium
cam09__frame_00038.jpg,31,97.18,240.04,104.1,264.97,high
cam09__frame_00038.jpg,32,96.83,263.93,103.06,294.74,medium
cam09__frame_00038.jpg,33,90.26,263.93,97.87,296.82,medium
cam09__frame_00038.jpg,34,85.06,250.08,91.29,280.55,high
cam09__frame_00038.jpg,35,60.51,271.2,70.59,295.7,high
cam09__frame_00038.jpg,36,46.2,285.83,50.42,303.8,high
cam09__frame_00038.jpg,37,41.14,287.57,46.36,302.6,high
cam09__frame_00038.jpg,38,81.19,283.1,89.47,318.78,high
cam09__frame_00038.jpg,39,76.1,317.48,85.41,337.21,high
cam09__frame_00038.jpg,40,66.02,299.83,71.56,332.02,high
cam09__frame_00038.jpg,41,59.07,304.73,66.0,333.78,high
cam09__frame_00038.jpg,42,57.0,333.8,73.26,354.88,medium
cam09__frame_00038.jpg,43,57.43,355.4,70.28,375.27,medium
cam09__frame_00038.jpg,44,47.48,312.38,57.95,355.52,high
cam09__frame_00038.jpg,45,48.25,355.82,55.23,377.11,high
cam09__frame_00038.jpg,46,38.91,332.68,46.21,359.97,high
cam09__frame_00038.jpg,47,30.66,314.28,39.55,358.7,medium
cam09__frame_00038.jpg,48,22.73,314.92,30.66,358.7,medium
cam09__frame_00038.jpg,49,14.17,315.23,23.05,340.61,high
cam09__frame_00038.jpg,50,34.6,358.64,48.33,395.0,low
cam09__frame_00038.jpg,51,24.25,367.5,34.08,390.09,medium
cam09__frame_00038.jpg,52,11.47,363.6,22.28,390.09,medium
cam09__frame_00038.jpg,53,3.69,338.97,24.18,366.06,high
cam09__frame_00038.jpg,54,8.52,400.9,14.91,427.93,high
cam09__frame_00038.jpg,55,0.17,379.28,11.47,454.46,high
cam09__frame_00038.jpg,56,137.15,182.32,142.84,193.7,low
cam09__frame_00038.jpg,57,137.41,171.21,143.1,182.58,low
cam09__frame_00038.jpg,58,131.16,182.6,136.85,193.98,low
cam09__frame_00038.jpg,59,131.09,171.14,136.78,182.52,low
cam09__frame_00038.jpg,60,124.93,183.3,130.62,194.67,low
cam09__frame_00038.jpg,61,124.58,171.53,130.27,182.9,low
cam09__frame_00038.jpg,62,125.62,159.41,131.31,170.79,low
cam09__frame_00038.jpg,63,119.04,183.3,124.73,194.67,low
cam09__frame_00038.jpg,64,118.7,172.22,124.39,183.6,low
cam09__frame_00038.jpg,65,119.39,160.1,125.08,171.48,low
cam09__frame_00038.jpg,66,107.69,188.88,115.02,203.67,low
cam09__frame_00038.jpg,67,107.5,176.3,115.29,189.26,low
cam09__frame_00038.jpg,68,100.38,188.7,107.71,203.49,low
cam09__frame_00038.jpg,69,99.9,175.4,107.2,188.84,low
cam09__frame_00038.jpg,70,95.23,203.98,100.03,219.55,medium
cam09__frame_00038.jpg,71,95.47,187.9,100.03,203.98,medium
cam09__frame_00038.jpg,72,87.15,204.5,95.16,220.12,low
cam09__frame_00038.jpg,73,87.95,188.08,94.76,203.3,low
cam09__frame_00038.jpg,74,77.54,204.5,87.15,222.13,low
cam09__frame_00038.jpg,75,77.94,188.88,87.15,203.7,low
cam09__frame_00038.jpg,76,79.1,170.1,88.75,189.29,low
cam09__frame_00038.jpg,77,69.6,203.74,76.79,223.14,high
cam09__frame_00038.jpg,78,70.3,188.3,77.26,204.58,high
cam09__frame_00038.jpg,79,31.72,178.81,39.68,204.08,low
cam09__frame_00038.jpg,80,43.0,230.53,55.5,255.78,medium
cam09__frame_00038.jpg,81,35.85,229.63,43.45,254.89,low
cam09__frame_00038.jpg,82,34.07,204.83,41.66,230.08,low
cam09__frame_00038.jpg,83,27.14,230.53,34.74,255.78,low
cam09__frame_00038.jpg,84,26.02,205.27,33.62,230.53,low
cam09__frame_00038.jpg,85,19.09,231.31,26.69,256.57,low
cam09__frame_00038.jpg,86,18.64,207.62,25.79,231.98,low
cam09__frame_00038.jpg,87,0.92,243.04,14.5,272.68,low
cam09__frame_00038.jpg,88,382.51,289.2,390.58,303.22,high
cam09__frame_00038.jpg,89,395.95,208.16,399.98,216.87,high
cam09__frame_00038.jpg,90,396.1,199.07,400.12,207.78,high
cam09__frame_00038.jpg,91,396.1,190.56,400.12,199.27,high
cam09__frame_00038.jpg,92,396.24,181.61,400.27,190.33,high
cam09__frame_00038.jpg,93,396.53,173.1,400.55,181.81,high
cam09__frame_00038.jpg,94,377.6,200.84,392.29,209.18,low
cam09__frame_00038.jpg,95,378.1,192.49,392.79,200.84,low
cam09__frame_00038.jpg,96,378.43,184.31,393.12,192.66,low
cam09__frame_00038.jpg,97,378.93,175.96,393.63,184.31,low
cam09__frame_00038.jpg,98,379.1,167.29,393.79,175.63,low
cam09__frame_00038.jpg,99,368.46,186.09,377.06,191.7,medium
cam09__frame_00038.jpg,100,368.21,180.08,376.81,186.3,medium
cam09__frame_00038.jpg,101,368.21,173.6,376.81,179.93,medium
cam09__frame_00038.jpg,102,368.14,168.17,376.75,174.28,medium
cam09__frame_00038.jpg,103,366.3,349.23,417.22,392.13,medium
cam09__frame_00038.jpg,104,334.11,266.1,374.86,303.1,medium
cam09__frame_00038.jpg,105,331.74,260.4,360.13,266.63,high
cam09__frame_00038.jpg,106,309.9,246.55,346.28,260.75,medium
cam09__frame_00038.jpg,107,309.94,237.9,343.17,246.52,medium
cam09__frame_00038.jpg,108,275.67,237.21,306.47,248.94,high
cam09__frame_00038.jpg,109,182.89,250.71,218.2,264.9,medium
cam09__frame_00038.jpg,110,190.16,242.75,216.82,250.67,high
cam09__frame_00038.jpg,111,304.28,230.89,342.58,237.77,high
cam09__frame_00038.jpg,112,217.52,245.25,243.85,269.19,high
cam09__frame_00038.jpg,113,197.2,229.52,216.64,238.31,high
cam09__frame_00038.jpg,114,218.71,223.31,233.4,234.43,high
cam09__frame_00038.jpg,115,234.4,222.54,253.59,231.38,high
cam09__frame_00038.jpg,116,275.89,219.87,302.74,236.48,high
cam09__frame_00038.jpg,117,218.13,191.09,250.97,222.38,medium
cam09__frame_00038.jpg,118,252.71,203.26,274.15,225.86,medium
cam09__frame_00038.jpg,119,274.92,199.4,301.19,224.31,medium
cam09__frame_00038.jpg,120,301.96,208.28,335.96,230.5,medium
cam09__frame_00038.jpg,121,359.54,207.61,376.85,261.61,medium
cam09__frame_00038.jpg,122,42.8,509.0,116.72,637.71,low
cam09__frame_00038.jpg,123,112.56,608.65,172.36,638.54,low
cam09__frame_00038.jpg,124,119.21,587.88,175.69,609.48,medium
cam09__frame_00038.jpg,125,125.02,573.76,148.28,586.8,high
cam09__frame_00038.jpg,126,113.75,447.08,212.15,591.2,low
cam09__frame_00038.jpg,127,194.56,478.4,267.86,640.0,low
cam09__frame_00038.jpg,128,200.8,541.8,262.42,589.56,low
cam09__frame_00038.jpg,129,205.05,512.34,254.91,542.37,low
cam09__frame_00038.jpg,130,71.02,464.67,129.17,515.64,medium
cam09__frame_00038.jpg,131,101.9,445.3,150.7,465.39,medium
cam09__frame_00038.jpg,132,110.5,418.02,157.16,443.86,medium
cam09__frame_00038.jpg,133,119.12,396.48,157.88,419.45,medium
cam09__frame_00038.jpg,134,120.81,373.81,163.06,396.71,medium
cam09__frame_00038.jpg,135,129.05,353.13,170.89,375.47,medium
cam09__frame_00038.jpg,136,142.2,343.2,178.2,356.45,medium
cam09__frame_00038.jpg,137,149.0,330.24,181.16,342.61,medium
cam09__frame_00038.jpg,138,154.57,316.57,184.67,330.05,medium
cam09__frame_00038.jpg,139,270.11,539.5,308.22,627.61,low
cam09__frame_00038.jpg,140,272.49,606.97,300.28,640.0,high
cam09__frame_00038.jpg,141,300.28,563.3,322.51,640.0,high
cam09__frame_00038.jpg,142,322.51,598.24,351.09,640.0,high
cam09__frame_00038.jpg,143,347.92,584.7,429.69,640.0,high
cam09__frame_00038.jpg,144,316.16,437.1,418.57,588.71,low
cam09__frame_00038.jpg,145,436.8,587.1,492.4,638.73,medium
cam09__frame_00038.jpg,146,494.64,588.71,539.9,640.0,high
cam09__frame_00038.jpg,147,432.23,416.42,549.94,565.5,low
cam09__frame_00038.jpg,148,489.29,417.01,578.23,545.09,medium
cam09__frame_00038.jpg,149,269.4,460.77,312.28,542.05,low
cam09__frame_00038.jpg,150,167.18,438.76,198.1,475.48,high
cam09__frame_00038.jpg,151,200.0,436.18,233.53,478.05,high
cam09__frame_00038.jpg,152,222.45,392.17,293.33,479.56,medium
cam09__frame_00038.jpg,153,274.47,405.88,312.4,449.74,high
cam09__frame_00038.jpg,154,167.18,391.09,198.1,436.18,medium
cam09__frame_00038.jpg,155,304.4,322.17,364.94,437.47,low
cam09__frame_00038.jpg,156,368.8,393.67,431.93,428.52,medium
cam09__frame_00038.jpg,157,174.4,343.03,222.97,393.55,medium
cam09__frame_00038.jpg,158,231.63,357.46,270.61,399.33,medium
cam09__frame_00038.jpg,159,269.65,356.98,297.07,388.26,medium
cam09__frame_00038.jpg,160,272.53,386.33,300.92,402.21,high
cam09__frame_00038.jpg,161,163.31,292.53,218.63,319.97,medium
cam09__frame_00038.jpg,162,219.61,269.6,255.56,325.65,low
cam09__frame_00038.jpg,163,223.21,325.65,256.99,335.35,high
cam09__frame_00038.jpg,164,260.59,304.44,277.48,343.62,low
cam09__frame_00038.jpg,165,294.4,271.01,331.79,371.7,medium
cam09__frame_00038.jpg,166,283.27,305.16,295.13,315.94,high
cam09__frame_00038.jpg,167,275.82,301.89,282.26,315.58,high
cam09__frame_00038.jpg,168,176.13,264.57,216.51,294.08,medium
cam09__frame_00038.jpg,169,255.65,294.39,274.29,304.64,high
cam09__frame_00038.jpg,170,254.41,279.79,274.6,294.9,medium
cam09__frame_00038.jpg,171,243.81,259.12,273.7,276.8,medium
cam09__frame_00038.jpg,172,244.27,231.81,275.42,258.81,low
cam09__frame_00038.jpg,173,281.4,248.6,305.9,303.48,medium
cam09__frame_00038.jpg,174,390.58,304.07,397.37,321.06,high
cam09__frame_00038.jpg,175,397.53,309.4,404.51,327.16,high
cam09__frame_00038.jpg,176,404.64,314.23,413.81,350.2,high
cam09__frame_00038.jpg,177,416.04,343.69,427.54,370.42,high
cam09__frame_00038.jpg,178,427.36,357.14,435.51,386.35,high
cam09__frame_00038.jpg,179,434.9,365.18,443.42,387.5,high
cam09__frame_00038.jpg,180,440.2,377.38,454.0,416.42,medium
cam09__frame_00038.jpg,181,456.43,398.52,468.63,424.55,high
cam09__frame_00038.jpg,182,477.58,405.84,493.03,424.55,high
cam09__frame_00038.jpg,183,561.02,547.14,594.71,573.83,high
cam09__frame_00038.jpg,184,558.92,582.34,578.4,614.1,high
cam09__frame_00038.jpg,185,579.2,570.14,618.29,640.0,medium
cam09__frame_00038.jpg,186,604.4,475.87,639.61,568.47,low
cam09__frame_00038.jpg,187,559.63,431.26,609.96,531.67,low
cam09__frame_00038.jpg,188,558.84,465.03,565.34,480.96,high
cam09__frame_00038.jpg,189,552.56,462.79,558.84,476.03,high
cam09__frame_00038.jpg,190,559.74,448.66,566.47,464.58,high
cam09__frame_00038.jpg,191,553.68,447.76,559.29,462.34,high
cam09__frame_00038.jpg,192,565.74,433.1,571.0,446.82,high
cam09__frame_00038.jpg,193,559.47,433.86,565.72,445.48,high
cam09__frame_00038.jpg,194,553.34,437.69,559.34,447.14,high
cam09__frame_00038.jpg,195,549.36,437.94,553.29,449.22,high
cam09__frame_00038.jpg,196,569.2,419.19,574.36,432.69,high
cam09__frame_00038.jpg,197,561.71,418.17,569.06,432.87,high
cam09__frame_00038.jpg,198,557.84,421.43,561.8,434.09,high
cam09__frame_00038.jpg,199,548.3,422.73,557.56,437.43,high
cam09__frame_00038.jpg,200,571.08,404.21,577.16,412.68,high
cam09__frame_00038.jpg,201,572.4,395.48,577.69,404.21,high
cam09__frame_00038.jpg,202,520.22,426.4,549.79,453.22,medium
cam09__frame_00038.jpg,203,526.52,415.6,550.33,435.65,medium
cam09__frame_00038.jpg,204,531.2,396.12,558.3,417.3,low
cam09__frame_00038.jpg,205,497.09,409.54,521.59,428.55,medium
cam09__frame_00038.jpg,206,507.76,374.14,529.65,412.41,low
cam09__frame_00038.jpg,207,491.77,371.7,507.41,400.2,medium
cam09__frame_00038.jpg,208,494.55,344.9,508.45,371.36,medium
cam09__frame_00038.jpg,209,476.56,357.39,494.19,372.65,high
cam09__frame_00038.jpg,210,480.53,329.1,494.33,358.36,medium
cam09__frame_00038.jpg,211,463.97,336.95,477.87,367.19,medium
cam09__frame_00038.jpg,212,465.41,309.75,476.73,336.36,high
cam09__frame_00038.jpg,213,432.84,297.83,462.87,340.18,medium
cam09__frame_00038.jpg,214,452.95,271.79,466.86,313.15,high
cam09__frame_00038.jpg,215,432.1,288.0,451.85,296.37,medium
cam09__frame_00038.jpg,216,433.77,278.99,449.17,288.4,medium
cam09__frame_00038.jpg,217,433.29,271.49,449.81,279.0,medium
cam09__frame_00038.jpg,218,433.89,264.88,449.21,272.09,high
cam09__frame_00038.jpg,219,421.56,282.04,431.68,291.82,medium
cam09__frame_00038.jpg,220,419.87,274.6,432.02,281.03,low
cam09__frame_00038.jpg,221,406.85,252.52,410.77,261.4,medium
cam09__frame_00038.jpg,222,406.31,242.84,410.23,251.73,medium
cam09__frame_00038.jpg,223,406.53,234.4,410.45,242.8,medium
cam09__frame_00038.jpg,224,402.56,252.52,406.48,261.4,medium
cam09__frame_00038.jpg,225,401.95,242.63,405.87,251.51,medium
cam09__frame_00038.jpg,226,402.17,233.48,406.09,242.36,medium
cam09__frame_00038.jpg,227,398.28,251.01,402.2,259.89,high
cam09__frame_00038.jpg,228,397.6,241.54,401.52,250.42,medium
cam09__frame_00038.jpg,229,393.26,254.6,399.09,270.93,high
cam09__frame_00038.jpg,230,386.71,244.9,390.19,259.49,medium
cam09__frame_00038.jpg,231,381.89,244.68,386.26,258.39,medium
cam09__frame_00038.jpg,232,586.6,351.44,632.72,392.16,low
cam09__frame_00038.jpg,233,563.3,346.65,586.34,363.44,medium
cam09__frame_00038.jpg,234,564.87,328.79,609.3,345.59,low
cam09__frame_00038.jpg,235,565.6,313.2,610.02,330.0,low
cam09__frame_00038.jpg,236,557.73,274.38,599.03,316.81,low
cam09__frame_00038.jpg,237,529.88,308.01,550.68,327.84,medium
cam09__frame_00038.jpg,238,531.38,294.1,553.49,315.98,high
cam09__frame_00038.jpg,239,508.44,294.63,530.54,314.63,high
cam09__frame_00038.jpg,240,509.99,282.62,532.08,302.6,high
cam09__frame_00038.jpg,241,514.1,265.26,561.52,297.39,low
cam09__frame_00038.jpg,242,492.91,287.5,510.23,302.97,low
cam09__frame_00038.jpg,243,612.18,235.85,640.0,269.97,low
cam09__frame_00038.jpg,244,606.6,241.62,612.43,246.26,high
cam09__frame_00038.jpg,245,607.21,236.6,611.85,241.43,high
cam09__frame_00038.jpg,246,607.4,229.45,616.48,235.83,medium
cam09__frame_00038.jpg,247,607.6,223.27,616.68,229.5,medium
cam09__frame_00038.jpg,248,607.98,218.25,617.06,223.66,medium
cam09__frame_00038.jpg,249,608.18,212.65,617.45,218.64,medium
cam09__frame_00038.jpg,250,608.3,206.24,617.7,212.72,medium
cam09__frame_00038.jpg,251,608.76,198.86,617.7,206.02,medium
cam09__frame_00038.jpg,252,558.86,228.4,601.97,247.83,low
cam09__frame_00038.jpg,253,558.35,223.38,604.15,242.91,low
cam09__frame_00038.jpg,254,560.03,211.51,606.37,232.57,low
cam09__frame_00038.jpg,255,558.74,204.11,607.87,226.14,low
cam09__frame_00038.jpg,256,560.2,196.98,607.75,218.46,low
cam09__frame_00038.jpg,257,562.31,191.43,607.13,211.99,low
cam09__frame_00038.jpg,258,564.42,185.88,609.4,206.59,low
cam09__frame_00038.jpg,259,573.24,182.09,615.34,201.9,low
cam09__frame_00038.jpg,260,574.15,174.43,619.4,195.68,low
cam09__frame_00038.jpg,261,526.53,205.33,563.61,228.19,medium
cam09__frame_00038.jpg,262,528.55,197.3,562.98,217.85,medium
cam09__frame_00038.jpg,263,528.78,188.8,561.43,208.54,medium
cam09__frame_00038.jpg,264,529.81,180.93,563.11,200.95,medium
cam09__frame_00038.jpg,265,530.81,174.33,565.35,194.92,medium
cam09__frame_00038.jpg,266,531.74,167.42,568.7,189.11,medium
cam09__frame_00038.jpg,267,534.01,160.05,573.08,182.69,medium
cam09__frame_00038.jpg,268,480.03,186.64,525.99,208.21,medium
cam09__frame_00038.jpg,269,481.02,182.19,526.46,202.41,medium
cam09__frame_00038.jpg,270,481.21,178.26,527.77,198.89,medium
cam09__frame_00038.jpg,271,482.73,172.69,528.88,194.76,medium
cam09__frame_00038.jpg,272,483.62,166.25,530.17,189.4,medium
cam09__frame_00038.jpg,273,473.22,185.88,479.25,191.47,high
cam09__frame_00038.jpg,274,484.51,244.71,489.19,274.16,low
cam09__frame_00038.jpg,275,480.93,241.95,485.33,274.44,low
cam09__frame_00038.jpg,276,469.92,241.96,480.93,271.41,low
cam09__frame_00038.jpg,277,472.1,231.02,489.98,241.75,low
cam09__frame_00038.jpg,278,471.7,220.3,490.9,230.35,low
cam09__frame_00038.jpg,279,473.0,211.4,490.88,220.29,low
cam09__frame_00038.jpg,280,472.11,203.3,490.0,210.68,medium
cam09__frame_00038.jpg,281,451.64,251.73,465.46,264.4,high
cam09__frame_00038.jpg,282,465.26,236.71,466.99,266.29,high
cam09__frame_00038.jpg,283,464.68,226.37,469.87,236.65,high
cam09__frame_00038.jpg,284,464.97,217.0,470.16,226.1,high
cam09__frame_00038.jpg,285,465.41,206.32,470.59,216.6,high
cam09__frame_00038.jpg,286,465.8,196.16,470.98,206.44,high
cam09__frame_00038.jpg,287,466.07,185.21,471.43,194.37,high
cam09__frame_00038.jpg,288,436.16,244.05,453.5,253.9,low
cam09__frame_00038.jpg,289,436.23,236.13,454.39,245.59,low
cam09__frame_00038.jpg,290,436.63,228.33,454.62,237.77,low
cam09__frame_00038.jpg,291,437.14,220.34,454.42,229.7,low
cam09__frame_00038.jpg,292,438.83,212.32,455.76,222.1,low
cam09__frame_00038.jpg,293,425.74,238.27,435.26,246.0,medium
cam09__frame_00038.jpg,294,422.15,231.21,436.61,239.97,medium
cam09__frame_00038.jpg,295,422.31,225.2,436.77,233.96,medium
cam09__frame_00038.jpg,296,423.15,218.85,437.61,227.62,medium
cam09__frame_00038.jpg,297,424.06,212.46,438.52,221.23,medium
cam09__frame_00038.jpg,298,425.6,205.75,440.12,214.86,medium
cam09__frame_00038.jpg,299,440.7,208.0,465.74,213.34,medium
cam09__frame_00038.jpg,300,439.87,200.99,465.58,207.83,medium
cam09__frame_00038.jpg,301,443.87,194.48,465.24,201.16,medium
cam09__frame_00038.jpg,302,449.24,174.51,461.35,184.24,high
cam09__frame_00038.jpg,303,403.89,221.62,418.85,228.82,low
cam09__frame_00038.jpg,304,404.19,213.84,419.15,221.04,low
cam09__frame_00038.jpg,305,404.2,206.66,420.05,213.86,low
cam09__frame_00038.jpg,306,404.49,200.08,419.45,206.7,low
cam09__frame_00038.jpg,307,404.78,192.9,419.74,200.1,low
cam09__frame_00038.jpg,308,404.78,186.02,420.04,193.2,low
cam09__frame_00038.jpg,309,404.5,177.04,420.64,186.31,low
cam09__frame_00038.jpg,310,399.85,217.83,403.87,225.0,high
cam09__frame_00038.jpg,311,400.14,209.6,404.16,217.5,high
cam09__frame_00038.jpg,312,400.28,201.67,404.31,209.8,high
cam09__frame_00038.jpg,313,400.28,193.3,404.31,201.7,high
cam09__frame_00038.jpg,314,400.16,184.67,404.18,193.39,high
cam09__frame_00038.jpg,315,400.38,174.62,404.18,184.45,high
cam09__frame_00046.jpg,0,160.29,218.3,167.47,233.26,medium
cam09__frame_00046.jpg,1,87.95,188.08,94.76,203.3,low
cam09__frame_00046.jpg,2,77.54,204.5,87.15,222.13,low
cam09__frame_00046.jpg,3,77.94,188.88,87.15,203.7,low
cam09__frame_00046.jpg,4,79.1,170.1,88.75,189.29,low
cam09__frame_00046.jpg,5,69.6,203.74,76.79,223.14,high
cam09__frame_00046.jpg,6,70.3,188.3,77.26,204.58,high
cam09__frame_00046.jpg,7,31.72,178.81,39.68,204.08,low
cam09__frame_00046.jpg,8,43.0,230.53,55.5,255.78,medium
cam09__frame_00046.jpg,9,35.85,229.63,43.45,254.89,low
cam09__frame_00046.jpg,10,34.07,204.83,41.66,230.08,low
cam09__frame_00046.jpg,11,27.14,230.53,34.74,255.78,low
cam09__frame_00046.jpg,12,26.02,205.27,33.62,230.53,low
cam09__frame_00046.jpg,13,19.09,231.31,26.69,256.57,low
cam09__frame_00046.jpg,14,18.64,207.62,25.79,231.98,low
cam09__frame_00046.jpg,15,0.92,243.04,14.5,272.68,low
cam09__frame_00046.jpg,16,382.51,289.2,390.58,303.22,high
cam09__frame_00046.jpg,17,390.58,304.07,397.37,321.06,high
cam09__frame_00046.jpg,18,397.53,309.4,404.51,327.16,high
cam09__frame_00046.jpg,19,404.64,314.23,413.81,350.2,high
cam09__frame_00046.jpg,20,416.04,343.69,427.54,370.42,high
cam09__frame_00046.jpg,21,427.36,357.14,435.51,386.35,high
cam09__frame_00046.jpg,22,434.9,365.18,443.42,387.5,high
cam09__frame_00046.jpg,23,440.2,377.38,454.0,416.42,medium
cam09__frame_00046.jpg,24,456.43,398.52,468.63,424.55,high
cam09__frame_00046.jpg,25,477.58,405.84,493.03,424.55,high
cam09__frame_00046.jpg,26,561.02,547.14,594.71,573.83,high
cam09__frame_00046.jpg,27,558.92,582.34,578.4,614.1,high
cam09__frame_00046.jpg,28,579.2,570.14,618.29,640.0,medium
cam09__frame_00046.jpg,29,604.4,475.87,639.61,568.47,low
cam09__frame_00046.jpg,30,559.63,431.26,609.96,531.67,low
cam09__frame_00046.jpg,31,558.84,465.03,565.34,480.96,high
cam09__frame_00046.jpg,32,552.56,462.79,558.84,476.03,high
cam09__frame_00046.jpg,33,559.74,448.66,566.47,464.58,high
cam09__frame_00046.jpg,34,553.68,447.76,559.29,462.34,high
cam09__frame_00046.jpg,35,565.74,433.1,571.0,446.82,high
cam09__frame_00046.jpg,36,559.47,433.86,565.72,445.48,high
cam09__frame_00046.jpg,37,553.34,437.69,559.34,447.14,high
cam09__frame_00046.jpg,38,549.36,437.94,553.29,449.22,high
cam09__frame_00046.jpg,39,569.2,419.19,574.36,432.69,high
cam09__frame_00046.jpg,40,561.71,418.17,569.06,432.87,high
cam09__frame_00046.jpg,41,557.84,421.43,561.8,434.09,high
cam09__frame_00046.jpg,42,548.3,422.73,557.56,437.43,high
cam09__frame_00046.jpg,43,571.08,404.21,577.16,412.68,high
cam09__frame_00046.jpg,44,572.4,395.48,577.69,404.21,high
cam09__frame_00046.jpg,45,520.22,426.4,549.79,453.22,medium
cam09__frame_00046.jpg,46,526.52,415.6,550.33,435.65,medium
cam09__frame_00046.jpg,47,531.2,396.12,558.3,417.3,low
cam09__frame_00046.jpg,48,497.09,409.54,521.59,428.55,medium
cam09__frame_00046.jpg,49,507.76,374.14,529.65,412.41,low
cam09__frame_00046.jpg,50,491.77,371.7,507.41,400.2,medium
cam09__frame_00046.jpg,51,494.55,344.9,508.45,371.36,medium
cam09__frame_00046.jpg,52,476.56,357.39,494.19,372.65,high
cam09__frame_00046.jpg,53,480.53,329.1,494.33,358.36,medium
cam09__frame_00046.jpg,54,463.97,336.95,477.87,367.19,medium
cam09__frame_00046.jpg,55,465.41,309.75,476.73,336.36,high
cam09__frame_00046.jpg,56,432.84,297.83,462.87,340.18,medium
cam09__frame_00046.jpg,57,452.95,271.79,466.86,313.15,high
cam09__frame_00046.jpg,58,432.1,288.0,451.85,296.37,medium
cam09__frame_00046.jpg,59,433.77,278.99,449.17,288.4,medium
cam09__frame_00046.jpg,60,433.29,271.49,449.81,279.0,medium
cam09__frame_00046.jpg,61,433.89,264.88,449.21,272.09,high
cam09__frame_00046.jpg,62,421.56,282.04,431.68,291.82,medium
cam09__frame_00046.jpg,63,419.87,274.6,432.02,281.03,low
cam09__frame_00046.jpg,64,406.85,252.52,410.77,261.4,medium
cam09__frame_00046.jpg,65,406.31,242.84,410.23,251.73,medium
cam09__frame_00046.jpg,66,406.53,234.4,410.45,242.8,medium
cam09__frame_00046.jpg,67,402.56,252.52,406.48,261.4,medium
cam09__frame_00046.jpg,68,401.95,242.63,405.87,251.51,medium
cam09__frame_00046.jpg,69,402.17,233.48,406.09,242.36,medium
cam09__frame_00046.jpg,70,398.28,251.01,402.2,259.89,high
cam09__frame_00046.jpg,71,397.6,241.54,401.52,250.42,medium
cam09__frame_00046.jpg,72,398.03,232.92,401.95,241.8,medium
cam09__frame_00046.jpg,73,393.26,254.6,399.09,270.93,high
cam09__frame_00046.jpg,74,386.71,244.9,390.19,259.49,medium
cam09__frame_00046.jpg,75,381.89,244.68,386.26,258.39,medium
cam09__frame_00046.jpg,76,586.6,351.44,632.72,392.16,low
cam09__frame_00046.jpg,77,563.3,346.65,586.34,363.44,medium
cam09__frame_00046.jpg,78,564.87,328.79,609.3,345.59,low
cam09__frame_00046.jpg,79,565.6,313.2,610.02,330.0,low
cam09__frame_00046.jpg,80,557.73,274.38,599.03,316.81,low
cam09__frame_00046.jpg,81,529.88,308.01,550.68,327.84,medium
cam09__frame_00046.jpg,82,531.38,294.1,553.49,315.98,high
cam09__frame_00046.jpg,83,508.44,294.63,530.54,314.63,high
cam09__frame_00046.jpg,84,509.99,282.62,532.08,302.6,high
cam09__frame_00046.jpg,85,514.1,265.26,561.52,297.39,low
cam09__frame_00046.jpg,86,492.91,287.5,510.23,302.97,low
cam09__frame_00046.jpg,87,612.18,235.85,640.0,269.97,low
cam09__frame_00046.jpg,88,606.6,241.62,612.43,246.26,high
cam09__frame_00046.jpg,89,607.21,236.6,611.85,241.43,high
cam09__frame_00046.jpg,90,607.4,229.45,616.48,235.83,medium
cam09__frame_00046.jpg,91,607.6,223.27,616.68,229.5,medium
cam09__frame_00046.jpg,92,607.98,218.25,617.06,223.66,medium
cam09__frame_00046.jpg,93,608.18,212.65,617.45,218.64,medium
cam09__frame_00046.jpg,94,608.3,206.24,617.7,212.72,medium
cam09__frame_00046.jpg,95,608.76,198.86,617.7,206.02,medium
cam09__frame_00046.jpg,96,558.86,228.4,601.97,247.83,low
cam09__frame_00046.jpg,97,558.35,223.38,604.15,242.91,low
cam09__frame_00046.jpg,98,560.03,211.51,606.37,232.57,low
cam09__frame_00046.jpg,99,558.74,204.11,607.87,226.14,low
cam09__frame_00046.jpg,100,560.2,196.98,607.75,218.46,low
cam09__frame_00046.jpg,101,562.31,191.43,607.13,211.99,low
cam09__frame_00046.jpg,102,564.42,185.88,609.4,206.59,low
cam09__frame_00046.jpg,103,573.24,182.09,615.34,201.9,low
cam09__frame_00046.jpg,104,574.15,174.43,619.4,195.68,low
cam09__frame_00046.jpg,105,526.53,205.33,563.61,228.19,medium
cam09__frame_00046.jpg,106,528.55,197.3,562.98,217.85,medium
cam09__frame_00046.jpg,107,528.78,188.8,561.43,208.54,medium
cam09__frame_00046.jpg,108,529.81,180.93,563.11,200.95,medium
cam09__frame_00046.jpg,109,530.81,174.33,565.35,194.92,medium
cam09__frame_00046.jpg,110,531.74,167.42,568.7,189.11,medium
cam09__frame_00046.jpg,111,534.01,160.05,573.08,182.69,medium
cam09__frame_00046.jpg,112,480.03,186.64,525.99,208.21,medium
cam09__frame_00046.jpg,113,481.02,182.19,526.46,202.41,medium
cam09__frame_00046.jpg,114,481.21,178.26,527.77,198.89,medium
cam09__frame_00046.jpg,115,482.73,172.69,528.88,194.76,medium
cam09__frame_00046.jpg,116,483.62,166.25,530.17,189.4,medium
cam09__frame_00046.jpg,117,473.22,185.88,479.25,191.47,high
cam09__frame_00046.jpg,118,484.51,244.71,489.19,274.16,low
cam09__frame_00046.jpg,119,480.93,241.95,485.33,274.44,low
cam09__frame_00046.jpg,120,469.92,241.96,480.93,271.41,low
cam09__frame_00046.jpg,121,472.1,231.02,489.98,241.75,low
cam09__frame_00046.jpg,122,471.7,220.3,490.9,230.35,low
cam09__frame_00046.jpg,123,473.0,211.4,490.88,220.29,low
cam09__frame_00046.jpg,124,472.11,203.3,490.0,210.68,medium
cam09__frame_00046.jpg,125,451.64,251.73,465.46,264.4,high
cam09__frame_00046.jpg,126,465.26,236.71,466.99,266.29,high
cam09__frame_00046.jpg,127,464.68,226.37,469.87,236.65,high
cam09__frame_00046.jpg,128,464.97,217.0,470.16,226.1,high
cam09__frame_00046.jpg,129,465.41,206.32,470.59,216.6,high
cam09__frame_00046.jpg,130,465.8,196.16,470.98,206.44,high
cam09__frame_00046.jpg,131,466.07,185.21,471.43,194.37,high
cam09__frame_00046.jpg,132,436.16,244.05,453.5,253.9,low
cam09__frame_00046.jpg,133,436.23,236.13,454.39,245.59,low
cam09__frame_00046.jpg,134,436.63,228.33,454.62,237.77,low
cam09__frame_00046.jpg,135,437.14,220.34,454.42,229.7,low
cam09__frame_00046.jpg,136,438.83,212.32,455.76,222.1,low
cam09__frame_00046.jpg,137,425.74,238.27,435.26,246.0,medium
cam09__frame_00046.jpg,138,422.15,231.21,436.61,239.97,medium
cam09__frame_00046.jpg,139,422.31,225.2,436.77,233.96,medium
cam09__frame_00046.jpg,140,423.15,218.85,437.61,227.62,medium
cam09__frame_00046.jpg,141,424.06,212.46,438.52,221.23,medium
cam09__frame_00046.jpg,142,425.6,205.75,440.12,214.86,medium
cam09__frame_00046.jpg,143,440.7,208.0,465.74,213.34,medium
cam09__frame_00046.jpg,144,439.87,200.99,465.58,207.83,medium
cam09__frame_00046.jpg,145,443.87,194.48,465.24,201.16,medium
cam09__frame_00046.jpg,146,449.24,174.51,461.35,184.24,high
cam09__frame_00046.jpg,147,403.89,221.62,418.85,228.82,low
cam09__frame_00046.jpg,148,404.19,213.84,419.15,221.04,low
cam09__frame_00046.jpg,149,404.2,206.66,420.05,213.86,low
cam09__frame_00046.jpg,150,404.49,200.08,419.45,206.7,low
cam09__frame_00046.jpg,151,404.78,192.9,419.74,200.1,low
cam09__frame_00046.jpg,152,404.78,186.02,420.04,193.2,low
cam09__frame_00046.jpg,153,404.5,177.04,420.64,186.31,low
cam09__frame_00046.jpg,154,399.85,217.83,403.87,225.0,high
cam09__frame_00046.jpg,155,400.14,209.6,404.16,217.5,high
cam09__frame_00046.jpg,156,400.28,201.67,404.31,209.8,high
cam09__frame_00046.jpg,157,400.28,193.3,404.31,201.7,high
cam09__frame_00046.jpg,158,400.16,184.67,404.18,193.39,high
cam09__frame_00046.jpg,159,400.38,174.62,404.18,184.45,high
cam09__frame_00046.jpg,160,395.95,208.16,399.98,216.87,high
cam09__frame_00046.jpg,161,396.1,199.07,400.12,207.78,high
cam09__frame_00046.jpg,162,396.1,190.56,400.12,199.27,high
cam09__frame_00046.jpg,163,396.24,181.61,400.27,190.33,high
cam09__frame_00046.jpg,164,396.53,173.1,400.55,181.81,high
cam09__frame_00046.jpg,165,377.6,200.84,392.29,209.18,low
cam09__frame_00046.jpg,166,378.1,192.49,392.79,200.84,low
cam09__frame_00046.jpg,167,378.43,184.31,393.12,192.66,low
cam09__frame_00046.jpg,168,378.93,175.96,393.63,184.31,low
cam09__frame_00046.jpg,169,379.1,167.29,393.79,175.63,low
cam09__frame_00046.jpg,170,368.46,186.09,377.06,191.7,medium
cam09__frame_00046.jpg,171,368.21,180.08,376.81,186.3,medium
cam09__frame_00046.jpg,172,368.21,173.6,376.81,179.93,medium
cam09__frame_00046.jpg,173,368.14,168.17,376.75,174.28,medium
cam09__frame_00046.jpg,174,131.44,215.75,142.81,228.62,medium
cam09__frame_00046.jpg,175,139.1,232.2,142.51,248.96,medium
cam09__frame_00046.jpg,176,120.19,243.14,128.2,257.17,medium
cam09__frame_00046.jpg,177,120.5,256.85,128.85,270.47,medium
cam09__frame_00046.jpg,178,110.0,228.41,115.95,260.73,medium
cam09__frame_00046.jpg,179,111.81,263.06,120.34,273.14,medium
cam09__frame_00046.jpg,180,102.03,279.51,108.95,295.09,medium
cam09__frame_00046.jpg,181,97.18,240.04,104.1,264.97,high
cam09__frame_00046.jpg,182,96.83,263.93,103.06,294.74,medium
cam09__frame_00046.jpg,183,90.26,263.93,97.87,296.82,medium
cam09__frame_00046.jpg,184,85.06,250.08,91.29,280.55,high
cam09__frame_00046.jpg,185,60.51,271.2,70.59,295.7,high
cam09__frame_00046.jpg,186,46.2,285.83,50.42,303.8,high
cam09__frame_00046.jpg,187,41.14,287.57,46.36,302.6,high
cam09__frame_00046.jpg,188,81.19,283.1,89.47,318.78,high
cam09__frame_00046.jpg,189,76.1,317.48,85.41,337.21,high
cam09__frame_00046.jpg,190,66.02,299.83,71.56,332.02,high
cam09__frame_00046.jpg,191,59.07,304.73,66.0,333.78,high
cam09__frame_00046.jpg,192,57.0,333.8,73.26,354.88,medium
cam09__frame_00046.jpg,193,57.43,355.4,70.28,375.27,medium
cam09__frame_00046.jpg,194,47.48,312.38,57.95,355.52,high
cam09__frame_00046.jpg,195,48.25,355.82,55.23,377.11,high
cam09__frame_00046.jpg,196,38.91,332.68,46.21,359.97,high
cam09__frame_00046.jpg,197,30.66,314.28,39.55,358.7,medium
cam09__frame_00046.jpg,198,22.73,314.92,30.66,358.7,medium
cam09__frame_00046.jpg,199,14.17,315.23,23.05,340.61,high
cam09__frame_00046.jpg,200,34.6,358.64,48.33,395.0,low
cam09__frame_00046.jpg,201,24.25,367.5,34.08,390.09,medium
cam09__frame_00046.jpg,202,11.47,363.6,22.28,390.09,medium
cam09__frame_00046.jpg,203,3.69,338.97,24.18,366.06,high
cam09__frame_00046.jpg,204,8.52,400.9,14.91,427.93,high
cam09__frame_00046.jpg,205,0.17,379.28,11.47,454.46,high
cam09__frame_00046.jpg,206,87.15,204.5,95.16,220.12,low
cam09__frame_00046.jpg,207,137.15,182.32,142.84,193.7,low
cam09__frame_00046.jpg,208,137.41,171.21,143.1,182.58,low
cam09__frame_00046.jpg,209,131.16,182.6,136.85,193.98,low
cam09__frame_00046.jpg,210,131.09,171.14,136.78,182.52,low
cam09__frame_00046.jpg,211,124.93,183.3,130.62,194.67,low
cam09__frame_00046.jpg,212,124.58,171.53,130.27,182.9,low
cam09__frame_00046.jpg,213,125.62,159.41,131.31,170.79,low
cam09__frame_00046.jpg,214,119.04,183.3,124.73,194.67,low
cam09__frame_00046.jpg,215,118.7,172.22,124.39,183.6,low
cam09__frame_00046.jpg,216,119.39,160.1,125.08,171.48,low
cam09__frame_00046.jpg,217,107.69,188.88,115.02,203.67,low
cam09__frame_00046.jpg,218,107.5,176.3,115.29,189.26,low
cam09__frame_00046.jpg,219,100.38,188.7,107.71,203.49,low
cam09__frame_00046.jpg,220,99.9,175.4,107.2,188.84,low
cam09__frame_00046.jpg,221,95.23,203.98,100.03,219.55,medium
cam09__frame_00046.jpg,222,95.47,187.9,100.03,203.98,medium
cam09__frame_00046.jpg,223,42.8,509.0,116.72,637.71,low
cam09__frame_00046.jpg,224,112.56,608.65,172.36,638.54,low
cam09__frame_00046.jpg,225,119.21,587.88,175.69,609.48,medium
cam09__frame_00046.jpg,226,125.02,573.76,148.28,586.8,high
cam09__frame_00046.jpg,227,113.75,447.08,212.15,591.2,low
cam09__frame_00046.jpg,228,194.56,478.4,267.86,640.0,low
cam09__frame_00046.jpg,229,200.8,541.8,262.42,589.56,low
cam09__frame_00046.jpg,230,205.05,512.34,254.91,542.37,low
cam09__frame_00046.jpg,231,71.02,464.67,129.17,515.64,medium
cam09__frame_00046.jpg,232,101.9,445.3,150.7,465.39,medium
cam09__frame_00046.jpg,233,110.5,418.02,157.16,443.86,medium
cam09__frame_00046.jpg,234,119.12,396.48,157.88,419.45,medium
cam09__frame_00046.jpg,235,120.81,373.81,163.06,396.71,medium
cam09__frame_00046.jpg,236,129.05,353.13,170.89,375.47,medium
cam09__frame_00046.jpg,237,142.2,343.2,178.2,356.45,medium
cam09__frame_00046.jpg,238,149.0,330.24,181.16,342.61,medium
cam09__frame_00046.jpg,239,154.57,316.57,184.67,330.05,medium
cam09__frame_00046.jpg,240,270.11,539.5,308.22,627.61,low
cam09__frame_00046.jpg,241,272.49,606.97,300.28,640.0,high
cam09__frame_00046.jpg,242,300.28,563.3,322.51,640.0,high
cam09__frame_00046.jpg,243,322.51,598.24,351.09,640.0,high
cam09__frame_00046.jpg,244,347.92,584.7,429.69,640.0,high
cam09__frame_00046.jpg,245,316.16,437.1,418.57,588.71,low
cam09__frame_00046.jpg,246,436.8,587.1,492.4,638.73,medium
cam09__frame_00046.jpg,247,494.64,588.71,539.9,640.0,high
cam09__frame_00046.jpg,248,432.23,416.42,549.94,565.5,low
cam09__frame_00046.jpg,249,489.29,417.01,578.23,545.09,medium
cam09__frame_00046.jpg,250,269.4,460.77,312.28,542.05,low
cam09__frame_00046.jpg,251,167.18,438.76,198.1,475.48,high
cam09__frame_00046.jpg,252,200.0,436.18,233.53,478.05,high
cam09__frame_00046.jpg,253,222.45,392.17,293.33,479.56,medium
cam09__frame_00046.jpg,254,274.47,405.88,312.4,449.74,high
cam09__frame_00046.jpg,255,167.18,391.09,198.1,436.18,medium
cam09__frame_00046.jpg,256,304.4,322.17,364.94,437.47,low
cam09__frame_00046.jpg,257,368.8,393.67,431.93,428.52,medium
cam09__frame_00046.jpg,258,174.4,343.03,222.97,393.55,medium
cam09__frame_00046.jpg,259,231.63,357.46,270.61,399.33,medium
cam09__frame_00046.jpg,260,269.65,356.98,297.07,388.26,medium
cam09__frame_00046.jpg,261,272.53,386.33,300.92,402.21,high
cam09__frame_00046.jpg,262,163.31,292.53,218.63,319.97,medium
cam09__frame_00046.jpg,263,219.61,269.6,255.56,325.65,low
cam09__frame_00046.jpg,264,223.21,325.65,256.99,335.35,high
cam09__frame_00046.jpg,265,260.59,304.44,277.48,343.62,low
cam09__frame_00046.jpg,266,294.4,271.01,331.79,371.7,medium
cam09__frame_00046.jpg,267,283.27,305.16,295.13,315.94,high
cam09__frame_00046.jpg,268,275.82,301.89,282.26,315.58,high
cam09__frame_00046.jpg,269,176.13,264.57,216.51,294.08,medium
cam09__frame_00046.jpg,270,255.65,294.39,274.29,304.64,high
cam09__frame_00046.jpg,271,254.41,279.79,274.6,294.9,medium
cam09__frame_00046.jpg,272,243.81,259.12,273.7,276.8,medium
cam09__frame_00046.jpg,273,244.27,231.81,275.42,258.81,low
cam09__frame_00046.jpg,274,281.4,248.6,305.9,303.48,medium
cam09__frame_00046.jpg,275,148.9,266.06,157.67,312.4,high
cam09__frame_00046.jpg,276,366.3,349.23,417.22,392.13,medium
cam09__frame_00046.jpg,277,334.11,266.1,374.86,303.1,medium
cam09__frame_00046.jpg,278,331.74,260.4,360.13,266.63,high
cam09__frame_00046.jpg,279,309.9,246.55,346.28,260.75,medium
cam09__frame_00046.jpg,280,309.94,237.9,343.17,246.52,medium
cam09__frame_00046.jpg,281,275.67,237.21,306.47,248.94,high
cam09__frame_00046.jpg,282,182.89,250.71,218.2,264.9,medium
cam09__frame_00046.jpg,283,190.16,242.75,216.82,250.67,high
cam09__frame_00046.jpg,284,304.28,230.89,342.58,237.77,high
cam09__frame_00046.jpg,285,217.52,245.25,243.85,269.19,high
cam09__frame_00046.jpg,286,197.2,229.52,216.64,238.31,high
cam09__frame_00046.jpg,287,218.71,223.31,233.4,234.43,high
cam09__frame_00046.jpg,288,234.4,222.54,253.59,231.38,high
cam09__frame_00046.jpg,289,275.89,219.87,302.74,236.48,high
cam09__frame_00046.jpg,290,218.13,191.09,250.97,222.38,medium
cam09__frame_00046.jpg,291,252.71,203.26,274.15,225.86,medium
cam09__frame_00046.jpg,292,274.92,199.4,301.19,224.31,medium
cam09__frame_00046.jpg,293,301.96,208.28,335.96,230.5,medium
cam09__frame_00046.jpg,294,359.54,207.61,376.85,261.61,medium
cam09__frame_00046.jpg,295,133.82,283.6,150.27,327.2,medium
cam09__frame_00046.jpg,296,128.63,302.6,134.66,333.89,high
cam09__frame_00046.jpg,297,121.5,319.63,127.81,334.71,high
cam09__frame_00046.jpg,298,111.91,330.6,118.21,356.38,high
cam09__frame_00046.jpg,299,102.86,346.5,113.28,376.39,low
cam09__frame_00046.jpg,300,96.83,335.81,106.42,345.96,high
cam09__frame_00046.jpg,301,90.25,368.99,97.1,380.5,high
cam09__frame_00046.jpg,302,79.36,359.49,96.07,378.39,medium
cam09__frame_00046.jpg,303,82.2,392.0,92.45,428.87,medium
cam09__frame_00046.jpg,304,70.6,402.6,80.84,447.19,medium
cam09__frame_00046.jpg,305,48.37,435.46,62.75,463.45,medium
cam09__frame_00046.jpg,306,41.91,429.42,52.87,438.74,high
cam09__frame_00046.jpg,307,49.3,464.7,64.7,492.95,low
cam09__frame_00046.jpg,308,34.27,450.0,50.79,481.21,medium
cam09__frame_00046.jpg,309,20.03,473.1,31.99,490.77,high
cam09__frame_00046.jpg,310,4.99,486.9,20.97,506.4,high
cam09__frame_00046.jpg,311,27.95,482.74,50.93,534.39,low
cam09__frame_00046.jpg,312,15.28,495.81,38.2,547.06,low
cam09__frame_00046.jpg,313,1.25,507.18,24.85,540.67,medium
cam09__frame_00046.jpg,314,0.49,541.44,27.13,570.36,high
cam09__frame_00046.jpg,315,2.02,596.24,14.19,637.9,high
