image_name,box_index,xtl,ytl,xbr,ybr,occlusion_level
cam07__frame_00001.jpg,0,176.52,287.7,196.79,332.04,low
cam07__frame_00001.jpg,1,397.88,416.83,402.15,433.76,low
cam07__frame_00001.jpg,2,555.94,465.78,561.25,472.42,high
cam07__frame_00001.jpg,3,550.18,463.57,555.49,470.21,high
cam07__frame_00001.jpg,4,558.59,459.14,564.35,467.11,medium
cam07__frame_00001.jpg,5,552.22,454.36,558.86,464.1,medium
cam07__frame_00001.jpg,6,499.87,427.01,504.73,443.04,high
cam07__frame_00001.jpg,7,495.58,425.01,500.45,441.04,low
cam07__frame_00001.jpg,8,491.58,422.73,496.44,438.75,low
cam07__frame_00001.jpg,9,487.0,421.3,491.87,437.32,low
cam07__frame_00001.jpg,10,481.86,419.01,486.73,435.04,low
cam07__frame_00001.jpg,11,477.28,417.01,482.15,433.04,low
cam07__frame_00001.jpg,12,503.87,409.86,508.74,425.89,high
cam07__frame_00001.jpg,13,499.41,406.9,504.28,422.93,medium
cam07__frame_00001.jpg,14,494.92,405.62,499.79,421.64,low
cam07__frame_00001.jpg,15,489.79,403.05,494.66,419.08,low
cam07__frame_00001.jpg,16,484.97,401.39,489.83,417.42,low
cam07__frame_00001.jpg,17,480.99,398.3,485.25,415.48,low
cam07__frame_00001.jpg,18,469.94,421.24,473.52,429.92,medium
cam07__frame_00001.jpg,19,465.93,419.72,469.52,428.41,medium
cam07__frame_00001.jpg,20,462.21,417.65,465.79,426.34,medium
cam07__frame_00001.jpg,21,470.35,412.68,473.94,421.37,medium
cam07__frame_00001.jpg,22,466.07,410.33,469.66,419.02,medium
cam07__frame_00001.jpg,23,462.21,408.67,465.79,417.36,medium
cam07__frame_00001.jpg,24,458.2,417.3,461.93,425.58,medium
cam07__frame_00001.jpg,25,458.75,408.2,462.34,416.89,medium
cam07__frame_00001.jpg,26,451.58,410.26,455.58,422.69,high
cam07__frame_00001.jpg,27,439.57,401.7,445.23,407.23,high
cam07__frame_00001.jpg,28,441.36,386.4,447.85,400.46,medium
cam07__frame_00001.jpg,29,430.54,401.04,435.79,412.36,medium
cam07__frame_00001.jpg,30,426.4,399.53,429.85,410.43,medium
cam07__frame_00001.jpg,31,422.26,398.14,425.85,409.19,medium
cam07__frame_00001.jpg,32,419.34,388.29,423.66,396.94,medium
cam07__frame_00001.jpg,33,417.9,396.48,422.1,407.81,medium
cam07__frame_00001.jpg,34,414.19,380.87,419.54,393.64,medium
cam07__frame_00001.jpg,35,412.32,393.25,416.89,403.71,low
cam07__frame_00001.jpg,36,408.42,376.34,413.36,389.11,medium
cam07__frame_00001.jpg,37,404.09,374.69,407.59,386.64,medium
cam07__frame_00001.jpg,38,406.7,389.61,411.21,401.24,medium
cam07__frame_00001.jpg,39,400.85,387.63,406.82,399.72,medium
cam07__frame_00001.jpg,40,526.9,387.82,546.02,395.9,medium
cam07__frame_00001.jpg,41,516.38,378.46,527.96,385.73,medium
cam07__frame_00001.jpg,42,519.48,369.16,531.06,376.43,medium
cam07__frame_00001.jpg,43,520.19,359.86,531.77,367.14,medium
cam07__frame_00001.jpg,44,523.09,352.99,533.64,360.26,medium
cam07__frame_00001.jpg,45,524.96,345.56,536.54,352.83,medium
cam07__frame_00001.jpg,46,505.65,374.4,517.23,381.68,medium
cam07__frame_00001.jpg,47,508.39,365.58,519.97,372.86,medium
cam07__frame_00001.jpg,48,511.71,355.57,521.66,362.84,medium
cam07__frame_00001.jpg,49,513.05,348.39,523.66,355.66,medium
cam07__frame_00001.jpg,50,513.56,338.04,524.87,348.31,medium
cam07__frame_00001.jpg,51,495.68,369.63,505.94,377.57,medium
cam07__frame_00001.jpg,52,497.01,362.02,508.58,369.3,medium
cam07__frame_00001.jpg,53,500.66,352.76,512.22,362.35,medium
cam07__frame_00001.jpg,54,501.63,330.6,512.55,353.09,low
cam07__frame_00001.jpg,55,484.52,356.54,496.3,365.76,medium
cam07__frame_00001.jpg,56,456.63,329.4,466.56,357.55,low
cam07__frame_00001.jpg,57,445.05,331.91,457.18,345.97,high
cam07__frame_00001.jpg,58,431.03,344.31,445.16,356.75,medium
cam07__frame_00001.jpg,59,429.9,330.18,444.03,344.31,high
cam07__frame_00001.jpg,60,438.37,301.2,447.52,327.96,low
cam07__frame_00001.jpg,61,414.07,339.45,427.15,346.64,medium
cam07__frame_00001.jpg,62,416.69,293.0,429.12,338.79,low
cam07__frame_00001.jpg,63,613.55,310.01,640.0,351.93,high
cam07__frame_00001.jpg,64,572.26,307.64,614.14,329.88,high
cam07__frame_00001.jpg,65,553.94,275.57,568.84,342.09,high
cam07__frame_00001.jpg,66,535.01,213.54,572.63,269.14,medium
cam07__frame_00001.jpg,67,520.62,262.65,551.54,329.26,low
cam07__frame_00001.jpg,68,486.44,221.96,522.18,240.82,low
cam07__frame_00001.jpg,69,482.46,241.82,515.23,308.33,low
cam07__frame_00001.jpg,70,421.83,197.6,475.66,292.95,high
cam07__frame_00001.jpg,71,628.5,178.28,640.0,243.5,high
cam07__frame_00001.jpg,72,601.85,125.08,633.63,221.99,medium
cam07__frame_00001.jpg,73,548.46,102.05,601.37,202.93,low
cam07__frame_00001.jpg,74,493.27,71.17,552.55,178.95,low
cam07__frame_00001.jpg,75,438.15,41.54,495.46,150.19,low
cam07__frame_00001.jpg,76,612.5,46.32,640.0,75.63,medium
cam07__frame_00001.jpg,77,614.82,73.28,640.0,100.24,medium
cam07__frame_00001.jpg,78,578.48,34.6,610.13,72.11,medium
cam07__frame_00001.jpg,79,579.66,0.61,601.93,36.95,high
cam07__frame_00001.jpg,80,557.39,0.0,576.14,55.7,high
cam07__frame_00001.jpg,81,535.11,0.61,556.21,39.29,high
cam07__frame_00001.jpg,82,505.81,1.78,535.11,22.88,high
cam07__frame_00001.jpg,83,484.36,1.39,503.63,15.4,high
cam07__frame_00001.jpg,84,395.72,442.27,399.35,448.89,medium
cam07__frame_00001.jpg,85,402.93,423.25,407.88,434.74,low
cam07__frame_00001.jpg,86,401.82,434.26,407.24,441.76,low
cam07__frame_00001.jpg,87,401.59,441.98,406.06,447.24,low
cam07__frame_00001.jpg,88,400.79,447.4,406.54,452.19,high
cam07__frame_00001.jpg,89,410.37,421.88,414.67,434.8,low
cam07__frame_00001.jpg,90,104.49,245.35,116.73,273.8,low
cam07__frame_00001.jpg,91,408.45,435.2,413.87,442.7,low
cam07__frame_00001.jpg,92,408.93,442.86,413.39,448.12,low
cam07__frame_00001.jpg,93,407.65,447.88,413.39,452.67,high
cam07__frame_00001.jpg,94,417.38,424.25,422.33,435.44,low
cam07__frame_00001.jpg,95,417.38,436.08,422.17,441.66,medium
cam07__frame_00001.jpg,96,423.97,426.57,428.42,433.73,high
cam07__frame_00001.jpg,97,418.29,454.0,422.99,459.43,high
cam07__frame_00001.jpg,98,427.93,439.4,432.87,444.85,high
cam07__frame_00001.jpg,99,427.19,445.1,431.88,450.54,high
cam07__frame_00001.jpg,100,426.2,451.28,431.39,456.71,high
cam07__frame_00001.jpg,101,424.96,456.71,430.89,462.4,high
cam07__frame_00001.jpg,102,464.96,460.42,468.94,480.68,low
cam07__frame_00001.jpg,103,468.43,461.65,472.41,481.91,low
cam07__frame_00001.jpg,104,472.38,463.13,476.36,483.39,low
cam07__frame_00001.jpg,105,476.34,465.11,480.31,485.37,low
cam07__frame_00001.jpg,106,480.78,467.09,484.76,487.35,low
cam07__frame_00001.jpg,107,0.0,180.08,43.22,215.55,low
cam07__frame_00001.jpg,108,0.0,217.35,48.26,236.73,medium
cam07__frame_00001.jpg,109,0.0,239.62,49.39,255.32,medium
cam07__frame_00001.jpg,110,0.0,261.61,42.6,277.71,high
cam07__frame_00001.jpg,111,0.0,495.89,34.51,615.75,high
cam07__frame_00001.jpg,112,1.62,440.09,50.64,541.39,low
cam07__frame_00001.jpg,113,30.78,387.73,64.35,394.2,medium
cam07__frame_00001.jpg,114,33.84,394.74,67.41,401.21,medium
cam07__frame_00001.jpg,115,36.61,402.68,70.17,409.15,medium
cam07__frame_00001.jpg,116,39.02,411.32,72.59,417.79,medium
cam07__frame_00001.jpg,117,41.1,421.33,74.67,427.81,medium
cam07__frame_00001.jpg,118,43.58,431.2,75.82,437.67,medium
cam07__frame_00001.jpg,119,46.51,439.19,77.11,445.67,medium
cam07__frame_00001.jpg,120,48.32,448.0,78.01,454.47,medium
cam07__frame_00001.jpg,121,50.23,457.38,78.84,463.86,medium
cam07__frame_00001.jpg,122,49.06,466.35,80.47,472.83,medium
cam07__frame_00001.jpg,123,49.55,474.65,80.72,479.56,medium
cam07__frame_00001.jpg,124,50.42,480.79,81.68,486.7,medium
cam07__frame_00001.jpg,125,52.99,488.73,84.29,495.2,medium
cam07__frame_00001.jpg,126,54.01,496.09,87.58,501.57,medium
cam07__frame_00001.jpg,127,66.76,420.52,96.59,426.59,low
cam07__frame_00001.jpg,128,64.87,432.49,95.46,437.9,medium
cam07__frame_00001.jpg,129,68.61,438.47,97.23,443.53,medium
cam07__frame_00001.jpg,130,71.52,445.87,95.77,452.34,medium
cam07__frame_00001.jpg,131,72.34,455.57,98.07,462.71,medium
cam07__frame_00001.jpg,132,72.99,465.67,98.49,470.06,medium
cam07__frame_00001.jpg,133,74.65,470.26,102.97,476.73,medium
cam07__frame_00001.jpg,134,91.53,446.61,121.41,453.92,low
cam07__frame_00001.jpg,135,16.31,584.89,73.26,640.0,high
cam07__frame_00001.jpg,136,65.4,543.93,97.6,611.9,low
cam07__frame_00001.jpg,137,86.22,494.06,128.44,575.16,low
cam07__frame_00001.jpg,138,135.52,530.3,201.35,639.81,low
cam07__frame_00001.jpg,139,501.77,480.58,505.47,486.13,medium
cam07__frame_00001.jpg,140,505.89,481.0,508.93,486.88,medium
cam07__frame_00001.jpg,141,508.83,481.31,511.87,487.19,medium
cam07__frame_00001.jpg,142,511.87,482.12,514.91,488.0,medium
cam07__frame_00001.jpg,143,515.35,483.79,518.39,489.66,medium
cam07__frame_00001.jpg,144,518.83,485.15,521.87,491.03,medium
cam07__frame_00001.jpg,145,501.17,485.76,504.87,491.3,high
cam07__frame_00001.jpg,146,504.84,486.94,508.53,492.48,high
cam07__frame_00001.jpg,147,508.24,487.46,511.94,493.0,high
cam07__frame_00001.jpg,148,511.9,488.37,515.6,493.92,high
cam07__frame_00001.jpg,149,515.7,489.81,519.39,495.36,high
cam07__frame_00001.jpg,150,519.1,490.86,522.8,496.4,high
cam07__frame_00001.jpg,151,500.7,491.78,504.35,497.25,high
cam07__frame_00001.jpg,152,504.75,492.59,508.81,498.87,high
cam07__frame_00001.jpg,153,508.81,493.2,513.27,500.9,high
cam07__frame_00001.jpg,154,513.88,495.02,518.13,502.32,high
cam07__frame_00001.jpg,155,518.54,496.85,523.2,504.96,high
cam07__frame_00001.jpg,156,545.8,481.28,557.57,486.75,low
cam07__frame_00001.jpg,157,544.28,485.96,556.05,491.43,low
cam07__frame_00001.jpg,158,543.11,491.35,554.88,496.82,medium
cam07__frame_00001.jpg,159,543.11,496.67,553.25,501.86,high
cam07__frame_00001.jpg,160,543.72,502.29,551.22,506.74,high
cam07__frame_00001.jpg,161,543.72,507.44,549.81,510.49,high
cam07__frame_00001.jpg,162,545.13,510.96,549.11,514.94,high
cam07__frame_00001.jpg,163,572.0,490.47,576.03,503.54,high
cam07__frame_00001.jpg,164,577.48,492.65,581.48,505.71,high
cam07__frame_00001.jpg,165,566.23,512.25,571.68,523.5,high
cam07__frame_00001.jpg,166,572.76,512.98,576.76,518.78,high
cam07__frame_00001.jpg,167,390.4,489.54,395.05,493.3,high
cam07__frame_00001.jpg,168,387.88,493.73,395.03,498.1,high
cam07__frame_00001.jpg,169,437.31,492.73,447.42,511.95,low
cam07__frame_00001.jpg,170,446.19,504.95,457.51,518.35,medium
cam07__frame_00001.jpg,171,460.05,493.04,470.39,508.73,high
cam07__frame_00001.jpg,172,499.47,526.34,507.89,536.67,high
cam07__frame_00001.jpg,173,499.14,537.14,506.74,547.19,high
cam07__frame_00001.jpg,174,508.94,513.32,522.64,524.32,medium
cam07__frame_00001.jpg,175,507.63,524.39,520.63,531.84,medium
cam07__frame_00001.jpg,176,508.01,531.67,518.75,541.7,high
cam07__frame_00001.jpg,177,506.17,542.06,516.19,551.35,high
cam07__frame_00001.jpg,178,547.53,534.9,553.1,545.37,high
cam07__frame_00001.jpg,179,554.08,535.55,559.65,545.7,high
cam07__frame_00001.jpg,180,548.19,545.05,553.75,552.58,high
cam07__frame_00001.jpg,181,343.37,582.92,395.48,640.0,high
cam07__frame_00001.jpg,182,1.41,82.24,18.22,143.91,high
cam07__frame_00001.jpg,183,397.0,433.94,400.42,441.2,medium
cam07__frame_00001.jpg,184,203.22,417.73,220.44,448.13,medium
cam07__frame_00001.jpg,185,181.9,410.8,201.16,440.83,medium
cam07__frame_00001.jpg,186,221.44,420.81,239.67,458.29,medium
cam07__frame_00001.jpg,187,114.1,303.6,127.69,339.13,medium
cam07__frame_00001.jpg,188,126.9,296.75,141.32,345.18,medium
cam07__frame_00001.jpg,189,142.07,311.13,160.99,346.7,medium
cam07__frame_00001.jpg,190,182.18,342.91,198.07,387.56,high
cam07__frame_00001.jpg,191,198.07,345.94,221.53,397.4,medium
cam07__frame_00001.jpg,192,214.72,374.7,236.67,416.32,low
cam07__frame_00001.jpg,193,130.15,236.96,140.62,259.85,medium
cam07__frame_00001.jpg,194,120.34,257.23,130.81,272.93,low
cam07__frame_00001.jpg,195,143.3,259.71,163.6,305.31,medium
cam07__frame_00001.jpg,196,168.48,249.53,201.36,260.86,high
cam07__frame_00001.jpg,197,180.92,264.49,223.26,273.62,high
cam07__frame_00001.jpg,198,184.94,272.89,232.74,281.28,high
cam07__frame_00001.jpg,199,173.62,273.62,221.8,288.95,low
cam07__frame_00001.jpg,200,162.59,273.9,176.6,313.46,low
cam07__frame_00001.jpg,201,209.96,93.36,255.49,110.46,low
cam07__frame_00001.jpg,202,215.87,111.9,253.59,128.01,low
cam07__frame_00001.jpg,203,215.34,135.86,240.56,151.92,medium
cam07__frame_00001.jpg,204,215.58,156.1,223.98,175.67,high
cam07__frame_00001.jpg,205,225.48,160.2,234.07,180.09,medium
cam07__frame_00001.jpg,206,235.43,162.46,249.89,181.45,medium
cam07__frame_00001.jpg,207,191.91,106.55,199.0,120.06,high
cam07__frame_00001.jpg,208,192.25,119.7,204.1,132.21,medium
cam07__frame_00001.jpg,209,183.13,128.83,195.63,142.34,medium
cam07__frame_00001.jpg,210,183.81,140.99,195.63,153.82,medium
cam07__frame_00001.jpg,211,183.13,153.15,195.63,164.97,medium
cam07__frame_00001.jpg,212,195.97,132.55,211.84,145.72,medium
cam07__frame_00001.jpg,213,197.0,145.38,212.17,157.88,medium
cam07__frame_00001.jpg,214,196.98,157.54,213.53,170.71,medium
cam07__frame_00001.jpg,215,145.55,76.77,189.96,86.71,low
cam07__frame_00001.jpg,216,137.65,91.9,147.14,102.7,high
cam07__frame_00001.jpg,217,147.59,96.78,158.44,105.87,high
cam07__frame_00001.jpg,218,133.58,103.61,147.14,113.1,high
cam07__frame_00001.jpg,219,146.69,105.41,159.35,116.67,high
cam07__frame_00001.jpg,220,134.48,112.65,146.69,123.04,high
cam07__frame_00001.jpg,221,146.69,116.67,160.25,127.07,high
cam07__frame_00001.jpg,222,130.57,122.9,145.46,130.78,high
cam07__frame_00001.jpg,223,130.28,130.78,145.46,140.41,high
cam07__frame_00001.jpg,224,129.99,141.28,145.46,149.16,high
cam07__frame_00001.jpg,225,146.9,126.69,160.05,136.61,high
cam07__frame_00001.jpg,226,145.75,136.32,159.17,143.91,high
cam07__frame_00001.jpg,227,145.75,143.91,158.88,153.54,high
cam07__frame_00001.jpg,228,114.14,117.25,120.12,127.24,medium
cam07__frame_00001.jpg,229,120.77,118.58,127.33,129.17,medium
cam07__frame_00001.jpg,230,113.96,128.41,120.52,136.99,medium
cam07__frame_00001.jpg,231,120.77,129.67,128.09,137.49,medium
cam07__frame_00001.jpg,232,114.21,137.49,120.77,146.83,medium
cam07__frame_00001.jpg,233,121.28,137.75,128.34,147.33,medium
cam07__frame_00001.jpg,234,106.33,107.01,112.17,116.62,high
cam07__frame_00001.jpg,235,101.81,114.55,107.65,123.97,high
cam07__frame_00001.jpg,236,108.03,117.56,111.23,125.47,medium
cam07__frame_00001.jpg,237,98.04,124.72,104.07,134.14,high
cam07__frame_00001.jpg,238,104.45,124.72,107.84,135.08,high
cam07__frame_00001.jpg,239,109.16,126.42,111.98,136.4,high
cam07__frame_00001.jpg,240,98.61,134.52,105.01,142.06,high
cam07__frame_00001.jpg,241,105.2,135.84,108.4,144.13,high
cam07__frame_00001.jpg,242,108.4,136.78,112.17,145.45,high
cam07__frame_00001.jpg,243,229.3,199.14,241.79,226.15,medium
cam07__frame_00001.jpg,244,228.96,225.82,241.11,243.04,medium
cam07__frame_00001.jpg,245,228.28,242.36,240.1,260.6,medium
cam07__frame_00001.jpg,246,210.72,220.41,227.61,237.97,medium
cam07__frame_00001.jpg,247,211.74,238.65,227.27,257.22,medium
cam07__frame_00001.jpg,248,201.58,192.0,220.3,215.97,medium
cam07__frame_00001.jpg,249,200.12,214.22,211.21,233.19,medium
cam07__frame_00001.jpg,250,198.95,233.77,211.21,250.7,medium
cam07__frame_00001.jpg,251,211.79,175.69,225.22,191.16,high
cam07__frame_00001.jpg,252,186.99,198.17,199.83,216.84,medium
cam07__frame_00001.jpg,253,186.69,216.79,199.83,231.38,medium
cam07__frame_00001.jpg,254,185.53,231.14,198.08,246.03,medium
cam07__frame_00001.jpg,255,197.2,184.16,210.04,192.04,high
cam07__frame_00001.jpg,256,179.69,204.29,186.4,225.89,medium
cam07__frame_00001.jpg,257,175.9,225.31,185.82,240.48,medium
cam07__frame_00001.jpg,258,140.56,158.45,151.26,166.36,high
cam07__frame_00001.jpg,259,125.27,163.88,139.4,185.36,medium
cam07__frame_00001.jpg,260,140.53,167.83,151.8,184.23,medium
cam07__frame_00001.jpg,261,151.8,176.31,165.97,191.01,medium
cam07__frame_00001.jpg,262,125.3,188.18,140.53,206.84,high
cam07__frame_00001.jpg,263,145.62,191.01,158.05,211.36,low
cam07__frame_00001.jpg,264,104.92,200.62,110.0,212.49,low
cam07__frame_00001.jpg,265,110.57,201.75,118.48,216.45,medium
cam07__frame_00001.jpg,266,119.05,205.14,126.4,217.01,low
cam07__frame_00001.jpg,267,126.96,206.27,133.18,220.97,medium
cam07__frame_00001.jpg,268,136.01,209.66,144.49,224.36,medium
cam07__frame_00001.jpg,269,144.2,211.47,152.68,226.17,low
cam07__frame_00001.jpg,270,153.25,212.6,169.64,230.13,medium
cam07__frame_00001.jpg,271,220.44,288.97,239.86,342.59,medium
cam07__frame_00001.jpg,272,199.33,291.5,219.59,336.26,low
cam07__frame_00004.jpg,0,519.48,369.16,531.06,376.43,medium
cam07__frame_00004.jpg,1,106.33,107.01,112.17,116.62,high
cam07__frame_00004.jpg,2,101.81,114.55,107.65,123.97,high
cam07__frame_00004.jpg,3,98.04,124.72,104.07,134.14,high
cam07__frame_00004.jpg,4,98.61,134.52,105.01,142.06,high
cam07__frame_00004.jpg,5,108.03,117.56,111.23,125.47,medium
cam07__frame_00004.jpg,6,104.45,124.72,107.84,135.08,high
cam07__frame_00004.jpg,7,105.2,135.84,108.4,144.13,high
cam07__frame_00004.jpg,8,109.16,126.42,111.98,136.4,high
cam07__frame_00004.jpg,9,108.4,136.78,112.17,145.45,high
cam07__frame_00004.jpg,10,114.14,117.25,120.12,127.24,medium
cam07__frame_00004.jpg,11,113.96,128.41,120.52,136.99,medium
cam07__frame_00004.jpg,12,114.21,137.49,120.77,146.83,medium
cam07__frame_00004.jpg,13,120.77,118.58,127.33,129.17,medium
cam07__frame_00004.jpg,14,120.77,129.67,128.09,137.49,medium
cam07__frame_00004.jpg,15,121.28,137.75,128.34,147.33,medium
cam07__frame_00004.jpg,16,145.55,76.77,189.96,86.71,low
cam07__frame_00004.jpg,17,137.65,91.9,147.14,102.7,high
cam07__frame_00004.jpg,18,147.59,96.78,158.44,105.87,high
cam07__frame_00004.jpg,19,133.58,103.61,147.14,113.1,high
cam07__frame_00004.jpg,20,146.69,105.41,159.35,116.67,high
cam07__frame_00004.jpg,21,134.48,112.65,146.69,123.04,high
cam07__frame_00004.jpg,22,146.69,116.67,160.25,127.07,high
cam07__frame_00004.jpg,23,130.57,122.9,145.46,130.78,high
cam07__frame_00004.jpg,24,146.9,126.69,160.05,136.61,high
cam07__frame_00004.jpg,25,130.28,130.78,145.46,140.41,high
cam07__frame_00004.jpg,26,145.75,136.32,159.17,143.91,high
cam07__frame_00004.jpg,27,129.99,141.28,145.46,149.16,high
cam07__frame_00004.jpg,28,145.75,143.91,158.88,153.54,high
cam07__frame_00004.jpg,29,191.91,106.55,199.0,120.06,high
cam07__frame_00004.jpg,30,192.25,119.7,204.1,132.21,medium
cam07__frame_00004.jpg,31,183.13,128.83,195.63,142.34,medium
cam07__frame_00004.jpg,32,183.81,140.99,195.63,153.82,medium
cam07__frame_00004.jpg,33,183.13,153.15,195.63,164.97,medium
cam07__frame_00004.jpg,34,195.97,132.55,211.84,145.72,medium
cam07__frame_00004.jpg,35,197.0,145.38,212.17,157.88,medium
cam07__frame_00004.jpg,36,196.98,157.54,213.53,170.71,medium
cam07__frame_00004.jpg,37,209.96,93.36,255.49,110.46,low
cam07__frame_00004.jpg,38,215.87,111.9,253.59,128.01,low
cam07__frame_00004.jpg,39,215.34,135.86,240.56,151.92,medium
cam07__frame_00004.jpg,40,215.58,156.1,223.98,175.67,high
cam07__frame_00004.jpg,41,225.48,160.2,234.07,180.09,medium
cam07__frame_00004.jpg,42,235.43,162.46,249.89,181.45,medium
cam07__frame_00004.jpg,43,140.56,158.45,151.26,166.36,high
cam07__frame_00004.jpg,44,125.27,163.88,139.4,185.36,medium
cam07__frame_00004.jpg,45,140.53,167.83,151.8,184.23,medium
cam07__frame_00004.jpg,46,151.8,176.31,165.97,191.01,medium
cam07__frame_00004.jpg,47,125.3,188.18,140.53,206.84,high
cam07__frame_00004.jpg,48,145.62,191.01,158.05,211.36,low
cam07__frame_00004.jpg,49,104.92,200.62,110.0,212.49,low
cam07__frame_00004.jpg,50,110.57,201.75,118.48,216.45,medium
cam07__frame_00004.jpg,51,119.05,205.14,126.4,217.01,low
cam07__frame_00004.jpg,52,126.96,206.27,133.18,220.97,medium
cam07__frame_00004.jpg,53,136.01,209.66,144.49,224.36,medium
cam07__frame_00004.jpg,54,144.2,211.47,152.68,226.17,low
cam07__frame_00004.jpg,55,153.25,212.6,169.64,230.13,medium
cam07__frame_00004.jpg,56,211.79,175.69,225.22,191.16,high
cam07__frame_00004.jpg,57,197.2,184.16,210.04,192.04,high
cam07__frame_00004.jpg,58,201.58,192.0,220.3,215.97,medium
cam07__frame_00004.jpg,59,186.99,198.17,199.83,216.84,medium
cam07__frame_00004.jpg,60,179.69,204.29,186.4,225.89,medium
cam07__frame_00004.jpg,61,175.9,225.31,185.82,240.48,medium
cam07__frame_00004.jpg,62,186.69,216.79,199.83,231.38,medium
cam07__frame_00004.jpg,63,185.53,231.14,198.08,246.03,medium
cam07__frame_00004.jpg,64,200.12,214.22,211.21,233.19,medium
cam07__frame_00004.jpg,65,198.95,233.77,211.21,250.7,medium
cam07__frame_00004.jpg,66,210.72,220.41,227.61,237.97,medium
cam07__frame_00004.jpg,67,211.74,238.65,227.27,257.22,medium
cam07__frame_00004.jpg,68,229.3,199.14,241.79,226.15,medium
cam07__frame_00004.jpg,69,228.96,225.82,241.11,243.04,medium
cam07__frame_00004.jpg,70,228.28,242.36,240.1,260.6,medium
cam07__frame_00004.jpg,71,104.49,245.35,116.73,274.49,low
cam07__frame_00004.jpg,72,120.34,257.23,130.81,272.93,low
cam07__frame_00004.jpg,73,130.15,236.96,140.62,259.85,medium
cam07__frame_00004.jpg,74,143.3,259.71,163.6,305.31,medium
cam07__frame_00004.jpg,75,168.48,249.53,201.36,260.86,high
cam07__frame_00004.jpg,76,180.92,264.49,223.26,273.62,high
cam07__frame_00004.jpg,77,184.94,272.89,232.74,281.28,high
cam07__frame_00004.jpg,78,173.62,273.62,221.8,288.95,low
cam07__frame_00004.jpg,79,176.52,287.7,196.79,332.04,low
cam07__frame_00004.jpg,80,199.33,291.5,219.59,336.26,low
cam07__frame_00004.jpg,81,220.44,288.97,239.86,342.59,medium
cam07__frame_00004.jpg,82,114.1,303.6,127.69,339.13,medium
cam07__frame_00004.jpg,83,126.9,296.75,141.32,345.18,medium
cam07__frame_00004.jpg,84,142.07,311.13,160.99,346.7,medium
cam07__frame_00004.jpg,85,182.18,342.91,198.07,387.56,high
cam07__frame_00004.jpg,86,198.07,345.94,221.53,397.4,medium
cam07__frame_00004.jpg,87,214.72,374.7,236.67,416.32,low
cam07__frame_00004.jpg,88,181.9,410.8,201.16,440.83,medium
cam07__frame_00004.jpg,89,203.22,417.73,220.44,448.13,medium
cam07__frame_00004.jpg,90,221.44,420.81,239.67,458.29,medium
cam07__frame_00004.jpg,91,1.41,82.24,18.22,143.91,high
cam07__frame_00004.jpg,92,343.37,582.92,395.48,640.0,high
cam07__frame_00004.jpg,93,548.19,545.05,553.75,552.58,high
cam07__frame_00004.jpg,94,554.08,535.55,559.65,545.7,high
cam07__frame_00004.jpg,95,547.53,534.9,553.1,545.37,high
cam07__frame_00004.jpg,96,506.17,542.06,516.19,551.35,high
cam07__frame_00004.jpg,97,508.01,531.67,518.75,541.7,high
cam07__frame_00004.jpg,98,507.63,524.39,520.63,531.84,medium
cam07__frame_00004.jpg,99,508.94,513.32,522.64,524.32,medium
cam07__frame_00004.jpg,100,499.14,537.14,506.74,547.19,high
cam07__frame_00004.jpg,101,499.47,526.34,507.89,536.67,high
cam07__frame_00004.jpg,102,460.05,493.04,470.39,508.73,high
cam07__frame_00004.jpg,103,446.19,504.95,457.51,518.35,medium
cam07__frame_00004.jpg,104,437.31,492.73,447.42,511.95,low
cam07__frame_00004.jpg,105,387.88,493.73,395.03,498.1,high
cam07__frame_00004.jpg,106,390.4,489.54,395.05,493.3,high
cam07__frame_00004.jpg,107,572.76,512.98,576.76,518.78,high
cam07__frame_00004.jpg,108,566.23,512.25,571.68,523.5,high
cam07__frame_00004.jpg,109,577.48,492.65,581.48,505.71,high
cam07__frame_00004.jpg,110,572.0,490.47,576.03,503.54,high
cam07__frame_00004.jpg,111,545.13,510.96,549.11,514.94,high
cam07__frame_00004.jpg,112,543.72,507.44,549.81,510.49,high
cam07__frame_00004.jpg,113,543.72,502.29,551.22,506.74,high
cam07__frame_00004.jpg,114,543.11,496.67,553.25,501.86,high
cam07__frame_00004.jpg,115,543.11,491.35,554.88,496.82,medium
cam07__frame_00004.jpg,116,544.28,485.96,556.05,491.43,low
cam07__frame_00004.jpg,117,545.8,481.28,557.57,486.75,low
cam07__frame_00004.jpg,118,518.54,496.85,523.2,504.96,high
cam07__frame_00004.jpg,119,513.88,495.02,518.13,502.32,high
cam07__frame_00004.jpg,120,508.81,493.2,513.27,500.9,high
cam07__frame_00004.jpg,121,504.75,492.59,508.81,498.87,high
cam07__frame_00004.jpg,122,500.7,491.78,504.35,497.25,high
cam07__frame_00004.jpg,123,519.1,490.86,522.8,496.4,high
cam07__frame_00004.jpg,124,515.7,489.81,519.39,495.36,high
cam07__frame_00004.jpg,125,511.9,488.37,515.6,493.92,high
cam07__frame_00004.jpg,126,508.24,487.46,511.94,493.0,high
cam07__frame_00004.jpg,127,504.84,486.94,508.53,492.48,high
cam07__frame_00004.jpg,128,501.17,485.76,504.87,491.3,high
cam07__frame_00004.jpg,129,518.83,485.15,521.87,491.03,medium
cam07__frame_00004.jpg,130,515.35,483.79,518.39,489.66,medium
cam07__frame_00004.jpg,131,511.87,482.12,514.91,488.0,medium
cam07__frame_00004.jpg,132,508.83,481.31,511.87,487.19,medium
cam07__frame_00004.jpg,133,505.89,481.0,508.93,486.88,medium
cam07__frame_00004.jpg,134,501.77,480.58,505.47,486.13,medium
cam07__frame_00004.jpg,135,555.94,465.78,561.25,472.42,high
cam07__frame_00004.jpg,136,550.18,463.57,555.49,470.21,high
cam07__frame_00004.jpg,137,558.59,459.14,564.35,467.11,medium
cam07__frame_00004.jpg,138,552.22,454.36,558.86,464.1,medium
cam07__frame_00004.jpg,139,318.6,235.02,335.26,273.36,high
cam07__frame_00004.jpg,140,336.7,248.42,368.98,332.9,low
cam07__frame_00004.jpg,141,292.3,275.25,331.6,305.24,high
cam07__frame_00004.jpg,142,309.86,308.01,334.8,353.74,low
cam07__frame_00004.jpg,143,306.62,354.2,334.34,385.15,medium
cam07__frame_00004.jpg,144,264.6,315.1,306.83,411.14,low
cam07__frame_00004.jpg,145,262.96,371.41,287.0,463.3,low
cam07__frame_00004.jpg,146,91.53,446.61,121.41,453.92,low
cam07__frame_00004.jpg,147,74.65,470.26,102.97,476.73,medium
cam07__frame_00004.jpg,148,72.99,465.67,98.49,470.06,medium
cam07__frame_00004.jpg,149,72.34,455.57,98.07,462.71,medium
cam07__frame_00004.jpg,150,71.52,445.87,95.77,452.34,medium
cam07__frame_00004.jpg,151,68.61,438.47,97.23,443.53,medium
cam07__frame_00004.jpg,152,64.87,432.49,95.46,437.9,medium
cam07__frame_00004.jpg,153,66.76,420.52,96.59,426.59,low
cam07__frame_00004.jpg,154,54.01,496.09,87.58,501.57,medium
cam07__frame_00004.jpg,155,52.99,488.73,84.29,495.2,medium
cam07__frame_00004.jpg,156,50.42,480.79,81.68,486.7,medium
cam07__frame_00004.jpg,157,49.55,474.65,80.72,479.56,medium
cam07__frame_00004.jpg,158,49.06,466.35,80.47,472.83,medium
cam07__frame_00004.jpg,159,50.23,457.38,78.84,463.86,medium
cam07__frame_00004.jpg,160,48.32,448.0,78.01,454.47,medium
cam07__frame_00004.jpg,161,46.51,439.19,77.11,445.67,medium
cam07__frame_00004.jpg,162,43.58,431.2,75.82,437.67,medium
cam07__frame_00004.jpg,163,41.1,421.33,74.67,427.81,medium
cam07__frame_00004.jpg,164,39.02,411.32,72.59,417.79,medium
cam07__frame_00004.jpg,165,36.61,402.68,70.17,409.15,medium
cam07__frame_00004.jpg,166,33.84,394.74,67.41,401.21,medium
cam07__frame_00004.jpg,167,30.78,387.73,64.35,394.2,medium
cam07__frame_00004.jpg,168,135.52,530.3,201.35,639.81,low
cam07__frame_00004.jpg,169,86.22,494.06,128.44,575.16,low
cam07__frame_00004.jpg,170,65.4,543.93,97.6,611.9,low
cam07__frame_00004.jpg,171,16.31,584.89,73.26,640.0,high
cam07__frame_00004.jpg,172,1.62,440.09,50.64,541.39,low
cam07__frame_00004.jpg,173,0.0,495.89,34.51,615.75,high
cam07__frame_00004.jpg,174,0.0,261.61,42.6,277.71,high
cam07__frame_00004.jpg,175,0.0,239.62,49.39,255.32,medium
cam07__frame_00004.jpg,176,0.0,217.35,48.26,236.73,medium
cam07__frame_00004.jpg,177,0.0,180.08,43.22,215.55,low
cam07__frame_00004.jpg,178,480.78,467.09,484.76,487.35,low
cam07__frame_00004.jpg,179,476.34,465.11,480.31,485.37,low
cam07__frame_00004.jpg,180,472.38,463.13,476.36,483.39,low
cam07__frame_00004.jpg,181,468.43,461.65,472.41,481.91,low
cam07__frame_00004.jpg,182,464.96,460.42,468.94,480.68,low
cam07__frame_00004.jpg,183,424.96,456.71,430.89,462.4,high
cam07__frame_00004.jpg,184,426.2,451.28,431.39,456.71,high
cam07__frame_00004.jpg,185,427.19,445.1,431.88,450.54,high
cam07__frame_00004.jpg,186,427.93,439.4,432.87,444.85,high
cam07__frame_00004.jpg,187,418.29,454.0,422.99,459.43,high
cam07__frame_00004.jpg,188,423.97,426.57,428.42,433.73,high
cam07__frame_00004.jpg,189,417.38,436.08,422.17,441.66,medium
cam07__frame_00004.jpg,190,417.38,424.25,422.33,435.44,low
cam07__frame_00004.jpg,191,407.65,447.88,413.39,452.67,high
cam07__frame_00004.jpg,192,408.93,442.86,413.39,448.12,low
cam07__frame_00004.jpg,193,408.45,435.2,413.87,442.7,low
cam07__frame_00004.jpg,194,410.37,421.88,414.67,434.8,low
cam07__frame_00004.jpg,195,400.79,447.4,406.54,452.19,high
cam07__frame_00004.jpg,196,401.59,441.98,406.06,447.24,low
cam07__frame_00004.jpg,197,401.82,434.26,407.24,441.76,low
cam07__frame_00004.jpg,198,402.93,423.25,407.88,434.74,low
cam07__frame_00004.jpg,199,395.72,442.27,399.35,448.89,medium
cam07__frame_00004.jpg,200,397.0,433.94,400.42,441.2,medium
cam07__frame_00004.jpg,201,397.88,416.83,402.15,433.76,low
cam07__frame_00004.jpg,202,499.87,427.01,504.73,443.04,high
cam07__frame_00004.jpg,203,495.58,425.01,500.45,441.04,low
cam07__frame_00004.jpg,204,491.58,422.73,496.44,438.75,low
cam07__frame_00004.jpg,205,487.0,421.3,491.87,437.32,low
cam07__frame_00004.jpg,206,481.86,419.01,486.73,435.04,low
cam07__frame_00004.jpg,207,477.28,417.01,482.15,433.04,low
cam07__frame_00004.jpg,208,503.87,409.86,508.74,425.89,high
cam07__frame_00004.jpg,209,499.41,406.9,504.28,422.93,medium
cam07__frame_00004.jpg,210,494.92,405.62,499.79,421.64,low
cam07__frame_00004.jpg,211,489.79,403.05,494.66,419.08,low
cam07__frame_00004.jpg,212,484.97,401.39,489.83,417.42,low
cam07__frame_00004.jpg,213,480.99,398.3,485.25,415.48,low
cam07__frame_00004.jpg,214,469.94,421.24,473.52,429.92,medium
cam07__frame_00004.jpg,215,470.35,412.68,473.94,421.37,medium
cam07__frame_00004.jpg,216,465.93,419.72,469.52,428.41,medium
cam07__frame_00004.jpg,217,466.07,410.33,469.66,419.02,medium
cam07__frame_00004.jpg,218,462.21,417.65,465.79,426.34,medium
cam07__frame_00004.jpg,219,462.21,408.67,465.79,417.36,medium
cam07__frame_00004.jpg,220,458.2,417.3,461.93,425.58,medium
cam07__frame_00004.jpg,221,458.75,408.2,462.34,416.89,medium
cam07__frame_00004.jpg,222,451.58,410.26,455.58,422.69,high
cam07__frame_00004.jpg,223,439.57,401.7,445.23,407.23,high
cam07__frame_00004.jpg,224,441.36,386.4,447.85,400.46,medium
cam07__frame_00004.jpg,225,430.54,401.04,435.79,412.36,medium
cam07__frame_00004.jpg,226,426.4,399.53,429.85,410.43,medium
cam07__frame_00004.jpg,227,422.26,398.14,425.85,409.19,medium
cam07__frame_00004.jpg,228,417.9,396.48,422.1,407.81,medium
cam07__frame_00004.jpg,229,419.34,388.29,423.66,396.94,medium
cam07__frame_00004.jpg,230,412.32,393.25,416.89,403.71,low
cam07__frame_00004.jpg,231,414.19,380.87,419.54,393.64,medium
cam07__frame_00004.jpg,232,406.7,389.61,411.21,401.24,medium
cam07__frame_00004.jpg,233,408.42,376.34,413.36,389.11,medium
cam07__frame_00004.jpg,234,400.85,387.63,406.82,399.72,medium
cam07__frame_00004.jpg,235,404.09,374.69,407.59,386.64,medium
cam07__frame_00004.jpg,236,526.9,387.82,546.02,395.9,medium
cam07__frame_00004.jpg,237,516.38,378.46,527.96,385.73,medium
cam07__frame_00004.jpg,238,520.19,359.86,531.77,367.14,medium
cam07__frame_00004.jpg,239,523.09,352.99,533.64,360.26,medium
cam07__frame_00004.jpg,240,524.96,345.56,536.54,352.83,medium
cam07__frame_00004.jpg,241,505.65,374.4,517.23,381.68,medium
cam07__frame_00004.jpg,242,508.39,365.58,519.97,372.86,medium
cam07__frame_00004.jpg,243,511.71,355.57,521.66,362.84,medium
cam07__frame_00004.jpg,244,513.05,348.39,523.66,355.66,medium
cam07__frame_00004.jpg,245,513.56,338.04,524.87,348.31,medium
cam07__frame_00004.jpg,246,495.68,369.63,505.94,377.57,medium
cam07__frame_00004.jpg,247,497.01,362.02,508.58,369.3,medium
cam07__frame_00004.jpg,248,500.66,352.76,512.22,362.35,medium
cam07__frame_00004.jpg,249,501.63,330.6,512.55,353.09,low
cam07__frame_00004.jpg,250,484.52,356.54,496.3,365.76,medium
cam07__frame_00004.jpg,251,456.63,329.4,466.56,357.55,low
cam07__frame_00004.jpg,252,445.05,331.91,457.18,345.97,high
cam07__frame_00004.jpg,253,431.03,344.31,445.16,356.75,medium
cam07__frame_00004.jpg,254,429.9,330.18,444.03,344.31,high
cam07__frame_00004.jpg,255,438.37,301.2,447.52,327.96,low
cam07__frame_00004.jpg,256,414.07,339.45,427.15,346.64,medium
cam07__frame_00004.jpg,257,416.69,293.0,429.12,338.79,low
cam07__frame_00004.jpg,258,613.55,310.01,640.0,351.93,high
cam07__frame_00004.jpg,259,572.26,307.64,614.14,329.88,high
cam07__frame_00004.jpg,260,553.94,275.57,568.84,342.09,high
cam07__frame_00004.jpg,261,520.62,262.65,551.54,329.26,low
cam07__frame_00004.jpg,262,535.01,213.54,572.63,269.14,medium
cam07__frame_00004.jpg,263,482.46,241.82,515.23,308.33,low
cam07__frame_00004.jpg,264,486.44,221.96,522.18,240.82,low
cam07__frame_00004.jpg,265,421.83,197.6,475.66,292.95,high
cam07__frame_00004.jpg,266,628.5,178.28,640.0,243.5,high
cam07__frame_00004.jpg,267,601.85,125.08,633.63,221.99,medium
cam07__frame_00004.jpg,268,548.46,102.05,601.37,202.93,low
cam07__frame_00004.jpg,269,493.27,71.17,552.55,178.95,low
cam07__frame_00004.jpg,270,438.15,41.54,495.46,150.19,low
cam07__frame_00004.jpg,271,614.82,73.28,640.0,100.24,medium
cam07__frame_00004.jpg,272,612.5,46.32,640.0,75.63,medium
cam07__frame_00004.jpg,273,578.48,34.6,610.13,72.11,medium
cam07__frame_00004.jpg,274,579.66,0.61,601.93,36.95,high
cam07__frame_00004.jpg,275,557.39,0.0,576.14,55.7,high
cam07__frame_00004.jpg,276,535.11,0.61,556.21,39.29,high
cam07__frame_00004.jpg,277,505.81,1.78,535.11,22.88,high
cam07__frame_00004.jpg,278,438.15,41.54,495.46,150.19,low
cam07__frame_00007.jpg,0,309.86,308.01,334.8,353.74,low
cam07__frame_00007.jpg,1,292.3,275.25,331.6,305.24,high
cam07__frame_00007.jpg,2,336.7,248.42,368.98,332.9,low
cam07__frame_00007.jpg,3,318.6,235.02,335.26,273.36,high
cam07__frame_00007.jpg,4,1.41,82.24,18.22,143.91,high
cam07__frame_00007.jpg,5,343.37,582.92,395.48,640.0,high
cam07__frame_00007.jpg,6,548.19,545.05,553.75,552.58,high
cam07__frame_00007.jpg,7,554.08,535.55,559.65,545.7,high
cam07__frame_00007.jpg,8,547.53,534.9,553.1,545.37,high
cam07__frame_00007.jpg,9,506.17,542.06,516.19,551.35,high
cam07__frame_00007.jpg,10,508.01,531.67,518.75,541.7,high
cam07__frame_00007.jpg,11,507.63,524.39,520.63,531.84,medium
cam07__frame_00007.jpg,12,508.94,513.32,522.64,524.32,medium
cam07__frame_00007.jpg,13,499.14,537.14,506.74,547.19,high
cam07__frame_00007.jpg,14,499.47,526.34,507.89,536.67,high
cam07__frame_00007.jpg,15,460.05,493.04,470.39,508.73,high
cam07__frame_00007.jpg,16,446.19,504.95,457.51,518.35,medium
cam07__frame_00007.jpg,17,437.31,492.73,447.42,511.95,low
cam07__frame_00007.jpg,18,387.88,493.73,395.03,498.1,high
cam07__frame_00007.jpg,19,390.4,489.54,395.05,493.3,high
cam07__frame_00007.jpg,20,572.76,512.98,576.76,518.78,high
cam07__frame_00007.jpg,21,566.23,512.25,571.68,523.5,high
cam07__frame_00007.jpg,22,577.48,492.65,581.48,505.71,high
cam07__frame_00007.jpg,23,572.0,490.47,576.03,503.54,high
cam07__frame_00007.jpg,24,545.13,510.96,549.11,514.94,high
cam07__frame_00007.jpg,25,543.72,507.44,549.81,510.49,high
cam07__frame_00007.jpg,26,543.72,502.29,551.22,506.74,high
cam07__frame_00007.jpg,27,543.11,496.67,553.25,501.86,high
cam07__frame_00007.jpg,28,543.11,491.35,554.88,496.82,medium
cam07__frame_00007.jpg,29,544.28,485.96,556.05,491.43,low
cam07__frame_00007.jpg,30,545.8,481.28,557.57,486.75,low
cam07__frame_00007.jpg,31,518.54,496.85,523.2,504.96,high
cam07__frame_00007.jpg,32,513.88,495.02,518.13,502.32,high
cam07__frame_00007.jpg,33,508.81,493.2,513.27,500.9,high
cam07__frame_00007.jpg,34,504.75,492.59,508.81,498.87,high
cam07__frame_00007.jpg,35,500.7,491.78,504.35,497.25,high
cam07__frame_00007.jpg,36,519.1,490.86,522.8,496.4,high
cam07__frame_00007.jpg,37,515.7,489.81,519.39,495.36,high
cam07__frame_00007.jpg,38,511.9,488.37,515.6,493.92,high
cam07__frame_00007.jpg,39,508.24,487.46,511.94,493.0,high
cam07__frame_00007.jpg,40,504.84,486.94,508.53,492.48,high
cam07__frame_00007.jpg,41,501.17,485.76,504.87,491.3,high
cam07__frame_00007.jpg,42,518.83,485.15,521.87,491.03,medium
cam07__frame_00007.jpg,43,515.35,483.79,518.39,489.66,medium
cam07__frame_00007.jpg,44,511.87,482.12,514.91,488.0,medium
cam07__frame_00007.jpg,45,508.83,481.31,511.87,487.19,medium
cam07__frame_00007.jpg,46,505.89,481.0,508.93,486.88,medium
cam07__frame_00007.jpg,47,501.77,480.58,505.47,486.13,medium
cam07__frame_00007.jpg,48,555.94,465.78,561.25,472.42,high
cam07__frame_00007.jpg,49,550.18,463.57,555.49,470.21,high
cam07__frame_00007.jpg,50,558.59,459.14,564.35,467.11,medium
cam07__frame_00007.jpg,51,552.22,454.36,558.86,464.1,medium
cam07__frame_00007.jpg,52,91.53,446.61,121.41,453.92,low
cam07__frame_00007.jpg,53,74.65,470.26,102.97,476.73,medium
cam07__frame_00007.jpg,54,72.99,465.67,98.49,470.06,medium
cam07__frame_00007.jpg,55,72.34,455.57,98.07,462.71,medium
cam07__frame_00007.jpg,56,71.52,445.87,95.77,452.34,medium
cam07__frame_00007.jpg,57,68.61,438.47,97.23,443.53,medium
cam07__frame_00007.jpg,58,64.87,432.49,95.46,437.9,medium
cam07__frame_00007.jpg,59,66.76,420.52,96.59,426.59,low
cam07__frame_00007.jpg,60,54.01,496.09,87.58,501.57,medium
cam07__frame_00007.jpg,61,52.99,488.73,84.29,495.2,medium
cam07__frame_00007.jpg,62,50.42,480.79,81.68,486.7,medium
cam07__frame_00007.jpg,63,49.55,474.65,80.72,479.56,medium
cam07__frame_00007.jpg,64,49.06,466.35,80.47,472.83,medium
cam07__frame_00007.jpg,65,50.23,457.38,78.84,463.86,medium
cam07__frame_00007.jpg,66,48.32,448.0,78.01,454.47,medium
cam07__frame_00007.jpg,67,46.51,439.19,77.11,445.67,medium
cam07__frame_00007.jpg,68,43.58,431.2,75.82,437.67,medium
cam07__frame_00007.jpg,69,41.1,421.33,74.67,427.81,medium
cam07__frame_00007.jpg,70,39.02,411.32,72.59,417.79,medium
cam07__frame_00007.jpg,71,36.61,402.68,70.17,409.15,medium
cam07__frame_00007.jpg,72,33.84,394.74,67.41,401.21,medium
cam07__frame_00007.jpg,73,30.78,387.73,64.35,394.2,medium
cam07__frame_00007.jpg,74,135.52,530.3,201.35,639.81,low
cam07__frame_00007.jpg,75,86.22,494.06,128.44,575.16,low
cam07__frame_00007.jpg,76,65.4,543.93,97.6,611.9,low
cam07__frame_00007.jpg,77,16.31,584.89,73.26,640.0,high
cam07__frame_00007.jpg,78,1.62,440.09,50.64,541.39,low
cam07__frame_00007.jpg,79,0.0,495.89,34.51,615.75,high
cam07__frame_00007.jpg,80,0.0,261.61,42.6,277.71,high
cam07__frame_00007.jpg,81,0.0,239.62,49.39,255.32,medium
cam07__frame_00007.jpg,82,0.0,217.35,48.26,236.73,medium
cam07__frame_00007.jpg,83,0.0,180.08,43.22,215.55,low
cam07__frame_00007.jpg,84,480.78,467.09,484.76,487.35,low
cam07__frame_00007.jpg,85,476.34,465.11,480.31,485.37,low
cam07__frame_00007.jpg,86,472.38,463.13,476.36,483.39,low
cam07__frame_00007.jpg,87,468.43,461.65,472.41,481.91,low
cam07__frame_00007.jpg,88,464.96,460.42,468.94,480.68,low
cam07__frame_00007.jpg,89,424.96,456.71,430.89,462.4,high
cam07__frame_00007.jpg,90,426.2,451.28,431.39,456.71,high
cam07__frame_00007.jpg,91,427.19,445.1,431.88,450.54,high
cam07__frame_00007.jpg,92,427.93,439.4,432.87,444.85,high
cam07__frame_00007.jpg,93,418.29,454.0,422.99,459.43,high
cam07__frame_00007.jpg,94,143.3,264.0,161.4,305.31,medium
cam07__frame_00007.jpg,95,163.02,246.52,200.04,259.92,high
cam07__frame_00007.jpg,96,423.97,426.57,428.42,433.73,high
cam07__frame_00007.jpg,97,417.38,436.08,422.17,441.66,medium
cam07__frame_00007.jpg,98,417.38,424.25,422.33,435.44,low
cam07__frame_00007.jpg,99,407.65,447.88,413.39,452.67,high
cam07__frame_00007.jpg,100,408.93,442.86,413.39,448.12,low
cam07__frame_00007.jpg,101,408.45,435.2,413.87,442.7,low
cam07__frame_00007.jpg,102,410.37,421.88,414.67,434.8,low
cam07__frame_00007.jpg,103,400.79,447.4,406.54,452.19,high
cam07__frame_00007.jpg,104,401.59,441.98,406.06,447.24,low
cam07__frame_00007.jpg,105,401.82,434.26,407.24,441.76,low
cam07__frame_00007.jpg,106,402.93,423.25,407.88,434.74,low
cam07__frame_00007.jpg,107,395.72,442.27,399.35,448.89,medium
cam07__frame_00007.jpg,108,397.0,433.94,400.42,441.2,medium
cam07__frame_00007.jpg,109,106.33,107.01,112.17,116.62,high
cam07__frame_00007.jpg,110,101.81,114.55,107.65,123.97,high
cam07__frame_00007.jpg,111,98.04,124.72,104.07,134.14,high
cam07__frame_00007.jpg,112,98.61,134.52,105.01,142.06,high
cam07__frame_00007.jpg,113,108.03,117.56,111.23,125.47,medium
cam07__frame_00007.jpg,114,104.45,124.72,107.84,135.08,high
cam07__frame_00007.jpg,115,105.2,135.84,108.4,144.13,high
cam07__frame_00007.jpg,116,109.16,126.42,111.98,136.4,high
cam07__frame_00007.jpg,117,108.4,136.78,112.17,145.45,high
cam07__frame_00007.jpg,118,114.14,117.25,120.12,127.24,medium
cam07__frame_00007.jpg,119,113.96,128.41,120.52,136.99,medium
cam07__frame_00007.jpg,120,114.21,137.49,120.77,146.83,medium
cam07__frame_00007.jpg,121,120.77,118.58,127.33,129.17,medium
cam07__frame_00007.jpg,122,120.77,129.67,128.09,137.49,medium
cam07__frame_00007.jpg,123,121.28,137.75,128.34,147.33,medium
cam07__frame_00007.jpg,124,145.55,76.77,189.96,86.71,low
cam07__frame_00007.jpg,125,137.65,91.9,147.14,102.7,high
cam07__frame_00007.jpg,126,147.59,96.78,158.44,105.87,high
cam07__frame_00007.jpg,127,133.58,103.61,147.14,113.1,high
cam07__frame_00007.jpg,128,146.69,105.41,159.35,116.67,high
cam07__frame_00007.jpg,129,134.48,112.65,146.69,123.04,high
cam07__frame_00007.jpg,130,146.69,116.67,160.25,127.07,high
cam07__frame_00007.jpg,131,130.57,122.9,145.46,130.78,high
cam07__frame_00007.jpg,132,146.9,126.69,160.05,136.61,high
cam07__frame_00007.jpg,133,130.28,130.78,145.46,140.41,high
cam07__frame_00007.jpg,134,145.75,136.32,159.17,143.91,high
cam07__frame_00007.jpg,135,129.99,141.28,145.46,149.16,high
cam07__frame_00007.jpg,136,145.75,143.91,158.88,153.54,high
cam07__frame_00007.jpg,137,191.91,106.55,199.0,120.06,high
cam07__frame_00007.jpg,138,192.25,119.7,204.1,132.21,medium
cam07__frame_00007.jpg,139,183.13,128.83,195.63,142.34,medium
cam07__frame_00007.jpg,140,183.81,140.99,195.63,153.82,medium
cam07__frame_00007.jpg,141,183.13,153.15,195.63,164.97,medium
cam07__frame_00007.jpg,142,195.97,132.55,211.84,145.72,medium
cam07__frame_00007.jpg,143,197.0,145.38,212.17,157.88,medium
cam07__frame_00007.jpg,144,196.98,157.54,213.53,170.71,medium
cam07__frame_00007.jpg,145,209.96,93.36,255.49,110.46,low
cam07__frame_00007.jpg,146,215.87,111.9,253.59,128.01,low
cam07__frame_00007.jpg,147,215.34,135.86,240.56,151.92,medium
cam07__frame_00007.jpg,148,215.58,156.1,223.98,175.67,high
cam07__frame_00007.jpg,149,225.48,160.2,234.07,180.09,medium
cam07__frame_00007.jpg,150,235.43,162.46,249.89,181.45,medium
cam07__frame_00007.jpg,151,140.56,158.45,151.26,166.36,high
cam07__frame_00007.jpg,152,125.27,163.88,139.4,185.36,medium
cam07__frame_00007.jpg,153,140.53,167.83,151.8,184.23,medium
cam07__frame_00007.jpg,154,151.8,176.31,165.97,191.01,medium
cam07__frame_00007.jpg,155,125.3,188.18,140.53,206.84,high
cam07__frame_00007.jpg,156,145.62,191.01,158.05,211.36,low
cam07__frame_00007.jpg,157,104.92,200.62,110.0,212.49,low
cam07__frame_00007.jpg,158,110.57,201.75,118.48,216.45,medium
cam07__frame_00007.jpg,159,119.05,205.14,126.4,217.01,low
cam07__frame_00007.jpg,160,126.96,206.27,133.18,220.97,medium
cam07__frame_00007.jpg,161,136.01,209.66,144.49,224.36,medium
cam07__frame_00007.jpg,162,144.2,211.47,152.68,226.17,low
cam07__frame_00007.jpg,163,153.25,212.6,169.64,230.13,medium
cam07__frame_00007.jpg,164,211.79,175.69,225.22,191.16,high
cam07__frame_00007.jpg,165,197.2,184.16,210.04,192.04,high
cam07__frame_00007.jpg,166,201.58,192.0,220.3,215.97,medium
cam07__frame_00007.jpg,167,186.99,198.17,199.83,216.84,medium
cam07__frame_00007.jpg,168,179.69,204.29,186.4,225.89,medium
cam07__frame_00007.jpg,169,175.9,225.31,185.82,240.48,medium
cam07__frame_00007.jpg,170,186.69,216.79,199.83,231.38,medium
cam07__frame_00007.jpg,171,185.53,231.14,198.08,246.03,medium
cam07__frame_00007.jpg,172,200.12,214.22,211.21,233.19,medium
cam07__frame_00007.jpg,173,198.95,233.77,211.21,250.7,medium
cam07__frame_00007.jpg,174,210.72,220.41,227.61,237.97,medium
cam07__frame_00007.jpg,175,211.74,238.65,227.27,257.22,medium
cam07__frame_00007.jpg,176,229.3,199.14,241.79,226.15,medium
cam07__frame_00007.jpg,177,228.96,225.82,241.11,243.04,medium
cam07__frame_00007.jpg,178,228.28,242.36,240.1,260.6,medium
cam07__frame_00007.jpg,179,104.49,245.35,116.73,274.49,low
cam07__frame_00007.jpg,180,120.34,257.23,130.81,272.93,low
cam07__frame_00007.jpg,181,130.15,236.96,140.62,259.85,medium
cam07__frame_00007.jpg,182,176.52,287.7,196.79,332.04,low
cam07__frame_00007.jpg,183,199.33,291.5,219.59,336.26,low
cam07__frame_00007.jpg,184,220.44,288.97,239.86,342.59,medium
cam07__frame_00007.jpg,185,114.1,303.6,127.69,339.13,medium
cam07__frame_00007.jpg,186,126.9,296.75,141.32,345.18,medium
cam07__frame_00007.jpg,187,142.07,311.13,160.99,346.7,medium
cam07__frame_00007.jpg,188,182.18,342.91,198.07,387.56,high
cam07__frame_00007.jpg,189,198.07,345.94,221.53,397.4,medium
cam07__frame_00007.jpg,190,214.72,374.7,236.67,416.32,low
cam07__frame_00007.jpg,191,181.9,410.8,201.16,440.83,medium
cam07__frame_00007.jpg,192,203.22,417.73,220.44,448.13,medium
cam07__frame_00007.jpg,193,221.44,420.81,239.67,458.29,medium
cam07__frame_00007.jpg,194,397.88,416.83,402.15,433.76,low
cam07__frame_00007.jpg,195,499.87,427.01,504.73,443.04,high
cam07__frame_00007.jpg,196,495.58,425.01,500.45,441.04,low
cam07__frame_00007.jpg,197,491.58,422.73,496.44,438.75,low
cam07__frame_00007.jpg,198,487.0,421.3,491.87,437.32,low
cam07__frame_00007.jpg,199,481.86,419.01,486.73,435.04,low
cam07__frame_00007.jpg,200,477.28,417.01,482.15,433.04,low
cam07__frame_00007.jpg,201,503.87,409.86,508.74,425.89,high
cam07__frame_00007.jpg,202,499.41,406.9,504.28,422.93,medium
cam07__frame_00007.jpg,203,494.92,405.62,499.79,421.64,low
cam07__frame_00007.jpg,204,489.79,403.05,494.66,419.08,low
cam07__frame_00007.jpg,205,484.97,401.39,489.83,417.42,low
cam07__frame_00007.jpg,206,480.99,398.3,485.25,415.48,low
cam07__frame_00007.jpg,207,469.94,421.24,473.52,429.92,medium
cam07__frame_00007.jpg,208,470.35,412.68,473.94,421.37,medium
cam07__frame_00007.jpg,209,465.93,419.72,469.52,428.41,medium
cam07__frame_00007.jpg,210,466.07,410.33,469.66,419.02,medium
cam07__frame_00007.jpg,211,462.21,417.65,465.79,426.34,medium
cam07__frame_00007.jpg,212,462.21,408.67,465.79,417.36,medium
cam07__frame_00007.jpg,213,458.2,417.3,461.93,425.58,medium
cam07__frame_00007.jpg,214,458.75,408.2,462.34,416.89,medium
cam07__frame_00007.jpg,215,451.58,410.26,455.58,422.69,high
cam07__frame_00007.jpg,216,439.57,401.7,445.23,407.23,high
cam07__frame_00007.jpg,217,441.36,386.4,447.85,400.46,medium
cam07__frame_00007.jpg,218,430.54,401.04,435.79,412.36,medium
cam07__frame_00007.jpg,219,426.4,399.53,429.85,410.43,medium
cam07__frame_00007.jpg,220,422.26,398.14,425.85,409.19,medium
cam07__frame_00007.jpg,221,417.9,396.48,422.1,407.81,medium
cam07__frame_00007.jpg,222,419.34,388.29,423.66,396.94,medium
cam07__frame_00007.jpg,223,412.32,393.25,416.89,403.71,low
cam07__frame_00007.jpg,224,414.19,380.87,419.54,393.64,medium
cam07__frame_00007.jpg,225,406.7,389.61,411.21,401.24,medium
cam07__frame_00007.jpg,226,408.42,376.34,413.36,389.11,medium
cam07__frame_00007.jpg,227,400.85,387.63,406.82,399.72,medium
cam07__frame_00007.jpg,228,404.09,374.69,407.59,386.64,medium
cam07__frame_00007.jpg,229,526.9,387.82,546.02,395.9,medium
cam07__frame_00007.jpg,230,516.38,378.46,527.96,385.73,medium
cam07__frame_00007.jpg,231,519.48,369.16,531.06,376.43,medium
cam07__frame_00007.jpg,232,520.19,359.86,531.77,367.14,medium
cam07__frame_00007.jpg,233,523.09,352.99,533.64,360.26,medium
cam07__frame_00007.jpg,234,524.96,345.56,536.54,352.83,medium
cam07__frame_00007.jpg,235,505.65,374.4,517.23,381.68,medium
cam07__frame_00007.jpg,236,508.39,365.58,519.97,372.86,medium
cam07__frame_00007.jpg,237,511.71,355.57,521.66,362.84,medium
cam07__frame_00007.jpg,238,513.05,348.39,523.66,355.66,medium
cam07__frame_00007.jpg,239,513.56,338.04,524.87,348.31,medium
cam07__frame_00007.jpg,240,495.68,369.63,505.94,377.57,medium
cam07__frame_00007.jpg,241,497.01,362.02,508.58,369.3,medium
cam07__frame_00007.jpg,242,500.66,352.76,512.22,362.35,medium
cam07__frame_00007.jpg,243,501.63,330.6,512.55,353.09,low
cam07__frame_00007.jpg,244,484.52,356.54,496.3,365.76,medium
cam07__frame_00007.jpg,245,456.63,329.4,466.56,357.55,low
cam07__frame_00007.jpg,246,445.05,331.91,457.18,345.97,high
cam07__frame_00007.jpg,247,431.03,344.31,445.16,356.75,medium
cam07__frame_00007.jpg,248,429.9,330.18,444.03,344.31,high
cam07__frame_00007.jpg,249,438.37,301.2,447.52,327.96,low
cam07__frame_00007.jpg,250,414.07,339.45,427.15,346.64,medium
cam07__frame_00007.jpg,251,416.69,293.0,429.12,338.79,low
cam07__frame_00007.jpg,252,613.55,310.01,640.0,351.93,high
cam07__frame_00007.jpg,253,572.26,307.64,614.14,329.88,high
cam07__frame_00007.jpg,254,553.94,275.57,568.84,342.09,high
cam07__frame_00007.jpg,255,520.62,262.65,551.54,329.26,low
cam07__frame_00007.jpg,256,535.01,213.54,572.63,269.14,medium
cam07__frame_00007.jpg,257,482.46,241.82,515.23,308.33,low
cam07__frame_00007.jpg,258,486.44,221.96,522.18,240.82,low
cam07__frame_00007.jpg,259,421.83,197.6,475.66,292.95,high
cam07__frame_00007.jpg,260,628.5,178.28,640.0,243.5,high
cam07__frame_00007.jpg,261,601.85,125.08,633.63,221.99,medium
cam07__frame_00007.jpg,262,548.46,102.05,601.37,202.93,low
cam07__frame_00007.jpg,263,493.27,71.17,552.55,178.95,low
cam07__frame_00007.jpg,264,438.15,41.54,495.46,150.19,low
cam07__frame_00007.jpg,265,614.82,73.28,640.0,100.24,medium
cam07__frame_00007.jpg,266,612.5,46.32,640.0,75.63,medium
cam07__frame_00007.jpg,267,578.48,34.6,610.13,72.11,medium
cam07__frame_00007.jpg,268,579.66,0.61,601.93,36.95,high
cam07__frame_00007.jpg,269,557.39,0.0,576.14,55.7,high
cam07__frame_00007.jpg,270,535.11,0.61,556.21,39.29,high
cam07__frame_00007.jpg,271,505.81,1.78,535.11,22.88,high
cam07__frame_00007.jpg,272,438.15,41.54,495.46,150.19,low
cam07__frame_00007.jpg,273,216.96,270.89,232.16,288.98,high
cam07__frame_00007.jpg,274,161.95,276.68,214.79,289.71,low
cam07__frame_00007.jpg,275,160.58,269.59,210.48,275.42,high
cam07__frame_00007.jpg,276,188.73,262.2,211.17,271.61,high
cam07__frame_00007.jpg,277,262.96,371.41,287.0,463.3,low
cam07__frame_00007.jpg,278,264.6,315.1,306.83,411.14,low
cam07__frame_00007.jpg,279,306.62,354.2,334.34,385.15,medium
cam07__frame_00010.jpg,0,221.44,420.81,239.67,458.29,medium
cam07__frame_00010.jpg,1,129.68,367.79,142.39,404.76,low
cam07__frame_00010.jpg,2,144.7,379.35,166.65,423.25,low
cam07__frame_00010.jpg,3,165.5,385.12,183.98,429.02,low
cam07__frame_00010.jpg,4,262.96,371.41,287.0,463.3,low
cam07__frame_00010.jpg,5,264.6,315.1,306.83,411.14,low
cam07__frame_00010.jpg,6,292.58,277.58,312.18,307.57,high
cam07__frame_00010.jpg,7,350.2,248.42,368.98,304.6,high
cam07__frame_00010.jpg,8,1.41,82.24,18.22,143.91,high
cam07__frame_00010.jpg,9,343.37,582.92,395.48,640.0,high
cam07__frame_00010.jpg,10,548.19,545.05,553.75,552.58,high
cam07__frame_00010.jpg,11,554.08,535.55,559.65,545.7,high
cam07__frame_00010.jpg,12,547.53,534.9,553.1,545.37,high
cam07__frame_00010.jpg,13,506.17,542.06,516.19,551.35,high
cam07__frame_00010.jpg,14,508.01,531.67,518.75,541.7,high
cam07__frame_00010.jpg,15,507.63,524.39,520.63,531.84,medium
cam07__frame_00010.jpg,16,508.94,513.32,522.64,524.32,medium
cam07__frame_00010.jpg,17,499.14,537.14,506.74,547.19,high
cam07__frame_00010.jpg,18,499.47,526.34,507.89,536.67,high
cam07__frame_00010.jpg,19,460.05,493.04,470.39,508.73,high
cam07__frame_00010.jpg,20,458.2,417.3,461.93,425.58,medium
cam07__frame_00010.jpg,21,458.75,408.2,462.34,416.89,medium
cam07__frame_00010.jpg,22,451.58,410.26,455.58,422.69,high
cam07__frame_00010.jpg,23,439.57,401.7,445.23,407.23,high
cam07__frame_00010.jpg,24,441.36,386.4,447.85,400.46,medium
cam07__frame_00010.jpg,25,430.54,401.04,435.79,412.36,medium
cam07__frame_00010.jpg,26,426.4,399.53,429.85,410.43,medium
cam07__frame_00010.jpg,27,422.26,398.14,425.85,409.19,medium
cam07__frame_00010.jpg,28,417.9,396.48,422.1,407.81,medium
cam07__frame_00010.jpg,29,419.34,388.29,423.66,396.94,medium
cam07__frame_00010.jpg,30,412.32,393.25,416.89,403.71,low
cam07__frame_00010.jpg,31,414.19,380.87,419.54,393.64,medium
cam07__frame_00010.jpg,32,406.7,389.61,411.21,401.24,medium
cam07__frame_00010.jpg,33,408.42,376.34,413.36,389.11,medium
cam07__frame_00010.jpg,34,400.85,387.63,406.82,399.72,medium
cam07__frame_00010.jpg,35,404.09,374.69,407.59,386.64,medium
cam07__frame_00010.jpg,36,526.9,387.82,546.02,395.9,medium
cam07__frame_00010.jpg,37,516.38,378.46,527.96,385.73,medium
cam07__frame_00010.jpg,38,519.48,369.16,531.06,376.43,medium
cam07__frame_00010.jpg,39,520.19,359.86,531.77,367.14,medium
cam07__frame_00010.jpg,40,523.09,352.99,533.64,360.26,medium
cam07__frame_00010.jpg,41,524.96,345.56,536.54,352.83,medium
cam07__frame_00010.jpg,42,505.65,374.4,517.23,381.68,medium
cam07__frame_00010.jpg,43,508.39,365.58,519.97,372.86,medium
cam07__frame_00010.jpg,44,511.71,355.57,521.66,362.84,medium
cam07__frame_00010.jpg,45,513.05,348.39,523.66,355.66,medium
cam07__frame_00010.jpg,46,513.56,338.04,524.87,348.31,medium
cam07__frame_00010.jpg,47,495.68,369.63,505.94,377.57,medium
cam07__frame_00010.jpg,48,497.01,362.02,508.58,369.3,medium
cam07__frame_00010.jpg,49,500.66,352.76,512.22,362.35,medium
cam07__frame_00010.jpg,50,501.63,330.6,512.55,353.09,low
cam07__frame_00010.jpg,51,484.52,356.54,496.3,365.76,medium
cam07__frame_00010.jpg,52,456.63,329.4,466.56,357.55,low
cam07__frame_00010.jpg,53,445.05,331.91,457.18,345.97,high
cam07__frame_00010.jpg,54,431.03,344.31,445.16,356.75,medium
cam07__frame_00010.jpg,55,429.9,330.18,444.03,344.31,high
cam07__frame_00010.jpg,56,438.37,301.2,447.52,327.96,low
cam07__frame_00010.jpg,57,414.07,339.45,427.15,346.64,medium
cam07__frame_00010.jpg,58,416.69,293.0,429.12,338.79,low
cam07__frame_00010.jpg,59,613.55,310.01,640.0,351.93,high
cam07__frame_00010.jpg,60,572.26,307.64,614.14,329.88,high
cam07__frame_00010.jpg,61,553.94,275.57,568.84,342.09,high
cam07__frame_00010.jpg,62,520.62,262.65,551.54,329.26,low
cam07__frame_00010.jpg,63,535.01,213.54,572.63,269.14,medium
cam07__frame_00010.jpg,64,482.46,241.82,515.23,308.33,low
cam07__frame_00010.jpg,65,486.44,221.96,522.18,240.82,low
cam07__frame_00010.jpg,66,421.83,197.6,475.66,292.95,high
cam07__frame_00010.jpg,67,628.5,178.28,640.0,243.5,high
cam07__frame_00010.jpg,68,601.85,125.08,633.63,221.99,medium
cam07__frame_00010.jpg,69,548.46,102.05,601.37,202.93,low
cam07__frame_00010.jpg,70,493.27,71.17,552.55,178.95,low
cam07__frame_00010.jpg,71,438.15,41.54,495.46,150.19,low
cam07__frame_00010.jpg,72,614.82,73.28,640.0,100.24,medium
cam07__frame_00010.jpg,73,612.5,46.32,640.0,75.63,medium
cam07__frame_00010.jpg,74,578.48,34.6,610.13,72.11,medium
cam07__frame_00010.jpg,75,579.66,0.61,601.93,36.95,high
cam07__frame_00010.jpg,76,557.39,0.0,576.14,55.7,high
cam07__frame_00010.jpg,77,535.11,0.61,556.21,39.29,high
cam07__frame_00010.jpg,78,505.81,1.78,535.11,22.88,high
cam07__frame_00010.jpg,79,438.15,41.54,495.46,150.19,low
cam07__frame_00010.jpg,80,408.93,442.86,413.39,448.12,low
cam07__frame_00010.jpg,81,407.65,447.88,413.39,452.67,high
cam07__frame_00010.jpg,82,417.38,424.25,422.33,435.44,low
cam07__frame_00010.jpg,83,417.38,436.08,422.17,441.66,medium
cam07__frame_00010.jpg,84,423.97,426.57,428.42,433.73,high
cam07__frame_00010.jpg,85,418.29,454.0,422.99,459.43,high
cam07__frame_00010.jpg,86,427.93,439.4,432.87,444.85,high
cam07__frame_00010.jpg,87,427.19,445.1,431.88,450.54,high
cam07__frame_00010.jpg,88,426.2,451.28,431.39,456.71,high
cam07__frame_00010.jpg,89,462.21,408.67,465.79,417.36,medium
cam07__frame_00010.jpg,90,462.21,417.65,465.79,426.34,medium
cam07__frame_00010.jpg,91,466.07,410.33,469.66,419.02,medium
cam07__frame_00010.jpg,92,465.93,419.72,469.52,428.41,medium
cam07__frame_00010.jpg,93,470.35,412.68,473.94,421.37,medium
cam07__frame_00010.jpg,94,469.94,421.24,473.52,429.92,medium
cam07__frame_00010.jpg,95,480.99,398.3,485.25,415.48,low
cam07__frame_00010.jpg,96,484.97,401.39,489.83,417.42,low
cam07__frame_00010.jpg,97,489.79,403.05,494.66,419.08,low
cam07__frame_00010.jpg,98,494.92,405.62,499.79,421.64,low
cam07__frame_00010.jpg,99,499.41,406.9,504.28,422.93,medium
cam07__frame_00010.jpg,100,503.87,409.86,508.74,425.89,high
cam07__frame_00010.jpg,101,477.28,417.01,482.15,433.04,low
cam07__frame_00010.jpg,102,481.86,419.01,486.73,435.04,low
cam07__frame_00010.jpg,103,487.0,421.3,491.87,437.32,low
cam07__frame_00010.jpg,104,491.58,422.73,496.44,438.75,low
cam07__frame_00010.jpg,105,495.58,425.01,500.45,441.04,low
cam07__frame_00010.jpg,106,424.96,456.71,430.89,462.4,high
cam07__frame_00010.jpg,107,464.96,460.42,468.94,480.68,low
cam07__frame_00010.jpg,108,468.43,461.65,472.41,481.91,low
cam07__frame_00010.jpg,109,472.38,463.13,476.36,483.39,low
cam07__frame_00010.jpg,110,476.34,465.11,480.31,485.37,low
cam07__frame_00010.jpg,111,480.78,467.09,484.76,487.35,low
cam07__frame_00010.jpg,112,0.0,180.08,43.22,215.55,low
cam07__frame_00010.jpg,113,0.0,217.35,48.26,236.73,medium
cam07__frame_00010.jpg,114,0.0,239.62,49.39,255.32,medium
cam07__frame_00010.jpg,115,0.0,261.61,42.6,277.71,high
cam07__frame_00010.jpg,116,0.0,495.89,34.51,615.75,high
cam07__frame_00010.jpg,117,1.62,440.09,50.64,541.39,low
cam07__frame_00010.jpg,118,16.31,584.89,73.26,640.0,high
cam07__frame_00010.jpg,119,65.4,543.93,97.6,611.9,low
cam07__frame_00010.jpg,120,86.22,494.06,128.44,575.16,low
cam07__frame_00010.jpg,121,135.52,530.3,201.35,639.81,low
cam07__frame_00010.jpg,122,30.78,387.73,64.35,394.2,medium
cam07__frame_00010.jpg,123,33.84,394.74,67.41,401.21,medium
cam07__frame_00010.jpg,124,36.61,402.68,70.17,409.15,medium
cam07__frame_00010.jpg,125,39.02,411.32,72.59,417.79,medium
cam07__frame_00010.jpg,126,41.1,421.33,74.67,427.81,medium
cam07__frame_00010.jpg,127,43.58,431.2,75.82,437.67,medium
cam07__frame_00010.jpg,128,46.51,439.19,77.11,445.67,medium
cam07__frame_00010.jpg,129,48.32,448.0,78.01,454.47,medium
cam07__frame_00010.jpg,130,50.23,457.38,78.84,463.86,medium
cam07__frame_00010.jpg,131,49.06,466.35,80.47,472.83,medium
cam07__frame_00010.jpg,132,49.55,474.65,80.72,479.56,medium
cam07__frame_00010.jpg,133,50.42,480.79,81.68,486.7,medium
cam07__frame_00010.jpg,134,52.99,488.73,84.29,495.2,medium
cam07__frame_00010.jpg,135,54.01,496.09,87.58,501.57,medium
cam07__frame_00010.jpg,136,66.76,420.52,96.59,426.59,low
cam07__frame_00010.jpg,137,64.87,432.49,95.46,437.9,medium
cam07__frame_00010.jpg,138,68.61,438.47,97.23,443.53,medium
cam07__frame_00010.jpg,139,71.52,445.87,95.77,452.34,medium
cam07__frame_00010.jpg,140,72.34,455.57,98.07,462.71,medium
cam07__frame_00010.jpg,141,72.99,465.67,98.49,470.06,medium
cam07__frame_00010.jpg,142,74.65,470.26,102.97,476.73,medium
cam07__frame_00010.jpg,143,91.53,446.61,121.41,453.92,low
cam07__frame_00010.jpg,144,552.22,454.36,558.86,464.1,medium
cam07__frame_00010.jpg,145,499.87,427.01,504.73,443.04,high
cam07__frame_00010.jpg,146,558.59,459.14,564.35,467.11,medium
cam07__frame_00010.jpg,147,550.18,463.57,555.49,470.21,high
cam07__frame_00010.jpg,148,555.94,465.78,561.25,472.42,high
cam07__frame_00010.jpg,149,501.77,480.58,505.47,486.13,medium
cam07__frame_00010.jpg,150,505.89,481.0,508.93,486.88,medium
cam07__frame_00010.jpg,151,508.83,481.31,511.87,487.19,medium
cam07__frame_00010.jpg,152,511.87,482.12,514.91,488.0,medium
cam07__frame_00010.jpg,153,515.35,483.79,518.39,489.66,medium
cam07__frame_00010.jpg,154,518.83,485.15,521.87,491.03,medium
cam07__frame_00010.jpg,155,501.17,485.76,504.87,491.3,high
cam07__frame_00010.jpg,156,504.84,486.94,508.53,492.48,high
cam07__frame_00010.jpg,157,508.24,487.46,511.94,493.0,high
cam07__frame_00010.jpg,158,511.9,488.37,515.6,493.92,high
cam07__frame_00010.jpg,159,515.7,489.81,519.39,495.36,high
cam07__frame_00010.jpg,160,519.1,490.86,522.8,496.4,high
cam07__frame_00010.jpg,161,500.7,491.78,504.35,497.25,high
cam07__frame_00010.jpg,162,504.75,492.59,508.81,498.87,high
cam07__frame_00010.jpg,163,508.81,493.2,513.27,500.9,high
cam07__frame_00010.jpg,164,513.88,495.02,518.13,502.32,high
cam07__frame_00010.jpg,165,518.54,496.85,523.2,504.96,high
cam07__frame_00010.jpg,166,545.8,481.28,557.57,486.75,low
cam07__frame_00010.jpg,167,544.28,485.96,556.05,491.43,low
cam07__frame_00010.jpg,168,543.11,491.35,554.88,496.82,medium
cam07__frame_00010.jpg,169,543.11,496.67,553.25,501.86,high
cam07__frame_00010.jpg,170,543.72,502.29,551.22,506.74,high
cam07__frame_00010.jpg,171,543.72,507.44,549.81,510.49,high
cam07__frame_00010.jpg,172,545.13,510.96,549.11,514.94,high
cam07__frame_00010.jpg,173,572.0,490.47,576.03,503.54,high
cam07__frame_00010.jpg,174,577.48,492.65,581.48,505.71,high
cam07__frame_00010.jpg,175,566.23,512.25,571.68,523.5,high
cam07__frame_00010.jpg,176,572.76,512.98,576.76,518.78,high
cam07__frame_00010.jpg,177,390.4,489.54,395.05,493.3,high
cam07__frame_00010.jpg,178,387.88,493.73,395.03,498.1,high
cam07__frame_00010.jpg,179,437.31,492.73,447.42,511.95,low
cam07__frame_00010.jpg,180,446.19,504.95,457.51,518.35,medium
cam07__frame_00010.jpg,181,166.09,251.12,198.98,262.45,high
cam07__frame_00010.jpg,182,163.46,264.49,205.8,273.62,high
cam07__frame_00010.jpg,183,210.33,271.34,230.37,286.04,high
cam07__frame_00010.jpg,184,160.92,271.24,209.1,286.56,low
cam07__frame_00010.jpg,185,397.88,416.83,402.15,433.76,low
cam07__frame_00010.jpg,186,397.0,433.94,400.42,441.2,medium
cam07__frame_00010.jpg,187,395.72,442.27,399.35,448.89,medium
cam07__frame_00010.jpg,188,402.93,423.25,407.88,434.74,low
cam07__frame_00010.jpg,189,401.82,434.26,407.24,441.76,low
cam07__frame_00010.jpg,190,401.59,441.98,406.06,447.24,low
cam07__frame_00010.jpg,191,400.79,447.4,406.54,452.19,high
cam07__frame_00010.jpg,192,410.37,421.88,414.67,434.8,low
cam07__frame_00010.jpg,193,408.45,435.2,413.87,442.7,low
cam07__frame_00010.jpg,194,106.33,107.01,112.17,116.62,high
cam07__frame_00010.jpg,195,101.81,114.55,107.65,123.97,high
cam07__frame_00010.jpg,196,98.04,124.72,104.07,134.14,high
cam07__frame_00010.jpg,197,98.61,134.52,105.01,142.06,high
cam07__frame_00010.jpg,198,108.03,117.56,111.23,125.47,medium
cam07__frame_00010.jpg,199,104.45,124.72,107.84,135.08,high
cam07__frame_00010.jpg,200,105.2,135.84,108.4,144.13,high
cam07__frame_00010.jpg,201,109.16,126.42,111.98,136.4,high
cam07__frame_00010.jpg,202,108.4,136.78,112.17,145.45,high
cam07__frame_00010.jpg,203,114.14,117.25,120.12,127.24,medium
cam07__frame_00010.jpg,204,113.96,128.41,120.52,136.99,medium
cam07__frame_00010.jpg,205,114.21,137.49,120.77,146.83,medium
cam07__frame_00010.jpg,206,120.77,118.58,127.33,129.17,medium
cam07__frame_00010.jpg,207,120.77,129.67,128.09,137.49,medium
cam07__frame_00010.jpg,208,121.28,137.75,128.34,147.33,medium
cam07__frame_00010.jpg,209,145.55,76.77,189.96,86.71,low
cam07__frame_00010.jpg,210,137.65,91.9,147.14,102.7,high
cam07__frame_00010.jpg,211,147.59,96.78,158.44,105.87,high
cam07__frame_00010.jpg,212,133.58,103.61,147.14,113.1,high
cam07__frame_00010.jpg,213,146.69,105.41,159.35,116.67,high
cam07__frame_00010.jpg,214,134.48,112.65,146.69,123.04,high
cam07__frame_00010.jpg,215,146.69,116.67,160.25,127.07,high
cam07__frame_00010.jpg,216,130.57,122.9,145.46,130.78,high
cam07__frame_00010.jpg,217,146.9,126.69,160.05,136.61,high
cam07__frame_00010.jpg,218,130.28,130.78,145.46,140.41,high
cam07__frame_00010.jpg,219,145.75,136.32,159.17,143.91,high
cam07__frame_00010.jpg,220,129.99,141.28,145.46,149.16,high
cam07__frame_00010.jpg,221,145.75,143.91,158.88,153.54,high
cam07__frame_00010.jpg,222,191.91,106.55,199.0,120.06,high
cam07__frame_00010.jpg,223,192.25,119.7,204.1,132.21,medium
cam07__frame_00010.jpg,224,183.13,128.83,195.63,142.34,medium
cam07__frame_00010.jpg,225,183.81,140.99,195.63,153.82,medium
cam07__frame_00010.jpg,226,183.13,153.15,195.63,164.97,medium
cam07__frame_00010.jpg,227,195.97,132.55,211.84,145.72,medium
cam07__frame_00010.jpg,228,197.0,145.38,212.17,157.88,medium
cam07__frame_00010.jpg,229,196.98,157.54,213.53,170.71,medium
cam07__frame_00010.jpg,230,209.96,93.36,255.49,110.46,low
cam07__frame_00010.jpg,231,215.87,111.9,253.59,128.01,low
cam07__frame_00010.jpg,232,215.34,135.86,240.56,151.92,medium
cam07__frame_00010.jpg,233,215.58,156.1,223.98,175.67,high
cam07__frame_00010.jpg,234,225.48,160.2,234.07,180.09,medium
cam07__frame_00010.jpg,235,235.43,162.46,249.89,181.45,medium
cam07__frame_00010.jpg,236,140.56,158.45,151.26,166.36,high
cam07__frame_00010.jpg,237,125.27,163.88,139.4,185.36,medium
cam07__frame_00010.jpg,238,140.53,167.83,151.8,184.23,medium
cam07__frame_00010.jpg,239,151.8,176.31,165.97,191.01,medium
cam07__frame_00010.jpg,240,125.3,188.18,140.53,206.84,high
cam07__frame_00010.jpg,241,145.62,191.01,158.05,211.36,low
cam07__frame_00010.jpg,242,104.92,200.62,110.0,212.49,low
cam07__frame_00010.jpg,243,110.57,201.75,118.48,216.45,medium
cam07__frame_00010.jpg,244,119.05,205.14,126.4,217.01,low
cam07__frame_00010.jpg,245,126.96,206.27,133.18,220.97,medium
cam07__frame_00010.jpg,246,136.01,209.66,144.49,224.36,medium
cam07__frame_00010.jpg,247,144.2,211.47,152.68,226.17,low
cam07__frame_00010.jpg,248,153.25,212.6,169.64,230.13,medium
cam07__frame_00010.jpg,249,211.79,175.69,225.22,191.16,high
cam07__frame_00010.jpg,250,197.2,184.16,210.04,192.04,high
cam07__frame_00010.jpg,251,201.58,192.0,220.3,215.97,medium
cam07__frame_00010.jpg,252,186.99,198.17,199.83,216.84,medium
cam07__frame_00010.jpg,253,179.69,204.29,186.4,225.89,medium
cam07__frame_00010.jpg,254,175.9,225.31,185.82,240.48,medium
cam07__frame_00010.jpg,255,186.69,216.79,199.83,231.38,medium
cam07__frame_00010.jpg,256,185.53,231.14,198.08,246.03,medium
cam07__frame_00010.jpg,257,200.12,214.22,211.21,233.19,medium
cam07__frame_00010.jpg,258,198.95,233.77,211.21,250.7,medium
cam07__frame_00010.jpg,259,210.72,220.41,227.61,237.97,medium
cam07__frame_00010.jpg,260,211.74,238.65,227.27,257.22,medium
cam07__frame_00010.jpg,261,229.3,199.14,241.79,226.15,medium
cam07__frame_00010.jpg,262,228.96,225.82,241.11,243.04,medium
cam07__frame_00010.jpg,263,228.28,242.36,240.1,260.6,medium
cam07__frame_00010.jpg,264,104.49,245.35,116.73,274.49,low
cam07__frame_00010.jpg,265,120.34,257.23,130.81,272.93,low
cam07__frame_00010.jpg,266,130.15,236.96,140.62,259.85,medium
cam07__frame_00010.jpg,267,143.3,259.71,163.6,305.31,medium
cam07__frame_00010.jpg,268,176.52,287.7,196.79,332.04,low
cam07__frame_00010.jpg,269,199.33,291.5,219.59,336.26,low
cam07__frame_00010.jpg,270,220.44,288.97,239.86,342.59,medium
cam07__frame_00010.jpg,271,114.1,303.6,127.69,339.13,medium
cam07__frame_00010.jpg,272,126.9,296.75,141.32,345.18,medium
cam07__frame_00010.jpg,273,142.07,311.13,160.99,346.7,medium
cam07__frame_00010.jpg,274,182.18,342.91,198.07,387.56,high
cam07__frame_00010.jpg,275,198.07,345.94,221.53,397.4,medium
cam07__frame_00010.jpg,276,214.72,374.7,236.67,416.32,low
cam07__frame_00010.jpg,277,181.9,410.8,201.16,440.83,medium
cam07__frame_00010.jpg,278,203.22,417.73,220.44,448.13,medium
cam07__frame_00010.jpg,279,117.0,356.24,129.68,392.05,low
cam07__frame_00013.jpg,0,137.65,91.9,147.14,102.7,high
cam07__frame_00013.jpg,1,147.59,96.78,158.44,105.87,high
cam07__frame_00013.jpg,2,133.58,103.61,147.14,113.1,high
cam07__frame_00013.jpg,3,146.69,105.41,159.35,116.67,high
cam07__frame_00013.jpg,4,134.48,112.65,146.69,123.04,high
cam07__frame_00013.jpg,5,146.69,116.67,160.25,127.07,high
cam07__frame_00013.jpg,6,130.57,122.9,145.46,130.78,high
cam07__frame_00013.jpg,7,146.9,126.69,160.05,136.61,high
cam07__frame_00013.jpg,8,130.28,130.78,145.46,140.41,high
cam07__frame_00013.jpg,9,145.75,136.32,159.17,143.91,high
cam07__frame_00013.jpg,10,129.99,141.28,145.46,149.16,high
cam07__frame_00013.jpg,11,145.75,143.91,158.88,153.54,high
cam07__frame_00013.jpg,12,191.91,106.55,199.0,120.06,high
cam07__frame_00013.jpg,13,192.25,119.7,204.1,132.21,medium
cam07__frame_00013.jpg,14,183.13,128.83,195.63,142.34,medium
cam07__frame_00013.jpg,15,183.81,140.99,195.63,153.82,medium
cam07__frame_00013.jpg,16,183.13,153.15,195.63,164.97,medium
cam07__frame_00013.jpg,17,195.97,132.55,211.84,145.72,medium
cam07__frame_00013.jpg,18,197.0,145.38,212.17,157.88,medium
cam07__frame_00013.jpg,19,196.98,157.54,213.53,170.71,medium
cam07__frame_00013.jpg,20,209.96,93.36,255.49,110.46,low
cam07__frame_00013.jpg,21,215.87,111.9,253.59,128.01,low
cam07__frame_00013.jpg,22,215.34,135.86,240.56,151.92,medium
cam07__frame_00013.jpg,23,215.58,156.1,223.98,175.67,high
cam07__frame_00013.jpg,24,225.48,160.2,234.07,180.09,medium
cam07__frame_00013.jpg,25,235.43,162.46,249.89,181.45,medium
cam07__frame_00013.jpg,26,140.56,158.45,151.26,166.36,high
cam07__frame_00013.jpg,27,125.27,163.88,139.4,185.36,medium
cam07__frame_00013.jpg,28,140.53,167.83,151.8,184.23,medium
cam07__frame_00013.jpg,29,151.8,176.31,165.97,191.01,medium
cam07__frame_00013.jpg,30,125.3,188.18,140.53,206.84,high
cam07__frame_00013.jpg,31,145.62,191.01,158.05,211.36,low
cam07__frame_00013.jpg,32,104.92,200.62,110.0,212.49,low
cam07__frame_00013.jpg,33,110.57,201.75,118.48,216.45,medium
cam07__frame_00013.jpg,34,119.05,205.14,126.4,217.01,low
cam07__frame_00013.jpg,35,126.96,206.27,133.18,220.97,medium
cam07__frame_00013.jpg,36,136.01,209.66,144.49,224.36,medium
cam07__frame_00013.jpg,37,144.2,211.47,152.68,226.17,low
cam07__frame_00013.jpg,38,153.25,212.6,169.64,230.13,medium
cam07__frame_00013.jpg,39,211.79,175.69,225.22,191.16,high
cam07__frame_00013.jpg,40,197.2,184.16,210.04,192.04,high
cam07__frame_00013.jpg,41,201.58,192.0,220.3,215.97,medium
cam07__frame_00013.jpg,42,186.99,198.17,199.83,216.84,medium
cam07__frame_00013.jpg,43,179.69,204.29,186.4,225.89,medium
cam07__frame_00013.jpg,44,175.9,225.31,185.82,240.48,medium
cam07__frame_00013.jpg,45,186.69,216.79,199.83,231.38,medium
cam07__frame_00013.jpg,46,185.53,231.14,198.08,246.03,medium
cam07__frame_00013.jpg,47,200.12,214.22,211.21,233.19,medium
cam07__frame_00013.jpg,48,198.95,233.77,211.21,250.7,medium
cam07__frame_00013.jpg,49,210.72,220.41,227.61,237.97,medium
cam07__frame_00013.jpg,50,211.74,238.65,227.27,257.22,medium
cam07__frame_00013.jpg,51,229.3,199.14,241.79,226.15,medium
cam07__frame_00013.jpg,52,228.96,225.82,241.11,243.04,medium
cam07__frame_00013.jpg,53,228.28,242.36,240.1,260.6,medium
cam07__frame_00013.jpg,54,104.49,245.35,116.73,274.49,low
cam07__frame_00013.jpg,55,120.34,257.23,130.81,272.93,low
cam07__frame_00013.jpg,56,130.15,236.96,140.62,259.85,medium
cam07__frame_00013.jpg,57,143.3,259.71,163.6,305.31,medium
cam07__frame_00013.jpg,58,168.48,249.53,201.36,260.86,high
cam07__frame_00013.jpg,59,176.52,287.7,196.79,332.04,low
cam07__frame_00013.jpg,60,199.33,291.5,219.59,336.26,low
cam07__frame_00013.jpg,61,220.44,288.97,239.86,342.59,medium
cam07__frame_00013.jpg,62,114.1,303.6,127.69,339.13,medium
cam07__frame_00013.jpg,63,126.9,296.75,141.32,345.18,medium
cam07__frame_00013.jpg,64,142.07,311.13,160.99,346.7,medium
cam07__frame_00013.jpg,65,182.18,342.91,198.07,387.56,high
cam07__frame_00013.jpg,66,198.07,345.94,221.53,397.4,medium
cam07__frame_00013.jpg,67,214.72,374.7,236.67,416.32,low
cam07__frame_00013.jpg,68,181.9,410.8,201.16,440.83,medium
cam07__frame_00013.jpg,69,203.22,417.73,220.44,448.13,medium
cam07__frame_00013.jpg,70,221.44,420.81,239.67,458.29,medium
cam07__frame_00013.jpg,71,117.0,356.24,129.68,392.05,low
cam07__frame_00013.jpg,72,129.68,367.79,142.39,404.76,low
cam07__frame_00013.jpg,73,144.7,379.35,166.65,423.25,low
cam07__frame_00013.jpg,74,165.5,385.12,183.98,429.02,low
cam07__frame_00013.jpg,75,106.33,107.01,112.17,116.62,high
cam07__frame_00013.jpg,76,101.81,114.55,107.65,123.97,high
cam07__frame_00013.jpg,77,98.04,124.72,104.07,134.14,high
cam07__frame_00013.jpg,78,98.61,134.52,105.01,142.06,high
cam07__frame_00013.jpg,79,108.03,117.56,111.23,125.47,medium
cam07__frame_00013.jpg,80,104.45,124.72,107.84,135.08,high
cam07__frame_00013.jpg,81,105.2,135.84,108.4,144.13,high
cam07__frame_00013.jpg,82,109.16,126.42,111.98,136.4,high
cam07__frame_00013.jpg,83,108.4,136.78,112.17,145.45,high
cam07__frame_00013.jpg,84,114.14,117.25,120.12,127.24,medium
cam07__frame_00013.jpg,85,113.96,128.41,120.52,136.99,medium
cam07__frame_00013.jpg,86,114.21,137.49,120.77,146.83,medium
cam07__frame_00013.jpg,87,120.77,118.58,127.33,129.17,medium
cam07__frame_00013.jpg,88,120.77,129.67,128.09,137.49,medium
cam07__frame_00013.jpg,89,121.28,137.75,128.34,147.33,medium
cam07__frame_00013.jpg,90,145.55,76.77,189.96,86.71,low
cam07__frame_00013.jpg,91,165.15,259.69,207.48,268.82,high
cam07__frame_00013.jpg,92,160.93,264.66,208.74,273.05,high
cam07__frame_00013.jpg,93,159.22,270.87,207.39,286.2,low
cam07__frame_00013.jpg,94,438.15,41.54,495.46,150.19,low
cam07__frame_00013.jpg,95,505.81,1.78,535.11,22.88,high
cam07__frame_00013.jpg,96,535.11,0.61,556.21,39.29,high
cam07__frame_00013.jpg,97,557.39,0.0,576.14,55.7,high
cam07__frame_00013.jpg,98,579.66,0.61,601.93,36.95,high
cam07__frame_00013.jpg,99,578.48,34.6,610.13,72.11,medium
cam07__frame_00013.jpg,100,612.5,46.32,640.0,75.63,medium
cam07__frame_00013.jpg,101,614.82,73.28,640.0,100.24,medium
cam07__frame_00013.jpg,102,438.15,41.54,495.46,150.19,low
cam07__frame_00013.jpg,103,493.27,71.17,552.55,178.95,low
cam07__frame_00013.jpg,104,548.46,102.05,601.37,202.93,low
cam07__frame_00013.jpg,105,601.85,125.08,633.63,221.99,medium
cam07__frame_00013.jpg,106,628.5,178.28,640.0,243.5,high
cam07__frame_00013.jpg,107,421.83,197.6,475.66,292.95,high
cam07__frame_00013.jpg,108,486.44,221.96,522.18,240.82,low
cam07__frame_00013.jpg,109,482.46,241.82,515.23,308.33,low
cam07__frame_00013.jpg,110,535.01,213.54,572.63,269.14,medium
cam07__frame_00013.jpg,111,520.62,262.65,551.54,329.26,low
cam07__frame_00013.jpg,112,553.94,275.57,568.84,342.09,high
cam07__frame_00013.jpg,113,572.26,307.64,614.14,329.88,high
cam07__frame_00013.jpg,114,613.55,310.01,640.0,351.93,high
cam07__frame_00013.jpg,115,416.69,293.0,429.12,338.79,low
cam07__frame_00013.jpg,116,414.07,339.45,427.15,346.64,medium
cam07__frame_00013.jpg,117,438.37,301.2,447.52,327.96,low
cam07__frame_00013.jpg,118,429.9,330.18,444.03,344.31,high
cam07__frame_00013.jpg,119,431.03,344.31,445.16,356.75,medium
cam07__frame_00013.jpg,120,445.05,331.91,457.18,345.97,high
cam07__frame_00013.jpg,121,456.63,329.4,466.56,357.55,low
cam07__frame_00013.jpg,122,484.52,356.54,496.3,365.76,medium
cam07__frame_00013.jpg,123,501.63,330.6,512.55,353.09,low
cam07__frame_00013.jpg,124,500.66,352.76,512.22,362.35,medium
cam07__frame_00013.jpg,125,497.01,362.02,508.58,369.3,medium
cam07__frame_00013.jpg,126,495.68,369.63,505.94,377.57,medium
cam07__frame_00013.jpg,127,513.56,338.04,524.87,348.31,medium
cam07__frame_00013.jpg,128,513.05,348.39,523.66,355.66,medium
cam07__frame_00013.jpg,129,511.71,355.57,521.66,362.84,medium
cam07__frame_00013.jpg,130,508.39,365.58,519.97,372.86,medium
cam07__frame_00013.jpg,131,505.65,374.4,517.23,381.68,medium
cam07__frame_00013.jpg,132,524.96,345.56,536.54,352.83,medium
cam07__frame_00013.jpg,133,523.09,352.99,533.64,360.26,medium
cam07__frame_00013.jpg,134,520.19,359.86,531.77,367.14,medium
cam07__frame_00013.jpg,135,519.48,369.16,531.06,376.43,medium
cam07__frame_00013.jpg,136,516.38,378.46,527.96,385.73,medium
cam07__frame_00013.jpg,137,526.9,387.82,546.02,395.9,medium
cam07__frame_00013.jpg,138,404.09,374.69,407.59,386.64,medium
cam07__frame_00013.jpg,139,400.85,387.63,406.82,399.72,medium
cam07__frame_00013.jpg,140,408.42,376.34,413.36,389.11,medium
cam07__frame_00013.jpg,141,406.7,389.61,411.21,401.24,medium
cam07__frame_00013.jpg,142,414.19,380.87,419.54,393.64,medium
cam07__frame_00013.jpg,143,412.32,393.25,416.89,403.71,low
cam07__frame_00013.jpg,144,419.34,388.29,423.66,396.94,medium
cam07__frame_00013.jpg,145,417.9,396.48,422.1,407.81,medium
cam07__frame_00013.jpg,146,422.26,398.14,425.85,409.19,medium
cam07__frame_00013.jpg,147,426.4,399.53,429.85,410.43,medium
cam07__frame_00013.jpg,148,430.54,401.04,435.79,412.36,medium
cam07__frame_00013.jpg,149,441.36,386.4,447.85,400.46,medium
cam07__frame_00013.jpg,150,439.57,401.7,445.23,407.23,high
cam07__frame_00013.jpg,151,451.58,410.26,455.58,422.69,high
cam07__frame_00013.jpg,152,458.75,408.2,462.34,416.89,medium
cam07__frame_00013.jpg,153,458.2,417.3,461.93,425.58,medium
cam07__frame_00013.jpg,154,462.21,408.67,465.79,417.36,medium
cam07__frame_00013.jpg,155,462.21,417.65,465.79,426.34,medium
cam07__frame_00013.jpg,156,466.07,410.33,469.66,419.02,medium
cam07__frame_00013.jpg,157,465.93,419.72,469.52,428.41,medium
cam07__frame_00013.jpg,158,470.35,412.68,473.94,421.37,medium
cam07__frame_00013.jpg,159,469.94,421.24,473.52,429.92,medium
cam07__frame_00013.jpg,160,480.99,398.3,485.25,415.48,low
cam07__frame_00013.jpg,161,484.97,401.39,489.83,417.42,low
cam07__frame_00013.jpg,162,489.79,403.05,494.66,419.08,low
cam07__frame_00013.jpg,163,494.92,405.62,499.79,421.64,low
cam07__frame_00013.jpg,164,499.41,406.9,504.28,422.93,medium
cam07__frame_00013.jpg,165,503.87,409.86,508.74,425.89,high
cam07__frame_00013.jpg,166,477.28,417.01,482.15,433.04,low
cam07__frame_00013.jpg,167,481.86,419.01,486.73,435.04,low
cam07__frame_00013.jpg,168,487.0,421.3,491.87,437.32,low
cam07__frame_00013.jpg,169,491.58,422.73,496.44,438.75,low
cam07__frame_00013.jpg,170,495.58,425.01,500.45,441.04,low
cam07__frame_00013.jpg,171,499.87,427.01,504.73,443.04,high
cam07__frame_00013.jpg,172,397.88,416.83,402.15,433.76,low
cam07__frame_00013.jpg,173,397.0,433.94,400.42,441.2,medium
cam07__frame_00013.jpg,174,395.72,442.27,399.35,448.89,medium
cam07__frame_00013.jpg,175,402.93,423.25,407.88,434.74,low
cam07__frame_00013.jpg,176,401.82,434.26,407.24,441.76,low
cam07__frame_00013.jpg,177,401.59,441.98,406.06,447.24,low
cam07__frame_00013.jpg,178,400.79,447.4,406.54,452.19,high
cam07__frame_00013.jpg,179,410.37,421.88,414.67,434.8,low
cam07__frame_00013.jpg,180,408.45,435.2,413.87,442.7,low
cam07__frame_00013.jpg,181,408.93,442.86,413.39,448.12,low
cam07__frame_00013.jpg,182,407.65,447.88,413.39,452.67,high
cam07__frame_00013.jpg,183,417.38,424.25,422.33,435.44,low
cam07__frame_00013.jpg,184,417.38,436.08,422.17,441.66,medium
cam07__frame_00013.jpg,185,423.97,426.57,428.42,433.73,high
cam07__frame_00013.jpg,186,418.29,454.0,422.99,459.43,high
cam07__frame_00013.jpg,187,427.93,439.4,432.87,444.85,high
cam07__frame_00013.jpg,188,427.19,445.1,431.88,450.54,high
cam07__frame_00013.jpg,189,426.2,451.28,431.39,456.71,high
cam07__frame_00013.jpg,190,424.96,456.71,430.89,462.4,high
cam07__frame_00013.jpg,191,464.96,460.42,468.94,480.68,low
cam07__frame_00013.jpg,192,468.43,461.65,472.41,481.91,low
cam07__frame_00013.jpg,193,472.38,463.13,476.36,483.39,low
cam07__frame_00013.jpg,194,476.34,465.11,480.31,485.37,low
cam07__frame_00013.jpg,195,480.78,467.09,484.76,487.35,low
cam07__frame_00013.jpg,196,0.0,180.08,43.22,215.55,low
cam07__frame_00013.jpg,197,0.0,217.35,48.26,236.73,medium
cam07__frame_00013.jpg,198,0.0,239.62,49.39,255.32,medium
cam07__frame_00013.jpg,199,0.0,261.61,42.6,277.71,high
cam07__frame_00013.jpg,200,0.0,495.89,34.51,615.75,high
cam07__frame_00013.jpg,201,1.62,440.09,50.64,541.39,low
cam07__frame_00013.jpg,202,16.31,584.89,73.26,640.0,high
cam07__frame_00013.jpg,203,65.4,543.93,97.6,611.9,low
cam07__frame_00013.jpg,204,86.22,494.06,128.44,575.16,low
cam07__frame_00013.jpg,205,135.52,530.3,201.35,639.81,low
cam07__frame_00013.jpg,206,30.78,387.73,64.35,394.2,medium
cam07__frame_00013.jpg,207,33.84,394.74,67.41,401.21,medium
cam07__frame_00013.jpg,208,36.61,402.68,70.17,409.15,medium
cam07__frame_00013.jpg,209,39.02,411.32,72.59,417.79,medium
cam07__frame_00013.jpg,210,41.1,421.33,74.67,427.81,medium
cam07__frame_00013.jpg,211,43.58,431.2,75.82,437.67,medium
cam07__frame_00013.jpg,212,46.51,439.19,77.11,445.67,medium
cam07__frame_00013.jpg,213,48.32,448.0,78.01,454.47,medium
cam07__frame_00013.jpg,214,50.23,457.38,78.84,463.86,medium
cam07__frame_00013.jpg,215,49.06,466.35,80.47,472.83,medium
cam07__frame_00013.jpg,216,49.55,474.65,80.72,479.56,medium
cam07__frame_00013.jpg,217,50.42,480.79,81.68,486.7,medium
cam07__frame_00013.jpg,218,52.99,488.73,84.29,495.2,medium
cam07__frame_00013.jpg,219,54.01,496.09,87.58,501.57,medium
cam07__frame_00013.jpg,220,66.76,420.52,96.59,426.59,low
cam07__frame_00013.jpg,221,64.87,432.49,95.46,437.9,medium
cam07__frame_00013.jpg,222,68.61,438.47,97.23,443.53,medium
cam07__frame_00013.jpg,223,71.52,445.87,95.77,452.34,medium
cam07__frame_00013.jpg,224,72.34,455.57,98.07,462.71,medium
cam07__frame_00013.jpg,225,72.99,465.67,98.49,470.06,medium
cam07__frame_00013.jpg,226,74.65,470.26,102.97,476.73,medium
cam07__frame_00013.jpg,227,91.53,446.61,121.41,453.92,low
cam07__frame_00013.jpg,228,552.22,454.36,558.86,464.1,medium
cam07__frame_00013.jpg,229,558.59,459.14,564.35,467.11,medium
cam07__frame_00013.jpg,230,550.18,463.57,555.49,470.21,high
cam07__frame_00013.jpg,231,555.94,465.78,561.25,472.42,high
cam07__frame_00013.jpg,232,501.77,480.58,505.47,486.13,medium
cam07__frame_00013.jpg,233,505.89,481.0,508.93,486.88,medium
cam07__frame_00013.jpg,234,508.83,481.31,511.87,487.19,medium
cam07__frame_00013.jpg,235,511.87,482.12,514.91,488.0,medium
cam07__frame_00013.jpg,236,515.35,483.79,518.39,489.66,medium
cam07__frame_00013.jpg,237,518.83,485.15,521.87,491.03,medium
cam07__frame_00013.jpg,238,501.17,485.76,504.87,491.3,high
cam07__frame_00013.jpg,239,504.84,486.94,508.53,492.48,high
cam07__frame_00013.jpg,240,508.24,487.46,511.94,493.0,high
cam07__frame_00013.jpg,241,511.9,488.37,515.6,493.92,high
cam07__frame_00013.jpg,242,515.7,489.81,519.39,495.36,high
cam07__frame_00013.jpg,243,519.1,490.86,522.8,496.4,high
cam07__frame_00013.jpg,244,500.7,491.78,504.35,497.25,high
cam07__frame_00013.jpg,245,504.75,492.59,508.81,498.87,high
cam07__frame_00013.jpg,246,508.81,493.2,513.27,500.9,high
cam07__frame_00013.jpg,247,513.88,495.02,518.13,502.32,high
cam07__frame_00013.jpg,248,518.54,496.85,523.2,504.96,high
cam07__frame_00013.jpg,249,545.8,481.28,557.57,486.75,low
cam07__frame_00013.jpg,250,544.28,485.96,556.05,491.43,low
cam07__frame_00013.jpg,251,543.11,491.35,554.88,496.82,medium
cam07__frame_00013.jpg,252,543.11,496.67,553.25,501.86,high
cam07__frame_00013.jpg,253,543.72,502.29,551.22,506.74,high
cam07__frame_00013.jpg,254,543.72,507.44,549.81,510.49,high
cam07__frame_00013.jpg,255,545.13,510.96,549.11,514.94,high
cam07__frame_00013.jpg,256,572.0,490.47,576.03,503.54,high
cam07__frame_00013.jpg,257,577.48,492.65,581.48,505.71,high
cam07__frame_00013.jpg,258,566.23,512.25,571.68,523.5,high
cam07__frame_00013.jpg,259,572.76,512.98,576.76,518.78,high
cam07__frame_00013.jpg,260,390.4,489.54,395.05,493.3,high
cam07__frame_00013.jpg,261,387.88,493.73,395.03,498.1,high
cam07__frame_00013.jpg,262,437.31,492.73,447.42,511.95,low
cam07__frame_00013.jpg,263,446.19,504.95,457.51,518.35,medium
cam07__frame_00013.jpg,264,460.05,493.04,470.39,508.73,high
cam07__frame_00013.jpg,265,499.47,526.34,507.89,536.67,high
cam07__frame_00013.jpg,266,499.14,537.14,506.74,547.19,high
cam07__frame_00013.jpg,267,508.94,513.32,522.64,524.32,medium
cam07__frame_00013.jpg,268,507.63,524.39,520.63,531.84,medium
cam07__frame_00013.jpg,269,508.01,531.67,518.75,541.7,high
cam07__frame_00013.jpg,270,506.17,542.06,516.19,551.35,high
cam07__frame_00013.jpg,271,547.53,534.9,553.1,545.37,high
cam07__frame_00013.jpg,272,554.08,535.55,559.65,545.7,high
cam07__frame_00013.jpg,273,548.19,545.05,553.75,552.58,high
cam07__frame_00013.jpg,274,343.37,582.92,395.48,640.0,high
cam07__frame_00013.jpg,275,1.41,82.24,18.22,143.91,high
cam07__frame_00013.jpg,276,318.6,235.02,335.26,273.36,high
cam07__frame_00013.jpg,277,336.7,248.42,368.98,332.9,low
cam07__frame_00013.jpg,278,292.3,275.25,331.6,305.24,high
cam07__frame_00013.jpg,279,309.86,308.01,334.8,353.74,low
cam07__frame_00013.jpg,280,306.62,354.2,334.34,385.15,medium
cam07__frame_00013.jpg,281,264.6,315.1,306.83,411.14,low
cam07__frame_00013.jpg,282,262.96,371.41,287.0,463.3,low
cam07__frame_00013.jpg,283,214.55,273.33,233.76,289.11,high
cam07__frame_00016.jpg,0,427.19,445.1,431.88,450.54,high
cam07__frame_00016.jpg,1,427.93,439.4,432.87,444.85,high
cam07__frame_00016.jpg,2,418.29,454.0,422.99,459.43,high
cam07__frame_00016.jpg,3,423.97,426.57,428.42,433.73,high
cam07__frame_00016.jpg,4,417.38,436.08,422.17,441.66,medium
cam07__frame_00016.jpg,5,343.37,582.92,395.48,640.0,high
cam07__frame_00016.jpg,6,417.38,424.25,422.33,435.44,low
cam07__frame_00016.jpg,7,407.65,447.88,413.39,452.67,high
cam07__frame_00016.jpg,8,408.93,442.86,413.39,448.12,low
cam07__frame_00016.jpg,9,408.45,435.2,413.87,442.7,low
cam07__frame_00016.jpg,10,410.37,421.88,414.67,434.8,low
cam07__frame_00016.jpg,11,1.41,82.24,18.22,143.91,high
cam07__frame_00016.jpg,12,318.6,235.02,335.26,273.36,high
cam07__frame_00016.jpg,13,181.12,349.13,194.41,367.38,high
cam07__frame_00016.jpg,14,165.5,385.1,181.5,429.02,medium
cam07__frame_00016.jpg,15,144.7,379.35,166.65,423.25,low
cam07__frame_00016.jpg,16,129.68,367.79,142.39,404.76,low
cam07__frame_00016.jpg,17,117.0,356.24,129.68,392.05,low
cam07__frame_00016.jpg,18,165.06,338.63,180.95,361.62,high
cam07__frame_00016.jpg,19,142.07,311.13,160.99,346.7,medium
cam07__frame_00016.jpg,20,126.9,296.75,141.32,345.18,medium
cam07__frame_00016.jpg,21,114.1,303.6,127.69,339.13,medium
cam07__frame_00016.jpg,22,176.52,287.7,193.0,316.0,high
cam07__frame_00016.jpg,23,173.62,273.62,206.4,288.9,medium
cam07__frame_00016.jpg,24,184.94,272.89,209.9,281.28,high
cam07__frame_00016.jpg,25,180.92,264.49,212.0,273.62,high
cam07__frame_00016.jpg,26,168.48,249.53,201.36,260.86,high
cam07__frame_00016.jpg,27,143.3,259.71,163.6,305.31,medium
cam07__frame_00016.jpg,28,130.15,236.96,140.62,259.85,medium
cam07__frame_00016.jpg,29,120.34,257.23,130.81,272.93,low
cam07__frame_00016.jpg,30,104.49,245.35,116.73,274.49,low
cam07__frame_00016.jpg,31,228.28,242.36,240.1,260.6,medium
cam07__frame_00016.jpg,32,228.96,225.82,241.11,243.04,medium
cam07__frame_00016.jpg,33,229.3,199.14,241.79,226.15,medium
cam07__frame_00016.jpg,34,211.74,238.65,227.27,257.22,medium
cam07__frame_00016.jpg,35,210.72,220.41,227.61,237.97,medium
cam07__frame_00016.jpg,36,198.95,233.77,211.21,250.7,medium
cam07__frame_00016.jpg,37,200.12,214.22,211.21,233.19,medium
cam07__frame_00016.jpg,38,185.53,231.14,198.08,246.03,medium
cam07__frame_00016.jpg,39,186.69,216.79,199.83,231.38,medium
cam07__frame_00016.jpg,40,175.9,225.31,185.82,240.48,medium
cam07__frame_00016.jpg,41,179.69,204.29,186.4,225.89,medium
cam07__frame_00016.jpg,42,186.99,198.17,199.83,216.84,medium
cam07__frame_00016.jpg,43,201.58,192.0,220.3,215.97,medium
cam07__frame_00016.jpg,44,197.2,184.16,210.04,192.04,high
cam07__frame_00016.jpg,45,211.79,175.69,225.22,191.16,high
cam07__frame_00016.jpg,46,153.25,212.6,169.64,230.13,medium
cam07__frame_00016.jpg,47,144.2,211.47,152.68,226.17,low
cam07__frame_00016.jpg,48,136.01,209.66,144.49,224.36,medium
cam07__frame_00016.jpg,49,126.96,206.27,133.18,220.97,medium
cam07__frame_00016.jpg,50,119.05,205.14,126.4,217.01,low
cam07__frame_00016.jpg,51,110.57,201.75,118.48,216.45,medium
cam07__frame_00016.jpg,52,104.92,200.62,110.0,212.49,low
cam07__frame_00016.jpg,53,145.62,191.01,158.05,211.36,low
cam07__frame_00016.jpg,54,125.3,188.18,140.53,206.84,high
cam07__frame_00016.jpg,55,151.8,176.31,165.97,191.01,medium
cam07__frame_00016.jpg,56,140.53,167.83,151.8,184.23,medium
cam07__frame_00016.jpg,57,125.27,163.88,139.4,185.36,medium
cam07__frame_00016.jpg,58,140.56,158.45,151.26,166.36,high
cam07__frame_00016.jpg,59,235.43,162.46,249.89,181.45,medium
cam07__frame_00016.jpg,60,225.48,160.2,234.07,180.09,medium
cam07__frame_00016.jpg,61,215.58,156.1,223.98,175.67,high
cam07__frame_00016.jpg,62,215.34,135.86,240.56,151.92,medium
cam07__frame_00016.jpg,63,215.87,111.9,253.59,128.01,low
cam07__frame_00016.jpg,64,209.96,93.36,255.49,110.46,low
cam07__frame_00016.jpg,65,196.98,157.54,213.53,170.71,medium
cam07__frame_00016.jpg,66,197.0,145.38,212.17,157.88,medium
cam07__frame_00016.jpg,67,195.97,132.55,211.84,145.72,medium
cam07__frame_00016.jpg,68,183.13,153.15,195.63,164.97,medium
cam07__frame_00016.jpg,69,183.81,140.99,195.63,153.82,medium
cam07__frame_00016.jpg,70,183.13,128.83,195.63,142.34,medium
cam07__frame_00016.jpg,71,192.25,119.7,204.1,132.21,medium
cam07__frame_00016.jpg,72,191.91,106.55,199.0,120.06,high
cam07__frame_00016.jpg,73,145.75,143.91,158.88,153.54,high
cam07__frame_00016.jpg,74,129.99,141.28,145.46,149.16,high
cam07__frame_00016.jpg,75,145.75,136.32,159.17,143.91,high
cam07__frame_00016.jpg,76,130.28,130.78,145.46,140.41,high
cam07__frame_00016.jpg,77,146.9,126.69,160.05,136.61,high
cam07__frame_00016.jpg,78,130.57,122.9,145.46,130.78,high
cam07__frame_00016.jpg,79,146.69,116.67,160.25,127.07,high
cam07__frame_00016.jpg,80,134.48,112.65,146.69,123.04,high
cam07__frame_00016.jpg,81,146.69,105.41,159.35,116.67,high
cam07__frame_00016.jpg,82,133.58,103.61,147.14,113.1,high
cam07__frame_00016.jpg,83,147.59,96.78,158.44,105.87,high
cam07__frame_00016.jpg,84,137.65,91.9,147.14,102.7,high
cam07__frame_00016.jpg,85,145.55,76.77,189.96,86.71,low
cam07__frame_00016.jpg,86,121.28,137.75,128.34,147.33,medium
cam07__frame_00016.jpg,87,120.77,129.67,128.09,137.49,medium
cam07__frame_00016.jpg,88,120.77,118.58,127.33,129.17,medium
cam07__frame_00016.jpg,89,114.21,137.49,120.77,146.83,medium
cam07__frame_00016.jpg,90,113.96,128.41,120.52,136.99,medium
cam07__frame_00016.jpg,91,114.14,117.25,120.12,127.24,medium
cam07__frame_00016.jpg,92,108.4,136.78,112.17,145.45,high
cam07__frame_00016.jpg,93,109.16,126.42,111.98,136.4,high
cam07__frame_00016.jpg,94,105.2,135.84,108.4,144.13,high
cam07__frame_00016.jpg,95,104.45,124.72,107.84,135.08,high
cam07__frame_00016.jpg,96,108.03,117.56,111.23,125.47,medium
cam07__frame_00016.jpg,97,336.7,248.42,368.98,332.9,low
cam07__frame_00016.jpg,98,292.3,275.25,331.6,305.24,high
cam07__frame_00016.jpg,99,309.86,308.01,334.8,353.74,low
cam07__frame_00016.jpg,100,306.62,354.2,334.34,385.15,medium
cam07__frame_00016.jpg,101,548.19,545.05,553.75,552.58,high
cam07__frame_00016.jpg,102,554.08,535.55,559.65,545.7,high
cam07__frame_00016.jpg,103,547.53,534.9,553.1,545.37,high
cam07__frame_00016.jpg,104,400.79,447.4,406.54,452.19,high
cam07__frame_00016.jpg,105,401.59,441.98,406.06,447.24,low
cam07__frame_00016.jpg,106,401.82,434.26,407.24,441.76,low
cam07__frame_00016.jpg,107,402.93,423.25,407.88,434.74,low
cam07__frame_00016.jpg,108,395.72,442.27,399.35,448.89,medium
cam07__frame_00016.jpg,109,397.0,433.94,400.42,441.2,medium
cam07__frame_00016.jpg,110,397.88,416.83,402.15,433.76,low
cam07__frame_00016.jpg,111,499.87,427.01,504.73,443.04,high
cam07__frame_00016.jpg,112,495.58,425.01,500.45,441.04,low
cam07__frame_00016.jpg,113,491.58,422.73,496.44,438.75,low
cam07__frame_00016.jpg,114,487.0,421.3,491.87,437.32,low
cam07__frame_00016.jpg,115,481.86,419.01,486.73,435.04,low
cam07__frame_00016.jpg,116,477.28,417.01,482.15,433.04,low
cam07__frame_00016.jpg,117,503.87,409.86,508.74,425.89,high
cam07__frame_00016.jpg,118,499.41,406.9,504.28,422.93,medium
cam07__frame_00016.jpg,119,494.92,405.62,499.79,421.64,low
cam07__frame_00016.jpg,120,489.79,403.05,494.66,419.08,low
cam07__frame_00016.jpg,121,484.97,401.39,489.83,417.42,low
cam07__frame_00016.jpg,122,480.99,398.3,485.25,415.48,low
cam07__frame_00016.jpg,123,469.94,421.24,473.52,429.92,medium
cam07__frame_00016.jpg,124,470.35,412.68,473.94,421.37,medium
cam07__frame_00016.jpg,125,465.93,419.72,469.52,428.41,medium
cam07__frame_00016.jpg,126,466.07,410.33,469.66,419.02,medium
cam07__frame_00016.jpg,127,462.21,417.65,465.79,426.34,medium
cam07__frame_00016.jpg,128,462.21,408.67,465.79,417.36,medium
cam07__frame_00016.jpg,129,458.2,417.3,461.93,425.58,medium
cam07__frame_00016.jpg,130,458.75,408.2,462.34,416.89,medium
cam07__frame_00016.jpg,131,451.58,410.26,455.58,422.69,high
cam07__frame_00016.jpg,132,439.57,401.7,445.23,407.23,high
cam07__frame_00016.jpg,133,441.36,386.4,447.85,400.46,medium
cam07__frame_00016.jpg,134,430.54,401.04,435.79,412.36,medium
cam07__frame_00016.jpg,135,426.4,399.53,429.85,410.43,medium
cam07__frame_00016.jpg,136,422.26,398.14,425.85,409.19,medium
cam07__frame_00016.jpg,137,417.9,396.48,422.1,407.81,medium
cam07__frame_00016.jpg,138,419.34,388.29,423.66,396.94,medium
cam07__frame_00016.jpg,139,412.32,393.25,416.89,403.71,low
cam07__frame_00016.jpg,140,414.19,380.87,419.54,393.64,medium
cam07__frame_00016.jpg,141,406.7,389.61,411.21,401.24,medium
cam07__frame_00016.jpg,142,408.42,376.34,413.36,389.11,medium
cam07__frame_00016.jpg,143,400.85,387.63,406.82,399.72,medium
cam07__frame_00016.jpg,144,404.09,374.69,407.59,386.64,medium
cam07__frame_00016.jpg,145,526.9,387.82,546.02,395.9,medium
cam07__frame_00016.jpg,146,516.38,378.46,527.96,385.73,medium
cam07__frame_00016.jpg,147,519.48,369.16,531.06,376.43,medium
cam07__frame_00016.jpg,148,520.19,359.86,531.77,367.14,medium
cam07__frame_00016.jpg,149,523.09,352.99,533.64,360.26,medium
cam07__frame_00016.jpg,150,524.96,345.56,536.54,352.83,medium
cam07__frame_00016.jpg,151,505.65,374.4,517.23,381.68,medium
cam07__frame_00016.jpg,152,508.39,365.58,519.97,372.86,medium
cam07__frame_00016.jpg,153,511.71,355.57,521.66,362.84,medium
cam07__frame_00016.jpg,154,513.05,348.39,523.66,355.66,medium
cam07__frame_00016.jpg,155,513.56,338.04,524.87,348.31,medium
cam07__frame_00016.jpg,156,495.68,369.63,505.94,377.57,medium
cam07__frame_00016.jpg,157,497.01,362.02,508.58,369.3,medium
cam07__frame_00016.jpg,158,500.66,352.76,512.22,362.35,medium
cam07__frame_00016.jpg,159,501.63,330.6,512.55,353.09,low
cam07__frame_00016.jpg,160,484.52,356.54,496.3,365.76,medium
cam07__frame_00016.jpg,161,456.63,329.4,466.56,357.55,low
cam07__frame_00016.jpg,162,445.05,331.91,457.18,345.97,high
cam07__frame_00016.jpg,163,431.03,344.31,445.16,356.75,medium
cam07__frame_00016.jpg,164,429.9,330.18,444.03,344.31,high
cam07__frame_00016.jpg,165,438.37,301.2,447.52,327.96,low
cam07__frame_00016.jpg,166,414.07,339.45,427.15,346.64,medium
cam07__frame_00016.jpg,167,416.69,293.0,429.12,338.79,low
cam07__frame_00016.jpg,168,613.55,310.01,640.0,351.93,high
cam07__frame_00016.jpg,169,506.17,542.06,516.19,551.35,high
cam07__frame_00016.jpg,170,572.26,307.64,614.14,329.88,high
cam07__frame_00016.jpg,171,553.94,275.57,568.84,342.09,high
cam07__frame_00016.jpg,172,520.62,262.65,551.54,329.26,low
cam07__frame_00016.jpg,173,535.01,213.54,572.63,269.14,medium
cam07__frame_00016.jpg,174,482.46,241.82,515.23,308.33,low
cam07__frame_00016.jpg,175,486.44,221.96,522.18,240.82,low
cam07__frame_00016.jpg,176,421.83,197.6,475.66,292.95,high
cam07__frame_00016.jpg,177,628.5,178.28,640.0,243.5,high
cam07__frame_00016.jpg,178,601.85,125.08,633.63,221.99,medium
cam07__frame_00016.jpg,179,548.46,102.05,601.37,202.93,low
cam07__frame_00016.jpg,180,493.27,71.17,552.55,178.95,low
cam07__frame_00016.jpg,181,438.15,41.54,495.46,150.19,low
cam07__frame_00016.jpg,182,614.82,73.28,640.0,100.24,medium
cam07__frame_00016.jpg,183,612.5,46.32,640.0,75.63,medium
cam07__frame_00016.jpg,184,578.48,34.6,610.13,72.11,medium
cam07__frame_00016.jpg,185,579.66,0.61,601.93,36.95,high
cam07__frame_00016.jpg,186,557.39,0.0,576.14,55.7,high
cam07__frame_00016.jpg,187,535.11,0.61,556.21,39.29,high
cam07__frame_00016.jpg,188,505.81,1.78,535.11,22.88,high
cam07__frame_00016.jpg,189,438.15,41.54,495.46,150.19,low
cam07__frame_00016.jpg,190,106.33,107.01,112.17,116.62,high
cam07__frame_00016.jpg,191,101.81,114.55,107.65,123.97,high
cam07__frame_00016.jpg,192,98.04,124.72,104.07,134.14,high
cam07__frame_00016.jpg,193,98.61,134.52,105.01,142.06,high
cam07__frame_00016.jpg,194,508.01,531.67,518.75,541.7,high
cam07__frame_00016.jpg,195,507.63,524.39,520.63,531.84,medium
cam07__frame_00016.jpg,196,508.94,513.32,522.64,524.32,medium
cam07__frame_00016.jpg,197,499.14,537.14,506.74,547.19,high
cam07__frame_00016.jpg,198,499.47,526.34,507.89,536.67,high
cam07__frame_00016.jpg,199,460.05,493.04,470.39,508.73,high
cam07__frame_00016.jpg,200,446.19,504.95,457.51,518.35,medium
cam07__frame_00016.jpg,201,437.31,492.73,447.42,511.95,low
cam07__frame_00016.jpg,202,387.88,493.73,395.03,498.1,high
cam07__frame_00016.jpg,203,390.4,489.54,395.05,493.3,high
cam07__frame_00016.jpg,204,572.76,512.98,576.76,518.78,high
cam07__frame_00016.jpg,205,566.23,512.25,571.68,523.5,high
cam07__frame_00016.jpg,206,577.48,492.65,581.48,505.71,high
cam07__frame_00016.jpg,207,572.0,490.47,576.03,503.54,high
cam07__frame_00016.jpg,208,545.13,510.96,549.11,514.94,high
cam07__frame_00016.jpg,209,543.72,507.44,549.81,510.49,high
cam07__frame_00016.jpg,210,543.72,502.29,551.22,506.74,high
cam07__frame_00016.jpg,211,543.11,496.67,553.25,501.86,high
cam07__frame_00016.jpg,212,543.11,491.35,554.88,496.82,medium
cam07__frame_00016.jpg,213,544.28,485.96,556.05,491.43,low
cam07__frame_00016.jpg,214,545.8,481.28,557.57,486.75,low
cam07__frame_00016.jpg,215,518.54,496.85,523.2,504.96,high
cam07__frame_00016.jpg,216,513.88,495.02,518.13,502.32,high
cam07__frame_00016.jpg,217,508.81,493.2,513.27,500.9,high
cam07__frame_00016.jpg,218,504.75,492.59,508.81,498.87,high
cam07__frame_00016.jpg,219,500.7,491.78,504.35,497.25,high
cam07__frame_00016.jpg,220,519.1,490.86,522.8,496.4,high
cam07__frame_00016.jpg,221,515.7,489.81,519.39,495.36,high
cam07__frame_00016.jpg,222,511.9,488.37,515.6,493.92,high
cam07__frame_00016.jpg,223,508.24,487.46,511.94,493.0,high
cam07__frame_00016.jpg,224,504.84,486.94,508.53,492.48,high
cam07__frame_00016.jpg,225,501.17,485.76,504.87,491.3,high
cam07__frame_00016.jpg,226,518.83,485.15,521.87,491.03,medium
cam07__frame_00016.jpg,227,515.35,483.79,518.39,489.66,medium
cam07__frame_00016.jpg,228,511.87,482.12,514.91,488.0,medium
cam07__frame_00016.jpg,229,508.83,481.31,511.87,487.19,medium
cam07__frame_00016.jpg,230,505.89,481.0,508.93,486.88,medium
cam07__frame_00016.jpg,231,501.77,480.58,505.47,486.13,medium
cam07__frame_00016.jpg,232,555.94,465.78,561.25,472.42,high
cam07__frame_00016.jpg,233,550.18,463.57,555.49,470.21,high
cam07__frame_00016.jpg,234,558.59,459.14,564.35,467.11,medium
cam07__frame_00016.jpg,235,552.22,454.36,558.86,464.1,medium
cam07__frame_00016.jpg,236,91.53,446.61,121.41,453.92,low
cam07__frame_00016.jpg,237,74.65,470.26,102.97,476.73,medium
cam07__frame_00016.jpg,238,72.99,465.67,98.49,470.06,medium
cam07__frame_00016.jpg,239,72.34,455.57,98.07,462.71,medium
cam07__frame_00016.jpg,240,71.52,445.87,95.77,452.34,medium
cam07__frame_00016.jpg,241,68.61,438.47,97.23,443.53,medium
cam07__frame_00016.jpg,242,64.87,432.49,95.46,437.9,medium
cam07__frame_00016.jpg,243,66.76,420.52,96.59,426.59,low
cam07__frame_00016.jpg,244,54.01,496.09,87.58,501.57,medium
cam07__frame_00016.jpg,245,52.99,488.73,84.29,495.2,medium
cam07__frame_00016.jpg,246,50.42,480.79,81.68,486.7,medium
cam07__frame_00016.jpg,247,49.55,474.65,80.72,479.56,medium
cam07__frame_00016.jpg,248,49.06,466.35,80.47,472.83,medium
cam07__frame_00016.jpg,249,50.23,457.38,78.84,463.86,medium
cam07__frame_00016.jpg,250,48.32,448.0,78.01,454.47,medium
cam07__frame_00016.jpg,251,46.51,439.19,77.11,445.67,medium
cam07__frame_00016.jpg,252,43.58,431.2,75.82,437.67,medium
cam07__frame_00016.jpg,253,41.1,421.33,74.67,427.81,medium
cam07__frame_00016.jpg,254,39.02,411.32,72.59,417.79,medium
cam07__frame_00016.jpg,255,36.61,402.68,70.17,409.15,medium
cam07__frame_00016.jpg,256,33.84,394.74,67.41,401.21,medium
cam07__frame_00016.jpg,257,30.78,387.73,64.35,394.2,medium
cam07__frame_00016.jpg,258,135.52,530.3,201.35,639.81,low
cam07__frame_00016.jpg,259,86.22,494.06,128.44,575.16,low
cam07__frame_00016.jpg,260,65.4,543.93,97.6,611.9,low
cam07__frame_00016.jpg,261,16.31,584.89,73.26,640.0,high
cam07__frame_00016.jpg,262,1.62,440.09,50.64,541.39,low
cam07__frame_00016.jpg,263,0.0,495.89,34.51,615.75,high
cam07__frame_00016.jpg,264,0.0,261.61,42.6,277.71,high
cam07__frame_00016.jpg,265,0.0,239.62,49.39,255.32,medium
cam07__frame_00016.jpg,266,0.0,217.35,48.26,236.73,medium
cam07__frame_00016.jpg,267,0.0,180.08,43.22,215.55,low
cam07__frame_00016.jpg,268,480.78,467.09,484.76,487.35,low
cam07__frame_00016.jpg,269,476.34,465.11,480.31,485.37,low
cam07__frame_00016.jpg,270,472.38,463.13,476.36,483.39,low
cam07__frame_00016.jpg,271,468.43,461.65,472.41,481.91,low
cam07__frame_00016.jpg,272,464.96,460.42,468.94,480.68,low
cam07__frame_00016.jpg,273,424.96,456.71,430.89,462.4,high
cam07__frame_00016.jpg,274,426.2,451.28,431.39,456.71,high
cam07__frame_00019.jpg,0,402.93,423.25,407.88,434.74,low
cam07__frame_00019.jpg,1,401.82,434.26,407.24,441.76,low
cam07__frame_00019.jpg,2,401.59,441.98,406.06,447.24,low
cam07__frame_00019.jpg,3,400.79,447.4,406.54,452.19,high
cam07__frame_00019.jpg,4,410.37,421.88,414.67,434.8,low
cam07__frame_00019.jpg,5,408.45,435.2,413.87,442.7,low
cam07__frame_00019.jpg,6,408.93,442.86,413.39,448.12,low
cam07__frame_00019.jpg,7,468.43,461.65,472.41,481.91,low
cam07__frame_00019.jpg,8,472.38,463.13,476.36,483.39,low
cam07__frame_00019.jpg,9,476.34,465.11,480.31,485.37,low
cam07__frame_00019.jpg,10,480.78,467.09,484.76,487.35,low
cam07__frame_00019.jpg,11,0.0,180.08,43.22,215.55,low
cam07__frame_00019.jpg,12,0.0,217.35,48.26,236.73,medium
cam07__frame_00019.jpg,13,0.0,239.62,49.39,255.32,medium
cam07__frame_00019.jpg,14,0.0,261.61,42.6,277.71,high
cam07__frame_00019.jpg,15,0.0,495.89,34.51,615.75,high
cam07__frame_00019.jpg,16,1.62,440.09,50.64,541.39,low
cam07__frame_00019.jpg,17,16.31,584.89,73.26,640.0,high
cam07__frame_00019.jpg,18,165.5,385.12,183.98,429.02,low
cam07__frame_00019.jpg,19,144.7,379.35,166.65,423.25,low
cam07__frame_00019.jpg,20,129.68,367.79,142.39,404.76,low
cam07__frame_00019.jpg,21,117.0,356.24,129.68,392.05,low
cam07__frame_00019.jpg,22,221.44,420.81,239.4,444.7,high
cam07__frame_00019.jpg,23,203.22,417.73,220.44,448.13,medium
cam07__frame_00019.jpg,24,181.9,410.8,201.16,440.83,medium
cam07__frame_00019.jpg,25,214.72,374.7,236.67,416.32,low
cam07__frame_00019.jpg,26,198.07,345.94,221.53,397.4,medium
cam07__frame_00019.jpg,27,182.18,342.91,198.07,387.56,high
cam07__frame_00019.jpg,28,142.07,311.13,160.99,346.7,medium
cam07__frame_00019.jpg,29,126.9,296.75,141.32,345.18,medium
cam07__frame_00019.jpg,30,114.1,303.6,127.69,339.13,medium
cam07__frame_00019.jpg,31,220.44,288.97,239.86,342.59,medium
cam07__frame_00019.jpg,32,199.33,291.5,219.59,336.26,low
cam07__frame_00019.jpg,33,176.52,287.7,196.79,332.04,low
cam07__frame_00019.jpg,34,173.62,273.62,221.8,288.95,low
cam07__frame_00019.jpg,35,184.94,272.89,232.74,281.28,high
cam07__frame_00019.jpg,36,180.92,264.49,223.26,273.62,high
cam07__frame_00019.jpg,37,168.48,249.53,201.36,260.86,high
cam07__frame_00019.jpg,38,143.3,259.71,163.6,305.31,medium
cam07__frame_00019.jpg,39,130.15,236.96,140.62,259.85,medium
cam07__frame_00019.jpg,40,120.34,257.23,130.81,272.93,low
cam07__frame_00019.jpg,41,104.49,245.35,116.73,274.49,low
cam07__frame_00019.jpg,42,228.28,242.36,240.1,260.6,medium
cam07__frame_00019.jpg,43,228.96,225.82,241.11,243.04,medium
cam07__frame_00019.jpg,44,229.3,199.14,241.79,226.15,medium
cam07__frame_00019.jpg,45,211.74,238.65,227.27,257.22,medium
cam07__frame_00019.jpg,46,210.72,220.41,227.61,237.97,medium
cam07__frame_00019.jpg,47,198.95,233.77,211.21,250.7,medium
cam07__frame_00019.jpg,48,200.12,214.22,211.21,233.19,medium
cam07__frame_00019.jpg,49,185.53,231.14,198.08,246.03,medium
cam07__frame_00019.jpg,50,186.69,216.79,199.83,231.38,medium
cam07__frame_00019.jpg,51,175.9,225.31,185.82,240.48,medium
cam07__frame_00019.jpg,52,179.69,204.29,186.4,225.89,medium
cam07__frame_00019.jpg,53,186.99,198.17,199.83,216.84,medium
cam07__frame_00019.jpg,54,201.58,192.0,220.3,215.97,medium
cam07__frame_00019.jpg,55,197.2,184.16,210.04,192.04,high
cam07__frame_00019.jpg,56,211.79,175.69,225.22,191.16,high
cam07__frame_00019.jpg,57,153.25,212.6,169.64,230.13,medium
cam07__frame_00019.jpg,58,144.2,211.47,152.68,226.17,low
cam07__frame_00019.jpg,59,136.01,209.66,144.49,224.36,medium
cam07__frame_00019.jpg,60,126.96,206.27,133.18,220.97,medium
cam07__frame_00019.jpg,61,119.05,205.14,126.4,217.01,low
cam07__frame_00019.jpg,62,110.57,201.75,118.48,216.45,medium
cam07__frame_00019.jpg,63,104.92,200.62,110.0,212.49,low
cam07__frame_00019.jpg,64,145.62,191.01,158.05,211.36,low
cam07__frame_00019.jpg,65,125.3,188.18,140.53,206.84,high
cam07__frame_00019.jpg,66,151.8,176.31,165.97,191.01,medium
cam07__frame_00019.jpg,67,140.53,167.83,151.8,184.23,medium
cam07__frame_00019.jpg,68,125.27,163.88,139.4,185.36,medium
cam07__frame_00019.jpg,69,140.56,158.45,151.26,166.36,high
cam07__frame_00019.jpg,70,235.43,162.46,249.89,181.45,medium
cam07__frame_00019.jpg,71,225.48,160.2,234.07,180.09,medium
cam07__frame_00019.jpg,72,215.58,156.1,223.98,175.67,high
cam07__frame_00019.jpg,73,215.34,135.86,240.56,151.92,medium
cam07__frame_00019.jpg,74,215.87,111.9,253.59,128.01,low
cam07__frame_00019.jpg,75,209.96,93.36,255.49,110.46,low
cam07__frame_00019.jpg,76,196.98,157.54,213.53,170.71,medium
cam07__frame_00019.jpg,77,197.0,145.38,212.17,157.88,medium
cam07__frame_00019.jpg,78,195.97,132.55,211.84,145.72,medium
cam07__frame_00019.jpg,79,183.13,153.15,195.63,164.97,medium
cam07__frame_00019.jpg,80,183.81,140.99,195.63,153.82,medium
cam07__frame_00019.jpg,81,183.13,128.83,195.63,142.34,medium
cam07__frame_00019.jpg,82,192.25,119.7,204.1,132.21,medium
cam07__frame_00019.jpg,83,191.91,106.55,199.0,120.06,high
cam07__frame_00019.jpg,84,145.75,143.91,158.88,153.54,high
cam07__frame_00019.jpg,85,129.99,141.28,145.46,149.16,high
cam07__frame_00019.jpg,86,145.75,136.32,159.17,143.91,high
cam07__frame_00019.jpg,87,130.28,130.78,145.46,140.41,high
cam07__frame_00019.jpg,88,146.9,126.69,160.05,136.61,high
cam07__frame_00019.jpg,89,130.57,122.9,145.46,130.78,high
cam07__frame_00019.jpg,90,146.69,116.67,160.25,127.07,high
cam07__frame_00019.jpg,91,134.48,112.65,146.69,123.04,high
cam07__frame_00019.jpg,92,146.69,105.41,159.35,116.67,high
cam07__frame_00019.jpg,93,133.58,103.61,147.14,113.1,high
cam07__frame_00019.jpg,94,147.59,96.78,158.44,105.87,high
cam07__frame_00019.jpg,95,137.65,91.9,147.14,102.7,high
cam07__frame_00019.jpg,96,145.55,76.77,189.96,86.71,low
cam07__frame_00019.jpg,97,121.28,137.75,128.34,147.33,medium
cam07__frame_00019.jpg,98,120.77,129.67,128.09,137.49,medium
cam07__frame_00019.jpg,99,120.77,118.58,127.33,129.17,medium
cam07__frame_00019.jpg,100,114.21,137.49,120.77,146.83,medium
cam07__frame_00019.jpg,101,113.96,128.41,120.52,136.99,medium
cam07__frame_00019.jpg,102,114.14,117.25,120.12,127.24,medium
cam07__frame_00019.jpg,103,108.4,136.78,112.17,145.45,high
cam07__frame_00019.jpg,104,109.16,126.42,111.98,136.4,high
cam07__frame_00019.jpg,105,105.2,135.84,108.4,144.13,high
cam07__frame_00019.jpg,106,104.45,124.72,107.84,135.08,high
cam07__frame_00019.jpg,107,108.03,117.56,111.23,125.47,medium
cam07__frame_00019.jpg,108,98.61,134.52,105.01,142.06,high
cam07__frame_00019.jpg,109,98.04,124.72,104.07,134.14,high
cam07__frame_00019.jpg,110,101.81,114.55,107.65,123.97,high
cam07__frame_00019.jpg,111,106.33,107.01,112.17,116.62,high
cam07__frame_00019.jpg,112,65.4,543.93,97.6,611.9,low
cam07__frame_00019.jpg,113,86.22,494.06,128.44,575.16,low
cam07__frame_00019.jpg,114,135.52,530.3,201.35,639.81,low
cam07__frame_00019.jpg,115,30.78,387.73,64.35,394.2,medium
cam07__frame_00019.jpg,116,33.84,394.74,67.41,401.21,medium
cam07__frame_00019.jpg,117,36.61,402.68,70.17,409.15,medium
cam07__frame_00019.jpg,118,39.02,411.32,72.59,417.79,medium
cam07__frame_00019.jpg,119,41.1,421.33,74.67,427.81,medium
cam07__frame_00019.jpg,120,43.58,431.2,75.82,437.67,medium
cam07__frame_00019.jpg,121,46.51,439.19,77.11,445.67,medium
cam07__frame_00019.jpg,122,48.32,448.0,78.01,454.47,medium
cam07__frame_00019.jpg,123,50.23,457.38,78.84,463.86,medium
cam07__frame_00019.jpg,124,49.06,466.35,80.47,472.83,medium
cam07__frame_00019.jpg,125,49.55,474.65,80.72,479.56,medium
cam07__frame_00019.jpg,126,50.42,480.79,81.68,486.7,medium
cam07__frame_00019.jpg,127,52.99,488.73,84.29,495.2,medium
cam07__frame_00019.jpg,128,54.01,496.09,87.58,501.57,medium
cam07__frame_00019.jpg,129,66.76,420.52,96.59,426.59,low
cam07__frame_00019.jpg,130,64.87,432.49,95.46,437.9,medium
cam07__frame_00019.jpg,131,68.61,438.47,97.23,443.53,medium
cam07__frame_00019.jpg,132,71.52,445.87,95.77,452.34,medium
cam07__frame_00019.jpg,133,72.34,455.57,98.07,462.71,medium
cam07__frame_00019.jpg,134,72.99,465.67,98.49,470.06,medium
cam07__frame_00019.jpg,135,74.65,470.26,102.97,476.73,medium
cam07__frame_00019.jpg,136,91.53,446.61,121.41,453.92,low
cam07__frame_00019.jpg,137,552.22,454.36,558.86,464.1,medium
cam07__frame_00019.jpg,138,558.59,459.14,564.35,467.11,medium
cam07__frame_00019.jpg,139,550.18,463.57,555.49,470.21,high
cam07__frame_00019.jpg,140,555.94,465.78,561.25,472.42,high
cam07__frame_00019.jpg,141,501.77,480.58,505.47,486.13,medium
cam07__frame_00019.jpg,142,505.89,481.0,508.93,486.88,medium
cam07__frame_00019.jpg,143,508.83,481.31,511.87,487.19,medium
cam07__frame_00019.jpg,144,511.87,482.12,514.91,488.0,medium
cam07__frame_00019.jpg,145,515.35,483.79,518.39,489.66,medium
cam07__frame_00019.jpg,146,518.83,485.15,521.87,491.03,medium
cam07__frame_00019.jpg,147,501.17,485.76,504.87,491.3,high
cam07__frame_00019.jpg,148,504.84,486.94,508.53,492.48,high
cam07__frame_00019.jpg,149,508.24,487.46,511.94,493.0,high
cam07__frame_00019.jpg,150,511.9,488.37,515.6,493.92,high
cam07__frame_00019.jpg,151,515.7,489.81,519.39,495.36,high
cam07__frame_00019.jpg,152,519.1,490.86,522.8,496.4,high
cam07__frame_00019.jpg,153,500.7,491.78,504.35,497.25,high
cam07__frame_00019.jpg,154,504.75,492.59,508.81,498.87,high
cam07__frame_00019.jpg,155,508.81,493.2,513.27,500.9,high
cam07__frame_00019.jpg,156,513.88,495.02,518.13,502.32,high
cam07__frame_00019.jpg,157,518.54,496.85,523.2,504.96,high
cam07__frame_00019.jpg,158,545.8,481.28,557.57,486.75,low
cam07__frame_00019.jpg,159,544.28,485.96,556.05,491.43,low
cam07__frame_00019.jpg,160,543.11,491.35,554.88,496.82,medium
cam07__frame_00019.jpg,161,543.11,496.67,553.25,501.86,high
cam07__frame_00019.jpg,162,543.72,502.29,551.22,506.74,high
cam07__frame_00019.jpg,163,543.72,507.44,549.81,510.49,high
cam07__frame_00019.jpg,164,545.13,510.96,549.11,514.94,high
cam07__frame_00019.jpg,165,572.0,490.47,576.03,503.54,high
cam07__frame_00019.jpg,166,577.48,492.65,581.48,505.71,high
cam07__frame_00019.jpg,167,566.23,512.25,571.68,523.5,high
cam07__frame_00019.jpg,168,572.76,512.98,576.76,518.78,high
cam07__frame_00019.jpg,169,390.4,489.54,395.05,493.3,high
cam07__frame_00019.jpg,170,387.88,493.73,395.03,498.1,high
cam07__frame_00019.jpg,171,437.31,492.73,447.42,511.95,low
cam07__frame_00019.jpg,172,446.19,504.95,457.51,518.35,medium
cam07__frame_00019.jpg,173,460.05,493.04,470.39,508.73,high
cam07__frame_00019.jpg,174,499.47,526.34,507.89,536.67,high
cam07__frame_00019.jpg,175,499.14,537.14,506.74,547.19,high
cam07__frame_00019.jpg,176,508.94,513.32,522.64,524.32,medium
cam07__frame_00019.jpg,177,507.63,524.39,520.63,531.84,medium
cam07__frame_00019.jpg,178,508.01,531.67,518.75,541.7,high
cam07__frame_00019.jpg,179,506.17,542.06,516.19,551.35,high
cam07__frame_00019.jpg,180,547.53,534.9,553.1,545.37,high
cam07__frame_00019.jpg,181,554.08,535.55,559.65,545.7,high
cam07__frame_00019.jpg,182,548.19,545.05,553.75,552.58,high
cam07__frame_00019.jpg,183,343.37,582.92,395.48,640.0,high
cam07__frame_00019.jpg,184,1.41,82.24,18.22,143.91,high
cam07__frame_00019.jpg,185,318.6,235.02,335.26,273.36,high
cam07__frame_00019.jpg,186,336.7,248.42,368.98,332.9,low
cam07__frame_00019.jpg,187,292.3,275.25,331.6,305.24,high
cam07__frame_00019.jpg,188,309.86,308.01,334.8,353.74,low
cam07__frame_00019.jpg,189,306.62,354.2,334.34,385.15,medium
cam07__frame_00019.jpg,190,407.65,447.88,413.39,452.67,high
cam07__frame_00019.jpg,191,417.38,424.25,422.33,435.44,low
cam07__frame_00019.jpg,192,417.38,436.08,422.17,441.66,medium
cam07__frame_00019.jpg,193,423.97,426.57,428.42,433.73,high
cam07__frame_00019.jpg,194,418.29,454.0,422.99,459.43,high
cam07__frame_00019.jpg,195,427.93,439.4,432.87,444.85,high
cam07__frame_00019.jpg,196,427.19,445.1,431.88,450.54,high
cam07__frame_00019.jpg,197,426.2,451.28,431.39,456.71,high
cam07__frame_00019.jpg,198,424.96,456.71,430.89,462.4,high
cam07__frame_00019.jpg,199,464.96,460.42,468.94,480.68,low
cam07__frame_00019.jpg,200,438.15,41.54,495.46,150.19,low
cam07__frame_00019.jpg,201,505.81,1.78,535.11,22.88,high
cam07__frame_00019.jpg,202,535.11,0.61,556.21,39.29,high
cam07__frame_00019.jpg,203,557.39,0.0,576.14,55.7,high
cam07__frame_00019.jpg,204,579.66,0.61,601.93,36.95,high
cam07__frame_00019.jpg,205,578.48,34.6,610.13,72.11,medium
cam07__frame_00019.jpg,206,612.5,46.32,640.0,75.63,medium
cam07__frame_00019.jpg,207,614.82,73.28,640.0,100.24,medium
cam07__frame_00019.jpg,208,438.15,41.54,495.46,150.19,low
cam07__frame_00019.jpg,209,493.27,71.17,552.55,178.95,low
cam07__frame_00019.jpg,210,548.46,102.05,601.37,202.93,low
cam07__frame_00019.jpg,211,601.85,125.08,633.63,221.99,medium
cam07__frame_00019.jpg,212,628.5,178.28,640.0,243.5,high
cam07__frame_00019.jpg,213,421.83,197.6,475.66,292.95,high
cam07__frame_00019.jpg,214,486.44,221.96,522.18,240.82,low
cam07__frame_00019.jpg,215,482.46,241.82,515.23,308.33,low
cam07__frame_00019.jpg,216,535.01,213.54,572.63,269.14,medium
cam07__frame_00019.jpg,217,520.62,262.65,551.54,329.26,low
cam07__frame_00019.jpg,218,553.94,275.57,568.84,342.09,high
cam07__frame_00019.jpg,219,572.26,307.64,614.14,329.88,high
cam07__frame_00019.jpg,220,613.55,310.01,640.0,351.93,high
cam07__frame_00019.jpg,221,416.69,293.0,429.12,338.79,low
cam07__frame_00019.jpg,222,414.07,339.45,427.15,346.64,medium
cam07__frame_00019.jpg,223,438.37,301.2,447.52,327.96,low
cam07__frame_00019.jpg,224,429.9,330.18,444.03,344.31,high
cam07__frame_00019.jpg,225,431.03,344.31,445.16,356.75,medium
cam07__frame_00019.jpg,226,445.05,331.91,457.18,345.97,high
cam07__frame_00019.jpg,227,484.52,356.54,496.3,365.76,medium
cam07__frame_00019.jpg,228,501.63,330.6,512.55,353.09,low
cam07__frame_00019.jpg,229,500.66,352.76,512.22,362.35,medium
cam07__frame_00019.jpg,230,497.01,362.02,508.58,369.3,medium
cam07__frame_00019.jpg,231,495.68,369.63,505.94,377.57,medium
cam07__frame_00019.jpg,232,513.56,338.04,524.87,348.31,medium
cam07__frame_00019.jpg,233,513.05,348.39,523.66,355.66,medium
cam07__frame_00019.jpg,234,511.71,355.57,521.66,362.84,medium
cam07__frame_00019.jpg,235,508.39,365.58,519.97,372.86,medium
cam07__frame_00019.jpg,236,505.65,374.4,517.23,381.68,medium
cam07__frame_00019.jpg,237,524.96,345.56,536.54,352.83,medium
cam07__frame_00019.jpg,238,523.09,352.99,533.64,360.26,medium
cam07__frame_00019.jpg,239,520.19,359.86,531.77,367.14,medium
cam07__frame_00019.jpg,240,519.48,369.16,531.06,376.43,medium
cam07__frame_00019.jpg,241,516.38,378.46,527.96,385.73,medium
cam07__frame_00019.jpg,242,526.9,387.82,546.02,395.9,medium
cam07__frame_00019.jpg,243,404.09,374.69,407.59,386.64,medium
cam07__frame_00019.jpg,244,400.85,387.63,406.82,399.72,medium
cam07__frame_00019.jpg,245,408.42,376.34,413.36,389.11,medium
cam07__frame_00019.jpg,246,406.7,389.61,411.21,401.24,medium
cam07__frame_00019.jpg,247,414.19,380.87,419.54,393.64,medium
cam07__frame_00019.jpg,248,412.32,393.25,416.89,403.71,low
cam07__frame_00019.jpg,249,419.34,388.29,423.66,396.94,medium
cam07__frame_00019.jpg,250,417.9,396.48,422.1,407.81,medium
cam07__frame_00019.jpg,251,422.26,398.14,425.85,409.19,medium
cam07__frame_00019.jpg,252,426.4,399.53,429.85,410.43,medium
cam07__frame_00019.jpg,253,430.54,401.04,435.79,412.36,medium
cam07__frame_00019.jpg,254,441.36,386.4,447.85,400.46,medium
cam07__frame_00019.jpg,255,439.57,401.7,445.23,407.23,high
cam07__frame_00019.jpg,256,451.58,410.26,455.58,422.69,high
cam07__frame_00019.jpg,257,458.75,408.2,462.34,416.89,medium
cam07__frame_00019.jpg,258,458.2,417.3,461.93,425.58,medium
cam07__frame_00019.jpg,259,462.21,408.67,465.79,417.36,medium
cam07__frame_00019.jpg,260,462.21,417.65,465.79,426.34,medium
cam07__frame_00019.jpg,261,466.07,410.33,469.66,419.02,medium
cam07__frame_00019.jpg,262,465.93,419.72,469.52,428.41,medium
cam07__frame_00019.jpg,263,470.35,412.68,473.94,421.37,medium
cam07__frame_00019.jpg,264,469.94,421.24,473.52,429.92,medium
cam07__frame_00019.jpg,265,480.99,398.3,485.25,415.48,low
cam07__frame_00019.jpg,266,484.97,401.39,489.83,417.42,low
cam07__frame_00019.jpg,267,489.79,403.05,494.66,419.08,low
cam07__frame_00019.jpg,268,494.92,405.62,499.79,421.64,low
cam07__frame_00019.jpg,269,499.41,406.9,504.28,422.93,medium
cam07__frame_00019.jpg,270,503.87,409.86,508.74,425.89,high
cam07__frame_00019.jpg,271,477.28,417.01,482.15,433.04,low
cam07__frame_00019.jpg,272,481.86,419.01,486.73,435.04,low
cam07__frame_00019.jpg,273,487.0,421.3,491.87,437.32,low
cam07__frame_00019.jpg,274,491.58,422.73,496.44,438.75,low
cam07__frame_00019.jpg,275,495.58,425.01,500.45,441.04,low
cam07__frame_00019.jpg,276,499.87,427.01,504.73,443.04,high
cam07__frame_00019.jpg,277,397.88,416.83,402.15,433.76,low
cam07__frame_00019.jpg,278,397.0,433.94,400.42,441.2,medium
cam07__frame_00019.jpg,279,395.72,442.27,399.35,448.89,medium
cam07__frame_00022.jpg,0,109.16,126.42,111.98,136.4,high
cam07__frame_00022.jpg,1,262.96,371.41,287.0,463.3,low
cam07__frame_00022.jpg,2,264.6,315.1,306.83,411.14,low
cam07__frame_00022.jpg,3,306.62,354.2,334.34,385.15,medium
cam07__frame_00022.jpg,4,309.86,308.01,334.8,353.74,low
cam07__frame_00022.jpg,5,292.3,275.25,331.6,305.24,high
cam07__frame_00022.jpg,6,336.7,248.42,368.98,332.9,low
cam07__frame_00022.jpg,7,318.6,235.02,335.26,273.36,high
cam07__frame_00022.jpg,8,1.41,82.24,18.22,143.91,high
cam07__frame_00022.jpg,9,343.37,582.92,395.48,640.0,high
cam07__frame_00022.jpg,10,548.19,545.05,553.75,552.58,high
cam07__frame_00022.jpg,11,554.08,535.55,559.65,545.7,high
cam07__frame_00022.jpg,12,547.53,534.9,553.1,545.37,high
cam07__frame_00022.jpg,13,506.17,542.06,516.19,551.35,high
cam07__frame_00022.jpg,14,508.01,531.67,518.75,541.7,high
cam07__frame_00022.jpg,15,507.63,524.39,520.63,531.84,medium
cam07__frame_00022.jpg,16,508.94,513.32,522.64,524.32,medium
cam07__frame_00022.jpg,17,499.14,537.14,506.74,547.19,high
cam07__frame_00022.jpg,18,499.47,526.34,507.89,536.67,high
cam07__frame_00022.jpg,19,460.05,493.04,470.39,508.73,high
cam07__frame_00022.jpg,20,446.19,504.95,457.51,518.35,medium
cam07__frame_00022.jpg,21,437.31,492.73,447.42,511.95,low
cam07__frame_00022.jpg,22,387.88,493.73,395.03,498.1,high
cam07__frame_00022.jpg,23,390.4,489.54,395.05,493.3,high
cam07__frame_00022.jpg,24,572.76,512.98,576.76,518.78,high
cam07__frame_00022.jpg,25,566.23,512.25,571.68,523.5,high
cam07__frame_00022.jpg,26,577.48,492.65,581.48,505.71,high
cam07__frame_00022.jpg,27,572.0,490.47,576.03,503.54,high
cam07__frame_00022.jpg,28,545.13,510.96,549.11,514.94,high
cam07__frame_00022.jpg,29,543.72,507.44,549.81,510.49,high
cam07__frame_00022.jpg,30,543.72,502.29,551.22,506.74,high
cam07__frame_00022.jpg,31,543.11,496.67,553.25,501.86,high
cam07__frame_00022.jpg,32,543.11,491.35,554.88,496.82,medium
cam07__frame_00022.jpg,33,544.28,485.96,556.05,491.43,low
cam07__frame_00022.jpg,34,545.8,481.28,557.57,486.75,low
cam07__frame_00022.jpg,35,518.54,496.85,523.2,504.96,high
cam07__frame_00022.jpg,36,513.88,495.02,518.13,502.32,high
cam07__frame_00022.jpg,37,508.81,493.2,513.27,500.9,high
cam07__frame_00022.jpg,38,504.75,492.59,508.81,498.87,high
cam07__frame_00022.jpg,39,500.7,491.78,504.35,497.25,high
cam07__frame_00022.jpg,40,519.1,490.86,522.8,496.4,high
cam07__frame_00022.jpg,41,515.7,489.81,519.39,495.36,high
cam07__frame_00022.jpg,42,511.9,488.37,515.6,493.92,high
cam07__frame_00022.jpg,43,508.24,487.46,511.94,493.0,high
cam07__frame_00022.jpg,44,504.84,486.94,508.53,492.48,high
cam07__frame_00022.jpg,45,501.17,485.76,504.87,491.3,high
cam07__frame_00022.jpg,46,518.83,485.15,521.87,491.03,medium
cam07__frame_00022.jpg,47,515.35,483.79,518.39,489.66,medium
cam07__frame_00022.jpg,48,511.87,482.12,514.91,488.0,medium
cam07__frame_00022.jpg,49,508.83,481.31,511.87,487.19,medium
cam07__frame_00022.jpg,50,505.89,481.0,508.93,486.88,medium
cam07__frame_00022.jpg,51,501.77,480.58,505.47,486.13,medium
cam07__frame_00022.jpg,52,555.94,465.78,561.25,472.42,high
cam07__frame_00022.jpg,53,550.18,463.57,555.49,470.21,high
cam07__frame_00022.jpg,54,558.59,459.14,564.35,467.11,medium
cam07__frame_00022.jpg,55,552.22,454.36,558.86,464.1,medium
cam07__frame_00022.jpg,56,91.53,446.61,121.41,453.92,low
cam07__frame_00022.jpg,57,74.65,470.26,102.97,476.73,medium
cam07__frame_00022.jpg,58,72.99,465.67,98.49,470.06,medium
cam07__frame_00022.jpg,59,72.34,455.57,98.07,462.71,medium
cam07__frame_00022.jpg,60,71.52,445.87,95.77,452.34,medium
cam07__frame_00022.jpg,61,68.61,438.47,97.23,443.53,medium
cam07__frame_00022.jpg,62,64.87,432.49,95.46,437.9,medium
cam07__frame_00022.jpg,63,66.76,420.52,96.59,426.59,low
cam07__frame_00022.jpg,64,54.01,496.09,87.58,501.57,medium
cam07__frame_00022.jpg,65,52.99,488.73,84.29,495.2,medium
cam07__frame_00022.jpg,66,50.42,480.79,81.68,486.7,medium
cam07__frame_00022.jpg,67,49.55,474.65,80.72,479.56,medium
cam07__frame_00022.jpg,68,49.06,466.35,80.47,472.83,medium
cam07__frame_00022.jpg,69,50.23,457.38,78.84,463.86,medium
cam07__frame_00022.jpg,70,48.32,448.0,78.01,454.47,medium
cam07__frame_00022.jpg,71,46.51,439.19,77.11,445.67,medium
cam07__frame_00022.jpg,72,43.58,431.2,75.82,437.67,medium
cam07__frame_00022.jpg,73,41.1,421.33,74.67,427.81,medium
cam07__frame_00022.jpg,74,39.02,411.32,72.59,417.79,medium
cam07__frame_00022.jpg,75,36.61,402.68,70.17,409.15,medium
cam07__frame_00022.jpg,76,33.84,394.74,67.41,401.21,medium
cam07__frame_00022.jpg,77,30.78,387.73,64.35,394.2,medium
cam07__frame_00022.jpg,78,135.52,530.3,201.35,639.81,low
cam07__frame_00022.jpg,79,86.22,494.06,128.44,575.16,low
cam07__frame_00022.jpg,80,65.4,543.93,97.6,611.9,low
cam07__frame_00022.jpg,81,16.31,584.89,73.26,640.0,high
cam07__frame_00022.jpg,82,1.62,440.09,50.64,541.39,low
cam07__frame_00022.jpg,83,0.0,495.89,34.51,615.75,high
cam07__frame_00022.jpg,84,0.0,261.61,42.6,277.71,high
cam07__frame_00022.jpg,85,0.0,239.62,49.39,255.32,medium
cam07__frame_00022.jpg,86,0.0,217.35,48.26,236.73,medium
cam07__frame_00022.jpg,87,0.0,180.08,43.22,215.55,low
cam07__frame_00022.jpg,88,480.78,467.09,484.76,487.35,low
cam07__frame_00022.jpg,89,476.34,465.11,480.31,485.37,low
cam07__frame_00022.jpg,90,472.38,463.13,476.36,483.39,low
cam07__frame_00022.jpg,91,468.43,461.65,472.41,481.91,low
cam07__frame_00022.jpg,92,464.96,460.42,468.94,480.68,low
cam07__frame_00022.jpg,93,424.96,456.71,430.89,462.4,high
cam07__frame_00022.jpg,94,426.2,451.28,431.39,456.71,high
cam07__frame_00022.jpg,95,427.19,445.1,431.88,450.54,high
cam07__frame_00022.jpg,96,427.93,439.4,432.87,444.85,high
cam07__frame_00022.jpg,97,418.29,454.0,422.99,459.43,high
cam07__frame_00022.jpg,98,165.5,385.12,183.98,429.02,low
cam07__frame_00022.jpg,99,144.7,379.35,166.65,423.25,low
cam07__frame_00022.jpg,100,129.68,367.79,142.39,404.76,low
cam07__frame_00022.jpg,101,117.0,356.24,129.68,392.05,low
cam07__frame_00022.jpg,102,221.44,420.81,239.67,458.29,medium
cam07__frame_00022.jpg,103,203.22,417.73,220.44,448.13,medium
cam07__frame_00022.jpg,104,181.9,410.8,201.16,440.83,medium
cam07__frame_00022.jpg,105,214.72,374.7,236.67,416.32,low
cam07__frame_00022.jpg,106,198.07,345.94,221.53,397.4,medium
cam07__frame_00022.jpg,107,182.18,342.91,198.07,387.56,high
cam07__frame_00022.jpg,108,142.07,311.13,160.99,362.6,low
cam07__frame_00022.jpg,109,126.9,296.75,141.32,345.18,medium
cam07__frame_00022.jpg,110,114.1,303.6,127.69,339.13,medium
cam07__frame_00022.jpg,111,220.44,288.97,239.86,342.59,medium
cam07__frame_00022.jpg,112,199.33,291.5,219.59,336.26,low
cam07__frame_00022.jpg,113,176.52,287.7,196.79,332.04,low
cam07__frame_00022.jpg,114,173.62,273.62,221.8,288.95,low
cam07__frame_00022.jpg,115,184.94,272.89,232.74,281.28,high
cam07__frame_00022.jpg,116,180.92,264.49,223.26,273.62,high
cam07__frame_00022.jpg,117,168.48,249.53,201.36,260.86,high
cam07__frame_00022.jpg,118,143.3,259.71,163.6,305.31,medium
cam07__frame_00022.jpg,119,130.15,236.96,140.62,259.85,medium
cam07__frame_00022.jpg,120,120.34,257.23,130.81,272.93,low
cam07__frame_00022.jpg,121,104.49,245.35,116.73,274.49,low
cam07__frame_00022.jpg,122,228.28,242.36,240.1,260.6,medium
cam07__frame_00022.jpg,123,228.96,225.82,241.11,243.04,medium
cam07__frame_00022.jpg,124,229.3,199.14,241.79,226.15,medium
cam07__frame_00022.jpg,125,211.74,238.65,227.27,257.22,medium
cam07__frame_00022.jpg,126,210.72,220.41,227.61,237.97,medium
cam07__frame_00022.jpg,127,198.95,233.77,211.21,250.7,medium
cam07__frame_00022.jpg,128,200.12,214.22,211.21,233.19,medium
cam07__frame_00022.jpg,129,185.53,231.14,198.08,246.03,medium
cam07__frame_00022.jpg,130,186.69,216.79,199.83,231.38,medium
cam07__frame_00022.jpg,131,175.9,225.31,185.82,240.48,medium
cam07__frame_00022.jpg,132,179.69,204.29,186.4,225.89,medium
cam07__frame_00022.jpg,133,186.99,198.17,199.83,216.84,medium
cam07__frame_00022.jpg,134,201.58,192.0,220.3,215.97,medium
cam07__frame_00022.jpg,135,197.2,184.16,210.04,192.04,high
cam07__frame_00022.jpg,136,211.79,175.69,225.22,191.16,high
cam07__frame_00022.jpg,137,153.25,212.6,169.64,230.13,medium
cam07__frame_00022.jpg,138,144.2,211.47,152.68,226.17,low
cam07__frame_00022.jpg,139,136.01,209.66,144.49,224.36,medium
cam07__frame_00022.jpg,140,126.96,206.27,133.18,220.97,medium
cam07__frame_00022.jpg,141,119.05,205.14,126.4,217.01,low
cam07__frame_00022.jpg,142,110.57,201.75,118.48,216.45,medium
cam07__frame_00022.jpg,143,104.92,200.62,110.0,212.49,low
cam07__frame_00022.jpg,144,145.62,191.01,158.05,211.36,low
cam07__frame_00022.jpg,145,125.3,188.18,140.53,206.84,high
cam07__frame_00022.jpg,146,151.8,176.31,165.97,191.01,medium
cam07__frame_00022.jpg,147,140.53,167.83,151.8,184.23,medium
cam07__frame_00022.jpg,148,125.27,163.88,139.4,185.36,medium
cam07__frame_00022.jpg,149,140.56,158.45,151.26,166.36,high
cam07__frame_00022.jpg,150,235.43,162.46,249.89,181.45,medium
cam07__frame_00022.jpg,151,225.48,160.2,234.07,180.09,medium
cam07__frame_00022.jpg,152,215.58,156.1,223.98,175.67,high
cam07__frame_00022.jpg,153,215.34,135.86,240.56,151.92,medium
cam07__frame_00022.jpg,154,215.87,111.9,253.59,128.01,low
cam07__frame_00022.jpg,155,209.96,93.36,255.49,110.46,low
cam07__frame_00022.jpg,156,196.98,157.54,213.53,170.71,medium
cam07__frame_00022.jpg,157,197.0,145.38,212.17,157.88,medium
cam07__frame_00022.jpg,158,195.97,132.55,211.84,145.72,medium
cam07__frame_00022.jpg,159,183.13,153.15,195.63,164.97,medium
cam07__frame_00022.jpg,160,183.81,140.99,195.63,153.82,medium
cam07__frame_00022.jpg,161,183.13,128.83,195.63,142.34,medium
cam07__frame_00022.jpg,162,192.25,119.7,204.1,132.21,medium
cam07__frame_00022.jpg,163,191.91,106.55,199.0,120.06,high
cam07__frame_00022.jpg,164,145.75,143.91,158.88,153.54,high
cam07__frame_00022.jpg,165,129.99,141.28,145.46,149.16,high
cam07__frame_00022.jpg,166,145.75,136.32,159.17,143.91,high
cam07__frame_00022.jpg,167,130.28,130.78,145.46,140.41,high
cam07__frame_00022.jpg,168,146.9,126.69,160.05,136.61,high
cam07__frame_00022.jpg,169,130.57,122.9,145.46,130.78,high
cam07__frame_00022.jpg,170,146.69,116.67,160.25,127.07,high
cam07__frame_00022.jpg,171,134.48,112.65,146.69,123.04,high
cam07__frame_00022.jpg,172,146.69,105.41,159.35,116.67,high
cam07__frame_00022.jpg,173,133.58,103.61,147.14,113.1,high
cam07__frame_00022.jpg,174,147.59,96.78,158.44,105.87,high
cam07__frame_00022.jpg,175,137.65,91.9,147.14,102.7,high
cam07__frame_00022.jpg,176,145.55,76.77,189.96,86.71,low
cam07__frame_00022.jpg,177,121.28,137.75,128.34,147.33,medium
cam07__frame_00022.jpg,178,120.77,129.67,128.09,137.49,medium
cam07__frame_00022.jpg,179,120.77,118.58,127.33,129.17,medium
cam07__frame_00022.jpg,180,114.21,137.49,120.77,146.83,medium
cam07__frame_00022.jpg,181,113.96,128.41,120.52,136.99,medium
cam07__frame_00022.jpg,182,114.14,117.25,120.12,127.24,medium
cam07__frame_00022.jpg,183,108.4,136.78,112.17,145.45,high
cam07__frame_00022.jpg,184,105.2,135.84,108.4,144.13,high
cam07__frame_00022.jpg,185,104.45,124.72,107.84,135.08,high
cam07__frame_00022.jpg,186,108.03,117.56,111.23,125.47,medium
cam07__frame_00022.jpg,187,98.61,134.52,105.01,142.06,high
cam07__frame_00022.jpg,188,98.04,124.72,104.07,134.14,high
cam07__frame_00022.jpg,189,101.81,114.55,107.65,123.97,high
cam07__frame_00022.jpg,190,106.33,107.01,112.17,116.62,high
cam07__frame_00022.jpg,191,423.97,426.57,428.42,433.73,high
cam07__frame_00022.jpg,192,417.38,436.08,422.17,441.66,medium
cam07__frame_00022.jpg,193,417.38,424.25,422.33,435.44,low
cam07__frame_00022.jpg,194,407.65,447.88,413.39,452.67,high
cam07__frame_00022.jpg,195,408.93,442.86,413.39,448.12,low
cam07__frame_00022.jpg,196,408.45,435.2,413.87,442.7,low
cam07__frame_00022.jpg,197,410.37,421.88,414.67,434.8,low
cam07__frame_00022.jpg,198,400.79,447.4,406.54,452.19,high
cam07__frame_00022.jpg,199,401.59,441.98,406.06,447.24,low
cam07__frame_00022.jpg,200,401.82,434.26,407.24,441.76,low
cam07__frame_00022.jpg,201,402.93,423.25,407.88,434.74,low
cam07__frame_00022.jpg,202,395.72,442.27,399.35,448.89,medium
cam07__frame_00022.jpg,203,397.0,433.94,400.42,441.2,medium
cam07__frame_00022.jpg,204,397.88,416.83,402.15,433.76,low
cam07__frame_00022.jpg,205,499.87,427.01,504.73,443.04,high
cam07__frame_00022.jpg,206,495.58,425.01,500.45,441.04,low
cam07__frame_00022.jpg,207,491.58,422.73,496.44,438.75,low
cam07__frame_00022.jpg,208,487.0,421.3,491.87,437.32,low
cam07__frame_00022.jpg,209,481.86,419.01,486.73,435.04,low
cam07__frame_00022.jpg,210,477.28,417.01,482.15,433.04,low
cam07__frame_00022.jpg,211,503.87,409.86,508.74,425.89,high
cam07__frame_00022.jpg,212,499.41,406.9,504.28,422.93,medium
cam07__frame_00022.jpg,213,494.92,405.62,499.79,421.64,low
cam07__frame_00022.jpg,214,489.79,403.05,494.66,419.08,low
cam07__frame_00022.jpg,215,484.97,401.39,489.83,417.42,low
cam07__frame_00022.jpg,216,480.99,398.3,485.25,415.48,low
cam07__frame_00022.jpg,217,469.94,421.24,473.52,429.92,medium
cam07__frame_00022.jpg,218,470.35,412.68,473.94,421.37,medium
cam07__frame_00022.jpg,219,465.93,419.72,469.52,428.41,medium
cam07__frame_00022.jpg,220,466.07,410.33,469.66,419.02,medium
cam07__frame_00022.jpg,221,462.21,417.65,465.79,426.34,medium
cam07__frame_00022.jpg,222,462.21,408.67,465.79,417.36,medium
cam07__frame_00022.jpg,223,458.2,417.3,461.93,425.58,medium
cam07__frame_00022.jpg,224,458.75,408.2,462.34,416.89,medium
cam07__frame_00022.jpg,225,451.58,410.26,455.58,422.69,high
cam07__frame_00022.jpg,226,439.57,401.7,445.23,407.23,high
cam07__frame_00022.jpg,227,441.36,386.4,447.85,400.46,medium
cam07__frame_00022.jpg,228,430.54,401.04,435.79,412.36,medium
cam07__frame_00022.jpg,229,426.4,399.53,429.85,410.43,medium
cam07__frame_00022.jpg,230,422.26,398.14,425.85,409.19,medium
cam07__frame_00022.jpg,231,417.9,396.48,422.1,407.81,medium
cam07__frame_00022.jpg,232,419.34,388.29,423.66,396.94,medium
cam07__frame_00022.jpg,233,412.32,393.25,416.89,403.71,low
cam07__frame_00022.jpg,234,414.19,380.87,419.54,393.64,medium
cam07__frame_00022.jpg,235,406.7,389.61,411.21,401.24,medium
cam07__frame_00022.jpg,236,408.42,376.34,413.36,389.11,medium
cam07__frame_00022.jpg,237,400.85,387.63,406.82,399.72,medium
cam07__frame_00022.jpg,238,404.09,374.69,407.59,386.64,medium
cam07__frame_00022.jpg,239,526.9,387.82,546.02,395.9,medium
cam07__frame_00022.jpg,240,516.38,378.46,527.96,385.73,medium
cam07__frame_00022.jpg,241,519.48,369.16,531.06,376.43,medium
cam07__frame_00022.jpg,242,520.19,359.86,531.77,367.14,medium
cam07__frame_00022.jpg,243,523.09,352.99,533.64,360.26,medium
cam07__frame_00022.jpg,244,524.96,345.56,536.54,352.83,medium
cam07__frame_00022.jpg,245,505.65,374.4,517.23,381.68,medium
cam07__frame_00022.jpg,246,508.39,365.58,519.97,372.86,medium
cam07__frame_00022.jpg,247,511.71,355.57,521.66,362.84,medium
cam07__frame_00022.jpg,248,513.05,348.39,523.66,355.66,medium
cam07__frame_00022.jpg,249,513.56,338.04,524.87,348.31,medium
cam07__frame_00022.jpg,250,495.68,369.63,505.94,377.57,medium
cam07__frame_00022.jpg,251,497.01,362.02,508.58,369.3,medium
cam07__frame_00022.jpg,252,500.66,352.76,512.22,362.35,medium
cam07__frame_00022.jpg,253,501.63,330.6,512.55,353.09,low
cam07__frame_00022.jpg,254,484.52,356.54,496.3,365.76,medium
cam07__frame_00022.jpg,255,445.05,331.91,457.18,345.97,high
cam07__frame_00022.jpg,256,431.03,344.31,445.16,356.75,medium
cam07__frame_00022.jpg,257,429.9,330.18,444.03,344.31,high
cam07__frame_00022.jpg,258,438.37,301.2,447.52,327.96,low
cam07__frame_00022.jpg,259,414.07,339.45,427.15,346.64,medium
cam07__frame_00022.jpg,260,416.69,293.0,429.12,338.79,low
cam07__frame_00022.jpg,261,613.55,310.01,640.0,351.93,high
cam07__frame_00022.jpg,262,572.26,307.64,614.14,329.88,high
cam07__frame_00022.jpg,263,553.94,275.57,568.84,342.09,high
cam07__frame_00022.jpg,264,520.62,262.65,551.54,329.26,low
cam07__frame_00022.jpg,265,535.01,213.54,572.63,269.14,medium
cam07__frame_00022.jpg,266,482.46,241.82,515.23,308.33,low
cam07__frame_00022.jpg,267,486.44,221.96,522.18,240.82,low
cam07__frame_00022.jpg,268,421.83,197.6,475.66,292.95,high
cam07__frame_00022.jpg,269,628.5,178.28,640.0,243.5,high
cam07__frame_00022.jpg,270,601.85,125.08,633.63,221.99,medium
cam07__frame_00022.jpg,271,548.46,102.05,601.37,202.93,low
cam07__frame_00022.jpg,272,493.27,71.17,552.55,178.95,low
cam07__frame_00022.jpg,273,438.15,41.54,495.46,150.19,low
cam07__frame_00022.jpg,274,614.82,73.28,640.0,100.24,medium
cam07__frame_00022.jpg,275,612.5,46.32,640.0,75.63,medium
cam07__frame_00022.jpg,276,578.48,34.6,610.13,72.11,medium
cam07__frame_00022.jpg,277,579.66,0.61,601.93,36.95,high
cam07__frame_00022.jpg,278,557.39,0.0,576.14,55.7,high
cam07__frame_00022.jpg,279,535.11,0.61,556.21,39.29,high
cam07__frame_00022.jpg,280,505.81,1.78,535.11,22.88,high
cam07__frame_00022.jpg,281,438.15,41.54,495.46,150.19,low
cam07__frame_00025.jpg,0,418.29,454.0,422.99,459.43,high
cam07__frame_00025.jpg,1,427.93,439.4,432.87,444.85,high
cam07__frame_00025.jpg,2,427.19,445.1,431.88,450.54,high
cam07__frame_00025.jpg,3,426.2,451.28,431.39,456.71,high
cam07__frame_00025.jpg,4,108.03,117.56,111.23,125.47,medium
cam07__frame_00025.jpg,5,104.45,124.72,107.84,135.08,high
cam07__frame_00025.jpg,6,105.2,135.84,108.4,144.13,high
cam07__frame_00025.jpg,7,109.16,126.42,111.98,136.4,high
cam07__frame_00025.jpg,8,108.4,136.78,112.17,145.45,high
cam07__frame_00025.jpg,9,114.14,117.25,120.12,127.24,medium
cam07__frame_00025.jpg,10,113.96,128.41,120.52,136.99,medium
cam07__frame_00025.jpg,11,114.21,137.49,120.77,146.83,medium
cam07__frame_00025.jpg,12,120.77,118.58,127.33,129.17,medium
cam07__frame_00025.jpg,13,120.77,129.67,128.09,137.49,medium
cam07__frame_00025.jpg,14,121.28,137.75,128.34,147.33,medium
cam07__frame_00025.jpg,15,145.55,76.77,189.96,86.71,low
cam07__frame_00025.jpg,16,137.65,91.9,147.14,102.7,high
cam07__frame_00025.jpg,17,147.59,96.78,158.44,105.87,high
cam07__frame_00025.jpg,18,133.58,103.61,147.14,113.1,high
cam07__frame_00025.jpg,19,146.69,105.41,159.35,116.67,high
cam07__frame_00025.jpg,20,134.48,112.65,146.69,123.04,high
cam07__frame_00025.jpg,21,146.69,116.67,160.25,127.07,high
cam07__frame_00025.jpg,22,130.57,122.9,145.46,130.78,high
cam07__frame_00025.jpg,23,146.9,126.69,160.05,136.61,high
cam07__frame_00025.jpg,24,130.28,130.78,145.46,140.41,high
cam07__frame_00025.jpg,25,145.75,136.32,159.17,143.91,high
cam07__frame_00025.jpg,26,129.99,141.28,145.46,149.16,high
cam07__frame_00025.jpg,27,145.75,143.91,158.88,153.54,high
cam07__frame_00025.jpg,28,191.91,106.55,199.0,120.06,high
cam07__frame_00025.jpg,29,192.25,119.7,204.1,132.21,medium
cam07__frame_00025.jpg,30,183.13,128.83,195.63,142.34,medium
cam07__frame_00025.jpg,31,183.81,140.99,195.63,153.82,medium
cam07__frame_00025.jpg,32,183.13,153.15,195.63,164.97,medium
cam07__frame_00025.jpg,33,195.97,132.55,211.84,145.72,medium
cam07__frame_00025.jpg,34,197.0,145.38,212.17,157.88,medium
cam07__frame_00025.jpg,35,196.98,157.54,213.53,170.71,medium
cam07__frame_00025.jpg,36,209.96,93.36,255.49,110.46,low
cam07__frame_00025.jpg,37,215.87,111.9,253.59,128.01,low
cam07__frame_00025.jpg,38,215.34,135.86,240.56,151.92,medium
cam07__frame_00025.jpg,39,215.58,156.1,223.98,175.67,high
cam07__frame_00025.jpg,40,225.48,160.2,234.07,180.09,medium
cam07__frame_00025.jpg,41,235.43,162.46,249.89,181.45,medium
cam07__frame_00025.jpg,42,140.56,158.45,151.26,166.36,high
cam07__frame_00025.jpg,43,125.27,163.88,139.4,185.36,medium
cam07__frame_00025.jpg,44,140.53,167.83,151.8,184.23,medium
cam07__frame_00025.jpg,45,151.8,176.31,165.97,191.01,medium
cam07__frame_00025.jpg,46,125.3,188.18,140.53,206.84,high
cam07__frame_00025.jpg,47,145.62,191.01,158.05,211.36,low
cam07__frame_00025.jpg,48,104.92,200.62,110.0,212.49,low
cam07__frame_00025.jpg,49,110.57,201.75,118.48,216.45,medium
cam07__frame_00025.jpg,50,119.05,205.14,126.4,217.01,low
cam07__frame_00025.jpg,51,126.96,206.27,133.18,220.97,medium
cam07__frame_00025.jpg,52,136.01,209.66,144.49,224.36,medium
cam07__frame_00025.jpg,53,144.2,211.47,152.68,226.17,low
cam07__frame_00025.jpg,54,153.25,212.6,169.64,230.13,medium
cam07__frame_00025.jpg,55,211.79,175.69,225.22,191.16,high
cam07__frame_00025.jpg,56,197.2,184.16,210.04,192.04,high
cam07__frame_00025.jpg,57,201.58,192.0,220.3,215.97,medium
cam07__frame_00025.jpg,58,186.99,198.17,199.83,216.84,medium
cam07__frame_00025.jpg,59,179.69,204.29,186.4,225.89,medium
cam07__frame_00025.jpg,60,175.9,225.31,185.82,240.48,medium
cam07__frame_00025.jpg,61,186.69,216.79,199.83,231.38,medium
cam07__frame_00025.jpg,62,185.53,231.14,198.08,246.03,medium
cam07__frame_00025.jpg,63,200.12,214.22,211.21,233.19,medium
cam07__frame_00025.jpg,64,198.95,233.77,211.21,250.7,medium
cam07__frame_00025.jpg,65,210.72,220.41,227.61,237.97,medium
cam07__frame_00025.jpg,66,211.74,238.65,227.27,257.22,medium
cam07__frame_00025.jpg,67,229.3,199.14,241.79,226.15,medium
cam07__frame_00025.jpg,68,228.96,225.82,241.11,243.04,medium
cam07__frame_00025.jpg,69,228.28,242.36,240.1,260.6,medium
cam07__frame_00025.jpg,70,104.49,245.35,116.73,274.49,low
cam07__frame_00025.jpg,71,120.34,257.23,130.81,272.93,low
cam07__frame_00025.jpg,72,130.15,236.96,140.62,259.85,medium
cam07__frame_00025.jpg,73,143.3,259.71,163.6,305.31,medium
cam07__frame_00025.jpg,74,168.48,249.53,201.36,260.86,high
cam07__frame_00025.jpg,75,180.92,264.49,223.26,273.62,high
cam07__frame_00025.jpg,76,184.94,272.89,232.74,281.28,high
cam07__frame_00025.jpg,77,173.62,273.62,221.8,288.95,low
cam07__frame_00025.jpg,78,176.52,287.7,196.79,332.04,low
cam07__frame_00025.jpg,79,199.33,291.5,219.59,336.26,low
cam07__frame_00025.jpg,80,220.44,288.97,239.86,342.59,medium
cam07__frame_00025.jpg,81,114.1,303.6,127.69,339.13,medium
cam07__frame_00025.jpg,82,126.9,296.75,141.32,345.18,medium
cam07__frame_00025.jpg,83,142.07,311.13,160.99,368.2,medium
cam07__frame_00025.jpg,84,182.18,342.91,198.07,387.56,high
cam07__frame_00025.jpg,85,198.07,345.94,221.53,397.4,medium
cam07__frame_00025.jpg,86,214.72,374.7,236.67,416.32,low
cam07__frame_00025.jpg,87,181.9,410.8,201.16,440.83,medium
cam07__frame_00025.jpg,88,203.22,417.73,220.44,448.13,medium
cam07__frame_00025.jpg,89,221.44,420.81,239.67,458.29,medium
cam07__frame_00025.jpg,90,117.0,356.24,129.68,392.05,low
cam07__frame_00025.jpg,91,129.68,367.79,142.39,404.76,low
cam07__frame_00025.jpg,92,144.7,379.35,166.65,423.25,low
cam07__frame_00025.jpg,93,165.5,385.12,183.98,429.02,low
cam07__frame_00025.jpg,94,162.79,344.99,183.38,377.74,low
cam07__frame_00025.jpg,95,424.96,456.71,430.89,462.4,high
cam07__frame_00025.jpg,96,464.96,460.42,468.94,480.68,low
cam07__frame_00025.jpg,97,468.43,461.65,472.41,481.91,low
cam07__frame_00025.jpg,98,472.38,463.13,476.36,483.39,low
cam07__frame_00025.jpg,99,476.34,465.11,480.31,485.37,low
cam07__frame_00025.jpg,100,480.78,467.09,484.76,487.35,low
cam07__frame_00025.jpg,101,0.0,180.08,43.22,215.55,low
cam07__frame_00025.jpg,102,0.0,217.35,48.26,236.73,medium
cam07__frame_00025.jpg,103,0.0,239.62,49.39,255.32,medium
cam07__frame_00025.jpg,104,0.0,261.61,42.6,277.71,high
cam07__frame_00025.jpg,105,0.0,495.89,34.51,615.75,high
cam07__frame_00025.jpg,106,1.62,440.09,50.64,541.39,low
cam07__frame_00025.jpg,107,16.31,584.89,73.26,640.0,high
cam07__frame_00025.jpg,108,65.4,543.93,97.6,611.9,low
cam07__frame_00025.jpg,109,86.22,494.06,128.44,575.16,low
cam07__frame_00025.jpg,110,135.52,530.3,201.35,639.81,low
cam07__frame_00025.jpg,111,30.78,387.73,64.35,394.2,medium
cam07__frame_00025.jpg,112,33.84,394.74,67.41,401.21,medium
cam07__frame_00025.jpg,113,36.61,402.68,70.17,409.15,medium
cam07__frame_00025.jpg,114,39.02,411.32,72.59,417.79,medium
cam07__frame_00025.jpg,115,41.1,421.33,74.67,427.81,medium
cam07__frame_00025.jpg,116,43.58,431.2,75.82,437.67,medium
cam07__frame_00025.jpg,117,46.51,439.19,77.11,445.67,medium
cam07__frame_00025.jpg,118,48.32,448.0,78.01,454.47,medium
cam07__frame_00025.jpg,119,50.23,457.38,78.84,463.86,medium
cam07__frame_00025.jpg,120,49.06,466.35,80.47,472.83,medium
cam07__frame_00025.jpg,121,49.55,474.65,80.72,479.56,medium
cam07__frame_00025.jpg,122,50.42,480.79,81.68,486.7,medium
cam07__frame_00025.jpg,123,52.99,488.73,84.29,495.2,medium
cam07__frame_00025.jpg,124,54.01,496.09,87.58,501.57,medium
cam07__frame_00025.jpg,125,66.76,420.52,96.59,426.59,low
cam07__frame_00025.jpg,126,64.87,432.49,95.46,437.9,medium
cam07__frame_00025.jpg,127,68.61,438.47,97.23,443.53,medium
cam07__frame_00025.jpg,128,71.52,445.87,95.77,452.34,medium
cam07__frame_00025.jpg,129,72.34,455.57,98.07,462.71,medium
cam07__frame_00025.jpg,130,72.99,465.67,98.49,470.06,medium
cam07__frame_00025.jpg,131,74.65,470.26,102.97,476.73,medium
cam07__frame_00025.jpg,132,91.53,446.61,121.41,453.92,low
cam07__frame_00025.jpg,133,552.22,454.36,558.86,464.1,medium
cam07__frame_00025.jpg,134,558.59,459.14,564.35,467.11,medium
cam07__frame_00025.jpg,135,550.18,463.57,555.49,470.21,high
cam07__frame_00025.jpg,136,555.94,465.78,561.25,472.42,high
cam07__frame_00025.jpg,137,501.77,480.58,505.47,486.13,medium
cam07__frame_00025.jpg,138,505.89,481.0,508.93,486.88,medium
cam07__frame_00025.jpg,139,508.83,481.31,511.87,487.19,medium
cam07__frame_00025.jpg,140,511.87,482.12,514.91,488.0,medium
cam07__frame_00025.jpg,141,515.35,483.79,518.39,489.66,medium
cam07__frame_00025.jpg,142,518.83,485.15,521.87,491.03,medium
cam07__frame_00025.jpg,143,501.17,485.76,504.87,491.3,high
cam07__frame_00025.jpg,144,504.84,486.94,508.53,492.48,high
cam07__frame_00025.jpg,145,508.24,487.46,511.94,493.0,high
cam07__frame_00025.jpg,146,511.9,488.37,515.6,493.92,high
cam07__frame_00025.jpg,147,515.7,489.81,519.39,495.36,high
cam07__frame_00025.jpg,148,519.1,490.86,522.8,496.4,high
cam07__frame_00025.jpg,149,500.7,491.78,504.35,497.25,high
cam07__frame_00025.jpg,150,504.75,492.59,508.81,498.87,high
cam07__frame_00025.jpg,151,508.81,493.2,513.27,500.9,high
cam07__frame_00025.jpg,152,513.88,495.02,518.13,502.32,high
cam07__frame_00025.jpg,153,518.54,496.85,523.2,504.96,high
cam07__frame_00025.jpg,154,545.8,481.28,557.57,486.75,low
cam07__frame_00025.jpg,155,544.28,485.96,556.05,491.43,low
cam07__frame_00025.jpg,156,543.11,491.35,554.88,496.82,medium
cam07__frame_00025.jpg,157,543.11,496.67,553.25,501.86,high
cam07__frame_00025.jpg,158,543.72,502.29,551.22,506.74,high
cam07__frame_00025.jpg,159,543.72,507.44,549.81,510.49,high
cam07__frame_00025.jpg,160,545.13,510.96,549.11,514.94,high
cam07__frame_00025.jpg,161,572.0,490.47,576.03,503.54,high
cam07__frame_00025.jpg,162,577.48,492.65,581.48,505.71,high
cam07__frame_00025.jpg,163,566.23,512.25,571.68,523.5,high
cam07__frame_00025.jpg,164,572.76,512.98,576.76,518.78,high
cam07__frame_00025.jpg,165,390.4,489.54,395.05,493.3,high
cam07__frame_00025.jpg,166,387.88,493.73,395.03,498.1,high
cam07__frame_00025.jpg,167,437.31,492.73,447.42,511.95,low
cam07__frame_00025.jpg,168,446.19,504.95,457.51,518.35,medium
cam07__frame_00025.jpg,169,460.05,493.04,470.39,508.73,high
cam07__frame_00025.jpg,170,499.47,526.34,507.89,536.67,high
cam07__frame_00025.jpg,171,499.14,537.14,506.74,547.19,high
cam07__frame_00025.jpg,172,508.94,513.32,522.64,524.32,medium
cam07__frame_00025.jpg,173,507.63,524.39,520.63,531.84,medium
cam07__frame_00025.jpg,174,508.01,531.67,518.75,541.7,high
cam07__frame_00025.jpg,175,506.17,542.06,516.19,551.35,high
cam07__frame_00025.jpg,176,547.53,534.9,553.1,545.37,high
cam07__frame_00025.jpg,177,554.08,535.55,559.65,545.7,high
cam07__frame_00025.jpg,178,548.19,545.05,553.75,552.58,high
cam07__frame_00025.jpg,179,343.37,582.92,395.48,640.0,high
cam07__frame_00025.jpg,180,1.41,82.24,18.22,143.91,high
cam07__frame_00025.jpg,181,318.6,235.02,335.26,273.36,high
cam07__frame_00025.jpg,182,336.7,248.42,368.98,332.9,low
cam07__frame_00025.jpg,183,292.3,275.25,331.6,305.24,high
cam07__frame_00025.jpg,184,309.86,308.01,334.8,353.74,low
cam07__frame_00025.jpg,185,306.62,354.2,334.34,385.15,medium
cam07__frame_00025.jpg,186,264.6,315.1,306.83,411.14,low
cam07__frame_00025.jpg,187,262.96,371.41,287.0,463.3,low
cam07__frame_00025.jpg,188,438.15,41.54,495.46,150.19,low
cam07__frame_00025.jpg,189,505.81,1.78,535.11,22.88,high
cam07__frame_00025.jpg,190,535.11,0.61,556.21,39.29,high
cam07__frame_00025.jpg,191,557.39,0.0,576.14,55.7,high
cam07__frame_00025.jpg,192,106.33,107.01,112.17,116.62,high
cam07__frame_00025.jpg,193,101.81,114.55,107.65,123.97,high
cam07__frame_00025.jpg,194,98.04,124.72,104.07,134.14,high
cam07__frame_00025.jpg,195,98.61,134.52,105.01,142.06,high
cam07__frame_00025.jpg,196,579.66,0.61,601.93,36.95,high
cam07__frame_00025.jpg,197,578.48,34.6,610.13,72.11,medium
cam07__frame_00025.jpg,198,612.5,46.32,640.0,75.63,medium
cam07__frame_00025.jpg,199,614.82,73.28,640.0,100.24,medium
cam07__frame_00025.jpg,200,438.15,41.54,495.46,150.19,low
cam07__frame_00025.jpg,201,493.27,71.17,552.55,178.95,low
cam07__frame_00025.jpg,202,548.46,102.05,601.37,202.93,low
cam07__frame_00025.jpg,203,601.85,125.08,633.63,221.99,medium
cam07__frame_00025.jpg,204,628.5,178.28,640.0,243.5,high
cam07__frame_00025.jpg,205,421.83,197.6,475.66,292.95,high
cam07__frame_00025.jpg,206,486.44,221.96,522.18,240.82,low
cam07__frame_00025.jpg,207,482.46,241.82,515.23,308.33,low
cam07__frame_00025.jpg,208,535.01,213.54,572.63,269.14,medium
cam07__frame_00025.jpg,209,520.62,262.65,551.54,329.26,low
cam07__frame_00025.jpg,210,553.94,275.57,568.84,342.09,high
cam07__frame_00025.jpg,211,572.26,307.64,614.14,329.88,high
cam07__frame_00025.jpg,212,613.55,310.01,640.0,351.93,high
cam07__frame_00025.jpg,213,416.69,293.0,429.12,338.79,low
cam07__frame_00025.jpg,214,414.07,339.45,427.15,346.64,medium
cam07__frame_00025.jpg,215,438.37,301.2,447.52,327.96,low
cam07__frame_00025.jpg,216,429.9,330.18,444.03,344.31,high
cam07__frame_00025.jpg,217,431.03,344.31,445.16,356.75,medium
cam07__frame_00025.jpg,218,445.05,331.91,457.18,345.97,high
cam07__frame_00025.jpg,219,484.52,356.54,496.3,365.76,medium
cam07__frame_00025.jpg,220,501.63,330.6,512.55,353.09,low
cam07__frame_00025.jpg,221,500.66,352.76,512.22,362.35,medium
cam07__frame_00025.jpg,222,497.01,362.02,508.58,369.3,medium
cam07__frame_00025.jpg,223,495.68,369.63,505.94,377.57,medium
cam07__frame_00025.jpg,224,513.56,338.04,524.87,348.31,medium
cam07__frame_00025.jpg,225,513.05,348.39,523.66,355.66,medium
cam07__frame_00025.jpg,226,511.71,355.57,521.66,362.84,medium
cam07__frame_00025.jpg,227,508.39,365.58,519.97,372.86,medium
cam07__frame_00025.jpg,228,505.65,374.4,517.23,381.68,medium
cam07__frame_00025.jpg,229,524.96,345.56,536.54,352.83,medium
cam07__frame_00025.jpg,230,523.09,352.99,533.64,360.26,medium
cam07__frame_00025.jpg,231,520.19,359.86,531.77,367.14,medium
cam07__frame_00025.jpg,232,519.48,369.16,531.06,376.43,medium
cam07__frame_00025.jpg,233,516.38,378.46,527.96,385.73,medium
cam07__frame_00025.jpg,234,526.9,387.82,546.02,395.9,medium
cam07__frame_00025.jpg,235,404.09,374.69,407.59,386.64,medium
cam07__frame_00025.jpg,236,400.85,387.63,406.82,399.72,medium
cam07__frame_00025.jpg,237,408.42,376.34,413.36,389.11,medium
cam07__frame_00025.jpg,238,406.7,389.61,411.21,401.24,medium
cam07__frame_00025.jpg,239,414.19,380.87,419.54,393.64,medium
cam07__frame_00025.jpg,240,412.32,393.25,416.89,403.71,low
cam07__frame_00025.jpg,241,419.34,388.29,423.66,396.94,medium
cam07__frame_00025.jpg,242,417.9,396.48,422.1,407.81,medium
cam07__frame_00025.jpg,243,422.26,398.14,425.85,409.19,medium
cam07__frame_00025.jpg,244,426.4,399.53,429.85,410.43,medium
cam07__frame_00025.jpg,245,430.54,401.04,435.79,412.36,medium
cam07__frame_00025.jpg,246,441.36,386.4,447.85,400.46,medium
cam07__frame_00025.jpg,247,439.57,401.7,445.23,407.23,high
cam07__frame_00025.jpg,248,451.58,410.26,455.58,422.69,high
cam07__frame_00025.jpg,249,458.75,408.2,462.34,416.89,medium
cam07__frame_00025.jpg,250,458.2,417.3,461.93,425.58,medium
cam07__frame_00025.jpg,251,462.21,408.67,465.79,417.36,medium
cam07__frame_00025.jpg,252,462.21,417.65,465.79,426.34,medium
cam07__frame_00025.jpg,253,466.07,410.33,469.66,419.02,medium
cam07__frame_00025.jpg,254,465.93,419.72,469.52,428.41,medium
cam07__frame_00025.jpg,255,470.35,412.68,473.94,421.37,medium
cam07__frame_00025.jpg,256,469.94,421.24,473.52,429.92,medium
cam07__frame_00025.jpg,257,480.99,398.3,485.25,415.48,low
cam07__frame_00025.jpg,258,484.97,401.39,489.83,417.42,low
cam07__frame_00025.jpg,259,489.79,403.05,494.66,419.08,low
cam07__frame_00025.jpg,260,494.92,405.62,499.79,421.64,low
cam07__frame_00025.jpg,261,499.41,406.9,504.28,422.93,medium
cam07__frame_00025.jpg,262,503.87,409.86,508.74,425.89,high
cam07__frame_00025.jpg,263,477.28,417.01,482.15,433.04,low
cam07__frame_00025.jpg,264,481.86,419.01,486.73,435.04,low
cam07__frame_00025.jpg,265,487.0,421.3,491.87,437.32,low
cam07__frame_00025.jpg,266,491.58,422.73,496.44,438.75,low
cam07__frame_00025.jpg,267,495.58,425.01,500.45,441.04,low
cam07__frame_00025.jpg,268,499.87,427.01,504.73,443.04,high
cam07__frame_00025.jpg,269,397.88,416.83,402.15,433.76,low
cam07__frame_00025.jpg,270,397.0,433.94,400.42,441.2,medium
cam07__frame_00025.jpg,271,395.72,442.27,399.35,448.89,medium
cam07__frame_00025.jpg,272,402.93,423.25,407.88,434.74,low
cam07__frame_00025.jpg,273,401.82,434.26,407.24,441.76,low
cam07__frame_00025.jpg,274,401.59,441.98,406.06,447.24,low
cam07__frame_00025.jpg,275,400.79,447.4,406.54,452.19,high
cam07__frame_00025.jpg,276,410.37,421.88,414.67,434.8,low
cam07__frame_00025.jpg,277,408.45,435.2,413.87,442.7,low
cam07__frame_00025.jpg,278,408.93,442.86,413.39,448.12,low
cam07__frame_00025.jpg,279,407.65,447.88,413.39,452.67,high
cam07__frame_00025.jpg,280,417.38,424.25,422.33,435.44,low
cam07__frame_00025.jpg,281,417.38,436.08,422.17,441.66,medium
cam07__frame_00025.jpg,282,423.97,426.57,428.42,433.73,high
cam07__frame_00028.jpg,0,191.91,106.55,199.0,120.06,high
cam07__frame_00028.jpg,1,165.5,385.12,183.98,429.02,low
cam07__frame_00028.jpg,2,144.7,379.35,166.65,423.25,low
cam07__frame_00028.jpg,3,129.68,367.79,142.39,404.76,low
cam07__frame_00028.jpg,4,117.0,356.24,129.68,392.05,low
cam07__frame_00028.jpg,5,221.44,420.81,239.67,458.29,medium
cam07__frame_00028.jpg,6,203.22,417.73,220.44,448.13,medium
cam07__frame_00028.jpg,7,181.9,410.8,201.16,440.83,medium
cam07__frame_00028.jpg,8,214.72,374.7,236.67,416.32,low
cam07__frame_00028.jpg,9,198.07,345.94,221.53,397.4,medium
cam07__frame_00028.jpg,10,182.18,342.91,198.07,387.56,high
cam07__frame_00028.jpg,11,142.07,311.13,160.99,346.7,medium
cam07__frame_00028.jpg,12,126.9,296.75,141.32,345.18,medium
cam07__frame_00028.jpg,13,114.1,303.6,127.69,339.13,medium
cam07__frame_00028.jpg,14,220.44,288.97,239.86,342.59,medium
cam07__frame_00028.jpg,15,199.33,291.5,219.59,336.26,low
cam07__frame_00028.jpg,16,176.52,287.7,196.79,332.04,low
cam07__frame_00028.jpg,17,173.62,273.62,221.8,288.95,low
cam07__frame_00028.jpg,18,184.94,272.89,232.74,281.28,high
cam07__frame_00028.jpg,19,180.92,264.49,223.26,273.62,high
cam07__frame_00028.jpg,20,168.48,249.53,201.36,260.86,high
cam07__frame_00028.jpg,21,143.3,259.71,163.6,305.31,medium
cam07__frame_00028.jpg,22,130.15,236.96,140.62,259.85,medium
cam07__frame_00028.jpg,23,120.34,257.23,130.81,272.93,low
cam07__frame_00028.jpg,24,104.49,245.35,116.73,274.49,low
cam07__frame_00028.jpg,25,228.28,242.36,240.1,260.6,medium
cam07__frame_00028.jpg,26,228.96,225.82,241.11,243.04,medium
cam07__frame_00028.jpg,27,229.3,199.14,241.79,226.15,medium
cam07__frame_00028.jpg,28,211.74,238.65,227.27,257.22,medium
cam07__frame_00028.jpg,29,210.72,220.41,227.61,237.97,medium
cam07__frame_00028.jpg,30,198.95,233.77,211.21,250.7,medium
cam07__frame_00028.jpg,31,200.12,214.22,211.21,233.19,medium
cam07__frame_00028.jpg,32,185.53,231.14,198.08,246.03,medium
cam07__frame_00028.jpg,33,186.69,216.79,199.83,231.38,medium
cam07__frame_00028.jpg,34,175.9,225.31,185.82,240.48,medium
cam07__frame_00028.jpg,35,179.69,204.29,186.4,225.89,medium
cam07__frame_00028.jpg,36,186.99,198.17,199.83,216.84,medium
cam07__frame_00028.jpg,37,201.58,192.0,220.3,215.97,medium
cam07__frame_00028.jpg,38,197.2,184.16,210.04,192.04,high
cam07__frame_00028.jpg,39,211.79,175.69,225.22,191.16,high
cam07__frame_00028.jpg,40,153.25,212.6,169.64,230.13,medium
cam07__frame_00028.jpg,41,144.2,211.47,152.68,226.17,low
cam07__frame_00028.jpg,42,136.01,209.66,144.49,224.36,medium
cam07__frame_00028.jpg,43,126.96,206.27,133.18,220.97,medium
cam07__frame_00028.jpg,44,119.05,205.14,126.4,217.01,low
cam07__frame_00028.jpg,45,110.57,201.75,118.48,216.45,medium
cam07__frame_00028.jpg,46,104.92,200.62,110.0,212.49,low
cam07__frame_00028.jpg,47,145.62,191.01,158.05,211.36,low
cam07__frame_00028.jpg,48,125.3,188.18,140.53,206.84,high
cam07__frame_00028.jpg,49,151.8,176.31,165.97,191.01,medium
cam07__frame_00028.jpg,50,140.53,167.83,151.8,184.23,medium
cam07__frame_00028.jpg,51,125.27,163.88,139.4,185.36,medium
cam07__frame_00028.jpg,52,140.56,158.45,151.26,166.36,high
cam07__frame_00028.jpg,53,235.43,162.46,249.89,181.45,medium
cam07__frame_00028.jpg,54,225.48,160.2,234.07,180.09,medium
cam07__frame_00028.jpg,55,215.58,156.1,223.98,175.67,high
cam07__frame_00028.jpg,56,215.34,135.86,240.56,151.92,medium
cam07__frame_00028.jpg,57,215.87,111.9,253.59,128.01,low
cam07__frame_00028.jpg,58,209.96,93.36,255.49,110.46,low
cam07__frame_00028.jpg,59,196.98,157.54,213.53,170.71,medium
cam07__frame_00028.jpg,60,197.0,145.38,212.17,157.88,medium
cam07__frame_00028.jpg,61,195.97,132.55,211.84,145.72,medium
cam07__frame_00028.jpg,62,183.13,153.15,195.63,164.97,medium
cam07__frame_00028.jpg,63,183.81,140.99,195.63,153.82,medium
cam07__frame_00028.jpg,64,183.13,128.83,195.63,142.34,medium
cam07__frame_00028.jpg,65,192.25,119.7,204.1,132.21,medium
cam07__frame_00028.jpg,66,145.75,143.91,158.88,153.54,high
cam07__frame_00028.jpg,67,129.99,141.28,145.46,149.16,high
cam07__frame_00028.jpg,68,145.75,136.32,159.17,143.91,high
cam07__frame_00028.jpg,69,130.28,130.78,145.46,140.41,high
cam07__frame_00028.jpg,70,146.9,126.69,160.05,136.61,high
cam07__frame_00028.jpg,71,130.57,122.9,145.46,130.78,high
cam07__frame_00028.jpg,72,146.69,116.67,160.25,127.07,high
cam07__frame_00028.jpg,73,134.48,112.65,146.69,123.04,high
cam07__frame_00028.jpg,74,146.69,105.41,159.35,116.67,high
cam07__frame_00028.jpg,75,133.58,103.61,147.14,113.1,high
cam07__frame_00028.jpg,76,147.59,96.78,158.44,105.87,high
cam07__frame_00028.jpg,77,137.65,91.9,147.14,102.7,high
cam07__frame_00028.jpg,78,145.55,76.77,189.96,86.71,low
cam07__frame_00028.jpg,79,121.28,137.75,128.34,147.33,medium
cam07__frame_00028.jpg,80,120.77,129.67,128.09,137.49,medium
cam07__frame_00028.jpg,81,120.77,118.58,127.33,129.17,medium
cam07__frame_00028.jpg,82,114.21,137.49,120.77,146.83,medium
cam07__frame_00028.jpg,83,113.96,128.41,120.52,136.99,medium
cam07__frame_00028.jpg,84,114.14,117.25,120.12,127.24,medium
cam07__frame_00028.jpg,85,108.4,136.78,112.17,145.45,high
cam07__frame_00028.jpg,86,109.16,126.42,111.98,136.4,high
cam07__frame_00028.jpg,87,105.2,135.84,108.4,144.13,high
cam07__frame_00028.jpg,88,104.45,124.72,107.84,135.08,high
cam07__frame_00028.jpg,89,108.03,117.56,111.23,125.47,medium
cam07__frame_00028.jpg,90,98.61,134.52,105.01,142.06,high
cam07__frame_00028.jpg,91,98.04,124.72,104.07,134.14,high
cam07__frame_00028.jpg,92,101.81,114.55,107.65,123.97,high
cam07__frame_00028.jpg,93,106.33,107.01,112.17,116.62,high
cam07__frame_00028.jpg,94,438.15,41.54,495.46,150.19,low
cam07__frame_00028.jpg,95,505.81,1.78,535.11,22.88,high
cam07__frame_00028.jpg,96,535.11,0.61,556.21,39.29,high
cam07__frame_00028.jpg,97,557.39,0.0,576.14,55.7,high
cam07__frame_00028.jpg,98,579.66,0.61,601.93,36.95,high
cam07__frame_00028.jpg,99,578.48,34.6,610.13,72.11,medium
cam07__frame_00028.jpg,100,612.5,46.32,640.0,75.63,medium
cam07__frame_00028.jpg,101,614.82,73.28,640.0,100.24,medium
cam07__frame_00028.jpg,102,438.15,41.54,495.46,150.19,low
cam07__frame_00028.jpg,103,493.27,71.17,552.55,178.95,low
cam07__frame_00028.jpg,104,548.46,102.05,601.37,202.93,low
cam07__frame_00028.jpg,105,601.85,125.08,633.63,221.99,medium
cam07__frame_00028.jpg,106,628.5,178.28,640.0,243.5,high
cam07__frame_00028.jpg,107,421.83,197.6,475.66,292.95,high
cam07__frame_00028.jpg,108,486.44,221.96,522.18,240.82,low
cam07__frame_00028.jpg,109,482.46,241.82,515.23,308.33,low
cam07__frame_00028.jpg,110,535.01,213.54,572.63,269.14,medium
cam07__frame_00028.jpg,111,520.62,262.65,551.54,329.26,low
cam07__frame_00028.jpg,112,553.94,275.57,568.84,342.09,high
cam07__frame_00028.jpg,113,572.26,307.64,614.14,329.88,high
cam07__frame_00028.jpg,114,613.55,310.01,640.0,351.93,high
cam07__frame_00028.jpg,115,416.69,293.0,429.12,338.79,low
cam07__frame_00028.jpg,116,414.07,339.45,427.15,346.64,medium
cam07__frame_00028.jpg,117,438.37,301.2,447.52,327.96,low
cam07__frame_00028.jpg,118,429.9,330.18,444.03,344.31,high
cam07__frame_00028.jpg,119,431.03,344.31,445.16,356.75,medium
cam07__frame_00028.jpg,120,445.05,331.91,457.18,345.97,high
cam07__frame_00028.jpg,121,484.52,356.54,496.3,365.76,medium
cam07__frame_00028.jpg,122,501.63,330.6,512.55,353.09,low
cam07__frame_00028.jpg,123,500.66,352.76,512.22,362.35,medium
cam07__frame_00028.jpg,124,497.01,362.02,508.58,369.3,medium
cam07__frame_00028.jpg,125,495.68,369.63,505.94,377.57,medium
cam07__frame_00028.jpg,126,513.56,338.04,524.87,348.31,medium
cam07__frame_00028.jpg,127,513.05,348.39,523.66,355.66,medium
cam07__frame_00028.jpg,128,511.71,355.57,521.66,362.84,medium
cam07__frame_00028.jpg,129,508.39,365.58,519.97,372.86,medium
cam07__frame_00028.jpg,130,505.65,374.4,517.23,381.68,medium
cam07__frame_00028.jpg,131,524.96,345.56,536.54,352.83,medium
cam07__frame_00028.jpg,132,523.09,352.99,533.64,360.26,medium
cam07__frame_00028.jpg,133,520.19,359.86,531.77,367.14,medium
cam07__frame_00028.jpg,134,519.48,369.16,531.06,376.43,medium
cam07__frame_00028.jpg,135,516.38,378.46,527.96,385.73,medium
cam07__frame_00028.jpg,136,526.9,387.82,546.02,395.9,medium
cam07__frame_00028.jpg,137,404.09,374.69,407.59,386.64,medium
cam07__frame_00028.jpg,138,400.85,387.63,406.82,399.72,medium
cam07__frame_00028.jpg,139,408.42,376.34,413.36,389.11,medium
cam07__frame_00028.jpg,140,406.7,389.61,411.21,401.24,medium
cam07__frame_00028.jpg,141,414.19,380.87,419.54,393.64,medium
cam07__frame_00028.jpg,142,412.32,393.25,416.89,403.71,low
cam07__frame_00028.jpg,143,419.34,388.29,423.66,396.94,medium
cam07__frame_00028.jpg,144,417.9,396.48,422.1,407.81,medium
cam07__frame_00028.jpg,145,422.26,398.14,425.85,409.19,medium
cam07__frame_00028.jpg,146,426.4,399.53,429.85,410.43,medium
cam07__frame_00028.jpg,147,430.54,401.04,435.79,412.36,medium
cam07__frame_00028.jpg,148,441.36,386.4,447.85,400.46,medium
cam07__frame_00028.jpg,149,439.57,401.7,445.23,407.23,high
cam07__frame_00028.jpg,150,451.58,410.26,455.58,422.69,high
cam07__frame_00028.jpg,151,458.75,408.2,462.34,416.89,medium
cam07__frame_00028.jpg,152,458.2,417.3,461.93,425.58,medium
cam07__frame_00028.jpg,153,462.21,408.67,465.79,417.36,medium
cam07__frame_00028.jpg,154,462.21,417.65,465.79,426.34,medium
cam07__frame_00028.jpg,155,466.07,410.33,469.66,419.02,medium
cam07__frame_00028.jpg,156,465.93,419.72,469.52,428.41,medium
cam07__frame_00028.jpg,157,470.35,412.68,473.94,421.37,medium
cam07__frame_00028.jpg,158,469.94,421.24,473.52,429.92,medium
cam07__frame_00028.jpg,159,480.99,398.3,485.25,415.48,low
cam07__frame_00028.jpg,160,484.97,401.39,489.83,417.42,low
cam07__frame_00028.jpg,161,489.79,403.05,494.66,419.08,low
cam07__frame_00028.jpg,162,494.92,405.62,499.79,421.64,low
cam07__frame_00028.jpg,163,499.41,406.9,504.28,422.93,medium
cam07__frame_00028.jpg,164,503.87,409.86,508.74,425.89,high
cam07__frame_00028.jpg,165,477.28,417.01,482.15,433.04,low
cam07__frame_00028.jpg,166,481.86,419.01,486.73,435.04,low
cam07__frame_00028.jpg,167,487.0,421.3,491.87,437.32,low
cam07__frame_00028.jpg,168,491.58,422.73,496.44,438.75,low
cam07__frame_00028.jpg,169,495.58,425.01,500.45,441.04,low
cam07__frame_00028.jpg,170,499.87,427.01,504.73,443.04,high
cam07__frame_00028.jpg,171,397.88,416.83,402.15,433.76,low
cam07__frame_00028.jpg,172,397.0,433.94,400.42,441.2,medium
cam07__frame_00028.jpg,173,395.72,442.27,399.35,448.89,medium
cam07__frame_00028.jpg,174,402.93,423.25,407.88,434.74,low
cam07__frame_00028.jpg,175,401.82,434.26,407.24,441.76,low
cam07__frame_00028.jpg,176,401.59,441.98,406.06,447.24,low
cam07__frame_00028.jpg,177,400.79,447.4,406.54,452.19,high
cam07__frame_00028.jpg,178,410.37,421.88,414.67,434.8,low
cam07__frame_00028.jpg,179,408.45,435.2,413.87,442.7,low
cam07__frame_00028.jpg,180,408.93,442.86,413.39,448.12,low
cam07__frame_00028.jpg,181,407.65,447.88,413.39,452.67,high
cam07__frame_00028.jpg,182,417.38,424.25,422.33,435.44,low
cam07__frame_00028.jpg,183,417.38,436.08,422.17,441.66,medium
cam07__frame_00028.jpg,184,423.97,426.57,428.42,433.73,high
cam07__frame_00028.jpg,185,418.29,454.0,422.99,459.43,high
cam07__frame_00028.jpg,186,427.93,439.4,432.87,444.85,high
cam07__frame_00028.jpg,187,427.19,445.1,431.88,450.54,high
cam07__frame_00028.jpg,188,426.2,451.28,431.39,456.71,high
cam07__frame_00028.jpg,189,424.96,456.71,430.89,462.4,high
cam07__frame_00028.jpg,190,464.96,460.42,468.94,480.68,low
cam07__frame_00028.jpg,191,468.43,461.65,472.41,481.91,low
cam07__frame_00028.jpg,192,472.38,463.13,476.36,483.39,low
cam07__frame_00028.jpg,193,476.34,465.11,480.31,485.37,low
cam07__frame_00028.jpg,194,480.78,467.09,484.76,487.35,low
cam07__frame_00028.jpg,195,0.0,180.08,43.22,215.55,low
cam07__frame_00028.jpg,196,0.0,217.35,48.26,236.73,medium
cam07__frame_00028.jpg,197,0.0,239.62,49.39,255.32,medium
cam07__frame_00028.jpg,198,0.0,261.61,42.6,277.71,high
cam07__frame_00028.jpg,199,0.0,495.89,34.51,615.75,high
cam07__frame_00028.jpg,200,1.62,440.09,50.64,541.39,low
cam07__frame_00028.jpg,201,16.31,584.89,73.26,640.0,high
cam07__frame_00028.jpg,202,65.4,543.93,97.6,611.9,low
cam07__frame_00028.jpg,203,86.22,494.06,128.44,575.16,low
cam07__frame_00028.jpg,204,135.52,530.3,201.35,639.81,low
cam07__frame_00028.jpg,205,30.78,387.73,64.35,394.2,medium
cam07__frame_00028.jpg,206,33.84,394.74,67.41,401.21,medium
cam07__frame_00028.jpg,207,36.61,402.68,70.17,409.15,medium
cam07__frame_00028.jpg,208,39.02,411.32,72.59,417.79,medium
cam07__frame_00028.jpg,209,41.1,421.33,74.67,427.81,medium
cam07__frame_00028.jpg,210,43.58,431.2,75.82,437.67,medium
cam07__frame_00028.jpg,211,46.51,439.19,77.11,445.67,medium
cam07__frame_00028.jpg,212,48.32,448.0,78.01,454.47,medium
cam07__frame_00028.jpg,213,50.23,457.38,78.84,463.86,medium
cam07__frame_00028.jpg,214,49.06,466.35,80.47,472.83,medium
cam07__frame_00028.jpg,215,49.55,474.65,80.72,479.56,medium
cam07__frame_00028.jpg,216,50.42,480.79,81.68,486.7,medium
cam07__frame_00028.jpg,217,52.99,488.73,84.29,495.2,medium
cam07__frame_00028.jpg,218,54.01,496.09,87.58,501.57,medium
cam07__frame_00028.jpg,219,66.76,420.52,96.59,426.59,low
cam07__frame_00028.jpg,220,64.87,432.49,95.46,437.9,medium
cam07__frame_00028.jpg,221,68.61,438.47,97.23,443.53,medium
cam07__frame_00028.jpg,222,71.52,445.87,95.77,452.34,medium
cam07__frame_00028.jpg,223,72.34,455.57,98.07,462.71,medium
cam07__frame_00028.jpg,224,72.99,465.67,98.49,470.06,medium
cam07__frame_00028.jpg,225,74.65,470.26,102.97,476.73,medium
cam07__frame_00028.jpg,226,91.53,446.61,121.41,453.92,low
cam07__frame_00028.jpg,227,552.22,454.36,558.86,464.1,medium
cam07__frame_00028.jpg,228,558.59,459.14,564.35,467.11,medium
cam07__frame_00028.jpg,229,550.18,463.57,555.49,470.21,high
cam07__frame_00028.jpg,230,555.94,465.78,561.25,472.42,high
cam07__frame_00028.jpg,231,501.77,480.58,505.47,486.13,medium
cam07__frame_00028.jpg,232,505.89,481.0,508.93,486.88,medium
cam07__frame_00028.jpg,233,508.83,481.31,511.87,487.19,medium
cam07__frame_00028.jpg,234,511.87,482.12,514.91,488.0,medium
cam07__frame_00028.jpg,235,515.35,483.79,518.39,489.66,medium
cam07__frame_00028.jpg,236,518.83,485.15,521.87,491.03,medium
cam07__frame_00028.jpg,237,501.17,485.76,504.87,491.3,high
cam07__frame_00028.jpg,238,504.84,486.94,508.53,492.48,high
cam07__frame_00028.jpg,239,508.24,487.46,511.94,493.0,high
cam07__frame_00028.jpg,240,511.9,488.37,515.6,493.92,high
cam07__frame_00028.jpg,241,515.7,489.81,519.39,495.36,high
cam07__frame_00028.jpg,242,519.1,490.86,522.8,496.4,high
cam07__frame_00028.jpg,243,500.7,491.78,504.35,497.25,high
cam07__frame_00028.jpg,244,504.75,492.59,508.81,498.87,high
cam07__frame_00028.jpg,245,508.81,493.2,513.27,500.9,high
cam07__frame_00028.jpg,246,513.88,495.02,518.13,502.32,high
cam07__frame_00028.jpg,247,518.54,496.85,523.2,504.96,high
cam07__frame_00028.jpg,248,545.8,481.28,557.57,486.75,low
cam07__frame_00028.jpg,249,544.28,485.96,556.05,491.43,low
cam07__frame_00028.jpg,250,543.11,491.35,554.88,496.82,medium
cam07__frame_00028.jpg,251,543.11,496.67,553.25,501.86,high
cam07__frame_00028.jpg,252,543.72,502.29,551.22,506.74,high
cam07__frame_00028.jpg,253,543.72,507.44,549.81,510.49,high
cam07__frame_00028.jpg,254,545.13,510.96,549.11,514.94,high
cam07__frame_00028.jpg,255,572.0,490.47,576.03,503.54,high
cam07__frame_00028.jpg,256,577.48,492.65,581.48,505.71,high
cam07__frame_00028.jpg,257,566.23,512.25,571.68,523.5,high
cam07__frame_00028.jpg,258,572.76,512.98,576.76,518.78,high
cam07__frame_00028.jpg,259,390.4,489.54,395.05,493.3,high
cam07__frame_00028.jpg,260,387.88,493.73,395.03,498.1,high
cam07__frame_00028.jpg,261,437.31,492.73,447.42,511.95,low
cam07__frame_00028.jpg,262,446.19,504.95,457.51,518.35,medium
cam07__frame_00028.jpg,263,460.05,493.04,470.39,508.73,high
cam07__frame_00028.jpg,264,499.47,526.34,507.89,536.67,high
cam07__frame_00028.jpg,265,499.14,537.14,506.74,547.19,high
cam07__frame_00028.jpg,266,508.94,513.32,522.64,524.32,medium
cam07__frame_00028.jpg,267,507.63,524.39,520.63,531.84,medium
cam07__frame_00028.jpg,268,508.01,531.67,518.75,541.7,high
cam07__frame_00028.jpg,269,506.17,542.06,516.19,551.35,high
cam07__frame_00028.jpg,270,547.53,534.9,553.1,545.37,high
cam07__frame_00028.jpg,271,554.08,535.55,559.65,545.7,high
cam07__frame_00028.jpg,272,548.19,545.05,553.75,552.58,high
cam07__frame_00028.jpg,273,343.37,582.92,395.48,640.0,high
cam07__frame_00028.jpg,274,1.41,82.24,18.22,143.91,high
cam07__frame_00028.jpg,275,318.6,235.02,335.26,273.36,high
cam07__frame_00028.jpg,276,341.18,246.04,373.46,330.52,low
cam07__frame_00028.jpg,277,292.3,275.25,331.6,305.24,high
cam07__frame_00028.jpg,278,309.86,308.01,334.8,353.74,low
cam07__frame_00028.jpg,279,306.62,354.2,334.34,385.15,medium
cam07__frame_00028.jpg,280,264.6,315.1,306.83,411.14,low
cam07__frame_00028.jpg,281,262.96,371.41,287.0,463.3,low
cam07__frame_00031.jpg,0,612.5,46.32,640.0,75.63,medium
cam07__frame_00031.jpg,1,578.48,34.6,610.13,72.11,medium
cam07__frame_00031.jpg,2,579.66,0.61,601.93,36.95,high
cam07__frame_00031.jpg,3,557.39,0.0,576.14,55.7,high
cam07__frame_00031.jpg,4,535.11,0.61,556.21,39.29,high
cam07__frame_00031.jpg,5,106.33,107.01,112.17,116.62,high
cam07__frame_00031.jpg,6,101.81,114.55,107.65,123.97,high
cam07__frame_00031.jpg,7,98.04,124.72,104.07,134.14,high
cam07__frame_00031.jpg,8,98.61,134.52,105.01,142.06,high
cam07__frame_00031.jpg,9,108.03,117.56,111.23,125.47,medium
cam07__frame_00031.jpg,10,104.45,124.72,107.84,135.08,high
cam07__frame_00031.jpg,11,105.2,135.84,108.4,144.13,high
cam07__frame_00031.jpg,12,109.16,126.42,111.98,136.4,high
cam07__frame_00031.jpg,13,108.4,136.78,112.17,145.45,high
cam07__frame_00031.jpg,14,114.14,117.25,120.12,127.24,medium
cam07__frame_00031.jpg,15,113.96,128.41,120.52,136.99,medium
cam07__frame_00031.jpg,16,114.21,137.49,120.77,146.83,medium
cam07__frame_00031.jpg,17,120.77,118.58,127.33,129.17,medium
cam07__frame_00031.jpg,18,120.77,129.67,128.09,137.49,medium
cam07__frame_00031.jpg,19,121.28,137.75,128.34,147.33,medium
cam07__frame_00031.jpg,20,145.55,76.77,189.96,86.71,low
cam07__frame_00031.jpg,21,137.65,91.9,147.14,102.7,high
cam07__frame_00031.jpg,22,147.59,96.78,158.44,105.87,high
cam07__frame_00031.jpg,23,133.58,103.61,147.14,113.1,high
cam07__frame_00031.jpg,24,146.69,105.41,159.35,116.67,high
cam07__frame_00031.jpg,25,134.48,112.65,146.69,123.04,high
cam07__frame_00031.jpg,26,146.69,116.67,160.25,127.07,high
cam07__frame_00031.jpg,27,130.57,122.9,145.46,130.78,high
cam07__frame_00031.jpg,28,146.9,126.69,160.05,136.61,high
cam07__frame_00031.jpg,29,130.28,130.78,145.46,140.41,high
cam07__frame_00031.jpg,30,145.75,136.32,159.17,143.91,high
cam07__frame_00031.jpg,31,129.99,141.28,145.46,149.16,high
cam07__frame_00031.jpg,32,145.75,143.91,158.88,153.54,high
cam07__frame_00031.jpg,33,191.91,106.55,199.0,120.06,high
cam07__frame_00031.jpg,34,192.25,119.7,204.1,132.21,medium
cam07__frame_00031.jpg,35,183.13,128.83,195.63,142.34,medium
cam07__frame_00031.jpg,36,183.81,140.99,195.63,153.82,medium
cam07__frame_00031.jpg,37,183.13,153.15,195.63,164.97,medium
cam07__frame_00031.jpg,38,195.97,132.55,211.84,145.72,medium
cam07__frame_00031.jpg,39,197.0,145.38,212.17,157.88,medium
cam07__frame_00031.jpg,40,196.98,157.54,213.53,170.71,medium
cam07__frame_00031.jpg,41,209.96,93.36,255.49,110.46,low
cam07__frame_00031.jpg,42,215.87,111.9,253.59,128.01,low
cam07__frame_00031.jpg,43,215.34,135.86,240.56,151.92,medium
cam07__frame_00031.jpg,44,215.58,156.1,223.98,175.67,high
cam07__frame_00031.jpg,45,225.48,160.2,234.07,180.09,medium
cam07__frame_00031.jpg,46,235.43,162.46,249.89,181.45,medium
cam07__frame_00031.jpg,47,140.56,158.45,151.26,166.36,high
cam07__frame_00031.jpg,48,125.27,163.88,139.4,185.36,medium
cam07__frame_00031.jpg,49,140.53,167.83,151.8,184.23,medium
cam07__frame_00031.jpg,50,151.8,176.31,165.97,191.01,medium
cam07__frame_00031.jpg,51,125.3,188.18,140.53,206.84,high
cam07__frame_00031.jpg,52,145.62,191.01,158.05,211.36,low
cam07__frame_00031.jpg,53,104.92,200.62,110.0,212.49,low
cam07__frame_00031.jpg,54,110.57,201.75,118.48,216.45,medium
cam07__frame_00031.jpg,55,119.05,205.14,126.4,217.01,low
cam07__frame_00031.jpg,56,126.96,206.27,133.18,220.97,medium
cam07__frame_00031.jpg,57,136.01,209.66,144.49,224.36,medium
cam07__frame_00031.jpg,58,144.2,211.47,152.68,226.17,low
cam07__frame_00031.jpg,59,153.25,212.6,169.64,230.13,medium
cam07__frame_00031.jpg,60,211.79,175.69,225.22,191.16,high
cam07__frame_00031.jpg,61,197.2,184.16,210.04,192.04,high
cam07__frame_00031.jpg,62,201.58,192.0,220.3,215.97,medium
cam07__frame_00031.jpg,63,186.99,198.17,199.83,216.84,medium
cam07__frame_00031.jpg,64,179.69,204.29,186.4,225.89,medium
cam07__frame_00031.jpg,65,175.9,225.31,185.82,240.48,medium
cam07__frame_00031.jpg,66,186.69,216.79,199.83,231.38,medium
cam07__frame_00031.jpg,67,185.53,231.14,198.08,246.03,medium
cam07__frame_00031.jpg,68,200.12,214.22,211.21,233.19,medium
cam07__frame_00031.jpg,69,198.95,233.77,211.21,250.7,medium
cam07__frame_00031.jpg,70,210.72,220.41,227.61,237.97,medium
cam07__frame_00031.jpg,71,211.74,238.65,227.27,257.22,medium
cam07__frame_00031.jpg,72,229.3,199.14,241.79,226.15,medium
cam07__frame_00031.jpg,73,228.96,225.82,241.11,243.04,medium
cam07__frame_00031.jpg,74,228.28,242.36,240.1,260.6,medium
cam07__frame_00031.jpg,75,104.49,245.35,116.73,274.49,low
cam07__frame_00031.jpg,76,120.34,257.23,130.81,272.93,low
cam07__frame_00031.jpg,77,130.15,236.96,140.62,259.85,medium
cam07__frame_00031.jpg,78,143.3,259.71,163.6,305.31,medium
cam07__frame_00031.jpg,79,168.48,249.53,201.36,260.86,high
cam07__frame_00031.jpg,80,180.92,264.49,223.26,273.62,high
cam07__frame_00031.jpg,81,184.94,272.89,232.74,281.28,high
cam07__frame_00031.jpg,82,173.62,273.62,221.8,288.95,low
cam07__frame_00031.jpg,83,176.52,287.7,196.79,332.04,low
cam07__frame_00031.jpg,84,199.33,291.5,219.59,336.26,low
cam07__frame_00031.jpg,85,220.44,288.97,239.86,342.59,medium
cam07__frame_00031.jpg,86,114.1,303.6,127.69,339.13,medium
cam07__frame_00031.jpg,87,505.81,1.78,535.11,22.88,high
cam07__frame_00031.jpg,88,438.15,41.54,495.46,150.19,low
cam07__frame_00031.jpg,89,129.68,367.79,142.39,404.76,low
cam07__frame_00031.jpg,90,117.0,356.24,129.68,392.05,low
cam07__frame_00031.jpg,91,221.44,420.81,239.67,458.29,medium
cam07__frame_00031.jpg,92,203.22,417.73,220.44,448.13,medium
cam07__frame_00031.jpg,93,181.9,410.8,201.16,440.83,medium
cam07__frame_00031.jpg,94,214.72,374.7,236.67,416.32,low
cam07__frame_00031.jpg,95,198.07,345.94,221.53,397.4,medium
cam07__frame_00031.jpg,96,182.18,342.91,198.07,387.56,high
cam07__frame_00031.jpg,97,142.07,311.13,160.99,360.8,medium
cam07__frame_00031.jpg,98,126.9,296.75,141.32,345.18,medium
cam07__frame_00031.jpg,99,264.6,315.1,306.83,411.14,low
cam07__frame_00031.jpg,100,306.62,354.2,334.34,385.15,medium
cam07__frame_00031.jpg,101,309.86,308.01,334.8,353.74,low
cam07__frame_00031.jpg,102,292.3,275.25,331.6,305.24,high
cam07__frame_00031.jpg,103,336.7,248.42,368.98,332.9,low
cam07__frame_00031.jpg,104,318.6,235.02,335.26,273.36,high
cam07__frame_00031.jpg,105,1.41,82.24,18.22,143.91,high
cam07__frame_00031.jpg,106,343.37,582.92,395.48,640.0,high
cam07__frame_00031.jpg,107,548.19,545.05,553.75,552.58,high
cam07__frame_00031.jpg,108,554.08,535.55,559.65,545.7,high
cam07__frame_00031.jpg,109,547.53,534.9,553.1,545.37,high
cam07__frame_00031.jpg,110,506.17,542.06,516.19,551.35,high
cam07__frame_00031.jpg,111,508.01,531.67,518.75,541.7,high
cam07__frame_00031.jpg,112,507.63,524.39,520.63,531.84,medium
cam07__frame_00031.jpg,113,508.94,513.32,522.64,524.32,medium
cam07__frame_00031.jpg,114,499.14,537.14,506.74,547.19,high
cam07__frame_00031.jpg,115,499.47,526.34,507.89,536.67,high
cam07__frame_00031.jpg,116,460.05,493.04,470.39,508.73,high
cam07__frame_00031.jpg,117,446.19,504.95,457.51,518.35,medium
cam07__frame_00031.jpg,118,437.31,492.73,447.42,511.95,low
cam07__frame_00031.jpg,119,387.88,493.73,395.03,498.1,high
cam07__frame_00031.jpg,120,390.4,489.54,395.05,493.3,high
cam07__frame_00031.jpg,121,572.76,512.98,576.76,518.78,high
cam07__frame_00031.jpg,122,566.23,512.25,571.68,523.5,high
cam07__frame_00031.jpg,123,577.48,492.65,581.48,505.71,high
cam07__frame_00031.jpg,124,572.0,490.47,576.03,503.54,high
cam07__frame_00031.jpg,125,545.13,510.96,549.11,514.94,high
cam07__frame_00031.jpg,126,543.72,507.44,549.81,510.49,high
cam07__frame_00031.jpg,127,543.72,502.29,551.22,506.74,high
cam07__frame_00031.jpg,128,543.11,496.67,553.25,501.86,high
cam07__frame_00031.jpg,129,543.11,491.35,554.88,496.82,medium
cam07__frame_00031.jpg,130,544.28,485.96,556.05,491.43,low
cam07__frame_00031.jpg,131,545.8,481.28,557.57,486.75,low
cam07__frame_00031.jpg,132,518.54,496.85,523.2,504.96,high
cam07__frame_00031.jpg,133,513.88,495.02,518.13,502.32,high
cam07__frame_00031.jpg,134,508.81,493.2,513.27,500.9,high
cam07__frame_00031.jpg,135,504.75,492.59,508.81,498.87,high
cam07__frame_00031.jpg,136,500.7,491.78,504.35,497.25,high
cam07__frame_00031.jpg,137,519.1,490.86,522.8,496.4,high
cam07__frame_00031.jpg,138,515.7,489.81,519.39,495.36,high
cam07__frame_00031.jpg,139,511.9,488.37,515.6,493.92,high
cam07__frame_00031.jpg,140,508.24,487.46,511.94,493.0,high
cam07__frame_00031.jpg,141,504.84,486.94,508.53,492.48,high
cam07__frame_00031.jpg,142,501.17,485.76,504.87,491.3,high
cam07__frame_00031.jpg,143,518.83,485.15,521.87,491.03,medium
cam07__frame_00031.jpg,144,515.35,483.79,518.39,489.66,medium
cam07__frame_00031.jpg,145,511.87,482.12,514.91,488.0,medium
cam07__frame_00031.jpg,146,508.83,481.31,511.87,487.19,medium
cam07__frame_00031.jpg,147,505.89,481.0,508.93,486.88,medium
cam07__frame_00031.jpg,148,501.77,480.58,505.47,486.13,medium
cam07__frame_00031.jpg,149,555.94,465.78,561.25,472.42,high
cam07__frame_00031.jpg,150,550.18,463.57,555.49,470.21,high
cam07__frame_00031.jpg,151,558.59,459.14,564.35,467.11,medium
cam07__frame_00031.jpg,152,552.22,454.36,558.86,464.1,medium
cam07__frame_00031.jpg,153,91.53,446.61,121.41,453.92,low
cam07__frame_00031.jpg,154,74.65,470.26,102.97,476.73,medium
cam07__frame_00031.jpg,155,72.99,465.67,98.49,470.06,medium
cam07__frame_00031.jpg,156,72.34,455.57,98.07,462.71,medium
cam07__frame_00031.jpg,157,71.52,445.87,95.77,452.34,medium
cam07__frame_00031.jpg,158,68.61,438.47,97.23,443.53,medium
cam07__frame_00031.jpg,159,64.87,432.49,95.46,437.9,medium
cam07__frame_00031.jpg,160,66.76,420.52,96.59,426.59,low
cam07__frame_00031.jpg,161,54.01,496.09,87.58,501.57,medium
cam07__frame_00031.jpg,162,52.99,488.73,84.29,495.2,medium
cam07__frame_00031.jpg,163,50.42,480.79,81.68,486.7,medium
cam07__frame_00031.jpg,164,49.55,474.65,80.72,479.56,medium
cam07__frame_00031.jpg,165,49.06,466.35,80.47,472.83,medium
cam07__frame_00031.jpg,166,50.23,457.38,78.84,463.86,medium
cam07__frame_00031.jpg,167,48.32,448.0,78.01,454.47,medium
cam07__frame_00031.jpg,168,46.51,439.19,77.11,445.67,medium
cam07__frame_00031.jpg,169,43.58,431.2,75.82,437.67,medium
cam07__frame_00031.jpg,170,41.1,421.33,74.67,427.81,medium
cam07__frame_00031.jpg,171,39.02,411.32,72.59,417.79,medium
cam07__frame_00031.jpg,172,36.61,402.68,70.17,409.15,medium
cam07__frame_00031.jpg,173,33.84,394.74,67.41,401.21,medium
cam07__frame_00031.jpg,174,30.78,387.73,64.35,394.2,medium
cam07__frame_00031.jpg,175,135.52,530.3,201.35,639.81,low
cam07__frame_00031.jpg,176,86.22,494.06,128.44,575.16,low
cam07__frame_00031.jpg,177,65.4,543.93,97.6,611.9,low
cam07__frame_00031.jpg,178,16.31,584.89,73.26,640.0,high
cam07__frame_00031.jpg,179,1.62,440.09,50.64,541.39,low
cam07__frame_00031.jpg,180,0.0,495.89,34.51,615.75,high
cam07__frame_00031.jpg,181,0.0,261.61,42.6,277.71,high
cam07__frame_00031.jpg,182,0.0,239.62,49.39,255.32,medium
cam07__frame_00031.jpg,183,0.0,217.35,48.26,236.73,medium
cam07__frame_00031.jpg,184,0.0,180.08,43.22,215.55,low
cam07__frame_00031.jpg,185,480.78,467.09,484.76,487.35,low
cam07__frame_00031.jpg,186,476.34,465.11,480.31,485.37,low
cam07__frame_00031.jpg,187,472.38,463.13,476.36,483.39,low
cam07__frame_00031.jpg,188,468.43,461.65,472.41,481.91,low
cam07__frame_00031.jpg,189,144.7,379.35,166.65,423.25,low
cam07__frame_00031.jpg,190,165.5,385.12,183.98,429.02,low
cam07__frame_00031.jpg,191,164.75,341.24,181.0,380.21,low
cam07__frame_00031.jpg,192,262.96,371.41,287.0,463.3,low
cam07__frame_00031.jpg,193,464.96,460.42,468.94,480.68,low
cam07__frame_00031.jpg,194,424.96,456.71,430.89,462.4,high
cam07__frame_00031.jpg,195,426.2,451.28,431.39,456.71,high
cam07__frame_00031.jpg,196,427.19,445.1,431.88,450.54,high
cam07__frame_00031.jpg,197,427.93,439.4,432.87,444.85,high
cam07__frame_00031.jpg,198,418.29,454.0,422.99,459.43,high
cam07__frame_00031.jpg,199,423.97,426.57,428.42,433.73,high
cam07__frame_00031.jpg,200,417.38,436.08,422.17,441.66,medium
cam07__frame_00031.jpg,201,417.38,424.25,422.33,435.44,low
cam07__frame_00031.jpg,202,407.65,447.88,413.39,452.67,high
cam07__frame_00031.jpg,203,408.93,442.86,413.39,448.12,low
cam07__frame_00031.jpg,204,408.45,435.2,413.87,442.7,low
cam07__frame_00031.jpg,205,410.37,421.88,414.67,434.8,low
cam07__frame_00031.jpg,206,400.79,447.4,406.54,452.19,high
cam07__frame_00031.jpg,207,401.59,441.98,406.06,447.24,low
cam07__frame_00031.jpg,208,401.82,434.26,407.24,441.76,low
cam07__frame_00031.jpg,209,402.93,423.25,407.88,434.74,low
cam07__frame_00031.jpg,210,395.72,442.27,399.35,448.89,medium
cam07__frame_00031.jpg,211,397.0,433.94,400.42,441.2,medium
cam07__frame_00031.jpg,212,397.88,416.83,402.15,433.76,low
cam07__frame_00031.jpg,213,499.87,427.01,504.73,443.04,high
cam07__frame_00031.jpg,214,495.58,425.01,500.45,441.04,low
cam07__frame_00031.jpg,215,491.58,422.73,496.44,438.75,low
cam07__frame_00031.jpg,216,487.0,421.3,491.87,437.32,low
cam07__frame_00031.jpg,217,481.86,419.01,486.73,435.04,low
cam07__frame_00031.jpg,218,477.28,417.01,482.15,433.04,low
cam07__frame_00031.jpg,219,503.87,409.86,508.74,425.89,high
cam07__frame_00031.jpg,220,499.41,406.9,504.28,422.93,medium
cam07__frame_00031.jpg,221,494.92,405.62,499.79,421.64,low
cam07__frame_00031.jpg,222,489.79,403.05,494.66,419.08,low
cam07__frame_00031.jpg,223,484.97,401.39,489.83,417.42,low
cam07__frame_00031.jpg,224,480.99,398.3,485.25,415.48,low
cam07__frame_00031.jpg,225,469.94,421.24,473.52,429.92,medium
cam07__frame_00031.jpg,226,470.35,412.68,473.94,421.37,medium
cam07__frame_00031.jpg,227,465.93,419.72,469.52,428.41,medium
cam07__frame_00031.jpg,228,466.07,410.33,469.66,419.02,medium
cam07__frame_00031.jpg,229,462.21,417.65,465.79,426.34,medium
cam07__frame_00031.jpg,230,462.21,408.67,465.79,417.36,medium
cam07__frame_00031.jpg,231,458.2,417.3,461.93,425.58,medium
cam07__frame_00031.jpg,232,458.75,408.2,462.34,416.89,medium
cam07__frame_00031.jpg,233,451.58,410.26,455.58,422.69,high
cam07__frame_00031.jpg,234,439.57,401.7,445.23,407.23,high
cam07__frame_00031.jpg,235,441.36,386.4,447.85,400.46,medium
cam07__frame_00031.jpg,236,430.54,401.04,435.79,412.36,medium
cam07__frame_00031.jpg,237,426.4,399.53,429.85,410.43,medium
cam07__frame_00031.jpg,238,422.26,398.14,425.85,409.19,medium
cam07__frame_00031.jpg,239,417.9,396.48,422.1,407.81,medium
cam07__frame_00031.jpg,240,419.34,388.29,423.66,396.94,medium
cam07__frame_00031.jpg,241,412.32,393.25,416.89,403.71,low
cam07__frame_00031.jpg,242,414.19,380.87,419.54,393.64,medium
cam07__frame_00031.jpg,243,406.7,389.61,411.21,401.24,medium
cam07__frame_00031.jpg,244,408.42,376.34,413.36,389.11,medium
cam07__frame_00031.jpg,245,400.85,387.63,406.82,399.72,medium
cam07__frame_00031.jpg,246,404.09,374.69,407.59,386.64,medium
cam07__frame_00031.jpg,247,526.9,387.82,546.02,395.9,medium
cam07__frame_00031.jpg,248,516.38,378.46,527.96,385.73,medium
cam07__frame_00031.jpg,249,519.48,369.16,531.06,376.43,medium
cam07__frame_00031.jpg,250,520.19,359.86,531.77,367.14,medium
cam07__frame_00031.jpg,251,523.09,352.99,533.64,360.26,medium
cam07__frame_00031.jpg,252,524.96,345.56,536.54,352.83,medium
cam07__frame_00031.jpg,253,505.65,374.4,517.23,381.68,medium
cam07__frame_00031.jpg,254,508.39,365.58,519.97,372.86,medium
cam07__frame_00031.jpg,255,511.71,355.57,521.66,362.84,medium
cam07__frame_00031.jpg,256,513.05,348.39,523.66,355.66,medium
cam07__frame_00031.jpg,257,513.56,338.04,524.87,348.31,medium
cam07__frame_00031.jpg,258,495.68,369.63,505.94,377.57,medium
cam07__frame_00031.jpg,259,497.01,362.02,508.58,369.3,medium
cam07__frame_00031.jpg,260,500.66,352.76,512.22,362.35,medium
cam07__frame_00031.jpg,261,501.63,330.6,512.55,353.09,low
cam07__frame_00031.jpg,262,484.52,356.54,496.3,365.76,medium
cam07__frame_00031.jpg,263,445.05,331.91,457.18,345.97,high
cam07__frame_00031.jpg,264,431.03,344.31,445.16,356.75,medium
cam07__frame_00031.jpg,265,429.9,330.18,444.03,344.31,high
cam07__frame_00031.jpg,266,438.37,301.2,447.52,327.96,low
cam07__frame_00031.jpg,267,414.07,339.45,427.15,346.64,medium
cam07__frame_00031.jpg,268,416.69,293.0,429.12,338.79,low
cam07__frame_00031.jpg,269,613.55,310.01,640.0,351.93,high
cam07__frame_00031.jpg,270,572.26,307.64,614.14,329.88,high
cam07__frame_00031.jpg,271,553.94,275.57,568.84,342.09,high
cam07__frame_00031.jpg,272,520.62,262.65,551.54,329.26,low
cam07__frame_00031.jpg,273,535.01,213.54,572.63,269.14,medium
cam07__frame_00031.jpg,274,482.46,241.82,515.23,308.33,low
cam07__frame_00031.jpg,275,486.44,221.96,522.18,240.82,low
cam07__frame_00031.jpg,276,421.83,197.6,475.66,292.95,high
cam07__frame_00031.jpg,277,628.5,178.28,640.0,243.5,high
cam07__frame_00031.jpg,278,601.85,125.08,633.63,221.99,medium
cam07__frame_00031.jpg,279,548.46,102.05,601.37,202.93,low
cam07__frame_00031.jpg,280,493.27,71.17,552.55,178.95,low
cam07__frame_00031.jpg,281,438.15,41.54,495.46,150.19,low
cam07__frame_00031.jpg,282,614.82,73.28,640.0,100.24,medium
cam07__frame_00034.jpg,0,292.3,275.25,331.6,305.24,high
cam07__frame_00034.jpg,1,306.62,354.2,334.34,385.15,medium
cam07__frame_00034.jpg,2,264.6,315.1,306.83,345.7,high
cam07__frame_00034.jpg,3,576.52,241.01,639.09,413.1,medium
cam07__frame_00034.jpg,4,106.33,107.01,112.17,116.62,high
cam07__frame_00034.jpg,5,101.81,114.55,107.65,123.97,high
cam07__frame_00034.jpg,6,98.04,124.72,104.07,134.14,high
cam07__frame_00034.jpg,7,98.61,134.52,105.01,142.06,high
cam07__frame_00034.jpg,8,108.03,117.56,111.23,125.47,medium
cam07__frame_00034.jpg,9,104.45,124.72,107.84,135.08,high
cam07__frame_00034.jpg,10,105.2,135.84,108.4,144.13,high
cam07__frame_00034.jpg,11,109.16,126.42,111.98,136.4,high
cam07__frame_00034.jpg,12,108.4,136.78,112.17,145.45,high
cam07__frame_00034.jpg,13,114.14,117.25,120.12,127.24,medium
cam07__frame_00034.jpg,14,113.96,128.41,120.52,136.99,medium
cam07__frame_00034.jpg,15,114.21,137.49,120.77,146.83,medium
cam07__frame_00034.jpg,16,120.77,118.58,127.33,129.17,medium
cam07__frame_00034.jpg,17,120.77,129.67,128.09,137.49,medium
cam07__frame_00034.jpg,18,121.28,137.75,128.34,147.33,medium
cam07__frame_00034.jpg,19,145.55,76.77,189.96,86.71,low
cam07__frame_00034.jpg,20,137.65,91.9,147.14,102.7,high
cam07__frame_00034.jpg,21,147.59,96.78,158.44,105.87,high
cam07__frame_00034.jpg,22,133.58,103.61,147.14,113.1,high
cam07__frame_00034.jpg,23,146.69,105.41,159.35,116.67,high
cam07__frame_00034.jpg,24,134.48,112.65,146.69,123.04,high
cam07__frame_00034.jpg,25,146.69,116.67,160.25,127.07,high
cam07__frame_00034.jpg,26,130.57,122.9,145.46,130.78,high
cam07__frame_00034.jpg,27,146.9,126.69,160.05,136.61,high
cam07__frame_00034.jpg,28,130.28,130.78,145.46,140.41,high
cam07__frame_00034.jpg,29,145.75,136.32,159.17,143.91,high
cam07__frame_00034.jpg,30,129.99,141.28,145.46,149.16,high
cam07__frame_00034.jpg,31,145.75,143.91,158.88,153.54,high
cam07__frame_00034.jpg,32,191.91,106.55,199.0,120.06,high
cam07__frame_00034.jpg,33,192.25,119.7,204.1,132.21,medium
cam07__frame_00034.jpg,34,183.13,128.83,195.63,142.34,medium
cam07__frame_00034.jpg,35,183.81,140.99,195.63,153.82,medium
cam07__frame_00034.jpg,36,183.13,153.15,195.63,164.97,medium
cam07__frame_00034.jpg,37,195.97,132.55,211.84,145.72,medium
cam07__frame_00034.jpg,38,197.0,145.38,212.17,157.88,medium
cam07__frame_00034.jpg,39,196.98,157.54,213.53,170.71,medium
cam07__frame_00034.jpg,40,209.96,93.36,255.49,110.46,low
cam07__frame_00034.jpg,41,215.87,111.9,253.59,128.01,low
cam07__frame_00034.jpg,42,215.34,135.86,240.56,151.92,medium
cam07__frame_00034.jpg,43,215.58,156.1,223.98,175.67,high
cam07__frame_00034.jpg,44,225.48,160.2,234.07,180.09,medium
cam07__frame_00034.jpg,45,235.43,162.46,249.89,181.45,medium
cam07__frame_00034.jpg,46,140.56,158.45,151.26,166.36,high
cam07__frame_00034.jpg,47,125.27,163.88,139.4,185.36,medium
cam07__frame_00034.jpg,48,140.53,167.83,151.8,184.23,medium
cam07__frame_00034.jpg,49,151.8,176.31,165.97,191.01,medium
cam07__frame_00034.jpg,50,125.3,188.18,140.53,206.84,high
cam07__frame_00034.jpg,51,145.62,191.01,158.05,211.36,low
cam07__frame_00034.jpg,52,104.92,200.62,110.0,212.49,low
cam07__frame_00034.jpg,53,110.57,201.75,118.48,216.45,medium
cam07__frame_00034.jpg,54,119.05,205.14,126.4,217.01,low
cam07__frame_00034.jpg,55,126.96,206.27,133.18,220.97,medium
cam07__frame_00034.jpg,56,136.01,209.66,144.49,224.36,medium
cam07__frame_00034.jpg,57,144.2,211.47,152.68,226.17,low
cam07__frame_00034.jpg,58,153.25,212.6,169.64,230.13,medium
cam07__frame_00034.jpg,59,211.79,175.69,225.22,191.16,high
cam07__frame_00034.jpg,60,197.2,184.16,210.04,192.04,high
cam07__frame_00034.jpg,61,201.58,192.0,220.3,215.97,medium
cam07__frame_00034.jpg,62,186.99,198.17,199.83,216.84,medium
cam07__frame_00034.jpg,63,179.69,204.29,186.4,225.89,medium
cam07__frame_00034.jpg,64,175.9,225.31,185.82,240.48,medium
cam07__frame_00034.jpg,65,186.69,216.79,199.83,231.38,medium
cam07__frame_00034.jpg,66,185.53,231.14,198.08,246.03,medium
cam07__frame_00034.jpg,67,200.12,214.22,211.21,233.19,medium
cam07__frame_00034.jpg,68,198.95,233.77,211.21,250.7,medium
cam07__frame_00034.jpg,69,210.72,220.41,227.61,237.97,medium
cam07__frame_00034.jpg,70,211.74,238.65,227.27,257.22,medium
cam07__frame_00034.jpg,71,229.3,199.14,241.79,226.15,medium
cam07__frame_00034.jpg,72,228.96,225.82,241.11,243.04,medium
cam07__frame_00034.jpg,73,228.28,242.36,240.1,260.6,medium
cam07__frame_00034.jpg,74,104.49,245.35,116.73,274.49,low
cam07__frame_00034.jpg,75,120.34,257.23,130.81,272.93,low
cam07__frame_00034.jpg,76,130.15,236.96,140.62,259.85,medium
cam07__frame_00034.jpg,77,143.3,259.71,163.6,305.31,medium
cam07__frame_00034.jpg,78,168.48,249.53,201.36,260.86,high
cam07__frame_00034.jpg,79,180.92,264.49,223.26,273.62,high
cam07__frame_00034.jpg,80,184.94,272.89,232.74,281.28,high
cam07__frame_00034.jpg,81,173.62,273.62,221.8,288.95,low
cam07__frame_00034.jpg,82,176.52,287.7,196.79,332.04,low
cam07__frame_00034.jpg,83,199.33,291.5,219.59,336.26,low
cam07__frame_00034.jpg,84,220.44,288.97,239.86,342.59,medium
cam07__frame_00034.jpg,85,114.1,303.6,127.69,339.13,medium
cam07__frame_00034.jpg,86,126.9,296.75,141.32,345.18,medium
cam07__frame_00034.jpg,87,142.07,311.13,160.99,364.1,medium
cam07__frame_00034.jpg,88,182.18,342.91,198.07,387.56,high
cam07__frame_00034.jpg,89,198.07,345.94,221.53,397.4,medium
cam07__frame_00034.jpg,90,214.72,374.7,236.67,416.32,low
cam07__frame_00034.jpg,91,181.9,410.8,201.16,440.83,medium
cam07__frame_00034.jpg,92,203.22,417.73,220.44,448.13,medium
cam07__frame_00034.jpg,93,221.44,420.81,239.67,458.29,medium
cam07__frame_00034.jpg,94,117.0,356.24,129.68,392.05,low
cam07__frame_00034.jpg,95,129.68,367.79,142.39,404.76,low
cam07__frame_00034.jpg,96,144.7,379.35,166.65,423.25,low
cam07__frame_00034.jpg,97,165.5,385.12,183.98,429.02,low
cam07__frame_00034.jpg,98,162.7,337.88,180.5,378.32,low
cam07__frame_00034.jpg,99,438.15,41.54,495.46,150.19,low
cam07__frame_00034.jpg,100,505.81,1.78,535.11,22.88,high
cam07__frame_00034.jpg,101,535.11,0.61,556.21,39.29,high
cam07__frame_00034.jpg,102,557.39,0.0,576.14,55.7,high
cam07__frame_00034.jpg,103,579.66,0.61,601.93,36.95,high
cam07__frame_00034.jpg,104,578.48,34.6,610.13,72.11,medium
cam07__frame_00034.jpg,105,612.5,46.32,640.0,75.63,medium
cam07__frame_00034.jpg,106,614.82,73.28,640.0,100.24,medium
cam07__frame_00034.jpg,107,438.15,41.54,495.46,150.19,low
cam07__frame_00034.jpg,108,493.27,71.17,552.55,178.95,low
cam07__frame_00034.jpg,109,548.46,102.05,601.37,202.93,low
cam07__frame_00034.jpg,110,601.85,125.08,633.63,221.99,medium
cam07__frame_00034.jpg,111,628.5,178.28,640.0,243.5,high
cam07__frame_00034.jpg,112,421.83,197.6,475.66,292.95,high
cam07__frame_00034.jpg,113,486.44,221.96,522.18,240.82,low
cam07__frame_00034.jpg,114,482.46,241.82,515.23,308.33,low
cam07__frame_00034.jpg,115,532.14,218.26,569.76,326.92,medium
cam07__frame_00034.jpg,116,416.69,293.0,429.12,338.79,low
cam07__frame_00034.jpg,117,414.07,339.45,427.15,346.64,medium
cam07__frame_00034.jpg,118,438.37,301.2,447.52,327.96,low
cam07__frame_00034.jpg,119,429.9,330.18,444.03,344.31,high
cam07__frame_00034.jpg,120,431.03,344.31,445.16,356.75,medium
cam07__frame_00034.jpg,121,445.05,331.91,457.18,345.97,high
cam07__frame_00034.jpg,122,484.52,356.54,496.3,365.76,medium
cam07__frame_00034.jpg,123,501.63,330.6,512.55,353.09,low
cam07__frame_00034.jpg,124,500.66,352.76,512.22,362.35,medium
cam07__frame_00034.jpg,125,497.01,362.02,508.58,369.3,medium
cam07__frame_00034.jpg,126,495.68,369.63,505.94,377.57,medium
cam07__frame_00034.jpg,127,513.56,338.04,524.87,348.31,medium
cam07__frame_00034.jpg,128,513.05,348.39,523.66,355.66,medium
cam07__frame_00034.jpg,129,511.71,355.57,521.66,362.84,medium
cam07__frame_00034.jpg,130,508.39,365.58,519.97,372.86,medium
cam07__frame_00034.jpg,131,505.65,374.4,517.23,381.68,medium
cam07__frame_00034.jpg,132,524.96,345.56,536.54,352.83,medium
cam07__frame_00034.jpg,133,523.09,352.99,533.64,360.26,medium
cam07__frame_00034.jpg,134,520.19,359.86,531.77,367.14,medium
cam07__frame_00034.jpg,135,519.48,369.16,531.06,376.43,medium
cam07__frame_00034.jpg,136,516.38,378.46,527.96,385.73,medium
cam07__frame_00034.jpg,137,526.9,387.82,546.02,395.9,medium
cam07__frame_00034.jpg,138,404.09,374.69,407.59,386.64,medium
cam07__frame_00034.jpg,139,400.85,387.63,406.82,399.72,medium
cam07__frame_00034.jpg,140,408.42,376.34,413.36,389.11,medium
cam07__frame_00034.jpg,141,406.7,389.61,411.21,401.24,medium
cam07__frame_00034.jpg,142,414.19,380.87,419.54,393.64,medium
cam07__frame_00034.jpg,143,412.32,393.25,416.89,403.71,low
cam07__frame_00034.jpg,144,419.34,388.29,423.66,396.94,medium
cam07__frame_00034.jpg,145,417.9,396.48,422.1,407.81,medium
cam07__frame_00034.jpg,146,422.26,398.14,425.85,409.19,medium
cam07__frame_00034.jpg,147,426.4,399.53,429.85,410.43,medium
cam07__frame_00034.jpg,148,430.54,401.04,435.79,412.36,medium
cam07__frame_00034.jpg,149,441.36,386.4,447.85,400.46,medium
cam07__frame_00034.jpg,150,439.57,401.7,445.23,407.23,high
cam07__frame_00034.jpg,151,451.58,410.26,455.58,422.69,high
cam07__frame_00034.jpg,152,458.75,408.2,462.34,416.89,medium
cam07__frame_00034.jpg,153,458.2,417.3,461.93,425.58,medium
cam07__frame_00034.jpg,154,462.21,408.67,465.79,417.36,medium
cam07__frame_00034.jpg,155,462.21,417.65,465.79,426.34,medium
cam07__frame_00034.jpg,156,466.07,410.33,469.66,419.02,medium
cam07__frame_00034.jpg,157,465.93,419.72,469.52,428.41,medium
cam07__frame_00034.jpg,158,470.35,412.68,473.94,421.37,medium
cam07__frame_00034.jpg,159,469.94,421.24,473.52,429.92,medium
cam07__frame_00034.jpg,160,480.99,398.3,485.25,415.48,low
cam07__frame_00034.jpg,161,484.97,401.39,489.83,417.42,low
cam07__frame_00034.jpg,162,489.79,403.05,494.66,419.08,low
cam07__frame_00034.jpg,163,494.92,405.62,499.79,421.64,low
cam07__frame_00034.jpg,164,499.41,406.9,504.28,422.93,medium
cam07__frame_00034.jpg,165,503.87,409.86,508.74,425.89,high
cam07__frame_00034.jpg,166,477.28,417.01,482.15,433.04,low
cam07__frame_00034.jpg,167,481.86,419.01,486.73,435.04,low
cam07__frame_00034.jpg,168,487.0,421.3,491.87,437.32,low
cam07__frame_00034.jpg,169,491.58,422.73,496.44,438.75,low
cam07__frame_00034.jpg,170,495.58,425.01,500.45,441.04,low
cam07__frame_00034.jpg,171,499.87,427.01,504.73,443.04,high
cam07__frame_00034.jpg,172,397.88,416.83,402.15,433.76,low
cam07__frame_00034.jpg,173,397.0,433.94,400.42,441.2,medium
cam07__frame_00034.jpg,174,395.72,442.27,399.35,448.89,medium
cam07__frame_00034.jpg,175,402.93,423.25,407.88,434.74,low
cam07__frame_00034.jpg,176,401.82,434.26,407.24,441.76,low
cam07__frame_00034.jpg,177,401.59,441.98,406.06,447.24,low
cam07__frame_00034.jpg,178,400.79,447.4,406.54,452.19,high
cam07__frame_00034.jpg,179,410.37,421.88,414.67,434.8,low
cam07__frame_00034.jpg,180,408.45,435.2,413.87,442.7,low
cam07__frame_00034.jpg,181,408.93,442.86,413.39,448.12,low
cam07__frame_00034.jpg,182,407.65,447.88,413.39,452.67,high
cam07__frame_00034.jpg,183,417.38,424.25,422.33,435.44,low
cam07__frame_00034.jpg,184,417.38,436.08,422.17,441.66,medium
cam07__frame_00034.jpg,185,423.97,426.57,428.42,433.73,high
cam07__frame_00034.jpg,186,418.29,454.0,422.99,459.43,high
cam07__frame_00034.jpg,187,427.93,439.4,432.87,444.85,high
cam07__frame_00034.jpg,188,427.19,445.1,431.88,450.54,high
cam07__frame_00034.jpg,189,426.2,451.28,431.39,456.71,high
cam07__frame_00034.jpg,190,424.96,456.71,430.89,462.4,high
cam07__frame_00034.jpg,191,464.96,460.42,468.94,480.68,low
cam07__frame_00034.jpg,192,468.43,461.65,472.41,481.91,low
cam07__frame_00034.jpg,193,472.38,463.13,476.36,483.39,low
cam07__frame_00034.jpg,194,476.34,465.11,480.31,485.37,low
cam07__frame_00034.jpg,195,480.78,467.09,484.76,487.35,low
cam07__frame_00034.jpg,196,0.0,180.08,43.22,215.55,low
cam07__frame_00034.jpg,197,0.0,217.35,48.26,236.73,medium
cam07__frame_00034.jpg,198,0.0,239.62,49.39,255.32,medium
cam07__frame_00034.jpg,199,0.0,261.61,42.6,277.71,high
cam07__frame_00034.jpg,200,0.0,495.89,34.51,615.75,high
cam07__frame_00034.jpg,201,1.62,440.09,50.64,541.39,low
cam07__frame_00034.jpg,202,16.31,584.89,73.26,640.0,high
cam07__frame_00034.jpg,203,65.4,543.93,97.6,611.9,low
cam07__frame_00034.jpg,204,86.22,494.06,128.44,575.16,low
cam07__frame_00034.jpg,205,135.52,530.3,201.35,639.81,low
cam07__frame_00034.jpg,206,30.78,387.73,64.35,394.2,medium
cam07__frame_00034.jpg,207,33.84,394.74,67.41,401.21,medium
cam07__frame_00034.jpg,208,36.61,402.68,70.17,409.15,medium
cam07__frame_00034.jpg,209,39.02,411.32,72.59,417.79,medium
cam07__frame_00034.jpg,210,41.1,421.33,74.67,427.81,medium
cam07__frame_00034.jpg,211,43.58,431.2,75.82,437.67,medium
cam07__frame_00034.jpg,212,46.51,439.19,77.11,445.67,medium
cam07__frame_00034.jpg,213,48.32,448.0,78.01,454.47,medium
cam07__frame_00034.jpg,214,50.23,457.38,78.84,463.86,medium
cam07__frame_00034.jpg,215,49.06,466.35,80.47,472.83,medium
cam07__frame_00034.jpg,216,49.55,474.65,80.72,479.56,medium
cam07__frame_00034.jpg,217,50.42,480.79,81.68,486.7,medium
cam07__frame_00034.jpg,218,52.99,488.73,84.29,495.2,medium
cam07__frame_00034.jpg,219,54.01,496.09,87.58,501.57,medium
cam07__frame_00034.jpg,220,66.76,420.52,96.59,426.59,low
cam07__frame_00034.jpg,221,64.87,432.49,95.46,437.9,medium
cam07__frame_00034.jpg,222,68.61,438.47,97.23,443.53,medium
cam07__frame_00034.jpg,223,71.52,445.87,95.77,452.34,medium
cam07__frame_00034.jpg,224,72.34,455.57,98.07,462.71,medium
cam07__frame_00034.jpg,225,72.99,465.67,98.49,470.06,medium
cam07__frame_00034.jpg,226,74.65,470.26,102.97,476.73,medium
cam07__frame_00034.jpg,227,91.53,446.61,121.41,453.92,low
cam07__frame_00034.jpg,228,552.22,454.36,558.86,464.1,medium
cam07__frame_00034.jpg,229,558.59,459.14,564.35,467.11,medium
cam07__frame_00034.jpg,230,550.18,463.57,555.49,470.21,high
cam07__frame_00034.jpg,231,555.94,465.78,561.25,472.42,high
cam07__frame_00034.jpg,232,501.77,480.58,505.47,486.13,medium
cam07__frame_00034.jpg,233,505.89,481.0,508.93,486.88,medium
cam07__frame_00034.jpg,234,508.83,481.31,511.87,487.19,medium
cam07__frame_00034.jpg,235,511.87,482.12,514.91,488.0,medium
cam07__frame_00034.jpg,236,515.35,483.79,518.39,489.66,medium
cam07__frame_00034.jpg,237,518.83,485.15,521.87,491.03,medium
cam07__frame_00034.jpg,238,501.17,485.76,504.87,491.3,high
cam07__frame_00034.jpg,239,504.84,486.94,508.53,492.48,high
cam07__frame_00034.jpg,240,508.24,487.46,511.94,493.0,high
cam07__frame_00034.jpg,241,511.9,488.37,515.6,493.92,high
cam07__frame_00034.jpg,242,515.7,489.81,519.39,495.36,high
cam07__frame_00034.jpg,243,519.1,490.86,522.8,496.4,high
cam07__frame_00034.jpg,244,500.7,491.78,504.35,497.25,high
cam07__frame_00034.jpg,245,504.75,492.59,508.81,498.87,high
cam07__frame_00034.jpg,246,508.81,493.2,513.27,500.9,high
cam07__frame_00034.jpg,247,513.88,495.02,518.13,502.32,high
cam07__frame_00034.jpg,248,518.54,496.85,523.2,504.96,high
cam07__frame_00034.jpg,249,545.8,481.28,557.57,486.75,low
cam07__frame_00034.jpg,250,544.28,485.96,556.05,491.43,low
cam07__frame_00034.jpg,251,543.11,491.35,554.88,496.82,medium
cam07__frame_00034.jpg,252,543.11,496.67,553.25,501.86,high
cam07__frame_00034.jpg,253,543.72,502.29,551.22,506.74,high
cam07__frame_00034.jpg,254,543.72,507.44,549.81,510.49,high
cam07__frame_00034.jpg,255,545.13,510.96,549.11,514.94,high
cam07__frame_00034.jpg,256,572.0,490.47,576.03,503.54,high
cam07__frame_00034.jpg,257,577.48,492.65,581.48,505.71,high
cam07__frame_00034.jpg,258,566.23,512.25,571.68,523.5,high
cam07__frame_00034.jpg,259,572.76,512.98,576.76,518.78,high
cam07__frame_00034.jpg,260,390.4,489.54,395.05,493.3,high
cam07__frame_00034.jpg,261,387.88,493.73,395.03,498.1,high
cam07__frame_00034.jpg,262,437.31,492.73,447.42,511.95,low
cam07__frame_00034.jpg,263,446.19,504.95,457.51,518.35,medium
cam07__frame_00034.jpg,264,460.05,493.04,470.39,508.73,high
cam07__frame_00034.jpg,265,499.47,526.34,507.89,536.67,high
cam07__frame_00034.jpg,266,499.14,537.14,506.74,547.19,high
cam07__frame_00034.jpg,267,508.94,513.32,522.64,524.32,medium
cam07__frame_00034.jpg,268,507.63,524.39,520.63,531.84,medium
cam07__frame_00034.jpg,269,508.01,531.67,518.75,541.7,high
cam07__frame_00034.jpg,270,506.17,542.06,516.19,551.35,high
cam07__frame_00034.jpg,271,547.53,534.9,553.1,545.37,high
cam07__frame_00034.jpg,272,554.08,535.55,559.65,545.7,high
cam07__frame_00034.jpg,273,548.19,545.05,553.75,552.58,high
cam07__frame_00034.jpg,274,343.37,582.92,395.48,640.0,high
cam07__frame_00034.jpg,275,1.41,82.24,18.22,143.91,high
cam07__frame_00034.jpg,276,318.6,235.02,335.26,273.36,high
cam07__frame_00034.jpg,277,336.7,248.42,368.98,332.9,low
cam07__frame_00034.jpg,278,309.86,308.01,334.8,353.74,low
cam07__frame_00037.jpg,0,114.14,117.25,120.12,127.24,medium
cam07__frame_00037.jpg,1,108.4,136.78,112.17,145.45,high
cam07__frame_00037.jpg,2,109.16,126.42,111.98,136.4,high
cam07__frame_00037.jpg,3,105.2,135.84,108.4,144.13,high
cam07__frame_00037.jpg,4,104.45,124.72,107.84,135.08,high
cam07__frame_00037.jpg,5,108.03,117.56,111.23,125.47,medium
cam07__frame_00037.jpg,6,98.61,134.52,105.01,142.06,high
cam07__frame_00037.jpg,7,98.04,124.72,104.07,134.14,high
cam07__frame_00037.jpg,8,101.81,114.55,107.65,123.97,high
cam07__frame_00037.jpg,9,106.33,107.01,112.17,116.62,high
cam07__frame_00037.jpg,10,427.19,445.1,431.88,450.54,high
cam07__frame_00037.jpg,11,427.93,439.4,432.87,444.85,high
cam07__frame_00037.jpg,12,418.29,454.0,422.99,459.43,high
cam07__frame_00037.jpg,13,423.97,426.57,428.42,433.73,high
cam07__frame_00037.jpg,14,417.38,436.08,422.17,441.66,medium
cam07__frame_00037.jpg,15,417.38,424.25,422.33,435.44,low
cam07__frame_00037.jpg,16,407.65,447.88,413.39,452.67,high
cam07__frame_00037.jpg,17,408.93,442.86,413.39,448.12,low
cam07__frame_00037.jpg,18,408.45,435.2,413.87,442.7,low
cam07__frame_00037.jpg,19,410.37,421.88,414.67,434.8,low
cam07__frame_00037.jpg,20,400.79,447.4,406.54,452.19,high
cam07__frame_00037.jpg,21,401.59,441.98,406.06,447.24,low
cam07__frame_00037.jpg,22,401.82,434.26,407.24,441.76,low
cam07__frame_00037.jpg,23,402.93,423.25,407.88,434.74,low
cam07__frame_00037.jpg,24,395.72,442.27,399.35,448.89,medium
cam07__frame_00037.jpg,25,397.0,433.94,400.42,441.2,medium
cam07__frame_00037.jpg,26,397.88,416.83,402.15,433.76,low
cam07__frame_00037.jpg,27,499.87,427.01,504.73,443.04,high
cam07__frame_00037.jpg,28,495.58,425.01,500.45,441.04,low
cam07__frame_00037.jpg,29,491.58,422.73,496.44,438.75,low
cam07__frame_00037.jpg,30,487.0,421.3,491.87,437.32,low
cam07__frame_00037.jpg,31,481.86,419.01,486.73,435.04,low
cam07__frame_00037.jpg,32,477.28,417.01,482.15,433.04,low
cam07__frame_00037.jpg,33,503.87,409.86,508.74,425.89,high
cam07__frame_00037.jpg,34,499.41,406.9,504.28,422.93,medium
cam07__frame_00037.jpg,35,494.92,405.62,499.79,421.64,low
cam07__frame_00037.jpg,36,489.79,403.05,494.66,419.08,low
cam07__frame_00037.jpg,37,484.97,401.39,489.83,417.42,low
cam07__frame_00037.jpg,38,480.99,398.3,485.25,415.48,low
cam07__frame_00037.jpg,39,469.94,421.24,473.52,429.92,medium
cam07__frame_00037.jpg,40,470.35,412.68,473.94,421.37,medium
cam07__frame_00037.jpg,41,465.93,419.72,469.52,428.41,medium
cam07__frame_00037.jpg,42,466.07,410.33,469.66,419.02,medium
cam07__frame_00037.jpg,43,462.21,417.65,465.79,426.34,medium
cam07__frame_00037.jpg,44,462.21,408.67,465.79,417.36,medium
cam07__frame_00037.jpg,45,458.2,417.3,461.93,425.58,medium
cam07__frame_00037.jpg,46,458.75,408.2,462.34,416.89,medium
cam07__frame_00037.jpg,47,451.58,410.26,455.58,422.69,high
cam07__frame_00037.jpg,48,439.57,401.7,445.23,407.23,high
cam07__frame_00037.jpg,49,441.36,386.4,447.85,400.46,medium
cam07__frame_00037.jpg,50,430.54,401.04,435.79,412.36,medium
cam07__frame_00037.jpg,51,426.4,399.53,429.85,410.43,medium
cam07__frame_00037.jpg,52,422.26,398.14,425.85,409.19,medium
cam07__frame_00037.jpg,53,417.9,396.48,422.1,407.81,medium
cam07__frame_00037.jpg,54,419.34,388.29,423.66,396.94,medium
cam07__frame_00037.jpg,55,412.32,393.25,416.89,403.71,low
cam07__frame_00037.jpg,56,414.19,380.87,419.54,393.64,medium
cam07__frame_00037.jpg,57,406.7,389.61,411.21,401.24,medium
cam07__frame_00037.jpg,58,408.42,376.34,413.36,389.11,medium
cam07__frame_00037.jpg,59,400.85,387.63,406.82,399.72,medium
cam07__frame_00037.jpg,60,404.09,374.69,407.59,386.64,medium
cam07__frame_00037.jpg,61,526.9,387.82,546.02,395.9,medium
cam07__frame_00037.jpg,62,516.38,378.46,527.96,385.73,medium
cam07__frame_00037.jpg,63,519.48,369.16,531.06,376.43,medium
cam07__frame_00037.jpg,64,520.19,359.86,531.77,367.14,medium
cam07__frame_00037.jpg,65,523.09,352.99,533.64,360.26,medium
cam07__frame_00037.jpg,66,524.96,345.56,536.54,352.83,medium
cam07__frame_00037.jpg,67,505.65,374.4,517.23,381.68,medium
cam07__frame_00037.jpg,68,508.39,365.58,519.97,372.86,medium
cam07__frame_00037.jpg,69,511.71,355.57,521.66,362.84,medium
cam07__frame_00037.jpg,70,513.05,348.39,523.66,355.66,medium
cam07__frame_00037.jpg,71,513.56,338.04,524.87,348.31,medium
cam07__frame_00037.jpg,72,495.68,369.63,505.94,377.57,medium
cam07__frame_00037.jpg,73,497.01,362.02,508.58,369.3,medium
cam07__frame_00037.jpg,74,500.66,352.76,512.22,362.35,medium
cam07__frame_00037.jpg,75,501.63,330.6,512.55,353.09,low
cam07__frame_00037.jpg,76,484.52,356.54,496.3,365.76,medium
cam07__frame_00037.jpg,77,456.63,329.4,466.56,357.55,low
cam07__frame_00037.jpg,78,445.05,331.91,457.18,345.97,high
cam07__frame_00037.jpg,79,431.03,344.31,445.16,356.75,medium
cam07__frame_00037.jpg,80,429.9,330.18,444.03,344.31,high
cam07__frame_00037.jpg,81,438.37,301.2,447.52,327.96,low
cam07__frame_00037.jpg,82,414.07,339.45,427.15,346.64,medium
cam07__frame_00037.jpg,83,416.69,293.0,429.12,338.79,low
cam07__frame_00037.jpg,84,526.36,215.2,563.98,335.16,medium
cam07__frame_00037.jpg,85,482.46,241.82,515.23,308.33,low
cam07__frame_00037.jpg,86,486.44,221.96,522.18,240.82,low
cam07__frame_00037.jpg,87,421.83,197.6,475.66,292.95,high
cam07__frame_00037.jpg,88,628.5,178.28,640.0,243.5,high
cam07__frame_00037.jpg,89,601.85,125.08,633.63,221.99,medium
cam07__frame_00037.jpg,90,548.46,102.05,601.37,202.93,low
cam07__frame_00037.jpg,91,493.27,71.17,552.55,178.95,low
cam07__frame_00037.jpg,92,438.15,41.54,495.46,150.19,low
cam07__frame_00037.jpg,93,614.82,73.28,640.0,100.24,medium
cam07__frame_00037.jpg,94,612.5,46.32,640.0,75.63,medium
cam07__frame_00037.jpg,95,578.48,34.6,610.13,72.11,medium
cam07__frame_00037.jpg,96,579.66,0.61,601.93,36.95,high
cam07__frame_00037.jpg,97,557.39,0.0,576.14,55.7,high
cam07__frame_00037.jpg,98,535.11,0.61,556.21,39.29,high
cam07__frame_00037.jpg,99,505.81,1.78,535.11,22.88,high
cam07__frame_00037.jpg,100,438.15,41.54,495.46,150.19,low
cam07__frame_00037.jpg,101,547.53,534.9,553.1,545.37,high
cam07__frame_00037.jpg,102,506.17,542.06,516.19,551.35,high
cam07__frame_00037.jpg,103,508.01,531.67,518.75,541.7,high
cam07__frame_00037.jpg,104,507.63,524.39,520.63,531.84,medium
cam07__frame_00037.jpg,105,508.94,513.32,522.64,524.32,medium
cam07__frame_00037.jpg,106,499.14,537.14,506.74,547.19,high
cam07__frame_00037.jpg,107,499.47,526.34,507.89,536.67,high
cam07__frame_00037.jpg,108,460.05,493.04,470.39,508.73,high
cam07__frame_00037.jpg,109,446.19,504.95,457.51,518.35,medium
cam07__frame_00037.jpg,110,437.31,492.73,447.42,511.95,low
cam07__frame_00037.jpg,111,387.88,493.73,395.03,498.1,high
cam07__frame_00037.jpg,112,390.4,489.54,395.05,493.3,high
cam07__frame_00037.jpg,113,572.76,512.98,576.76,518.78,high
cam07__frame_00037.jpg,114,566.23,512.25,571.68,523.5,high
cam07__frame_00037.jpg,115,577.48,492.65,581.48,505.71,high
cam07__frame_00037.jpg,116,572.0,490.47,576.03,503.54,high
cam07__frame_00037.jpg,117,545.13,510.96,549.11,514.94,high
cam07__frame_00037.jpg,118,543.72,507.44,549.81,510.49,high
cam07__frame_00037.jpg,119,543.72,502.29,551.22,506.74,high
cam07__frame_00037.jpg,120,543.11,496.67,553.25,501.86,high
cam07__frame_00037.jpg,121,543.11,491.35,554.88,496.82,medium
cam07__frame_00037.jpg,122,544.28,485.96,556.05,491.43,low
cam07__frame_00037.jpg,123,545.8,481.28,557.57,486.75,low
cam07__frame_00037.jpg,124,518.54,496.85,523.2,504.96,high
cam07__frame_00037.jpg,125,513.88,495.02,518.13,502.32,high
cam07__frame_00037.jpg,126,508.81,493.2,513.27,500.9,high
cam07__frame_00037.jpg,127,504.75,492.59,508.81,498.87,high
cam07__frame_00037.jpg,128,500.7,491.78,504.35,497.25,high
cam07__frame_00037.jpg,129,519.1,490.86,522.8,496.4,high
cam07__frame_00037.jpg,130,515.7,489.81,519.39,495.36,high
cam07__frame_00037.jpg,131,511.9,488.37,515.6,493.92,high
cam07__frame_00037.jpg,132,508.24,487.46,511.94,493.0,high
cam07__frame_00037.jpg,133,504.84,486.94,508.53,492.48,high
cam07__frame_00037.jpg,134,501.17,485.76,504.87,491.3,high
cam07__frame_00037.jpg,135,518.83,485.15,521.87,491.03,medium
cam07__frame_00037.jpg,136,515.35,483.79,518.39,489.66,medium
cam07__frame_00037.jpg,137,511.87,482.12,514.91,488.0,medium
cam07__frame_00037.jpg,138,508.83,481.31,511.87,487.19,medium
cam07__frame_00037.jpg,139,505.89,481.0,508.93,486.88,medium
cam07__frame_00037.jpg,140,501.77,480.58,505.47,486.13,medium
cam07__frame_00037.jpg,141,555.94,465.78,561.25,472.42,high
cam07__frame_00037.jpg,142,550.18,463.57,555.49,470.21,high
cam07__frame_00037.jpg,143,558.59,459.14,564.35,467.11,medium
cam07__frame_00037.jpg,144,552.22,454.36,558.86,464.1,medium
cam07__frame_00037.jpg,145,91.53,446.61,121.41,453.92,low
cam07__frame_00037.jpg,146,74.65,470.26,102.97,476.73,medium
cam07__frame_00037.jpg,147,72.99,465.67,98.49,470.06,medium
cam07__frame_00037.jpg,148,72.34,455.57,98.07,462.71,medium
cam07__frame_00037.jpg,149,71.52,445.87,95.77,452.34,medium
cam07__frame_00037.jpg,150,68.61,438.47,97.23,443.53,medium
cam07__frame_00037.jpg,151,64.87,432.49,95.46,437.9,medium
cam07__frame_00037.jpg,152,66.76,420.52,96.59,426.59,low
cam07__frame_00037.jpg,153,54.01,496.09,87.58,501.57,medium
cam07__frame_00037.jpg,154,52.99,488.73,84.29,495.2,medium
cam07__frame_00037.jpg,155,50.42,480.79,81.68,486.7,medium
cam07__frame_00037.jpg,156,49.55,474.65,80.72,479.56,medium
cam07__frame_00037.jpg,157,49.06,466.35,80.47,472.83,medium
cam07__frame_00037.jpg,158,50.23,457.38,78.84,463.86,medium
cam07__frame_00037.jpg,159,48.32,448.0,78.01,454.47,medium
cam07__frame_00037.jpg,160,46.51,439.19,77.11,445.67,medium
cam07__frame_00037.jpg,161,43.58,431.2,75.82,437.67,medium
cam07__frame_00037.jpg,162,41.1,421.33,74.67,427.81,medium
cam07__frame_00037.jpg,163,39.02,411.32,72.59,417.79,medium
cam07__frame_00037.jpg,164,36.61,402.68,70.17,409.15,medium
cam07__frame_00037.jpg,165,33.84,394.74,67.41,401.21,medium
cam07__frame_00037.jpg,166,30.78,387.73,64.35,394.2,medium
cam07__frame_00037.jpg,167,135.52,530.3,201.35,639.81,low
cam07__frame_00037.jpg,168,86.22,494.06,128.44,575.16,low
cam07__frame_00037.jpg,169,65.4,543.93,97.6,611.9,low
cam07__frame_00037.jpg,170,16.31,584.89,73.26,640.0,high
cam07__frame_00037.jpg,171,1.62,440.09,50.64,541.39,low
cam07__frame_00037.jpg,172,0.0,495.89,34.51,615.75,high
cam07__frame_00037.jpg,173,0.0,261.61,42.6,277.71,high
cam07__frame_00037.jpg,174,0.0,239.62,49.39,255.32,medium
cam07__frame_00037.jpg,175,0.0,217.35,48.26,236.73,medium
cam07__frame_00037.jpg,176,0.0,180.08,43.22,215.55,low
cam07__frame_00037.jpg,177,480.78,467.09,484.76,487.35,low
cam07__frame_00037.jpg,178,476.34,465.11,480.31,485.37,low
cam07__frame_00037.jpg,179,472.38,463.13,476.36,483.39,low
cam07__frame_00037.jpg,180,468.43,461.65,472.41,481.91,low
cam07__frame_00037.jpg,181,464.96,460.42,468.94,480.68,low
cam07__frame_00037.jpg,182,424.96,456.71,430.89,462.4,high
cam07__frame_00037.jpg,183,426.2,451.28,431.39,456.71,high
cam07__frame_00037.jpg,184,554.08,535.55,559.65,545.7,high
cam07__frame_00037.jpg,185,548.19,545.05,553.75,552.58,high
cam07__frame_00037.jpg,186,343.37,582.92,395.48,640.0,high
cam07__frame_00037.jpg,187,1.41,82.24,18.22,143.91,high
cam07__frame_00037.jpg,188,318.6,235.02,335.26,273.36,high
cam07__frame_00037.jpg,189,336.7,248.42,368.98,332.9,low
cam07__frame_00037.jpg,190,292.3,275.25,331.6,305.24,high
cam07__frame_00037.jpg,191,309.86,308.01,334.8,353.74,low
cam07__frame_00037.jpg,192,306.62,354.2,334.34,385.15,medium
cam07__frame_00037.jpg,193,264.6,315.1,306.83,411.14,low
cam07__frame_00037.jpg,194,262.96,371.41,287.0,463.3,low
cam07__frame_00037.jpg,195,575.09,238.17,640.0,398.88,medium
cam07__frame_00037.jpg,196,164.95,341.36,180.18,378.86,low
cam07__frame_00037.jpg,197,165.5,385.12,183.98,429.02,low
cam07__frame_00037.jpg,198,144.7,379.35,166.65,423.25,low
cam07__frame_00037.jpg,199,129.68,367.79,142.39,404.76,low
cam07__frame_00037.jpg,200,117.0,356.24,129.68,392.05,low
cam07__frame_00037.jpg,201,221.44,420.81,239.67,458.29,medium
cam07__frame_00037.jpg,202,203.22,417.73,220.44,448.13,medium
cam07__frame_00037.jpg,203,181.9,410.8,201.16,440.83,medium
cam07__frame_00037.jpg,204,214.72,374.7,236.67,416.32,low
cam07__frame_00037.jpg,205,198.07,345.94,221.53,397.4,medium
cam07__frame_00037.jpg,206,182.18,342.91,198.07,387.56,high
cam07__frame_00037.jpg,207,142.07,311.13,160.99,361.9,medium
cam07__frame_00037.jpg,208,126.9,296.75,141.32,345.18,medium
cam07__frame_00037.jpg,209,114.1,303.6,127.69,339.13,medium
cam07__frame_00037.jpg,210,220.44,288.97,239.86,342.59,medium
cam07__frame_00037.jpg,211,199.33,291.5,219.59,336.26,low
cam07__frame_00037.jpg,212,176.52,287.7,196.79,332.04,low
cam07__frame_00037.jpg,213,173.62,273.62,221.8,288.95,low
cam07__frame_00037.jpg,214,184.94,272.89,232.74,281.28,high
cam07__frame_00037.jpg,215,180.92,264.49,223.26,273.62,high
cam07__frame_00037.jpg,216,168.48,249.53,201.36,260.86,high
cam07__frame_00037.jpg,217,143.3,259.71,163.6,305.31,medium
cam07__frame_00037.jpg,218,130.15,236.96,140.62,259.85,medium
cam07__frame_00037.jpg,219,120.34,257.23,130.81,272.93,low
cam07__frame_00037.jpg,220,104.49,245.35,116.73,274.49,low
cam07__frame_00037.jpg,221,228.28,242.36,240.1,260.6,medium
cam07__frame_00037.jpg,222,228.96,225.82,241.11,243.04,medium
cam07__frame_00037.jpg,223,229.3,199.14,241.79,226.15,medium
cam07__frame_00037.jpg,224,211.74,238.65,227.27,257.22,medium
cam07__frame_00037.jpg,225,210.72,220.41,227.61,237.97,medium
cam07__frame_00037.jpg,226,198.95,233.77,211.21,250.7,medium
cam07__frame_00037.jpg,227,200.12,214.22,211.21,233.19,medium
cam07__frame_00037.jpg,228,185.53,231.14,198.08,246.03,medium
cam07__frame_00037.jpg,229,186.69,216.79,199.83,231.38,medium
cam07__frame_00037.jpg,230,175.9,225.31,185.82,240.48,medium
cam07__frame_00037.jpg,231,179.69,204.29,186.4,225.89,medium
cam07__frame_00037.jpg,232,186.99,198.17,199.83,216.84,medium
cam07__frame_00037.jpg,233,201.58,192.0,220.3,215.97,medium
cam07__frame_00037.jpg,234,197.2,184.16,210.04,192.04,high
cam07__frame_00037.jpg,235,211.79,175.69,225.22,191.16,high
cam07__frame_00037.jpg,236,153.25,212.6,169.64,230.13,medium
cam07__frame_00037.jpg,237,144.2,211.47,152.68,226.17,low
cam07__frame_00037.jpg,238,136.01,209.66,144.49,224.36,medium
cam07__frame_00037.jpg,239,126.96,206.27,133.18,220.97,medium
cam07__frame_00037.jpg,240,119.05,205.14,126.4,217.01,low
cam07__frame_00037.jpg,241,110.57,201.75,118.48,216.45,medium
cam07__frame_00037.jpg,242,104.92,200.62,110.0,212.49,low
cam07__frame_00037.jpg,243,145.62,191.01,158.05,211.36,low
cam07__frame_00037.jpg,244,125.3,188.18,140.53,206.84,high
cam07__frame_00037.jpg,245,151.8,176.31,165.97,191.01,medium
cam07__frame_00037.jpg,246,140.53,167.83,151.8,184.23,medium
cam07__frame_00037.jpg,247,125.27,163.88,139.4,185.36,medium
cam07__frame_00037.jpg,248,140.56,158.45,151.26,166.36,high
cam07__frame_00037.jpg,249,235.43,162.46,249.89,181.45,medium
cam07__frame_00037.jpg,250,225.48,160.2,234.07,180.09,medium
cam07__frame_00037.jpg,251,215.58,156.1,223.98,175.67,high
cam07__frame_00037.jpg,252,215.34,135.86,240.56,151.92,medium
cam07__frame_00037.jpg,253,215.87,111.9,253.59,128.01,low
cam07__frame_00037.jpg,254,209.96,93.36,255.49,110.46,low
cam07__frame_00037.jpg,255,196.98,157.54,213.53,170.71,medium
cam07__frame_00037.jpg,256,197.0,145.38,212.17,157.88,medium
cam07__frame_00037.jpg,257,195.97,132.55,211.84,145.72,medium
cam07__frame_00037.jpg,258,183.13,153.15,195.63,164.97,medium
cam07__frame_00037.jpg,259,183.81,140.99,195.63,153.82,medium
cam07__frame_00037.jpg,260,183.13,128.83,195.63,142.34,medium
cam07__frame_00037.jpg,261,192.25,119.7,204.1,132.21,medium
cam07__frame_00037.jpg,262,191.91,106.55,199.0,120.06,high
cam07__frame_00037.jpg,263,145.75,143.91,158.88,153.54,high
cam07__frame_00037.jpg,264,129.99,141.28,145.46,149.16,high
cam07__frame_00037.jpg,265,145.75,136.32,159.17,143.91,high
cam07__frame_00037.jpg,266,130.28,130.78,145.46,140.41,high
cam07__frame_00037.jpg,267,146.9,126.69,160.05,136.61,high
cam07__frame_00037.jpg,268,130.57,122.9,145.46,130.78,high
cam07__frame_00037.jpg,269,146.69,116.67,160.25,127.07,high
cam07__frame_00037.jpg,270,134.48,112.65,146.69,123.04,high
cam07__frame_00037.jpg,271,146.69,105.41,159.35,116.67,high
cam07__frame_00037.jpg,272,133.58,103.61,147.14,113.1,high
cam07__frame_00037.jpg,273,147.59,96.78,158.44,105.87,high
cam07__frame_00037.jpg,274,137.65,91.9,147.14,102.7,high
cam07__frame_00037.jpg,275,145.55,76.77,189.96,86.71,low
cam07__frame_00037.jpg,276,121.28,137.75,128.34,147.33,medium
cam07__frame_00037.jpg,277,120.77,129.67,128.09,137.49,medium
cam07__frame_00037.jpg,278,120.77,118.58,127.33,129.17,medium
cam07__frame_00037.jpg,279,114.21,137.49,120.77,146.83,medium
cam07__frame_00037.jpg,280,113.96,128.41,120.52,136.99,medium
cam07__frame_00040.jpg,0,416.69,293.0,429.12,338.79,low
cam07__frame_00040.jpg,1,292.3,275.25,331.6,305.24,high
cam07__frame_00040.jpg,2,120.77,118.58,127.33,129.17,medium
cam07__frame_00040.jpg,3,120.77,129.67,128.09,137.49,medium
cam07__frame_00040.jpg,4,121.28,137.75,128.34,147.33,medium
cam07__frame_00040.jpg,5,145.55,76.77,189.96,86.71,low
cam07__frame_00040.jpg,6,137.65,91.9,147.14,102.7,high
cam07__frame_00040.jpg,7,147.59,96.78,158.44,105.87,high
cam07__frame_00040.jpg,8,133.58,103.61,147.14,113.1,high
cam07__frame_00040.jpg,9,146.69,105.41,159.35,116.67,high
cam07__frame_00040.jpg,10,134.48,112.65,146.69,123.04,high
cam07__frame_00040.jpg,11,146.69,116.67,160.25,127.07,high
cam07__frame_00040.jpg,12,130.57,122.9,145.46,130.78,high
cam07__frame_00040.jpg,13,146.9,126.69,160.05,136.61,high
cam07__frame_00040.jpg,14,130.28,130.78,145.46,140.41,high
cam07__frame_00040.jpg,15,145.75,136.32,159.17,143.91,high
cam07__frame_00040.jpg,16,129.99,141.28,145.46,149.16,high
cam07__frame_00040.jpg,17,145.75,143.91,158.88,153.54,high
cam07__frame_00040.jpg,18,191.91,106.55,199.0,120.06,high
cam07__frame_00040.jpg,19,192.25,119.7,204.1,132.21,medium
cam07__frame_00040.jpg,20,183.13,128.83,195.63,142.34,medium
cam07__frame_00040.jpg,21,183.81,140.99,195.63,153.82,medium
cam07__frame_00040.jpg,22,183.13,153.15,195.63,164.97,medium
cam07__frame_00040.jpg,23,195.97,132.55,211.84,145.72,medium
cam07__frame_00040.jpg,24,197.0,145.38,212.17,157.88,medium
cam07__frame_00040.jpg,25,196.98,157.54,213.53,170.71,medium
cam07__frame_00040.jpg,26,209.96,93.36,255.49,110.46,low
cam07__frame_00040.jpg,27,215.87,111.9,253.59,128.01,low
cam07__frame_00040.jpg,28,215.34,135.86,240.56,151.92,medium
cam07__frame_00040.jpg,29,215.58,156.1,223.98,175.67,high
cam07__frame_00040.jpg,30,225.48,160.2,234.07,180.09,medium
cam07__frame_00040.jpg,31,235.43,162.46,249.89,181.45,medium
cam07__frame_00040.jpg,32,140.56,158.45,151.26,166.36,high
cam07__frame_00040.jpg,33,125.27,163.88,139.4,185.36,medium
cam07__frame_00040.jpg,34,140.53,167.83,151.8,184.23,medium
cam07__frame_00040.jpg,35,151.8,176.31,165.97,191.01,medium
cam07__frame_00040.jpg,36,125.3,188.18,140.53,206.84,high
cam07__frame_00040.jpg,37,145.62,191.01,158.05,211.36,low
cam07__frame_00040.jpg,38,104.92,200.62,110.0,212.49,low
cam07__frame_00040.jpg,39,110.57,201.75,118.48,216.45,medium
cam07__frame_00040.jpg,40,119.05,205.14,126.4,217.01,low
cam07__frame_00040.jpg,41,126.96,206.27,133.18,220.97,medium
cam07__frame_00040.jpg,42,136.01,209.66,144.49,224.36,medium
cam07__frame_00040.jpg,43,144.2,211.47,152.68,226.17,low
cam07__frame_00040.jpg,44,153.25,212.6,169.64,230.13,medium
cam07__frame_00040.jpg,45,211.79,175.69,225.22,191.16,high
cam07__frame_00040.jpg,46,197.2,184.16,210.04,192.04,high
cam07__frame_00040.jpg,47,201.58,192.0,220.3,215.97,medium
cam07__frame_00040.jpg,48,186.99,198.17,199.83,216.84,medium
cam07__frame_00040.jpg,49,179.69,204.29,186.4,225.89,medium
cam07__frame_00040.jpg,50,175.9,225.31,185.82,240.48,medium
cam07__frame_00040.jpg,51,186.69,216.79,199.83,231.38,medium
cam07__frame_00040.jpg,52,185.53,231.14,198.08,246.03,medium
cam07__frame_00040.jpg,53,200.12,214.22,211.21,233.19,medium
cam07__frame_00040.jpg,54,198.95,233.77,211.21,250.7,medium
cam07__frame_00040.jpg,55,210.72,220.41,227.61,237.97,medium
cam07__frame_00040.jpg,56,211.74,238.65,227.27,257.22,medium
cam07__frame_00040.jpg,57,229.3,199.14,241.79,226.15,medium
cam07__frame_00040.jpg,58,228.96,225.82,241.11,243.04,medium
cam07__frame_00040.jpg,59,228.28,242.36,240.1,260.6,medium
cam07__frame_00040.jpg,60,104.49,245.35,116.73,274.49,low
cam07__frame_00040.jpg,61,120.34,257.23,130.81,272.93,low
cam07__frame_00040.jpg,62,130.15,236.96,140.62,259.85,medium
cam07__frame_00040.jpg,63,143.3,259.71,163.6,305.31,medium
cam07__frame_00040.jpg,64,168.48,249.53,201.36,260.86,high
cam07__frame_00040.jpg,65,180.92,264.49,223.26,273.62,high
cam07__frame_00040.jpg,66,184.94,272.89,232.74,281.28,high
cam07__frame_00040.jpg,67,173.62,273.62,221.8,288.95,low
cam07__frame_00040.jpg,68,176.52,287.7,196.79,332.04,low
cam07__frame_00040.jpg,69,199.33,291.5,219.59,336.26,low
cam07__frame_00040.jpg,70,220.44,288.97,239.86,342.59,medium
cam07__frame_00040.jpg,71,114.1,303.6,127.69,339.13,medium
cam07__frame_00040.jpg,72,126.9,296.75,141.32,345.18,medium
cam07__frame_00040.jpg,73,142.07,311.13,160.99,365.7,medium
cam07__frame_00040.jpg,74,182.18,342.91,198.07,387.56,high
cam07__frame_00040.jpg,75,198.07,345.94,221.53,397.4,medium
cam07__frame_00040.jpg,76,214.72,374.7,236.67,416.32,low
cam07__frame_00040.jpg,77,181.9,410.8,201.16,440.83,medium
cam07__frame_00040.jpg,78,203.22,417.73,220.44,448.13,medium
cam07__frame_00040.jpg,79,221.44,420.81,239.67,458.29,medium
cam07__frame_00040.jpg,80,117.0,356.24,129.68,392.05,low
cam07__frame_00040.jpg,81,129.68,367.79,142.39,404.76,low
cam07__frame_00040.jpg,82,144.7,379.35,166.65,423.25,low
cam07__frame_00040.jpg,83,165.5,385.12,183.98,429.02,low
cam07__frame_00040.jpg,84,164.21,339.3,180.48,385.41,low
cam07__frame_00040.jpg,85,105.2,135.84,108.4,144.13,high
cam07__frame_00040.jpg,86,104.45,124.72,107.84,135.08,high
cam07__frame_00040.jpg,87,108.03,117.56,111.23,125.47,medium
cam07__frame_00040.jpg,88,98.61,134.52,105.01,142.06,high
cam07__frame_00040.jpg,89,98.04,124.72,104.07,134.14,high
cam07__frame_00040.jpg,90,101.81,114.55,107.65,123.97,high
cam07__frame_00040.jpg,91,106.33,107.01,112.17,116.62,high
cam07__frame_00040.jpg,92,1.41,82.24,18.22,143.91,high
cam07__frame_00040.jpg,93,318.6,235.02,335.26,273.36,high
cam07__frame_00040.jpg,94,336.7,248.42,368.98,332.9,low
cam07__frame_00040.jpg,95,438.15,41.54,495.46,150.19,low
cam07__frame_00040.jpg,96,505.81,1.78,535.11,22.88,high
cam07__frame_00040.jpg,97,535.11,0.61,556.21,39.29,high
cam07__frame_00040.jpg,98,557.39,0.0,576.14,55.7,high
cam07__frame_00040.jpg,99,579.66,0.61,601.93,36.95,high
cam07__frame_00040.jpg,100,578.48,34.6,610.13,72.11,medium
cam07__frame_00040.jpg,101,612.5,46.32,640.0,75.63,medium
cam07__frame_00040.jpg,102,614.82,73.28,640.0,100.24,medium
cam07__frame_00040.jpg,103,438.15,41.54,495.46,150.19,low
cam07__frame_00040.jpg,104,493.27,71.17,552.55,178.95,low
cam07__frame_00040.jpg,105,548.46,102.05,601.37,202.93,low
cam07__frame_00040.jpg,106,601.85,125.08,633.63,221.99,medium
cam07__frame_00040.jpg,107,628.5,178.28,640.0,243.5,high
cam07__frame_00040.jpg,108,421.83,197.6,475.66,292.95,high
cam07__frame_00040.jpg,109,486.44,221.96,522.18,240.82,low
cam07__frame_00040.jpg,110,482.46,241.82,515.23,308.33,low
cam07__frame_00040.jpg,111,527.38,212.5,565.0,324.85,medium
cam07__frame_00040.jpg,112,309.86,308.01,334.8,353.74,low
cam07__frame_00040.jpg,113,414.07,339.45,427.15,346.64,medium
cam07__frame_00040.jpg,114,438.37,301.2,447.52,327.96,low
cam07__frame_00040.jpg,115,429.9,330.18,444.03,344.31,high
cam07__frame_00040.jpg,116,431.03,344.31,445.16,356.75,medium
cam07__frame_00040.jpg,117,445.05,331.91,457.18,345.97,high
cam07__frame_00040.jpg,118,484.52,356.54,496.3,365.76,medium
cam07__frame_00040.jpg,119,501.63,330.6,512.55,353.09,low
cam07__frame_00040.jpg,120,500.66,352.76,512.22,362.35,medium
cam07__frame_00040.jpg,121,497.01,362.02,508.58,369.3,medium
cam07__frame_00040.jpg,122,495.68,369.63,505.94,377.57,medium
cam07__frame_00040.jpg,123,513.56,338.04,524.87,348.31,medium
cam07__frame_00040.jpg,124,513.05,348.39,523.66,355.66,medium
cam07__frame_00040.jpg,125,511.71,355.57,521.66,362.84,medium
cam07__frame_00040.jpg,126,508.39,365.58,519.97,372.86,medium
cam07__frame_00040.jpg,127,505.65,374.4,517.23,381.68,medium
cam07__frame_00040.jpg,128,524.96,345.56,536.54,352.83,medium
cam07__frame_00040.jpg,129,523.09,352.99,533.64,360.26,medium
cam07__frame_00040.jpg,130,520.19,359.86,531.77,367.14,medium
cam07__frame_00040.jpg,131,519.48,369.16,531.06,376.43,medium
cam07__frame_00040.jpg,132,516.38,378.46,527.96,385.73,medium
cam07__frame_00040.jpg,133,526.9,387.82,546.02,395.9,medium
cam07__frame_00040.jpg,134,404.09,374.69,407.59,386.64,medium
cam07__frame_00040.jpg,135,400.85,387.63,406.82,399.72,medium
cam07__frame_00040.jpg,136,408.42,376.34,413.36,389.11,medium
cam07__frame_00040.jpg,137,406.7,389.61,411.21,401.24,medium
cam07__frame_00040.jpg,138,414.19,380.87,419.54,393.64,medium
cam07__frame_00040.jpg,139,412.32,393.25,416.89,403.71,low
cam07__frame_00040.jpg,140,419.34,388.29,423.66,396.94,medium
cam07__frame_00040.jpg,141,417.9,396.48,422.1,407.81,medium
cam07__frame_00040.jpg,142,422.26,398.14,425.85,409.19,medium
cam07__frame_00040.jpg,143,426.4,399.53,429.85,410.43,medium
cam07__frame_00040.jpg,144,430.54,401.04,435.79,412.36,medium
cam07__frame_00040.jpg,145,441.36,386.4,447.85,400.46,medium
cam07__frame_00040.jpg,146,439.57,401.7,445.23,407.23,high
cam07__frame_00040.jpg,147,451.58,410.26,455.58,422.69,high
cam07__frame_00040.jpg,148,458.75,408.2,462.34,416.89,medium
cam07__frame_00040.jpg,149,458.2,417.3,461.93,425.58,medium
cam07__frame_00040.jpg,150,462.21,408.67,465.79,417.36,medium
cam07__frame_00040.jpg,151,462.21,417.65,465.79,426.34,medium
cam07__frame_00040.jpg,152,466.07,410.33,469.66,419.02,medium
cam07__frame_00040.jpg,153,465.93,419.72,469.52,428.41,medium
cam07__frame_00040.jpg,154,470.35,412.68,473.94,421.37,medium
cam07__frame_00040.jpg,155,469.94,421.24,473.52,429.92,medium
cam07__frame_00040.jpg,156,480.99,398.3,485.25,415.48,low
cam07__frame_00040.jpg,157,484.97,401.39,489.83,417.42,low
cam07__frame_00040.jpg,158,489.79,403.05,494.66,419.08,low
cam07__frame_00040.jpg,159,494.92,405.62,499.79,421.64,low
cam07__frame_00040.jpg,160,499.41,406.9,504.28,422.93,medium
cam07__frame_00040.jpg,161,503.87,409.86,508.74,425.89,high
cam07__frame_00040.jpg,162,477.28,417.01,482.15,433.04,low
cam07__frame_00040.jpg,163,481.86,419.01,486.73,435.04,low
cam07__frame_00040.jpg,164,487.0,421.3,491.87,437.32,low
cam07__frame_00040.jpg,165,491.58,422.73,496.44,438.75,low
cam07__frame_00040.jpg,166,495.58,425.01,500.45,441.04,low
cam07__frame_00040.jpg,167,499.87,427.01,504.73,443.04,high
cam07__frame_00040.jpg,168,397.88,416.83,402.15,433.76,low
cam07__frame_00040.jpg,169,397.0,433.94,400.42,441.2,medium
cam07__frame_00040.jpg,170,395.72,442.27,399.35,448.89,medium
cam07__frame_00040.jpg,171,402.93,423.25,407.88,434.74,low
cam07__frame_00040.jpg,172,401.82,434.26,407.24,441.76,low
cam07__frame_00040.jpg,173,401.59,441.98,406.06,447.24,low
cam07__frame_00040.jpg,174,400.79,447.4,406.54,452.19,high
cam07__frame_00040.jpg,175,410.37,421.88,414.67,434.8,low
cam07__frame_00040.jpg,176,408.45,435.2,413.87,442.7,low
cam07__frame_00040.jpg,177,408.93,442.86,413.39,448.12,low
cam07__frame_00040.jpg,178,407.65,447.88,413.39,452.67,high
cam07__frame_00040.jpg,179,417.38,424.25,422.33,435.44,low
cam07__frame_00040.jpg,180,417.38,436.08,422.17,441.66,medium
cam07__frame_00040.jpg,181,423.97,426.57,428.42,433.73,high
cam07__frame_00040.jpg,182,418.29,454.0,422.99,459.43,high
cam07__frame_00040.jpg,183,427.93,439.4,432.87,444.85,high
cam07__frame_00040.jpg,184,427.19,445.1,431.88,450.54,high
cam07__frame_00040.jpg,185,426.2,451.28,431.39,456.71,high
cam07__frame_00040.jpg,186,424.96,456.71,430.89,462.4,high
cam07__frame_00040.jpg,187,464.96,460.42,468.94,480.68,low
cam07__frame_00040.jpg,188,468.43,461.65,472.41,481.91,low
cam07__frame_00040.jpg,189,472.38,463.13,476.36,483.39,low
cam07__frame_00040.jpg,190,476.34,465.11,480.31,485.37,low
cam07__frame_00040.jpg,191,480.78,467.09,484.76,487.35,low
cam07__frame_00040.jpg,192,0.0,180.08,43.22,215.55,low
cam07__frame_00040.jpg,193,0.0,217.35,48.26,236.73,medium
cam07__frame_00040.jpg,194,0.0,239.62,49.39,255.32,medium
cam07__frame_00040.jpg,195,0.0,261.61,42.6,277.71,high
cam07__frame_00040.jpg,196,0.0,495.89,34.51,615.75,high
cam07__frame_00040.jpg,197,1.62,440.09,50.64,541.39,low
cam07__frame_00040.jpg,198,16.31,584.89,73.26,640.0,high
cam07__frame_00040.jpg,199,65.4,543.93,97.6,611.9,low
cam07__frame_00040.jpg,200,86.22,494.06,128.44,575.16,low
cam07__frame_00040.jpg,201,30.78,387.73,64.35,394.2,medium
cam07__frame_00040.jpg,202,33.84,394.74,67.41,401.21,medium
cam07__frame_00040.jpg,203,36.61,402.68,70.17,409.15,medium
cam07__frame_00040.jpg,204,39.02,411.32,72.59,417.79,medium
cam07__frame_00040.jpg,205,41.1,421.33,74.67,427.81,medium
cam07__frame_00040.jpg,206,43.58,431.2,75.82,437.67,medium
cam07__frame_00040.jpg,207,46.51,439.19,77.11,445.67,medium
cam07__frame_00040.jpg,208,48.32,448.0,78.01,454.47,medium
cam07__frame_00040.jpg,209,50.23,457.38,78.84,463.86,medium
cam07__frame_00040.jpg,210,49.06,466.35,80.47,472.83,medium
cam07__frame_00040.jpg,211,49.55,474.65,80.72,479.56,medium
cam07__frame_00040.jpg,212,50.42,480.79,81.68,486.7,medium
cam07__frame_00040.jpg,213,52.99,488.73,84.29,495.2,medium
cam07__frame_00040.jpg,214,54.01,496.09,87.58,501.57,medium
cam07__frame_00040.jpg,215,66.76,420.52,96.59,426.59,low
cam07__frame_00040.jpg,216,64.87,432.49,95.46,437.9,medium
cam07__frame_00040.jpg,217,68.61,438.47,97.23,443.53,medium
cam07__frame_00040.jpg,218,71.52,445.87,95.77,452.34,medium
cam07__frame_00040.jpg,219,72.34,455.57,98.07,462.71,medium
cam07__frame_00040.jpg,220,72.99,465.67,98.49,470.06,medium
cam07__frame_00040.jpg,221,74.65,470.26,102.97,476.73,medium
cam07__frame_00040.jpg,222,91.53,446.61,121.41,453.92,low
cam07__frame_00040.jpg,223,552.22,454.36,558.86,464.1,medium
cam07__frame_00040.jpg,224,558.59,459.14,564.35,467.11,medium
cam07__frame_00040.jpg,225,550.18,463.57,555.49,470.21,high
cam07__frame_00040.jpg,226,555.94,465.78,561.25,472.42,high
cam07__frame_00040.jpg,227,501.77,480.58,505.47,486.13,medium
cam07__frame_00040.jpg,228,505.89,481.0,508.93,486.88,medium
cam07__frame_00040.jpg,229,508.83,481.31,511.87,487.19,medium
cam07__frame_00040.jpg,230,511.87,482.12,514.91,488.0,medium
cam07__frame_00040.jpg,231,515.35,483.79,518.39,489.66,medium
cam07__frame_00040.jpg,232,518.83,485.15,521.87,491.03,medium
cam07__frame_00040.jpg,233,501.17,485.76,504.87,491.3,high
cam07__frame_00040.jpg,234,504.84,486.94,508.53,492.48,high
cam07__frame_00040.jpg,235,508.24,487.46,511.94,493.0,high
cam07__frame_00040.jpg,236,511.9,488.37,515.6,493.92,high
cam07__frame_00040.jpg,237,515.7,489.81,519.39,495.36,high
cam07__frame_00040.jpg,238,519.1,490.86,522.8,496.4,high
cam07__frame_00040.jpg,239,500.7,491.78,504.35,497.25,high
cam07__frame_00040.jpg,240,504.75,492.59,508.81,498.87,high
cam07__frame_00040.jpg,241,508.81,493.2,513.27,500.9,high
cam07__frame_00040.jpg,242,513.88,495.02,518.13,502.32,high
cam07__frame_00040.jpg,243,518.54,496.85,523.2,504.96,high
cam07__frame_00040.jpg,244,545.8,481.28,557.57,486.75,low
cam07__frame_00040.jpg,245,544.28,485.96,556.05,491.43,low
cam07__frame_00040.jpg,246,543.11,491.35,554.88,496.82,medium
cam07__frame_00040.jpg,247,543.11,496.67,553.25,501.86,high
cam07__frame_00040.jpg,248,543.72,502.29,551.22,506.74,high
cam07__frame_00040.jpg,249,543.72,507.44,549.81,510.49,high
cam07__frame_00040.jpg,250,545.13,510.96,549.11,514.94,high
cam07__frame_00040.jpg,251,572.0,490.47,576.03,503.54,high
cam07__frame_00040.jpg,252,577.48,492.65,581.48,505.71,high
cam07__frame_00040.jpg,253,566.23,512.25,571.68,523.5,high
cam07__frame_00040.jpg,254,572.76,512.98,576.76,518.78,high
cam07__frame_00040.jpg,255,390.4,489.54,395.05,493.3,high
cam07__frame_00040.jpg,256,387.88,493.73,395.03,498.1,high
cam07__frame_00040.jpg,257,437.31,492.73,447.42,511.95,low
cam07__frame_00040.jpg,258,446.19,504.95,457.51,518.35,medium
cam07__frame_00040.jpg,259,460.05,493.04,470.39,508.73,high
cam07__frame_00040.jpg,260,499.47,526.34,507.89,536.67,high
cam07__frame_00040.jpg,261,499.14,537.14,506.74,547.19,high
cam07__frame_00040.jpg,262,508.94,513.32,522.64,524.32,medium
cam07__frame_00040.jpg,263,507.63,524.39,520.63,531.84,medium
cam07__frame_00040.jpg,264,508.01,531.67,518.75,541.7,high
cam07__frame_00040.jpg,265,506.17,542.06,516.19,551.35,high
cam07__frame_00040.jpg,266,547.53,534.9,553.1,545.37,high
cam07__frame_00040.jpg,267,554.08,535.55,559.65,545.7,high
cam07__frame_00040.jpg,268,548.19,545.05,553.75,552.58,high
cam07__frame_00040.jpg,269,343.37,582.92,395.48,640.0,high
cam07__frame_00040.jpg,270,109.16,126.42,111.98,136.4,high
cam07__frame_00040.jpg,271,108.4,136.78,112.17,145.45,high
cam07__frame_00040.jpg,272,114.14,117.25,120.12,127.24,medium
cam07__frame_00040.jpg,273,113.96,128.41,120.52,136.99,medium
cam07__frame_00040.jpg,274,114.21,137.49,120.77,146.83,medium
cam07__frame_00040.jpg,275,572.25,239.59,640.0,400.3,medium
cam07__frame_00040.jpg,276,262.96,371.41,287.0,463.3,low
cam07__frame_00040.jpg,277,264.6,315.1,306.83,411.14,low
cam07__frame_00040.jpg,278,306.62,354.2,334.34,385.15,medium
cam07__frame_00043.jpg,0,427.19,445.1,431.88,450.54,high
cam07__frame_00043.jpg,1,427.93,439.4,432.87,444.85,high
cam07__frame_00043.jpg,2,418.29,454.0,422.99,459.43,high
cam07__frame_00043.jpg,3,423.97,426.57,428.42,433.73,high
cam07__frame_00043.jpg,4,417.38,436.08,422.17,441.66,medium
cam07__frame_00043.jpg,5,417.38,424.25,422.33,435.44,low
cam07__frame_00043.jpg,6,407.65,447.88,413.39,452.67,high
cam07__frame_00043.jpg,7,408.93,442.86,413.39,448.12,low
cam07__frame_00043.jpg,8,408.45,435.2,413.87,442.7,low
cam07__frame_00043.jpg,9,410.37,421.88,414.67,434.8,low
cam07__frame_00043.jpg,10,400.79,447.4,406.54,452.19,high
cam07__frame_00043.jpg,11,401.59,441.98,406.06,447.24,low
cam07__frame_00043.jpg,12,401.82,434.26,407.24,441.76,low
cam07__frame_00043.jpg,13,402.93,423.25,407.88,434.74,low
cam07__frame_00043.jpg,14,395.72,442.27,399.35,448.89,medium
cam07__frame_00043.jpg,15,397.0,433.94,400.42,441.2,medium
cam07__frame_00043.jpg,16,397.88,416.83,402.15,433.76,low
cam07__frame_00043.jpg,17,499.87,427.01,504.73,443.04,high
cam07__frame_00043.jpg,18,495.58,425.01,500.45,441.04,low
cam07__frame_00043.jpg,19,491.58,422.73,496.44,438.75,low
cam07__frame_00043.jpg,20,487.0,421.3,491.87,437.32,low
cam07__frame_00043.jpg,21,481.86,419.01,486.73,435.04,low
cam07__frame_00043.jpg,22,477.28,417.01,482.15,433.04,low
cam07__frame_00043.jpg,23,503.87,409.86,508.74,425.89,high
cam07__frame_00043.jpg,24,499.41,406.9,504.28,422.93,medium
cam07__frame_00043.jpg,25,494.92,405.62,499.79,421.64,low
cam07__frame_00043.jpg,26,489.79,403.05,494.66,419.08,low
cam07__frame_00043.jpg,27,484.97,401.39,489.83,417.42,low
cam07__frame_00043.jpg,28,480.99,398.3,485.25,415.48,low
cam07__frame_00043.jpg,29,469.94,421.24,473.52,429.92,medium
cam07__frame_00043.jpg,30,470.35,412.68,473.94,421.37,medium
cam07__frame_00043.jpg,31,465.93,419.72,469.52,428.41,medium
cam07__frame_00043.jpg,32,466.07,410.33,469.66,419.02,medium
cam07__frame_00043.jpg,33,462.21,417.65,465.79,426.34,medium
cam07__frame_00043.jpg,34,462.21,408.67,465.79,417.36,medium
cam07__frame_00043.jpg,35,458.2,417.3,461.93,425.58,medium
cam07__frame_00043.jpg,36,458.75,408.2,462.34,416.89,medium
cam07__frame_00043.jpg,37,451.58,410.26,455.58,422.69,high
cam07__frame_00043.jpg,38,439.57,401.7,445.23,407.23,high
cam07__frame_00043.jpg,39,441.36,386.4,447.85,400.46,medium
cam07__frame_00043.jpg,40,430.54,401.04,435.79,412.36,medium
cam07__frame_00043.jpg,41,426.4,399.53,429.85,410.43,medium
cam07__frame_00043.jpg,42,422.26,398.14,425.85,409.19,medium
cam07__frame_00043.jpg,43,417.9,396.48,422.1,407.81,medium
cam07__frame_00043.jpg,44,419.34,388.29,423.66,396.94,medium
cam07__frame_00043.jpg,45,412.32,393.25,416.89,403.71,low
cam07__frame_00043.jpg,46,414.19,380.87,419.54,393.64,medium
cam07__frame_00043.jpg,47,406.7,389.61,411.21,401.24,medium
cam07__frame_00043.jpg,48,408.42,376.34,413.36,389.11,medium
cam07__frame_00043.jpg,49,400.85,387.63,406.82,399.72,medium
cam07__frame_00043.jpg,50,404.09,374.69,407.59,386.64,medium
cam07__frame_00043.jpg,51,526.9,387.82,546.02,395.9,medium
cam07__frame_00043.jpg,52,516.38,378.46,527.96,385.73,medium
cam07__frame_00043.jpg,53,519.48,369.16,531.06,376.43,medium
cam07__frame_00043.jpg,54,520.19,359.86,531.77,367.14,medium
cam07__frame_00043.jpg,55,523.09,352.99,533.64,360.26,medium
cam07__frame_00043.jpg,56,524.96,345.56,536.54,352.83,medium
cam07__frame_00043.jpg,57,505.65,374.4,517.23,381.68,medium
cam07__frame_00043.jpg,58,508.39,365.58,519.97,372.86,medium
cam07__frame_00043.jpg,59,511.71,355.57,521.66,362.84,medium
cam07__frame_00043.jpg,60,513.05,348.39,523.66,355.66,medium
cam07__frame_00043.jpg,61,513.56,338.04,524.87,348.31,medium
cam07__frame_00043.jpg,62,495.68,369.63,505.94,377.57,medium
cam07__frame_00043.jpg,63,497.01,362.02,508.58,369.3,medium
cam07__frame_00043.jpg,64,500.66,352.76,512.22,362.35,medium
cam07__frame_00043.jpg,65,501.63,330.6,512.55,353.09,low
cam07__frame_00043.jpg,66,484.52,356.54,496.3,365.76,medium
cam07__frame_00043.jpg,67,445.05,331.91,457.18,345.97,high
cam07__frame_00043.jpg,68,431.03,344.31,445.16,356.75,medium
cam07__frame_00043.jpg,69,429.9,330.18,444.03,344.31,high
cam07__frame_00043.jpg,70,438.37,301.2,447.52,327.96,low
cam07__frame_00043.jpg,71,414.07,339.45,427.15,346.64,medium
cam07__frame_00043.jpg,72,416.69,293.0,429.12,338.79,low
cam07__frame_00043.jpg,73,570.88,257.9,640.0,382.83,medium
cam07__frame_00043.jpg,74,527.26,212.48,564.88,325.74,medium
cam07__frame_00043.jpg,75,482.46,241.82,515.23,308.33,low
cam07__frame_00043.jpg,76,486.44,221.96,522.18,240.82,low
cam07__frame_00043.jpg,77,421.83,197.6,475.66,292.95,high
cam07__frame_00043.jpg,78,628.5,178.28,640.0,243.5,high
cam07__frame_00043.jpg,79,601.85,125.08,633.63,221.99,medium
cam07__frame_00043.jpg,80,548.46,102.05,601.37,202.93,low
cam07__frame_00043.jpg,81,493.27,71.17,552.55,178.95,low
cam07__frame_00043.jpg,82,438.15,41.54,495.46,150.19,low
cam07__frame_00043.jpg,83,614.82,73.28,640.0,100.24,medium
cam07__frame_00043.jpg,84,612.5,46.32,640.0,75.63,medium
cam07__frame_00043.jpg,85,578.48,34.6,610.13,72.11,medium
cam07__frame_00043.jpg,86,579.66,0.61,601.93,36.95,high
cam07__frame_00043.jpg,87,557.39,0.0,576.14,55.7,high
cam07__frame_00043.jpg,88,535.11,0.61,556.21,39.29,high
cam07__frame_00043.jpg,89,505.81,1.78,535.11,22.88,high
cam07__frame_00043.jpg,90,438.15,41.54,495.46,150.19,low
cam07__frame_00043.jpg,91,262.96,371.41,287.0,463.3,low
cam07__frame_00043.jpg,92,264.6,315.1,306.83,411.14,low
cam07__frame_00043.jpg,93,306.62,354.2,334.34,385.15,medium
cam07__frame_00043.jpg,94,309.86,308.01,334.8,353.74,low
cam07__frame_00043.jpg,95,165.88,343.93,179.95,376.76,low
cam07__frame_00043.jpg,96,165.5,385.12,183.98,429.02,low
cam07__frame_00043.jpg,97,144.7,379.35,166.65,423.25,low
cam07__frame_00043.jpg,98,129.68,367.79,142.39,404.76,low
cam07__frame_00043.jpg,99,117.0,356.24,129.68,392.05,low
cam07__frame_00043.jpg,100,221.44,420.81,239.67,458.29,medium
cam07__frame_00043.jpg,101,203.22,417.73,220.44,448.13,medium
cam07__frame_00043.jpg,102,181.9,410.8,201.16,440.83,medium
cam07__frame_00043.jpg,103,214.72,374.7,236.67,416.32,low
cam07__frame_00043.jpg,104,198.07,345.94,221.53,397.4,medium
cam07__frame_00043.jpg,105,182.18,342.91,198.07,387.56,high
cam07__frame_00043.jpg,106,142.07,311.13,160.99,364.0,medium
cam07__frame_00043.jpg,107,126.9,296.75,141.32,345.18,medium
cam07__frame_00043.jpg,108,114.1,303.6,127.69,339.13,medium
cam07__frame_00043.jpg,109,220.44,288.97,239.86,342.59,medium
cam07__frame_00043.jpg,110,199.33,291.5,219.59,336.26,low
cam07__frame_00043.jpg,111,176.52,287.7,196.79,332.04,low
cam07__frame_00043.jpg,112,173.62,273.62,221.8,288.95,low
cam07__frame_00043.jpg,113,184.94,272.89,232.74,281.28,high
cam07__frame_00043.jpg,114,180.92,264.49,223.26,273.62,high
cam07__frame_00043.jpg,115,168.48,249.53,201.36,260.86,high
cam07__frame_00043.jpg,116,143.3,259.71,163.6,305.31,medium
cam07__frame_00043.jpg,117,130.15,236.96,140.62,259.85,medium
cam07__frame_00043.jpg,118,120.34,257.23,130.81,272.93,low
cam07__frame_00043.jpg,119,104.49,245.35,116.73,274.49,low
cam07__frame_00043.jpg,120,228.28,242.36,240.1,260.6,medium
cam07__frame_00043.jpg,121,228.96,225.82,241.11,243.04,medium
cam07__frame_00043.jpg,122,229.3,199.14,241.79,226.15,medium
cam07__frame_00043.jpg,123,211.74,238.65,227.27,257.22,medium
cam07__frame_00043.jpg,124,210.72,220.41,227.61,237.97,medium
cam07__frame_00043.jpg,125,198.95,233.77,211.21,250.7,medium
cam07__frame_00043.jpg,126,200.12,214.22,211.21,233.19,medium
cam07__frame_00043.jpg,127,185.53,231.14,198.08,246.03,medium
cam07__frame_00043.jpg,128,186.69,216.79,199.83,231.38,medium
cam07__frame_00043.jpg,129,175.9,225.31,185.82,240.48,medium
cam07__frame_00043.jpg,130,179.69,204.29,186.4,225.89,medium
cam07__frame_00043.jpg,131,186.99,198.17,199.83,216.84,medium
cam07__frame_00043.jpg,132,201.58,192.0,220.3,215.97,medium
cam07__frame_00043.jpg,133,197.2,184.16,210.04,192.04,high
cam07__frame_00043.jpg,134,211.79,175.69,225.22,191.16,high
cam07__frame_00043.jpg,135,153.25,212.6,169.64,230.13,medium
cam07__frame_00043.jpg,136,144.2,211.47,152.68,226.17,low
cam07__frame_00043.jpg,137,136.01,209.66,144.49,224.36,medium
cam07__frame_00043.jpg,138,126.96,206.27,133.18,220.97,medium
cam07__frame_00043.jpg,139,119.05,205.14,126.4,217.01,low
cam07__frame_00043.jpg,140,110.57,201.75,118.48,216.45,medium
cam07__frame_00043.jpg,141,104.92,200.62,110.0,212.49,low
cam07__frame_00043.jpg,142,145.62,191.01,158.05,211.36,low
cam07__frame_00043.jpg,143,125.3,188.18,140.53,206.84,high
cam07__frame_00043.jpg,144,151.8,176.31,165.97,191.01,medium
cam07__frame_00043.jpg,145,140.53,167.83,151.8,184.23,medium
cam07__frame_00043.jpg,146,125.27,163.88,139.4,185.36,medium
cam07__frame_00043.jpg,147,140.56,158.45,151.26,166.36,high
cam07__frame_00043.jpg,148,235.43,162.46,249.89,181.45,medium
cam07__frame_00043.jpg,149,225.48,160.2,234.07,180.09,medium
cam07__frame_00043.jpg,150,215.58,156.1,223.98,175.67,high
cam07__frame_00043.jpg,151,215.34,135.86,240.56,151.92,medium
cam07__frame_00043.jpg,152,215.87,111.9,253.59,128.01,low
cam07__frame_00043.jpg,153,209.96,93.36,255.49,110.46,low
cam07__frame_00043.jpg,154,196.98,157.54,213.53,170.71,medium
cam07__frame_00043.jpg,155,197.0,145.38,212.17,157.88,medium
cam07__frame_00043.jpg,156,195.97,132.55,211.84,145.72,medium
cam07__frame_00043.jpg,157,183.13,153.15,195.63,164.97,medium
cam07__frame_00043.jpg,158,183.81,140.99,195.63,153.82,medium
cam07__frame_00043.jpg,159,183.13,128.83,195.63,142.34,medium
cam07__frame_00043.jpg,160,192.25,119.7,204.1,132.21,medium
cam07__frame_00043.jpg,161,191.91,106.55,199.0,120.06,high
cam07__frame_00043.jpg,162,145.75,143.91,158.88,153.54,high
cam07__frame_00043.jpg,163,129.99,141.28,145.46,149.16,high
cam07__frame_00043.jpg,164,145.75,136.32,159.17,143.91,high
cam07__frame_00043.jpg,165,130.28,130.78,145.46,140.41,high
cam07__frame_00043.jpg,166,146.9,126.69,160.05,136.61,high
cam07__frame_00043.jpg,167,130.57,122.9,145.46,130.78,high
cam07__frame_00043.jpg,168,146.69,116.67,160.25,127.07,high
cam07__frame_00043.jpg,169,134.48,112.65,146.69,123.04,high
cam07__frame_00043.jpg,170,146.69,105.41,159.35,116.67,high
cam07__frame_00043.jpg,171,133.58,103.61,147.14,113.1,high
cam07__frame_00043.jpg,172,147.59,96.78,158.44,105.87,high
cam07__frame_00043.jpg,173,137.65,91.9,147.14,102.7,high
cam07__frame_00043.jpg,174,145.55,76.77,189.96,86.71,low
cam07__frame_00043.jpg,175,121.28,137.75,128.34,147.33,medium
cam07__frame_00043.jpg,176,120.77,129.67,128.09,137.49,medium
cam07__frame_00043.jpg,177,120.77,118.58,127.33,129.17,medium
cam07__frame_00043.jpg,178,114.21,137.49,120.77,146.83,medium
cam07__frame_00043.jpg,179,113.96,128.41,120.52,136.99,medium
cam07__frame_00043.jpg,180,114.14,117.25,120.12,127.24,medium
cam07__frame_00043.jpg,181,108.4,136.78,112.17,145.45,high
cam07__frame_00043.jpg,182,109.16,126.42,111.98,136.4,high
cam07__frame_00043.jpg,183,105.2,135.84,108.4,144.13,high
cam07__frame_00043.jpg,184,104.45,124.72,107.84,135.08,high
cam07__frame_00043.jpg,185,108.03,117.56,111.23,125.47,medium
cam07__frame_00043.jpg,186,98.61,134.52,105.01,142.06,high
cam07__frame_00043.jpg,187,98.04,124.72,104.07,134.14,high
cam07__frame_00043.jpg,188,101.81,114.55,107.65,123.97,high
cam07__frame_00043.jpg,189,106.33,107.01,112.17,116.62,high
cam07__frame_00043.jpg,190,292.3,275.25,331.6,305.24,high
cam07__frame_00043.jpg,191,336.7,248.42,350.7,282.1,high
cam07__frame_00043.jpg,192,318.6,235.02,335.26,273.36,high
cam07__frame_00043.jpg,193,1.41,82.24,18.22,143.91,high
cam07__frame_00043.jpg,194,343.37,582.92,395.48,640.0,high
cam07__frame_00043.jpg,195,548.19,545.05,553.75,552.58,high
cam07__frame_00043.jpg,196,554.08,535.55,559.65,545.7,high
cam07__frame_00043.jpg,197,547.53,534.9,553.1,545.37,high
cam07__frame_00043.jpg,198,506.17,542.06,516.19,551.35,high
cam07__frame_00043.jpg,199,508.01,531.67,518.75,541.7,high
cam07__frame_00043.jpg,200,507.63,524.39,520.63,531.84,medium
cam07__frame_00043.jpg,201,508.94,513.32,522.64,524.32,medium
cam07__frame_00043.jpg,202,499.14,537.14,506.74,547.19,high
cam07__frame_00043.jpg,203,499.47,526.34,507.89,536.67,high
cam07__frame_00043.jpg,204,460.05,493.04,470.39,508.73,high
cam07__frame_00043.jpg,205,446.19,504.95,457.51,518.35,medium
cam07__frame_00043.jpg,206,437.31,492.73,447.42,511.95,low
cam07__frame_00043.jpg,207,387.88,493.73,395.03,498.1,high
cam07__frame_00043.jpg,208,390.4,489.54,395.05,493.3,high
cam07__frame_00043.jpg,209,572.76,512.98,576.76,518.78,high
cam07__frame_00043.jpg,210,566.23,512.25,571.68,523.5,high
cam07__frame_00043.jpg,211,577.48,492.65,581.48,505.71,high
cam07__frame_00043.jpg,212,572.0,490.47,576.03,503.54,high
cam07__frame_00043.jpg,213,545.13,510.96,549.11,514.94,high
cam07__frame_00043.jpg,214,543.72,507.44,549.81,510.49,high
cam07__frame_00043.jpg,215,543.72,502.29,551.22,506.74,high
cam07__frame_00043.jpg,216,543.11,496.67,553.25,501.86,high
cam07__frame_00043.jpg,217,543.11,491.35,554.88,496.82,medium
cam07__frame_00043.jpg,218,544.28,485.96,556.05,491.43,low
cam07__frame_00043.jpg,219,545.8,481.28,557.57,486.75,low
cam07__frame_00043.jpg,220,518.54,496.85,523.2,504.96,high
cam07__frame_00043.jpg,221,513.88,495.02,518.13,502.32,high
cam07__frame_00043.jpg,222,508.81,493.2,513.27,500.9,high
cam07__frame_00043.jpg,223,504.75,492.59,508.81,498.87,high
cam07__frame_00043.jpg,224,500.7,491.78,504.35,497.25,high
cam07__frame_00043.jpg,225,519.1,490.86,522.8,496.4,high
cam07__frame_00043.jpg,226,515.7,489.81,519.39,495.36,high
cam07__frame_00043.jpg,227,511.9,488.37,515.6,493.92,high
cam07__frame_00043.jpg,228,508.24,487.46,511.94,493.0,high
cam07__frame_00043.jpg,229,504.84,486.94,508.53,492.48,high
cam07__frame_00043.jpg,230,501.17,485.76,504.87,491.3,high
cam07__frame_00043.jpg,231,518.83,485.15,521.87,491.03,medium
cam07__frame_00043.jpg,232,515.35,483.79,518.39,489.66,medium
cam07__frame_00043.jpg,233,511.87,482.12,514.91,488.0,medium
cam07__frame_00043.jpg,234,508.83,481.31,511.87,487.19,medium
cam07__frame_00043.jpg,235,505.89,481.0,508.93,486.88,medium
cam07__frame_00043.jpg,236,501.77,480.58,505.47,486.13,medium
cam07__frame_00043.jpg,237,555.94,465.78,561.25,472.42,high
cam07__frame_00043.jpg,238,550.18,463.57,555.49,470.21,high
cam07__frame_00043.jpg,239,558.59,459.14,564.35,467.11,medium
cam07__frame_00043.jpg,240,552.22,454.36,558.86,464.1,medium
cam07__frame_00043.jpg,241,91.53,446.61,121.41,453.92,low
cam07__frame_00043.jpg,242,74.65,470.26,102.97,476.73,medium
cam07__frame_00043.jpg,243,72.99,465.67,98.49,470.06,medium
cam07__frame_00043.jpg,244,72.34,455.57,98.07,462.71,medium
cam07__frame_00043.jpg,245,71.52,445.87,95.77,452.34,medium
cam07__frame_00043.jpg,246,68.61,438.47,97.23,443.53,medium
cam07__frame_00043.jpg,247,64.87,432.49,95.46,437.9,medium
cam07__frame_00043.jpg,248,66.76,420.52,96.59,426.59,low
cam07__frame_00043.jpg,249,54.01,496.09,87.58,501.57,medium
cam07__frame_00043.jpg,250,52.99,488.73,84.29,495.2,medium
cam07__frame_00043.jpg,251,50.42,480.79,81.68,486.7,medium
cam07__frame_00043.jpg,252,49.55,474.65,80.72,479.56,medium
cam07__frame_00043.jpg,253,49.06,466.35,80.47,472.83,medium
cam07__frame_00043.jpg,254,50.23,457.38,78.84,463.86,medium
cam07__frame_00043.jpg,255,48.32,448.0,78.01,454.47,medium
cam07__frame_00043.jpg,256,46.51,439.19,77.11,445.67,medium
cam07__frame_00043.jpg,257,43.58,431.2,75.82,437.67,medium
cam07__frame_00043.jpg,258,41.1,421.33,74.67,427.81,medium
cam07__frame_00043.jpg,259,39.02,411.32,72.59,417.79,medium
cam07__frame_00043.jpg,260,36.61,402.68,70.17,409.15,medium
cam07__frame_00043.jpg,261,33.84,394.74,67.41,401.21,medium
cam07__frame_00043.jpg,262,30.78,387.73,64.35,394.2,medium
cam07__frame_00043.jpg,263,86.22,494.06,128.44,575.16,low
cam07__frame_00043.jpg,264,65.4,543.93,97.6,611.9,low
cam07__frame_00043.jpg,265,16.31,584.89,73.26,640.0,high
cam07__frame_00043.jpg,266,1.62,440.09,50.64,541.39,low
cam07__frame_00043.jpg,267,0.0,495.89,34.51,615.75,high
cam07__frame_00043.jpg,268,0.0,261.61,42.6,277.71,high
cam07__frame_00043.jpg,269,0.0,239.62,49.39,255.32,medium
cam07__frame_00043.jpg,270,0.0,217.35,48.26,236.73,medium
cam07__frame_00043.jpg,271,0.0,180.08,43.22,215.55,low
cam07__frame_00043.jpg,272,480.78,467.09,484.76,487.35,low
cam07__frame_00043.jpg,273,476.34,465.11,480.31,485.37,low
cam07__frame_00043.jpg,274,472.38,463.13,476.36,483.39,low
cam07__frame_00043.jpg,275,468.43,461.65,472.41,481.91,low
cam07__frame_00043.jpg,276,464.96,460.42,468.94,480.68,low
cam07__frame_00043.jpg,277,424.96,456.71,430.89,462.4,high
cam07__frame_00043.jpg,278,426.2,451.28,431.39,456.71,high
