warehouse,warehouse_enc,baseline,n_orders_in_batch,mean_order_size,total_items_in_batch,batch_type,batch_type_enc,aisle_spread,ergo_score,gait_score,demo_weight,task_tier,task_tier_enc,total_distance_m,return_distance_m,item_pph,order_pph,mean_cycle_time_sec,dist_per_item_m,completion_rate,total_reward
warehouse_small,0,sshape,3,12.33,37,multi,2,0.1351,4,1,1.0,Moderate,1,186.2,37.2,196.1,15.21,236.7,5.03,1.0,225.411
warehouse_small,0,sshape,2,6.0,12,multi,2,0.3333,7,5,1.6,Heavy,0,124.2,22.2,163.0,25.4,141.7,10.35,1.0,105.9
warehouse_small,0,sshape,2,6.5,13,multi,2,0.3846,5,2,1.6,Light,2,142.2,16.2,156.0,22.97,156.7,10.94,1.0,97.889
warehouse_small,0,sshape,2,3.0,6,multi,2,0.6667,7,5,1.0,Moderate,1,94.2,16.2,139.4,42.74,84.2,15.7,1.0,89.696
warehouse_small,0,sshape,1,11.0,11,solo_small,1,0.3636,6,7,1.6,Moderate,1,100.2,14.2,167.3,14.49,248.5,9.11,1.0,85.674
warehouse_small,0,sshape,2,7.5,15,multi,2,0.3333,3,5,1.0,Heavy,0,178.2,34.2,156.5,19.28,186.7,11.88,1.0,98.147
warehouse_small,0,sshape,2,9.0,18,multi,2,0.2778,2,6,1.6,Moderate,1,128.2,15.2,177.9,19.11,188.4,7.12,1.0,123.79
warehouse_small,0,sshape,2,5.5,11,multi,2,0.4545,3,5,1.0,Moderate,1,146.2,36.2,154.3,25.1,143.4,13.29,1.0,88.787
warehouse_small,0,sshape,3,6.33,19,multi,2,0.2105,7,8,1.6,Heavy,0,116.2,28.2,190.9,28.28,127.3,6.12,1.0,143.183
warehouse_small,0,sshape,1,12.0,12,solo_small,1,0.25,10,4,1.0,Light,2,78.3,9.3,181.9,14.68,245.3,6.53,1.0,91.31
warehouse_small,0,sshape,2,7.5,15,multi,2,0.3333,4,3,1.3,Light,2,112.2,24.2,181.0,22.61,159.2,7.48,1.0,115.859
warehouse_small,0,sshape,1,22.0,22,solo_large,0,0.2273,1,5,1.3,Heavy,0,156.2,32.2,182.8,7.82,460.1,7.1,1.0,134.377
warehouse_small,0,sshape,3,6.0,18,multi,2,0.2778,8,1,1.0,Light,2,168.2,36.2,170.5,26.33,136.7,9.34,1.0,133.784
warehouse_small,0,sshape,1,2.0,2,solo_small,1,1.0,5,9,1.6,Light,2,52.9,26.3,138.0,48.58,74.1,26.46,1.0,92.718
warehouse_small,0,sshape,1,4.0,4,solo_small,1,0.25,10,3,1.0,Moderate,1,52.0,26.0,176.3,34.84,103.3,13.0,1.0,82.672
warehouse_small,0,sshape,3,6.0,18,multi,2,0.2778,1,6,1.3,Heavy,0,126.2,24.2,182.5,28.79,125.0,7.01,1.0,134.417
warehouse_small,0,sshape,1,23.0,23,solo_large,0,0.1739,5,10,1.0,Light,2,120.2,15.2,191.4,8.09,445.2,5.23,1.0,144.757
warehouse_small,0,sshape,2,5.0,10,multi,2,0.2,9,3,1.3,Heavy,0,66.6,11.6,183.8,35.04,102.8,6.66,1.0,120.584
warehouse_small,0,sshape,3,4.0,12,multi,2,0.3333,10,4,1.3,Heavy,0,120.2,20.2,164.1,38.55,93.4,10.01,1.0,129.789
warehouse_small,0,sshape,3,6.33,19,multi,2,0.2632,7,1,1.6,Heavy,0,150.2,35.2,179.6,26.33,136.7,7.9,1.0,137.995
warehouse_small,0,sshape,3,8.67,26,multi,2,0.1923,3,6,1.3,Light,2,160.2,28.2,187.2,20.63,174.5,6.16,1.0,168.654
warehouse_small,0,sshape,2,1.5,3,multi,2,0.6667,2,7,1.6,Heavy,0,62.3,18.3,132.2,74.28,48.5,20.77,1.0,130.937
warehouse_small,0,sshape,3,5.67,17,multi,2,0.2941,1,8,1.0,Heavy,0,150.2,33.2,173.6,28.41,126.7,8.83,1.0,208.298
warehouse_small,0,sshape,2,8.0,16,multi,2,0.25,7,9,1.6,Moderate,1,116.2,18.2,179.1,21.37,168.4,7.26,1.0,117.635
warehouse_small,0,sshape,2,8.5,17,multi,2,0.1765,6,3,1.3,Heavy,0,118.3,31.3,186.9,20.36,176.8,6.96,1.0,125.965
warehouse_small,0,sshape,3,8.33,25,multi,2,0.2,9,2,1.6,Heavy,0,148.2,18.2,186.2,21.67,166.2,5.93,1.0,162.916
warehouse_small,0,sshape,1,10.0,10,solo_small,1,0.4,8,4,1.6,Light,2,128.2,34.2,157.7,14.02,256.9,12.82,1.0,76.461
warehouse_small,0,sshape,2,6.5,13,multi,2,0.3077,6,5,1.0,Heavy,0,100.2,14.2,175.5,25.85,139.3,7.71,1.0,112.464
warehouse_small,0,sshape,1,14.0,14,solo_small,1,0.2857,4,9,1.0,Heavy,0,120.2,15.2,169.4,11.61,310.2,8.59,1.0,95.579
warehouse_small,0,sshape,2,8.5,17,multi,2,0.2941,5,6,1.3,Moderate,1,166.2,34.2,167.7,18.3,196.7,9.77,1.0,119.896
warehouse_small,0,sshape,3,6.0,18,multi,2,0.2222,8,10,1.3,Light,2,150.2,36.2,177.5,27.33,131.7,8.34,1.0,205.219
warehouse_small,0,sshape,2,5.5,11,multi,2,0.4545,10,7,1.3,Light,2,120.2,24.2,161.6,27.16,132.6,10.92,1.0,97.185
warehouse_small,0,sshape,2,6.5,13,multi,2,0.3846,2,3,1.0,Heavy,0,146.2,23.2,157.3,22.73,158.4,11.24,1.0,185.181
warehouse_small,0,sshape,3,9.67,29,multi,2,0.1724,4,2,1.6,Heavy,0,174.2,35.2,189.5,18.62,193.4,6.01,1.0,189.553
warehouse_small,0,sshape,2,3.5,7,multi,2,0.4286,10,6,1.6,Heavy,0,70.3,14.3,166.2,44.01,81.8,10.05,1.0,117.037
warehouse_small,0,sshape,2,9.5,19,multi,2,0.2632,7,3,1.6,Light,2,152.2,31.2,177.3,17.48,205.9,8.01,1.0,126.119
warehouse_small,0,sshape,3,10.0,30,multi,2,0.1667,9,10,1.0,Light,2,182.2,32.2,187.8,17.95,200.6,6.07,1.0,187.809
warehouse_small,0,sshape,2,7.0,14,multi,2,0.2143,1,6,1.6,Heavy,0,108.3,31.3,183.8,23.98,150.1,7.74,1.0,112.13
warehouse_small,0,sshape,1,26.0,26,solo_large,0,0.1923,8,8,1.0,Light,2,172.2,28.2,183.5,6.75,533.5,6.62,1.0,153.679
warehouse_small,0,sshape,3,6.0,18,multi,2,0.2222,4,1,1.3,Light,2,122.2,14.2,180.0,29.04,124.0,6.79,1.0,134.131
warehouse_small,0,sshape,1,2.0,2,solo_small,1,1.0,3,5,1.3,Moderate,1,46.2,18.2,135.0,52.54,68.5,23.11,1.0,91.21
warehouse_small,0,sshape,3,11.33,34,multi,2,0.1471,9,3,1.0,Moderate,1,174.2,37.2,196.1,16.48,218.4,5.12,1.0,207.196
warehouse_small,0,sshape,3,10.0,30,multi,2,0.1333,4,1,1.0,Moderate,1,144.2,32.2,198.8,18.94,190.0,4.81,1.0,199.048
warehouse_small,0,sshape,1,18.0,18,solo_large,0,0.2778,10,6,1.0,Light,2,134.2,35.2,183.8,9.43,381.8,7.45,1.0,119.231
warehouse_small,0,sshape,1,10.0,10,solo_small,1,0.4,6,4,1.3,Moderate,1,136.2,32.2,152.1,13.66,263.5,13.62,1.0,74.329
warehouse_small,0,sshape,2,10.5,21,multi,2,0.2381,5,6,1.3,Moderate,1,158.2,36.2,181.4,16.11,223.4,7.53,1.0,133.857
warehouse_small,0,sshape,3,9.67,29,multi,2,0.1724,5,6,1.0,Moderate,1,186.2,37.2,186.7,18.3,196.7,6.42,1.0,171.152
warehouse_small,0,sshape,1,11.0,11,solo_small,1,0.4545,8,4,1.0,Heavy,0,150.2,33.2,150.9,12.41,290.1,13.65,1.0,76.546
warehouse_small,0,sshape,1,9.0,9,solo_small,1,0.4444,8,7,1.6,Light,2,118.2,19.2,149.0,15.42,233.5,13.13,1.0,73.917
warehouse_small,0,sshape,3,11.33,34,multi,2,0.1471,1,8,1.3,Light,2,174.2,35.2,195.6,16.48,218.4,5.12,1.0,210.266
warehouse_small,0,sshape,3,7.33,22,multi,2,0.2273,4,5,1.0,Heavy,0,152.2,24.2,181.4,23.64,152.3,6.92,1.0,154.357
warehouse_small,0,sshape,3,10.33,31,multi,2,0.1613,5,5,1.0,Light,2,146.2,19.2,195.5,18.4,195.6,4.72,1.0,198.397
warehouse_small,0,sshape,2,6.0,12,multi,2,0.4167,3,5,1.3,Light,2,120.2,34.2,171.7,25.7,140.1,10.01,1.0,108.315
warehouse_small,0,sshape,3,11.0,33,multi,2,0.1515,4,4,1.6,Heavy,0,156.2,36.2,199.7,17.28,208.4,4.73,1.0,210.407
warehouse_small,0,sshape,3,5.33,16,multi,2,0.3125,3,8,1.6,Moderate,1,154.2,37.2,170.7,29.31,122.8,9.64,1.0,124.352
warehouse_small,0,sshape,1,12.0,12,solo_small,1,0.25,6,6,1.3,Heavy,0,132.2,37.2,166.7,12.41,290.1,11.01,1.0,84.785
warehouse_small,0,sshape,1,12.0,12,solo_small,1,0.4167,5,3,1.6,Heavy,0,120.2,33.2,171.1,12.85,280.1,10.01,1.0,93.684
warehouse_small,0,sshape,2,6.5,13,multi,2,0.3077,5,8,1.6,Heavy,0,104.2,31.2,182.9,25.55,140.9,8.02,1.0,111.188
warehouse_small,0,sshape,2,8.0,16,multi,2,0.3125,3,7,1.3,Heavy,0,124.2,22.2,177.2,20.96,171.7,7.76,1.0,118.052
warehouse_small,0,sshape,2,5.0,10,multi,2,0.5,2,4,1.3,Heavy,0,140.2,36.2,152.1,26.99,133.4,14.02,1.0,96.851
warehouse_small,0,sshape,1,23.0,23,solo_large,0,0.2174,9,10,1.3,Light,2,160.2,35.2,184.3,7.52,478.5,6.96,1.0,142.406
warehouse_small,0,sshape,2,7.5,15,multi,2,0.2,7,1,1.6,Heavy,0,94.3,17.3,186.7,23.72,151.8,6.29,1.0,115.615
warehouse_small,0,sshape,3,12.0,36,multi,2,0.1389,4,9,1.0,Moderate,1,166.2,37.2,200.2,15.92,226.2,4.62,1.0,222.553
warehouse_small,0,sshape,2,2.0,4,multi,2,0.5,8,4,1.6,Light,2,66.6,13.6,138.2,62.33,57.8,16.65,1.0,126.058
warehouse_small,0,sshape,1,14.0,14,solo_small,1,0.2857,9,5,1.6,Light,2,104.2,12.2,175.8,12.13,296.9,7.44,1.0,96.512
warehouse_small,0,sshape,3,5.67,17,multi,2,0.2941,4,8,1.6,Heavy,0,144.2,37.2,177.8,28.79,125.0,8.48,1.0,129.881
warehouse_small,0,sshape,1,23.0,23,solo_large,0,0.2174,10,8,1.0,Moderate,1,148.2,23.2,184.3,7.68,468.5,6.44,1.0,140.634
warehouse_small,0,sshape,2,7.5,15,multi,2,0.3333,5,1,1.0,Moderate,1,130.2,35.2,177.5,21.59,166.7,8.68,1.0,188.545
warehouse_small,0,sshape,1,28.0,28,solo_large,0,0.1429,5,1,1.0,Light,2,148.2,30.2,194.5,6.62,543.5,5.29,1.0,168.105
warehouse_small,0,sshape,1,1.0,1,solo_small,1,1.0,5,8,1.3,Light,2,42.4,21.2,110.1,71.48,50.4,42.44,1.0,122.962
warehouse_small,0,sshape,3,5.0,15,multi,2,0.2667,4,1,1.3,Heavy,0,110.2,16.2,178.0,34.09,105.6,7.34,1.0,130.452
warehouse_small,0,sshape,1,12.0,12,solo_small,1,0.3333,10,6,1.0,Light,2,108.2,19.2,170.0,13.33,270.1,9.01,1.0,92.709
warehouse_small,0,sshape,3,7.67,23,multi,2,0.2174,3,9,1.6,Moderate,1,182.2,33.2,176.5,21.74,165.6,7.92,1.0,159.491
warehouse_small,0,sshape,2,8.5,17,multi,2,0.1765,3,1,1.3,Light,2,116.3,30.3,187.3,20.46,176.0,6.84,1.0,123.004
warehouse_small,0,sshape,3,5.67,17,multi,2,0.2353,2,3,1.6,Light,2,142.2,36.2,178.3,28.92,124.5,8.36,1.0,173.304
warehouse_small,0,sshape,1,14.0,14,solo_small,1,0.3571,2,3,1.0,Heavy,0,120.2,30.2,176.8,11.61,310.1,8.58,1.0,100.702
warehouse_small,0,sshape,2,5.5,11,multi,2,0.4545,3,9,1.6,Light,2,118.2,16.2,158.4,27.33,131.7,10.74,1.0,91.412
warehouse_small,0,sshape,2,5.5,11,multi,2,0.4545,5,4,1.3,Light,2,134.2,33.2,158.9,26.01,138.4,12.2,1.0,101.461
warehouse_small,0,sshape,1,11.0,11,solo_small,1,0.4545,3,9,1.0,Heavy,0,114.2,28.2,167.3,13.84,260.1,10.38,1.0,85.12
warehouse_small,0,sshape,2,6.0,12,multi,2,0.3333,2,6,1.3,Heavy,0,132.2,37.2,166.7,24.82,145.1,11.01,1.0,104.987
warehouse_small,0,sshape,2,3.5,7,multi,2,0.2857,3,3,1.3,Light,2,48.6,9.6,183.3,49.48,72.8,6.94,1.0,106.049
warehouse_small,0,sshape,2,2.0,4,multi,2,0.75,2,2,1.0,Light,2,84.3,31.3,138.2,55.27,65.1,21.08,1.0,120.663
warehouse_small,0,sshape,1,5.0,5,solo_small,1,0.6,2,9,1.0,Moderate,1,78.2,19.2,145.0,25.68,140.2,15.64,1.0,67.205
warehouse_small,0,sshape,1,5.0,5,solo_small,1,0.6,1,3,1.6,Light,2,84.8,28.2,147.3,24.72,145.7,16.96,1.0,66.618
warehouse_small,0,sshape,1,15.0,15,solo_small,1,0.2667,1,2,1.6,Heavy,0,134.2,33.2,174.7,10.69,336.8,8.94,1.0,104.259
warehouse_small,0,sshape,1,6.0,6,solo_small,1,0.6667,3,10,1.0,Moderate,1,86.2,18.2,147.3,22.25,161.8,14.36,1.0,68.8
warehouse_small,0,sshape,1,9.0,9,solo_small,1,0.3333,2,3,1.6,Moderate,1,86.3,14.3,166.2,17.4,206.9,9.59,1.0,76.002
warehouse_small,0,sshape,1,5.0,5,solo_small,1,0.8,10,2,1.3,Light,2,86.2,23.2,141.2,24.52,146.8,17.23,1.0,66.37
warehouse_small,0,sshape,3,3.67,11,multi,2,0.2727,1,7,1.0,Moderate,1,108.3,28.3,170.9,42.31,85.1,9.85,1.0,116.306
warehouse_small,0,sshape,2,8.5,17,multi,2,0.2941,4,7,1.3,Light,2,118.2,17.2,180.4,20.37,176.7,6.95,1.0,124.913
warehouse_small,0,sshape,1,1.0,1,solo_small,1,1.0,1,7,1.3,Light,2,45.2,22.6,106.4,68.33,52.7,45.22,1.0,119.711
warehouse_small,0,sshape,1,21.0,21,solo_large,0,0.2381,8,4,1.3,Moderate,1,156.2,22.2,177.2,8.09,445.1,7.44,1.0,128.592
warehouse_small,0,sshape,2,8.0,16,multi,2,0.25,4,6,1.6,Heavy,0,116.2,28.2,183.8,21.37,168.4,7.26,1.0,121.276
warehouse_small,0,sshape,3,7.0,21,multi,2,0.1905,5,8,1.0,Light,2,114.2,17.2,191.0,26.33,136.7,5.44,1.0,156.617
warehouse_small,0,sshape,1,15.0,15,solo_small,1,0.3333,1,6,1.0,Moderate,1,132.2,17.2,168.3,10.74,335.1,8.81,1.0,99.408
warehouse_small,0,sshape,3,5.33,16,multi,2,0.25,8,9,1.6,Light,2,132.2,33.2,178.6,30.84,116.7,8.26,1.0,132.274
warehouse_small,0,sshape,2,2.0,4,multi,2,0.25,1,10,1.3,Heavy,0,40.0,20.0,187.8,77.14,46.7,10.0,1.0,186.061
warehouse_small,0,sshape,3,6.0,18,multi,2,0.2778,2,4,1.3,Moderate,1,178.2,34.2,166.2,25.81,139.5,9.9,1.0,133.213
warehouse_small,0,sshape,1,30.0,30,solo_large,0,0.1667,5,2,1.3,Moderate,1,188.2,37.2,187.6,5.93,606.8,6.27,1.0,174.287
warehouse_small,0,sshape,3,3.33,10,multi,2,0.3,4,3,1.0,Light,2,88.2,14.2,170.1,48.32,74.5,8.82,1.0,122.061
warehouse_small,0,sshape,1,5.0,5,solo_small,1,0.4,6,7,1.3,Moderate,1,66.9,16.3,153.6,27.53,130.8,13.39,1.0,69.108
warehouse_small,0,sshape,1,29.0,29,solo_large,0,0.1724,3,3,1.6,Heavy,0,186.2,34.2,185.9,6.1,590.1,6.42,1.0,162.452
warehouse_small,0,sshape,1,4.0,4,solo_small,1,0.5,4,10,1.0,Heavy,0,66.6,26.6,154.3,31.17,115.5,16.65,1.0,73.901
warehouse_small,0,sshape,1,3.0,3,solo_small,1,0.6667,7,3,1.3,Heavy,0,66.6,23.6,133.6,35.82,100.5,22.2,1.0,72.89
warehouse_small,0,sshape,3,8.67,26,multi,2,0.1923,6,6,1.0,Light,2,152.2,37.2,192.7,20.9,172.3,5.85,1.0,186.332
warehouse_small,0,sshape,2,9.5,19,multi,2,0.2105,1,10,1.3,Light,2,130.2,28.2,184.9,18.3,196.8,6.85,1.0,136.907
warehouse_small,0,sshape,3,5.0,15,multi,2,0.3333,6,2,1.6,Moderate,1,116.2,16.2,175.1,33.56,107.3,7.74,1.0,125.811
warehouse_small,0,sshape,3,9.33,28,multi,2,0.1786,2,8,1.3,Heavy,0,160.2,36.2,192.6,19.51,184.5,5.72,1.0,184.201
warehouse_small,0,sshape,1,8.0,8,solo_small,1,0.5,6,2,1.6,Moderate,1,104.2,22.2,152.9,17.41,206.8,13.02,1.0,75.261
warehouse_small,0,sshape,3,5.67,17,multi,2,0.2941,10,3,1.6,Light,2,140.2,31.2,177.0,29.05,123.9,8.25,1.0,217.548
warehouse_small,0,sshape,1,2.0,2,solo_small,1,1.0,7,5,1.6,Light,2,68.4,19.2,101.4,41.38,87.0,34.2,1.0,73.259
warehouse_small,0,sshape,1,8.0,8,solo_small,1,0.5,3,10,1.6,Light,2,86.2,13.2,159.3,18.76,191.9,10.78,1.0,74.538
warehouse_small,0,sshape,2,9.0,18,multi,2,0.2778,7,2,1.0,Light,2,166.2,31.2,169.4,17.63,204.2,9.23,1.0,112.909
warehouse_small,0,sshape,1,8.0,8,solo_small,1,0.5,10,9,1.6,Heavy,0,116.2,20.2,144.0,16.6,216.9,14.53,1.0,66.763
warehouse_small,0,sshape,1,17.0,17,solo_large,0,0.2353,3,10,1.3,Heavy,0,136.2,21.2,174.4,9.77,368.5,8.01,1.0,111.785
warehouse_small,0,sshape,1,5.0,5,solo_small,1,0.8,6,2,1.0,Moderate,1,104.2,31.2,132.5,22.24,161.9,20.84,1.0,62.683
warehouse_small,0,sshape,1,28.0,28,solo_large,0,0.1786,9,5,1.3,Light,2,178.2,37.2,187.5,6.33,568.5,6.36,1.0,161.53
warehouse_small,0,sshape,3,7.0,21,multi,2,0.2381,10,3,1.0,Heavy,0,180.2,35.2,173.5,23.22,155.0,8.58,1.0,139.537
warehouse_small,0,sshape,3,9.33,28,multi,2,0.1786,10,3,1.6,Light,2,178.2,35.2,187.0,19.0,189.5,6.36,1.0,172.536
warehouse_small,0,sshape,2,8.5,17,multi,2,0.2941,2,5,1.6,Heavy,0,134.2,22.2,175.7,19.63,183.4,7.89,1.0,119.337
warehouse_small,0,sshape,1,19.0,19,solo_large,0,0.2632,10,7,1.3,Moderate,1,152.2,19.2,172.8,8.74,411.8,8.01,1.0,117.508
warehouse_small,0,sshape,1,4.0,4,solo_small,1,0.75,2,4,1.3,Light,2,68.3,13.3,136.1,30.79,116.9,17.08,1.0,69.459
warehouse_small,0,sshape,3,7.33,22,multi,2,0.2273,7,10,1.6,Heavy,0,156.2,33.2,183.1,23.47,153.4,7.1,1.0,164.298
warehouse_small,0,sshape,2,9.0,18,multi,2,0.2222,9,9,1.6,Heavy,0,160.2,28.2,170.5,17.84,201.7,8.9,1.0,119.843
warehouse_small,0,sshape,1,15.0,15,solo_small,1,0.3333,2,10,1.0,Heavy,0,126.2,24.2,174.2,10.9,330.1,8.41,1.0,104.085
warehouse_small,0,sshape,2,5.0,10,multi,2,0.3,1,10,1.6,Moderate,1,86.3,15.3,172.1,32.44,111.0,8.63,1.0,164.589
warehouse_small,0,sshape,1,9.0,9,solo_small,1,0.3333,1,3,1.3,Heavy,0,76.3,13.3,172.8,18.13,198.6,8.48,1.0,82.758
warehouse_small,0,sshape,3,4.0,12,multi,2,0.3333,4,9,1.0,Light,2,112.2,33.2,175.7,39.49,91.2,9.35,1.0,147.418
warehouse_small,0,sshape,1,10.0,10,solo_small,1,0.4,1,8,1.3,Moderate,1,134.2,33.2,153.7,13.75,261.8,13.42,1.0,75.731
warehouse_small,0,sshape,2,5.5,11,multi,2,0.3636,10,4,1.0,Heavy,0,130.2,15.2,151.8,26.32,136.8,11.84,1.0,100.788
warehouse_small,0,sshape,1,2.0,2,solo_small,1,1.0,7,1,1.0,Light,2,34.6,11.6,146.4,61.18,58.8,17.3,1.0,96.976
warehouse_small,0,sshape,3,5.67,17,multi,2,0.2353,6,5,1.6,Moderate,1,118.2,29.2,185.9,30.55,117.8,6.95,1.0,145.969
warehouse_small,0,sshape,2,2.5,5,multi,2,0.4,10,2,1.0,Moderate,1,64.3,13.3,153.2,55.99,64.3,12.86,1.0,122.519
warehouse_small,0,sshape,1,3.0,3,solo_small,1,0.6667,9,7,1.3,Moderate,1,52.6,13.6,139.4,40.52,88.8,17.54,1.0,75.526
warehouse_small,0,sshape,2,11.0,22,multi,2,0.2273,7,7,1.3,Moderate,1,118.2,21.2,192.8,16.8,214.2,5.37,1.0,151.814
warehouse_small,0,sshape,1,10.0,10,solo_small,1,0.3,9,10,1.3,Moderate,1,110.3,27.3,164.3,14.88,241.9,11.03,1.0,77.869
warehouse_small,0,sshape,1,25.0,25,solo_large,0,0.2,4,6,1.3,Light,2,142.2,31.2,192.5,7.3,493.5,5.69,1.0,155.165
warehouse_small,0,sshape,1,21.0,21,solo_large,0,0.2381,8,9,1.0,Moderate,1,178.2,32.2,173.1,7.77,463.5,8.48,1.0,123.6
warehouse_small,0,sshape,1,13.0,13,solo_small,1,0.3846,6,2,1.6,Heavy,0,132.2,33.2,168.6,11.8,305.1,10.17,1.0,92.73
warehouse_small,0,sshape,3,6.33,19,multi,2,0.2632,1,9,1.6,Heavy,0,110.2,17.2,188.7,28.66,125.6,5.8,1.0,149.581
warehouse_small,0,sshape,1,30.0,30,solo_large,0,0.1667,5,1,1.6,Heavy,0,148.2,20.2,194.0,6.28,573.5,4.94,1.0,181.744
warehouse_small,0,sshape,1,13.0,13,solo_small,1,0.3077,7,5,1.3,Moderate,1,154.2,37.2,160.0,11.13,323.5,11.86,1.0,90.048
warehouse_small,0,sshape,2,5.5,11,multi,2,0.4545,7,1,1.0,Light,2,168.2,34.2,143.1,23.6,152.6,15.29,1.0,88.472
warehouse_small,0,sshape,1,26.0,26,solo_large,0,0.1923,10,10,1.6,Moderate,1,172.2,36.2,186.0,6.75,533.5,6.62,1.0,153.22
warehouse_small,0,sshape,2,3.0,6,multi,2,0.5,4,8,1.3,Heavy,0,66.3,16.3,164.1,49.56,72.6,11.05,1.0,100.449
warehouse_small,0,sshape,1,7.0,7,solo_small,1,0.5714,10,10,1.0,Moderate,1,110.2,34.2,149.7,18.29,196.8,15.74,1.0,71.447
warehouse_small,0,sshape,2,3.5,7,multi,2,0.7143,7,8,1.6,Moderate,1,108.2,18.2,140.0,36.9,97.6,15.45,1.0,83.866
warehouse_small,0,sshape,2,4.5,9,multi,2,0.4444,8,5,1.6,Moderate,1,100.2,16.2,158.0,32.96,109.2,11.13,1.0,116.251
warehouse_small,0,sshape,1,8.0,8,solo_small,1,0.375,8,6,1.6,Heavy,0,82.2,18.2,166.2,19.1,188.5,10.27,1.0,73.549
warehouse_small,0,sshape,2,3.5,7,multi,2,0.5714,7,10,1.6,Light,2,106.2,19.2,142.0,37.21,96.8,15.17,1.0,96.193
warehouse_small,0,sshape,1,30.0,30,solo_large,0,0.1667,4,2,1.0,Moderate,1,162.2,31.2,193.1,6.15,585.1,5.41,1.0,175.412
warehouse_small,0,sshape,3,6.0,18,multi,2,0.2222,7,5,1.3,Heavy,0,152.2,37.2,177.1,27.22,132.3,8.45,1.0,150.179
warehouse_small,0,sshape,1,4.0,4,solo_small,1,1.0,2,7,1.6,Heavy,0,72.2,29.2,150.3,29.95,120.2,18.05,1.0,74.168
warehouse_small,0,sshape,1,19.0,19,solo_large,0,0.2632,7,9,1.0,Light,2,154.2,36.2,178.4,8.71,413.5,8.11,1.0,116.683
warehouse_small,0,sshape,1,17.0,17,solo_large,0,0.2941,4,7,1.6,Heavy,0,134.2,34.2,180.9,9.81,366.8,7.89,1.0,112.21
warehouse_small,0,sshape,2,3.5,7,multi,2,0.4286,10,5,1.3,Moderate,1,68.3,9.3,163.5,44.46,81.0,9.76,1.0,110.278
warehouse_small,0,sshape,3,8.67,26,multi,2,0.1538,8,10,1.3,Moderate,1,150.2,32.2,191.7,20.97,171.7,5.78,1.0,169.234
warehouse_small,0,sshape,3,9.0,27,multi,2,0.1852,7,2,1.0,Heavy,0,162.2,22.2,186.3,19.99,180.0,6.01,1.0,174.65
warehouse_small,0,sshape,1,4.0,4,solo_small,1,0.5,1,3,1.6,Light,2,54.6,9.6,147.7,34.12,105.5,13.65,1.0,70.676
warehouse_small,0,sshape,1,6.0,6,solo_small,1,0.5,9,6,1.3,Light,2,60.3,13.3,167.2,25.67,140.3,10.05,1.0,76.665
warehouse_small,0,sshape,3,8.33,25,multi,2,0.2,5,10,1.6,Moderate,1,150.2,33.2,190.5,21.59,166.7,6.01,1.0,193.814
warehouse_small,0,sshape,1,20.0,20,solo_large,0,0.25,3,4,1.3,Light,2,152.2,37.2,181.9,8.43,426.8,7.61,1.0,124.759
warehouse_small,0,sshape,1,17.0,17,solo_large,0,0.2941,2,2,1.6,Moderate,1,154.2,31.2,171.2,9.39,383.5,9.07,1.0,108.485
warehouse_small,0,sshape,2,5.5,11,multi,2,0.3636,9,1,1.3,Heavy,0,132.2,36.2,161.6,26.17,137.6,12.02,1.0,97.268
warehouse_small,0,sshape,1,5.0,5,solo_small,1,0.8,1,6,1.0,Light,2,108.2,37.2,134.2,21.8,165.1,21.63,1.0,65.867
warehouse_small,0,sshape,3,9.0,27,multi,2,0.1481,8,8,1.0,Light,2,124.2,14.2,195.7,21.24,169.5,4.6,1.0,245.342
warehouse_small,0,sshape,3,8.67,26,multi,2,0.1923,8,1,1.3,Light,2,172.2,35.2,185.7,20.24,177.8,6.62,1.0,169.008
warehouse_small,0,sshape,2,1.0,2,multi,2,0.5,3,9,1.0,Heavy,0,48.0,24.0,144.0,102.86,35.0,24.0,1.0,186.939
warehouse_small,0,sshape,1,9.0,9,solo_small,1,0.2222,2,5,1.0,Heavy,0,66.6,9.6,177.5,18.9,190.5,7.4,1.0,78.596
warehouse_small,0,sshape,1,11.0,11,solo_small,1,0.3636,7,5,1.6,Light,2,134.2,19.2,151.8,13.01,276.8,12.2,1.0,74.373
warehouse_small,0,sshape,1,23.0,23,solo_large,0,0.2174,7,1,1.3,Moderate,1,130.2,24.2,191.1,7.94,453.5,5.66,1.0,143.981
warehouse_small,0,sshape,3,4.33,13,multi,2,0.2308,10,5,1.0,Light,2,88.2,16.2,183.5,40.22,89.5,6.79,1.0,126.54
warehouse_small,0,sshape,2,8.5,17,multi,2,0.2941,4,8,1.3,Moderate,1,136.2,23.2,175.3,19.54,184.2,8.01,1.0,125.136
warehouse_small,0,sshape,3,3.67,11,multi,2,0.1818,7,6,1.3,Moderate,1,66.6,6.6,184.2,48.98,73.5,6.06,1.0,144.415
warehouse_small,0,sshape,1,23.0,23,solo_large,0,0.1739,2,9,1.3,Moderate,1,138.2,21.2,187.1,7.82,460.1,6.01,1.0,140.257
warehouse_small,0,sshape,3,12.67,38,multi,2,0.1316,1,8,1.6,Heavy,0,178.2,31.2,197.5,15.03,239.5,4.69,1.0,226.929
warehouse_small,0,sshape,3,2.33,7,multi,2,0.4286,8,10,1.0,Light,2,90.3,30.3,162.6,59.91,60.1,12.9,1.0,121.45
warehouse_small,0,sshape,1,23.0,23,solo_large,0,0.2174,5,5,1.0,Light,2,156.2,28.2,183.3,7.58,475.1,6.79,1.0,139.26
warehouse_small,0,sshape,1,25.0,25,solo_large,0,0.2,7,5,1.3,Light,2,156.2,37.2,189.8,7.13,505.1,6.25,1.0,153.14
warehouse_small,0,sshape,3,3.33,10,multi,2,0.4,3,3,1.6,Moderate,1,88.2,20.2,174.2,48.33,74.5,8.82,1.0,129.756
warehouse_small,0,sshape,1,11.0,11,solo_small,1,0.3636,8,3,1.3,Moderate,1,108.2,35.2,175.4,14.11,255.1,9.83,1.0,89.982
warehouse_small,0,sshape,3,4.67,14,multi,2,0.2857,9,10,1.0,Light,2,104.2,12.2,175.8,36.38,99.0,7.44,1.0,198.446
warehouse_small,0,sshape,3,7.33,22,multi,2,0.2273,10,9,1.3,Heavy,0,122.2,19.2,190.5,25.01,143.9,5.55,1.0,154.918
warehouse_small,0,sshape,2,4.0,8,multi,2,0.5,10,4,1.3,Heavy,0,90.2,15.2,157.8,36.9,97.6,11.27,1.0,96.815
warehouse_small,0,sshape,3,5.0,15,multi,2,0.3333,8,5,1.3,Moderate,1,150.2,37.2,169.2,30.84,116.7,10.01,1.0,122.556
warehouse_small,0,sshape,2,3.0,6,multi,2,0.5,1,10,1.3,Moderate,1,90.2,19.2,144.8,43.59,82.6,15.04,1.0,94.969
warehouse_small,0,sshape,3,9.33,28,multi,2,0.1429,4,7,1.0,Heavy,0,138.2,34.2,198.9,20.18,178.4,4.93,1.0,191.406
warehouse_small,0,sshape,1,23.0,23,solo_large,0,0.2174,1,7,1.0,Light,2,140.2,36.2,191.8,7.8,461.8,6.09,1.0,147.242
warehouse_small,0,sshape,1,22.0,22,solo_large,0,0.1364,1,1,1.3,Light,2,96.2,21.2,201.8,8.78,410.2,4.37,1.0,143.67
warehouse_small,0,sshape,1,11.0,11,solo_small,1,0.3636,6,10,1.3,Heavy,0,118.2,32.2,167.3,13.66,263.5,10.74,1.0,86.066
warehouse_small,0,sshape,1,11.0,11,solo_small,1,0.3636,7,8,1.6,Light,2,130.2,21.2,154.8,13.16,273.5,11.83,1.0,76.452
warehouse_small,0,sshape,1,25.0,25,solo_large,0,0.2,5,5,1.3,Heavy,0,176.2,35.2,182.7,6.9,521.8,7.05,1.0,151.523
warehouse_small,0,sshape,2,4.5,9,multi,2,0.5556,9,7,1.3,Moderate,1,120.2,20.2,148.4,30.62,117.6,13.35,1.0,98.859
warehouse_small,0,sshape,3,3.0,9,multi,2,0.3333,10,2,1.0,Moderate,1,84.2,23.2,174.3,52.65,68.4,9.35,1.0,129.312
warehouse_small,0,sshape,1,14.0,14,solo_small,1,0.2143,5,3,1.6,Light,2,94.3,17.3,183.8,12.47,288.6,6.74,1.0,101.343
warehouse_small,0,sshape,1,2.0,2,solo_small,1,1.0,7,7,1.0,Heavy,0,72.2,35.2,118.4,39.94,90.1,36.09,1.0,83.393
warehouse_small,0,sshape,2,6.0,12,multi,2,0.3333,8,6,1.0,Moderate,1,102.2,19.2,173.4,27.15,132.6,8.52,1.0,107.281
warehouse_small,0,sshape,1,12.0,12,solo_small,1,0.25,4,7,1.3,Light,2,116.3,30.3,171.7,13.0,276.9,9.69,1.0,89.501
warehouse_small,0,sshape,3,10.0,30,multi,2,0.1667,6,1,1.3,Heavy,0,160.2,37.2,195.5,18.51,194.5,5.34,1.0,189.939
warehouse_small,0,sshape,3,10.0,30,multi,2,0.1667,8,10,1.6,Light,2,158.2,32.2,194.6,18.56,193.9,5.27,1.0,191.839
warehouse_small,0,sshape,1,30.0,30,solo_large,0,0.1333,1,8,1.0,Light,2,132.2,13.2,196.7,6.43,560.2,4.41,1.0,178.862
warehouse_small,0,sshape,1,1.0,1,solo_small,1,1.0,1,1,1.6,Heavy,0,26.6,13.3,137.9,96.77,37.2,26.64,1.0,132.5
warehouse_small,0,sshape,2,13.0,26,multi,2,0.1923,5,2,1.0,Heavy,0,156.2,31.2,189.4,13.84,260.1,6.01,1.0,158.638
warehouse_small,0,sshape,2,4.5,9,multi,2,0.4444,5,6,1.3,Light,2,118.2,31.2,156.1,30.84,116.7,13.13,1.0,91.856
warehouse_small,0,sshape,1,10.0,10,solo_small,1,0.4,6,8,1.0,Light,2,148.2,37.2,148.5,13.16,273.5,14.82,1.0,78.036
warehouse_small,0,sshape,1,3.0,3,solo_small,1,0.6667,4,4,1.3,Light,2,54.3,13.3,136.4,39.88,90.3,18.11,1.0,75.534
warehouse_small,0,sshape,1,23.0,23,solo_large,0,0.2174,7,5,1.0,Heavy,0,180.2,35.2,177.7,7.27,495.1,7.83,1.0,135.873
warehouse_small,0,sshape,2,10.0,20,multi,2,0.2,6,4,1.3,Heavy,0,126.2,30.2,189.5,17.77,202.6,6.31,1.0,134.87
warehouse_small,0,sshape,3,9.33,28,multi,2,0.1786,1,10,1.6,Heavy,0,134.2,23.2,196.7,20.31,177.3,4.79,1.0,187.124
warehouse_small,0,sshape,1,1.0,1,solo_small,1,1.0,6,10,1.0,Light,2,40.0,20.0,113.7,74.48,48.3,40.0,1.0,126.089
warehouse_small,0,sshape,2,5.0,10,multi,2,0.5,5,5,1.6,Moderate,1,96.2,24.2,171.4,31.29,115.1,9.62,1.0,95.86
warehouse_small,0,sshape,1,20.0,20,solo_large,0,0.25,7,10,1.3,Light,2,180.2,35.2,171.1,8.0,450.1,9.01,1.0,117.624
warehouse_small,0,sshape,1,22.0,22,solo_large,0,0.2273,9,5,1.3,Heavy,0,134.2,37.2,192.8,8.15,441.8,6.1,1.0,142.548
warehouse_small,0,sshape,3,3.0,9,multi,2,0.3333,1,10,1.6,Light,2,98.2,28.2,167.6,49.81,72.3,10.91,1.0,117.802
warehouse_small,0,sshape,3,8.33,25,multi,2,0.2,2,10,1.0,Heavy,0,138.2,35.2,195.3,22.03,163.4,5.53,1.0,169.592
warehouse_small,0,sshape,1,5.0,5,solo_small,1,0.4,5,5,1.6,Moderate,1,58.6,7.6,153.2,29.07,123.8,11.72,1.0,71.882
warehouse_small,0,sshape,1,28.0,28,solo_large,0,0.1786,5,5,1.3,Light,2,148.2,37.2,196.7,6.62,543.5,5.29,1.0,168.878
warehouse_small,0,sshape,3,4.67,14,multi,2,0.3571,2,9,1.0,Light,2,116.2,20.2,173.8,35.2,102.3,8.3,1.0,121.805
warehouse_small,0,sshape,1,14.0,14,solo_small,1,0.3571,10,10,1.3,Light,2,118.2,19.2,172.3,11.67,308.5,8.44,1.0,91.738
warehouse_small,0,sshape,2,4.5,9,multi,2,0.5556,4,8,1.6,Heavy,0,146.2,37.2,143.5,28.04,128.4,16.24,1.0,94.243
warehouse_small,0,sshape,3,4.67,14,multi,2,0.3571,1,3,1.6,Light,2,164.2,36.2,159.2,31.14,115.6,11.73,1.0,117.661
warehouse_small,0,sshape,2,3.5,7,multi,2,0.5714,10,4,1.6,Moderate,1,100.2,36.2,159.2,38.2,94.2,14.31,1.0,138.604
warehouse_small,0,sshape,2,2.0,4,multi,2,0.75,8,2,1.0,Heavy,0,62.8,24.2,156.2,64.1,56.2,15.7,1.0,116.746
warehouse_small,0,sshape,3,6.67,20,multi,2,0.2,6,9,1.0,Moderate,1,152.2,31.2,179.6,25.3,142.3,7.61,1.0,139.888
warehouse_small,0,sshape,2,1.5,3,multi,2,1.0,3,10,1.3,Light,2,62.3,16.3,129.6,74.28,48.5,20.77,1.0,166.537
warehouse_small,0,sshape,1,23.0,23,solo_large,0,0.2174,10,6,1.6,Moderate,1,168.2,37.2,182.3,7.42,485.1,7.31,1.0,135.061
warehouse_small,0,sshape,1,24.0,24,solo_large,0,0.2083,1,3,1.6,Light,2,130.2,18.2,190.6,7.68,468.5,5.42,1.0,147.517
warehouse_small,0,sshape,3,7.33,22,multi,2,0.1818,9,7,1.6,Moderate,1,156.2,37.2,184.5,23.47,153.4,7.1,1.0,151.326
warehouse_small,0,sshape,3,8.0,24,multi,2,0.2083,10,2,1.3,Light,2,160.2,30.2,184.5,21.89,164.5,6.67,1.0,158.664
warehouse_small,0,sshape,3,7.67,23,multi,2,0.1739,9,7,1.3,Heavy,0,112.2,14.2,194.1,24.63,146.2,4.88,1.0,165.175
warehouse_small,0,sshape,1,21.0,21,solo_large,0,0.2381,9,2,1.3,Moderate,1,172.2,34.2,175.8,7.85,458.5,8.2,1.0,124.05
warehouse_small,0,sshape,1,15.0,15,solo_small,1,0.3333,8,2,1.3,Light,2,130.2,15.2,168.3,10.8,333.5,8.68,1.0,98.948
warehouse_small,0,sshape,1,20.0,20,solo_large,0,0.2,6,7,1.3,Moderate,1,120.2,19.2,187.4,9.0,400.2,6.01,1.0,128.562
warehouse_small,0,sshape,1,22.0,22,solo_large,0,0.2273,7,2,1.0,Light,2,140.2,32.2,188.6,8.06,446.8,6.37,1.0,139.308
warehouse_small,0,sshape,3,7.67,23,multi,2,0.2174,3,7,1.6,Light,2,172.2,31.2,179.0,22.11,162.8,7.49,1.0,152.131
warehouse_small,0,sshape,1,30.0,30,solo_large,0,0.1667,4,3,1.0,Heavy,0,180.2,37.2,189.8,6.0,600.1,6.01,1.0,172.178
warehouse_small,0,sshape,1,12.0,12,solo_small,1,0.4167,7,1,1.6,Moderate,1,128.2,23.2,161.5,12.55,286.8,10.68,1.0,85.647
warehouse_small,0,sshape,1,7.0,7,solo_small,1,0.5714,10,10,1.3,Moderate,1,92.2,22.2,154.3,19.8,181.8,13.17,1.0,71.412
warehouse_small,0,sshape,3,9.67,29,multi,2,0.1724,6,10,1.6,Light,2,158.2,36.2,194.5,19.05,188.9,5.45,1.0,186.405
warehouse_small,0,sshape,1,23.0,23,solo_large,0,0.2174,8,8,1.6,Heavy,0,164.2,34.2,182.6,7.47,481.8,7.14,1.0,132.952
warehouse_small,0,sshape,2,9.5,19,multi,2,0.2105,7,4,1.6,Light,2,110.2,23.2,191.3,19.11,188.4,5.8,1.0,134.134
warehouse_small,0,sshape,1,25.0,25,solo_large,0,0.2,5,5,1.0,Moderate,1,166.2,37.2,186.5,7.01,513.5,6.65,1.0,153.229
warehouse_small,0,sshape,3,8.33,25,multi,2,0.2,10,8,1.6,Moderate,1,126.2,19.2,193.9,22.49,160.0,5.05,1.0,165.535
warehouse_small,0,sshape,1,1.0,1,solo_small,1,1.0,8,8,1.0,Light,2,43.2,21.6,109.1,70.57,51.0,43.22,1.0,121.973
warehouse_small,0,sshape,3,10.67,32,multi,2,0.1562,9,6,1.6,Light,2,176.2,33.2,192.3,17.23,208.9,5.51,1.0,200.918
warehouse_small,0,sshape,1,14.0,14,solo_small,1,0.3571,10,1,1.6,Moderate,1,134.2,23.2,166.6,11.19,321.8,9.58,1.0,92.202
warehouse_small,0,sshape,3,8.0,24,multi,2,0.2083,9,4,1.3,Light,2,172.2,35.2,182.2,21.45,167.8,7.17,1.0,158.902
warehouse_small,0,sshape,2,7.5,15,multi,2,0.2667,8,4,1.6,Moderate,1,124.2,28.2,177.0,21.92,164.2,8.28,1.0,111.503
warehouse_small,0,sshape,1,2.0,2,solo_small,1,1.0,1,6,1.6,Heavy,0,60.9,30.3,129.7,44.57,80.8,30.46,1.0,89.326
warehouse_small,0,sshape,2,10.0,20,multi,2,0.2,6,1,1.3,Light,2,130.2,35.2,189.9,17.63,204.2,6.51,1.0,139.474
warehouse_small,0,sshape,1,30.0,30,solo_large,0,0.1667,3,6,1.3,Heavy,0,164.2,23.2,190.3,6.13,586.8,5.47,1.0,177.669
warehouse_small,0,sshape,1,1.0,1,solo_small,1,1.0,9,1,1.0,Light,2,58.6,29.3,91.3,56.37,63.9,58.64,1.0,106.151
warehouse_small,0,sshape,1,2.0,2,solo_small,1,1.0,5,10,1.6,Heavy,0,40.3,17.3,146.4,56.6,63.6,20.16,1.0,96.541
warehouse_small,0,sshape,1,21.0,21,solo_large,0,0.2381,4,9,1.3,Light,2,176.2,35.2,174.8,7.8,461.8,8.39,1.0,128.65
warehouse_small,0,sshape,1,22.0,22,solo_large,0,0.2273,8,3,1.6,Moderate,1,140.2,32.2,188.6,8.06,446.8,6.37,1.0,139.076
warehouse_small,0,sshape,1,8.0,8,solo_small,1,0.5,7,5,1.6,Light,2,106.2,15.2,147.1,17.26,208.5,13.28,1.0,70.287
warehouse_small,0,sshape,2,5.5,11,multi,2,0.2727,9,9,1.6,Heavy,0,98.2,19.2,171.6,29.17,123.4,8.92,1.0,106.163
warehouse_small,0,sshape,3,9.0,27,multi,2,0.1852,4,10,1.0,Moderate,1,174.2,37.2,187.2,19.63,183.4,6.45,1.0,171.998
warehouse_small,0,sshape,3,8.67,26,multi,2,0.1923,9,9,1.0,Moderate,1,152.2,28.2,189.7,20.9,172.3,5.85,1.0,171.214
warehouse_small,0,sshape,1,12.0,12,solo_small,1,0.25,2,3,1.3,Moderate,1,88.3,17.3,180.6,14.2,253.6,7.36,1.0,93.266
warehouse_small,0,sshape,2,12.0,24,multi,2,0.1667,6,9,1.6,Moderate,1,110.2,19.2,198.2,15.94,225.9,4.59,1.0,159.438
warehouse_small,0,sshape,1,19.0,19,solo_large,0,0.2632,2,7,1.6,Light,2,164.2,35.2,174.3,8.53,421.8,8.64,1.0,116.028
warehouse_small,0,sshape,3,4.67,14,multi,2,0.2857,4,9,1.6,Moderate,1,140.2,30.2,167.1,33.05,108.9,10.01,1.0,121.032
warehouse_small,0,sshape,3,6.67,20,multi,2,0.25,2,3,1.6,Heavy,0,150.2,30.2,180.0,25.4,141.7,7.51,1.0,146.344
warehouse_small,0,sshape,1,9.0,9,solo_small,1,0.4444,8,5,1.0,Moderate,1,108.2,28.2,160.7,15.99,225.2,12.02,1.0,75.726
warehouse_small,0,sshape,2,8.0,16,multi,2,0.25,10,5,1.6,Light,2,136.2,21.2,171.5,20.37,176.8,8.51,1.0,111.441
warehouse_small,0,sshape,3,6.33,19,multi,2,0.2105,1,9,1.0,Moderate,1,130.2,19.2,181.2,27.45,131.2,6.85,1.0,138.813
warehouse_small,0,sshape,2,5.0,10,multi,2,0.4,9,7,1.6,Light,2,108.2,17.2,159.4,29.98,120.1,10.82,1.0,137.173
warehouse_small,0,sshape,2,8.0,16,multi,2,0.3125,1,10,1.3,Light,2,154.2,32.2,168.6,19.54,184.2,9.64,1.0,111.235
warehouse_small,0,sshape,3,1.33,4,multi,2,0.25,5,8,1.0,Light,2,52.0,26.0,176.3,104.52,34.4,13.0,1.0,182.334
warehouse_small,0,sshape,3,8.0,24,multi,2,0.1667,3,8,1.0,Light,2,136.2,12.2,186.5,22.81,157.8,5.68,1.0,169.603
warehouse_small,0,sshape,2,2.0,4,multi,2,1.0,8,5,1.3,Heavy,0,108.2,37.2,120.8,47.95,75.1,27.04,1.0,113.533
warehouse_small,0,sshape,1,17.0,17,solo_large,0,0.2353,2,9,1.6,Light,2,110.2,18.2,184.5,10.38,346.8,6.48,1.0,115.221
warehouse_small,0,sshape,3,6.0,18,multi,2,0.2778,3,8,1.3,Moderate,1,148.2,33.2,177.1,27.45,131.2,8.23,1.0,136.398
warehouse_small,0,sshape,2,3.0,6,multi,2,0.3333,7,1,1.0,Light,2,60.6,22.6,177.5,51.24,70.3,10.1,1.0,111.767
warehouse_small,0,sshape,3,6.33,19,multi,2,0.2632,2,3,1.0,Light,2,132.2,23.2,182.0,27.33,131.7,6.96,1.0,145.046
warehouse_small,0,sshape,1,1.0,1,solo_small,1,1.0,1,4,1.3,Moderate,1,72.3,36.2,79.7,47.82,75.3,72.34,1.0,95.898
warehouse_small,0,sshape,1,1.0,1,solo_small,1,1.0,10,3,1.0,Moderate,1,20.0,10.0,154.3,113.68,31.7,20.0,1.0,133.097
warehouse_small,0,sshape,2,2.5,5,multi,2,0.6,6,7,1.6,Moderate,1,68.3,18.3,154.3,54.57,66.0,13.66,1.0,111.513
warehouse_small,0,sshape,3,4.67,14,multi,2,0.3571,7,2,1.0,Moderate,1,164.2,32.2,157.5,31.14,115.6,11.73,1.0,109.294
warehouse_small,0,sshape,2,14.5,29,multi,2,0.1379,2,2,1.6,Moderate,1,136.2,34.2,200.8,13.13,274.3,4.7,1.0,185.638
warehouse_small,0,sshape,1,7.0,7,solo_small,1,0.4286,1,5,1.3,Heavy,0,76.2,28.2,173.8,21.36,168.5,10.89,1.0,78.297
warehouse_small,0,sshape,1,21.0,21,solo_large,0,0.2381,7,6,1.0,Light,2,156.2,34.2,181.4,8.09,445.1,7.44,1.0,130.025
warehouse_small,0,sshape,3,4.67,14,multi,2,0.3571,5,7,1.0,Heavy,0,164.2,35.2,158.7,31.14,115.6,11.73,1.0,155.846
warehouse_small,0,sshape,3,6.0,18,multi,2,0.2222,3,4,1.6,Moderate,1,124.2,24.2,183.4,28.92,124.5,6.9,1.0,164.538
warehouse_small,0,sshape,1,16.0,16,solo_large,0,0.1875,6,4,1.3,Light,2,96.3,29.3,194.7,11.24,320.3,6.02,1.0,116.293
warehouse_small,0,sshape,2,4.0,8,multi,2,0.375,10,6,1.3,Heavy,0,90.3,30.3,169.4,36.87,97.6,11.29,1.0,96.537
warehouse_small,0,sshape,1,6.0,6,solo_small,1,0.6667,3,7,1.6,Heavy,0,106.2,34.2,144.0,20.17,178.5,17.7,1.0,65.083
warehouse_small,0,sshape,2,2.5,5,multi,2,0.4,10,9,1.3,Moderate,1,64.3,12.3,152.1,55.99,64.3,12.86,1.0,132.602
warehouse_small,0,sshape,3,3.0,9,multi,2,0.5556,2,5,1.6,Moderate,1,120.2,28.2,153.1,45.93,78.4,13.35,1.0,114.482
warehouse_small,0,sshape,1,22.0,22,solo_large,0,0.2273,2,3,1.0,Light,2,166.2,37.2,181.0,7.68,468.5,7.55,1.0,134.9
warehouse_small,0,sshape,3,6.0,18,multi,2,0.2778,4,7,1.6,Moderate,1,142.2,24.2,175.9,27.8,129.5,7.9,1.0,132.591
warehouse_small,0,sshape,2,8.5,17,multi,2,0.2941,5,6,1.0,Moderate,1,152.2,33.2,172.8,18.86,190.9,8.95,1.0,112.635
warehouse_small,0,sshape,3,7.33,22,multi,2,0.2273,5,2,1.0,Heavy,0,158.2,35.2,183.1,23.39,153.9,7.19,1.0,243.666
warehouse_small,0,sshape,1,8.0,8,solo_small,1,0.375,1,4,1.3,Moderate,1,86.2,13.2,159.3,18.76,191.9,10.78,1.0,74.374
warehouse_small,0,sshape,1,26.0,26,solo_large,0,0.1923,6,8,1.6,Heavy,0,166.2,35.2,187.5,6.81,528.5,6.39,1.0,157.499
warehouse_small,0,sshape,3,10.0,30,multi,2,0.1667,4,3,1.0,Heavy,0,146.2,21.2,194.9,18.89,190.6,4.87,1.0,192.856
warehouse_small,0,sshape,1,2.0,2,solo_small,1,1.0,8,7,1.3,Heavy,0,66.8,33.2,124.1,42.03,85.7,33.39,1.0,86.674
warehouse_small,0,sshape,1,12.0,12,solo_small,1,0.3333,2,10,1.6,Heavy,0,94.2,17.2,176.9,13.93,258.5,7.85,1.0,92.72
warehouse_small,0,sshape,2,1.5,3,multi,2,0.6667,3,1,1.0,Moderate,1,76.2,24.2,122.3,66.37,54.2,25.39,1.0,126.392
warehouse_small,0,largest_gap,2,4.5,9,multi,2,0.4444,7,1,1.0,Light,2,172.2,35.2,130.0,25.86,139.2,19.13,1.0,75.975
warehouse_small,0,largest_gap,3,10.0,30,multi,2,0.1667,4,4,1.3,Heavy,0,292.2,33.2,162.2,15.57,231.2,9.74,1.0,155.269
warehouse_small,0,largest_gap,2,2.5,5,multi,2,0.4,7,4,1.3,Moderate,1,82.6,25.6,146.9,50.06,71.9,16.52,1.0,126.02
warehouse_small,0,largest_gap,2,5.5,11,multi,2,0.3636,10,5,1.3,Light,2,176.2,35.2,140.2,23.09,155.9,16.02,1.0,169.952
warehouse_small,0,largest_gap,1,6.0,6,solo_small,1,0.6667,9,9,1.6,Heavy,0,114.2,24.2,130.9,19.44,185.1,19.03,1.0,60.178
warehouse_small,0,largest_gap,3,3.33,10,multi,2,0.4,5,2,1.0,Heavy,0,128.2,31.2,156.0,42.05,85.6,12.82,1.0,114.811
warehouse_small,0,largest_gap,2,4.0,8,multi,2,0.5,7,6,1.0,Light,2,112.2,13.2,142.2,33.72,106.8,14.03,1.0,102.546
warehouse_small,0,largest_gap,2,7.5,15,multi,2,0.2667,3,9,1.3,Light,2,150.2,26.2,164.5,20.56,175.1,10.01,1.0,101.243
warehouse_small,0,largest_gap,3,10.67,32,multi,2,0.1562,3,5,1.3,Light,2,312.2,17.2,158.7,14.59,246.7,9.76,1.0,149.303
warehouse_small,0,largest_gap,2,8.5,17,multi,2,0.2941,5,4,1.6,Light,2,216.2,18.2,145.7,16.55,217.6,12.72,1.0,99.931
warehouse_small,0,largest_gap,3,6.67,20,multi,2,0.25,8,1,1.3,Moderate,1,232.2,35.2,155.1,21.89,164.5,11.61,1.0,118.839
warehouse_small,0,largest_gap,3,10.67,32,multi,2,0.1562,10,2,1.6,Moderate,1,286.2,24.2,165.0,15.03,239.5,8.94,1.0,158.864
warehouse_small,0,largest_gap,3,3.0,9,multi,2,0.4444,9,6,1.0,Light,2,150.2,28.2,136.9,41.51,86.7,16.69,1.0,181.754
warehouse_small,0,largest_gap,1,27.0,27,solo_large,0,0.1852,10,1,1.6,Moderate,1,306.2,15.2,150.1,5.45,660.1,11.34,1.0,110.126
warehouse_small,0,largest_gap,3,9.33,28,multi,2,0.1429,9,10,1.0,Moderate,1,264.2,12.2,160.0,16.87,213.4,9.44,1.0,137.765
warehouse_small,0,largest_gap,1,14.0,14,solo_small,1,0.2857,3,6,1.6,Moderate,1,146.2,15.2,157.9,10.85,331.9,10.44,1.0,90.912
warehouse_small,0,largest_gap,1,26.0,26,solo_large,0,0.1923,2,1,1.0,Moderate,1,324.2,23.2,146.1,5.45,660.1,12.47,1.0,104.811
warehouse_small,0,largest_gap,1,2.0,2,solo_small,1,1.0,8,9,1.6,Light,2,64.3,31.3,125.2,43.06,83.6,32.16,1.0,86.74
warehouse_small,0,largest_gap,1,5.0,5,solo_small,1,0.6,3,2,1.0,Heavy,0,94.2,30.2,140.3,23.45,153.5,18.84,1.0,66.622
warehouse_small,0,largest_gap,2,7.5,15,multi,2,0.2667,1,3,1.3,Heavy,0,186.2,28.2,151.4,18.94,190.1,12.41,1.0,92.072
warehouse_small,0,largest_gap,1,3.0,3,solo_small,1,1.0,1,10,1.6,Light,2,76.2,14.2,111.7,33.17,108.5,25.41,1.0,64.492
warehouse_small,0,largest_gap,1,22.0,22,solo_large,0,0.2273,9,10,1.3,Light,2,246.2,23.2,153.5,6.73,535.1,11.19,1.0,106.713
warehouse_small,0,largest_gap,1,3.0,3,solo_small,1,1.0,1,7,1.0,Heavy,0,54.3,13.3,136.4,39.88,90.3,18.11,1.0,75.464
warehouse_small,0,largest_gap,3,5.0,15,multi,2,0.2667,6,5,1.6,Heavy,0,188.2,33.2,152.5,28.29,127.3,12.54,1.0,101.662
warehouse_small,0,largest_gap,3,8.33,25,multi,2,0.2,4,5,1.0,Moderate,1,192.2,15.2,172.2,20.18,178.4,7.69,1.0,146.323
warehouse_small,0,largest_gap,3,7.0,21,multi,2,0.1905,5,7,1.3,Light,2,196.2,31.2,167.1,22.57,159.5,9.34,1.0,128.666
warehouse_small,0,largest_gap,1,1.0,1,solo_small,1,1.0,4,5,1.3,Light,2,46.6,23.3,104.5,66.83,53.9,46.64,1.0,118.044
warehouse_small,0,largest_gap,1,3.0,3,solo_small,1,0.6667,2,10,1.3,Moderate,1,60.9,27.3,147.9,37.59,95.8,20.31,1.0,80.627
warehouse_small,0,largest_gap,1,3.0,3,solo_small,1,1.0,7,1,1.6,Heavy,0,84.2,15.2,105.4,31.27,115.1,28.06,1.0,62.202
warehouse_small,0,largest_gap,3,4.33,13,multi,2,0.3077,7,10,1.3,Light,2,150.2,30.2,158.6,33.73,106.7,11.56,1.0,122.968
warehouse_small,0,largest_gap,2,6.0,12,multi,2,0.3333,6,9,1.6,Moderate,1,142.2,15.2,151.1,24.12,149.3,11.85,1.0,89.463
warehouse_small,0,largest_gap,3,5.67,17,multi,2,0.2353,10,1,1.6,Moderate,1,172.2,29.2,163.6,27.1,132.8,10.13,1.0,122.727
warehouse_small,0,largest_gap,1,14.0,14,solo_small,1,0.3571,10,5,1.6,Light,2,174.2,21.2,149.3,10.14,355.1,12.44,1.0,78.319
warehouse_small,0,largest_gap,3,7.0,21,multi,2,0.2381,1,6,1.3,Heavy,0,218.2,18.2,157.0,21.74,165.6,10.39,1.0,115.662
warehouse_small,0,largest_gap,3,6.33,19,multi,2,0.2105,1,8,1.6,Moderate,1,174.2,14.2,163.5,25.11,143.4,9.17,1.0,114.691
warehouse_small,0,largest_gap,3,7.0,21,multi,2,0.2381,4,6,1.3,Moderate,1,242.2,32.2,154.3,20.9,172.3,11.53,1.0,116.061
warehouse_small,0,largest_gap,2,8.0,16,multi,2,0.3125,9,1,1.3,Moderate,1,210.2,16.2,143.4,17.34,207.6,13.14,1.0,94.062
warehouse_small,0,largest_gap,2,2.5,5,multi,2,0.4,7,10,1.3,Light,2,96.2,18.2,128.6,46.4,77.6,19.24,1.0,150.879
warehouse_small,0,largest_gap,2,9.5,19,multi,2,0.2632,5,8,1.0,Heavy,0,224.2,28.2,152.6,15.26,235.9,11.8,1.0,94.686
warehouse_small,0,largest_gap,3,6.33,19,multi,2,0.2632,10,9,1.3,Heavy,0,170.2,24.2,168.2,25.3,142.3,8.96,1.0,124.068
warehouse_small,0,largest_gap,1,23.0,23,solo_large,0,0.1739,5,10,1.6,Moderate,1,216.2,26.2,164.5,6.85,525.2,9.4,1.0,113.08
warehouse_small,0,largest_gap,1,18.0,18,solo_large,0,0.2778,3,6,1.6,Heavy,0,192.2,21.2,157.1,8.37,430.1,10.68,1.0,96.199
warehouse_small,0,largest_gap,3,6.33,19,multi,2,0.2632,5,4,1.0,Moderate,1,196.2,20.2,158.5,24.08,149.5,10.32,1.0,127.876
warehouse_small,0,largest_gap,1,23.0,23,solo_large,0,0.2174,4,2,1.3,Light,2,252.2,30.2,156.2,6.48,555.1,10.96,1.0,108.851
warehouse_small,0,largest_gap,3,6.67,20,multi,2,0.25,8,9,1.3,Heavy,0,196.2,15.2,159.7,23.3,154.5,9.81,1.0,137.303
warehouse_small,0,largest_gap,1,29.0,29,solo_large,0,0.1724,9,10,1.0,Moderate,1,314.2,36.2,156.6,5.17,696.8,10.83,1.0,126.412
warehouse_small,0,largest_gap,1,28.0,28,solo_large,0,0.1786,7,2,1.3,Moderate,1,310.2,22.2,152.7,5.31,678.5,11.08,1.0,116.855
warehouse_small,0,largest_gap,1,2.0,2,solo_small,1,1.0,2,8,1.3,Moderate,1,70.5,35.2,121.1,40.57,88.7,35.25,1.0,84.392
warehouse_small,0,largest_gap,2,5.0,10,multi,2,0.3,8,9,1.0,Moderate,1,100.3,15.3,163.0,30.82,116.8,10.03,1.0,93.412
warehouse_small,0,largest_gap,3,5.33,16,multi,2,0.1875,1,6,1.6,Heavy,0,174.3,14.3,154.3,28.03,128.4,10.89,1.0,197.471
warehouse_small,0,largest_gap,1,8.0,8,solo_small,1,0.5,10,3,1.6,Heavy,0,98.2,12.2,150.3,17.84,201.9,12.28,1.0,70.53
warehouse_small,0,largest_gap,1,2.0,2,solo_small,1,1.0,2,6,1.6,Light,2,76.2,22.2,96.0,38.51,93.5,38.09,1.0,70.917
warehouse_small,0,largest_gap,2,1.5,3,multi,2,1.0,2,8,1.6,Heavy,0,60.2,19.2,136.4,75.64,47.6,20.07,1.0,176.539
warehouse_small,0,largest_gap,1,20.0,20,solo_large,0,0.25,1,6,1.3,Light,2,228.2,18.2,151.6,7.34,490.1,11.41,1.0,95.943
warehouse_small,0,largest_gap,3,8.33,25,multi,2,0.2,7,3,1.3,Heavy,0,246.2,18.2,159.3,18.62,193.4,9.85,1.0,146.027
warehouse_small,0,largest_gap,2,4.5,9,multi,2,0.3333,10,6,1.3,Moderate,1,98.3,14.3,158.0,33.19,108.5,10.92,1.0,90.311
warehouse_small,0,largest_gap,1,28.0,28,solo_large,0,0.1429,5,9,1.6,Moderate,1,260.2,28.2,164.3,5.65,636.8,9.29,1.0,130.81
warehouse_small,0,largest_gap,3,13.0,39,multi,2,0.1282,2,10,1.3,Heavy,0,334.2,20.2,165.8,12.51,287.8,8.57,1.0,179.807
warehouse_small,0,largest_gap,3,5.0,15,multi,2,0.2667,7,1,1.3,Light,2,134.2,15.2,166.6,32.07,112.3,8.94,1.0,117.746
warehouse_small,0,largest_gap,3,10.0,30,multi,2,0.1667,8,5,1.6,Light,2,320.2,30.2,156.1,15.07,238.9,10.67,1.0,137.374
warehouse_small,0,largest_gap,3,11.67,35,multi,2,0.1429,4,3,1.0,Light,2,364.2,34.2,157.5,13.04,276.2,10.4,1.0,152.125
warehouse_small,0,largest_gap,1,7.0,7,solo_small,1,0.4286,5,9,1.0,Heavy,0,116.2,35.2,146.1,17.84,201.8,16.6,1.0,66.196
warehouse_small,0,largest_gap,3,4.33,13,multi,2,0.3846,8,5,1.6,Heavy,0,198.2,35.2,141.5,29.99,120.0,15.24,1.0,99.954
warehouse_small,0,largest_gap,1,24.0,24,solo_large,0,0.2083,9,8,1.6,Moderate,1,234.2,23.2,161.2,6.48,555.1,9.76,1.0,115.462
warehouse_small,0,largest_gap,2,3.5,7,multi,2,0.4286,10,5,1.6,Light,2,114.2,32.2,145.4,35.97,100.1,16.32,1.0,83.3
warehouse_small,0,largest_gap,2,3.0,6,multi,2,0.6667,4,6,1.0,Light,2,114.2,28.2,133.6,38.89,92.6,19.03,1.0,90.196
warehouse_small,0,largest_gap,2,8.5,17,multi,2,0.2353,2,6,1.3,Light,2,176.2,17.2,157.9,17.92,200.9,10.36,1.0,103.002
warehouse_small,0,largest_gap,3,5.67,17,multi,2,0.2353,9,9,1.0,Light,2,222.2,12.2,142.3,24.54,146.7,13.07,1.0,101.347
warehouse_small,0,largest_gap,1,12.0,12,solo_small,1,0.4167,7,7,1.3,Moderate,1,164.2,21.2,144.4,11.36,316.8,13.68,1.0,73.151
warehouse_small,0,largest_gap,1,9.0,9,solo_small,1,0.4444,3,8,1.6,Moderate,1,150.2,36.2,140.9,13.84,260.1,16.69,1.0,65.294
warehouse_small,0,largest_gap,2,8.5,17,multi,2,0.2353,6,1,1.0,Moderate,1,92.2,15.2,191.7,21.7,165.9,5.42,1.0,125.543
warehouse_small,0,largest_gap,1,29.0,29,solo_large,0,0.1724,1,5,1.0,Heavy,0,292.2,20.2,157.8,5.31,678.5,10.07,1.0,124.998
warehouse_small,0,largest_gap,1,2.0,2,solo_small,1,0.5,2,2,1.0,Moderate,1,44.0,13.0,129.0,54.0,66.7,22.0,1.0,87.465
warehouse_small,0,largest_gap,3,6.0,18,multi,2,0.2222,5,5,1.3,Light,2,204.2,26.2,154.9,24.54,146.7,11.35,1.0,112.389
warehouse_small,0,largest_gap,2,6.5,13,multi,2,0.3077,8,8,1.6,Moderate,1,152.2,22.2,154.3,22.37,160.9,11.71,1.0,89.204
warehouse_small,0,largest_gap,1,6.0,6,solo_small,1,0.5,4,3,1.6,Heavy,0,124.2,31.2,129.0,18.61,193.5,20.7,1.0,62.098
warehouse_small,0,largest_gap,3,8.67,26,multi,2,0.1923,4,7,1.6,Moderate,1,250.2,33.2,164.0,18.05,199.5,9.62,1.0,142.249
warehouse_small,0,largest_gap,3,6.67,20,multi,2,0.25,9,7,1.6,Heavy,0,250.2,30.2,149.0,21.24,169.5,12.51,1.0,112.205
warehouse_small,0,largest_gap,1,8.0,8,solo_small,1,0.5,10,5,1.3,Moderate,1,108.2,13.2,144.6,17.13,210.2,13.53,1.0,66.905
warehouse_small,0,largest_gap,1,4.0,4,solo_small,1,0.75,6,3,1.0,Heavy,0,64.3,18.3,146.4,31.69,113.6,16.08,1.0,71.737
warehouse_small,0,largest_gap,3,7.33,22,multi,2,0.2273,2,8,1.6,Light,2,250.2,36.2,155.8,20.06,179.5,11.37,1.0,117.316
warehouse_small,0,largest_gap,1,23.0,23,solo_large,0,0.1739,9,5,1.6,Heavy,0,244.2,15.2,154.5,6.56,548.5,10.62,1.0,101.322
warehouse_small,0,largest_gap,1,16.0,16,solo_large,0,0.3125,7,7,1.0,Light,2,198.2,24.2,149.6,8.89,405.1,12.39,1.0,85.501
warehouse_small,0,largest_gap,3,9.0,27,multi,2,0.1852,7,2,1.0,Moderate,1,228.2,32.2,171.0,18.15,198.4,8.45,1.0,146.862
warehouse_small,0,largest_gap,1,5.0,5,solo_small,1,0.8,10,7,1.3,Moderate,1,84.2,24.2,144.0,24.8,145.1,16.83,1.0,68.257
warehouse_small,0,largest_gap,3,6.0,18,multi,2,0.2778,5,10,1.3,Moderate,1,200.2,37.2,159.7,24.72,145.6,11.12,1.0,136.322
warehouse_small,0,largest_gap,1,16.0,16,solo_large,0,0.3125,5,7,1.6,Moderate,1,238.2,37.2,141.3,8.21,438.5,14.89,1.0,75.701
warehouse_small,0,largest_gap,1,17.0,17,solo_large,0,0.2941,6,5,1.3,Light,2,168.2,22.2,162.5,9.11,395.1,9.89,1.0,95.844
warehouse_small,0,largest_gap,2,4.0,8,multi,2,0.25,7,7,1.0,Moderate,1,100.6,6.6,145.2,35.32,101.9,12.58,1.0,94.423
warehouse_small,0,largest_gap,2,3.5,7,multi,2,0.5714,2,2,1.6,Moderate,1,100.2,36.2,159.2,38.2,94.2,14.31,1.0,99.305
warehouse_small,0,largest_gap,1,21.0,21,solo_large,0,0.2381,9,10,1.6,Light,2,232.2,21.2,154.0,7.08,508.5,11.06,1.0,99.739
warehouse_small,0,largest_gap,2,8.5,17,multi,2,0.2941,7,2,1.6,Heavy,0,244.2,33.2,142.1,15.7,229.2,14.36,1.0,88.873
warehouse_small,0,largest_gap,2,6.0,12,multi,2,0.4167,4,3,1.0,Light,2,162.2,15.2,142.8,22.85,157.6,13.51,1.0,83.416
warehouse_small,0,largest_gap,3,6.33,19,multi,2,0.2632,3,4,1.0,Light,2,208.2,23.2,155.7,23.56,152.8,10.96,1.0,113.626
warehouse_small,0,largest_gap,2,10.0,20,multi,2,0.25,3,7,1.6,Moderate,1,208.2,20.2,157.7,15.21,236.7,10.41,1.0,109.12
warehouse_small,0,largest_gap,2,4.0,8,multi,2,0.5,8,3,1.3,Moderate,1,116.2,12.2,139.4,33.2,108.4,14.53,1.0,84.279
warehouse_small,0,largest_gap,2,7.5,15,multi,2,0.3333,9,5,1.3,Light,2,148.2,15.2,160.8,20.66,174.2,9.88,1.0,104.912
warehouse_small,0,largest_gap,3,9.67,29,multi,2,0.1379,3,9,1.6,Light,2,294.2,28.2,159.0,15.88,226.7,10.15,1.0,137.985
warehouse_small,0,largest_gap,2,10.0,20,multi,2,0.25,5,2,1.0,Light,2,230.2,22.2,152.1,14.64,245.9,11.51,1.0,100.137
warehouse_small,0,largest_gap,3,6.0,18,multi,2,0.2778,3,3,1.6,Heavy,0,248.2,35.2,144.8,22.65,158.9,13.79,1.0,108.193
warehouse_small,0,largest_gap,3,11.0,33,multi,2,0.1515,8,6,1.0,Heavy,0,384.2,28.2,150.1,13.25,271.7,11.64,1.0,138.781
warehouse_small,0,largest_gap,1,5.0,5,solo_small,1,0.6,10,2,1.6,Moderate,1,88.3,25.3,141.2,24.23,148.6,17.66,1.0,65.343
warehouse_small,0,largest_gap,2,12.0,24,multi,2,0.2083,1,8,1.0,Heavy,0,212.2,32.2,169.4,13.41,268.4,8.84,1.0,128.767
warehouse_small,0,largest_gap,3,10.0,30,multi,2,0.1667,9,1,1.6,Moderate,1,280.2,15.2,161.0,15.8,227.8,9.34,1.0,148.759
warehouse_small,0,largest_gap,3,5.67,17,multi,2,0.2941,7,5,1.0,Light,2,206.2,30.2,152.4,25.3,142.3,12.13,1.0,104.272
warehouse_small,0,largest_gap,2,13.0,26,multi,2,0.1923,3,4,1.6,Light,2,248.2,31.2,164.0,12.06,298.4,9.54,1.0,132.35
warehouse_small,0,largest_gap,2,5.0,10,multi,2,0.4,4,4,1.0,Moderate,1,118.2,16.2,153.2,28.98,124.2,11.82,1.0,100.212
warehouse_small,0,largest_gap,3,5.67,17,multi,2,0.2941,8,9,1.3,Light,2,196.2,36.2,157.6,25.81,139.5,11.54,1.0,113.555
warehouse_small,0,largest_gap,1,8.0,8,solo_small,1,0.375,2,10,1.6,Moderate,1,106.3,28.3,155.7,17.26,208.6,13.29,1.0,73.801
warehouse_small,0,largest_gap,1,11.0,11,solo_small,1,0.2727,8,9,1.3,Light,2,124.3,12.3,153.3,13.4,268.6,11.3,1.0,76.478
warehouse_small,0,largest_gap,3,2.0,6,multi,2,0.5,6,5,1.6,Moderate,1,90.2,32.2,156.1,65.38,55.1,15.04,1.0,138.256
warehouse_small,0,largest_gap,2,2.0,4,multi,2,0.75,2,9,1.0,Heavy,0,74.2,34.2,154.3,59.09,60.9,18.55,1.0,176.026
warehouse_small,0,largest_gap,1,4.0,4,solo_small,1,0.5,2,8,1.0,Moderate,1,86.2,31.2,136.1,27.31,131.8,21.54,1.0,67.891
warehouse_small,0,largest_gap,2,8.0,16,multi,2,0.3125,5,4,1.3,Heavy,0,214.2,33.2,147.4,17.21,209.2,13.39,1.0,91.789
warehouse_small,0,largest_gap,1,28.0,28,solo_large,0,0.1786,2,8,1.0,Light,2,310.2,22.2,152.7,5.31,678.5,11.08,1.0,117.716
warehouse_small,0,largest_gap,3,8.33,25,multi,2,0.2,1,2,1.6,Light,2,260.2,19.2,156.3,18.25,197.3,10.41,1.0,129.794
warehouse_small,0,largest_gap,1,30.0,30,solo_large,0,0.1667,3,9,1.6,Moderate,1,320.2,18.2,153.9,5.02,716.8,10.67,1.0,129.451
warehouse_small,0,largest_gap,2,9.5,19,multi,2,0.2632,9,1,1.3,Moderate,1,228.2,23.2,150.1,15.15,237.6,12.01,1.0,99.029
warehouse_small,0,largest_gap,3,6.67,20,multi,2,0.2,5,10,1.3,Light,2,228.2,18.2,151.6,22.03,163.4,11.41,1.0,104.948
warehouse_small,0,largest_gap,2,12.5,25,multi,2,0.2,10,10,1.0,Light,2,250.2,19.2,158.6,12.34,291.7,10.01,1.0,123.22
warehouse_small,0,largest_gap,3,2.0,6,multi,2,0.3333,2,6,1.0,Light,2,66.6,13.6,161.0,74.22,48.5,11.1,1.0,137.173
warehouse_small,0,largest_gap,1,30.0,30,solo_large,0,0.1667,6,4,1.6,Moderate,1,374.2,33.2,147.1,4.73,761.8,12.47,1.0,117.495
warehouse_small,0,largest_gap,3,5.67,17,multi,2,0.2353,5,2,1.0,Heavy,0,178.2,20.2,158.3,26.77,134.5,10.48,1.0,123.221
warehouse_small,0,largest_gap,2,9.5,19,multi,2,0.2632,5,9,1.6,Light,2,212.2,15.2,152.3,15.59,230.9,11.17,1.0,104.655
warehouse_small,0,largest_gap,1,24.0,24,solo_large,0,0.2083,10,6,1.3,Heavy,0,262.2,31.2,156.4,6.22,578.5,10.92,1.0,118.404
warehouse_small,0,largest_gap,1,25.0,25,solo_large,0,0.2,4,8,1.0,Moderate,1,260.2,21.2,156.7,6.08,591.8,10.41,1.0,112.963
warehouse_small,0,largest_gap,1,12.0,12,solo_small,1,0.4167,9,10,1.6,Moderate,1,174.2,37.2,146.9,11.07,325.1,14.51,1.0,76.947
warehouse_small,0,largest_gap,1,5.0,5,solo_small,1,0.8,10,2,1.6,Moderate,1,66.2,14.2,152.1,27.65,130.2,13.24,1.0,72.015
warehouse_small,0,largest_gap,3,7.67,23,multi,2,0.1739,2,8,1.6,Moderate,1,252.2,15.2,152.6,19.45,185.0,10.96,1.0,123.527
warehouse_small,0,largest_gap,2,7.5,15,multi,2,0.3333,6,5,1.3,Moderate,1,180.2,17.2,149.7,19.19,187.6,12.01,1.0,90.797
warehouse_small,0,largest_gap,1,25.0,25,solo_large,0,0.2,9,9,1.0,Moderate,1,272.2,22.2,154.3,5.98,601.8,10.89,1.0,109.204
warehouse_small,0,largest_gap,1,2.0,2,solo_small,1,0.5,7,3,1.0,Light,2,52.6,17.3,121.1,48.74,73.9,26.32,1.0,83.328
warehouse_small,0,largest_gap,3,5.0,15,multi,2,0.2667,10,4,1.6,Heavy,0,154.2,12.2,157.3,30.55,117.8,10.28,1.0,111.478
warehouse_small,0,largest_gap,3,4.0,12,multi,2,0.3333,6,4,1.6,Light,2,162.2,37.2,152.0,34.27,105.0,13.51,1.0,127.268
warehouse_small,0,largest_gap,1,17.0,17,solo_large,0,0.2353,4,2,1.0,Heavy,0,170.2,14.2,159.0,9.07,396.9,10.01,1.0,94.389
warehouse_small,0,largest_gap,3,7.67,23,multi,2,0.2174,1,3,1.6,Moderate,1,276.2,33.2,151.2,18.78,191.7,12.01,1.0,116.265
warehouse_small,0,largest_gap,1,7.0,7,solo_small,1,0.4286,4,1,1.0,Moderate,1,116.2,32.2,144.0,17.84,201.9,16.6,1.0,65.274
warehouse_small,0,largest_gap,3,6.0,18,multi,2,0.1667,4,3,1.0,Light,2,144.3,14.3,171.3,27.67,130.1,8.02,1.0,125.824
warehouse_small,0,largest_gap,2,8.0,16,multi,2,0.3125,2,5,1.3,Moderate,1,156.2,15.2,161.1,19.45,185.1,9.76,1.0,106.18
warehouse_small,0,largest_gap,1,21.0,21,solo_large,0,0.2381,6,3,1.3,Moderate,1,234.2,31.2,156.1,7.06,510.1,11.15,1.0,110.083
warehouse_small,0,largest_gap,1,8.0,8,solo_small,1,0.5,4,1,1.3,Light,2,114.2,35.2,155.0,16.73,215.1,14.27,1.0,73.315
warehouse_small,0,largest_gap,2,4.5,9,multi,2,0.5556,4,6,1.3,Moderate,1,128.2,35.2,152.5,29.78,120.9,14.24,1.0,89.749
warehouse_small,0,largest_gap,1,19.0,19,solo_large,0,0.2632,10,1,1.0,Light,2,194.2,32.2,162.9,8.06,446.8,10.22,1.0,101.544
warehouse_small,0,largest_gap,2,8.0,16,multi,2,0.25,9,3,1.3,Heavy,0,162.2,21.2,161.1,19.19,187.6,10.14,1.0,97.012
warehouse_small,0,largest_gap,3,3.0,9,multi,2,0.3333,2,9,1.0,Light,2,116.2,20.2,150.7,46.58,77.3,12.91,1.0,103.332
warehouse_small,0,largest_gap,3,6.0,18,multi,2,0.2222,1,3,1.0,Heavy,0,182.2,30.2,163.4,25.6,140.6,10.12,1.0,115.586
warehouse_small,0,largest_gap,1,2.0,2,solo_small,1,1.0,6,10,1.0,Heavy,0,60.9,9.3,98.6,44.57,80.8,30.46,1.0,72.076
warehouse_small,0,largest_gap,1,16.0,16,solo_large,0,0.3125,8,6,1.3,Moderate,1,202.2,36.2,152.2,8.81,408.5,12.64,1.0,88.553
warehouse_small,0,largest_gap,1,5.0,5,solo_small,1,0.4,7,4,1.6,Moderate,1,66.6,7.6,145.0,27.58,130.5,13.32,1.0,65.957
warehouse_small,0,largest_gap,2,7.0,14,multi,2,0.3571,6,2,1.3,Heavy,0,154.2,20.2,156.7,21.27,169.2,11.01,1.0,95.556
warehouse_small,0,largest_gap,1,23.0,23,solo_large,0,0.2174,10,1,1.0,Heavy,0,266.2,23.2,151.2,6.35,566.8,11.57,1.0,99.657
warehouse_small,0,largest_gap,1,14.0,14,solo_small,1,0.2857,4,10,1.0,Moderate,1,144.2,17.2,159.6,10.9,330.1,10.3,1.0,87.461
warehouse_small,0,largest_gap,3,4.67,14,multi,2,0.2857,2,5,1.3,Heavy,0,174.2,36.2,155.1,30.41,118.4,12.44,1.0,115.846
warehouse_small,0,largest_gap,2,4.0,8,multi,2,0.375,7,5,1.6,Light,2,102.2,17.2,150.9,35.1,102.6,12.77,1.0,98.108
warehouse_small,0,largest_gap,2,11.5,23,multi,2,0.2174,5,10,1.3,Moderate,1,214.2,30.2,166.2,13.75,261.7,9.31,1.0,127.5
warehouse_small,0,largest_gap,1,10.0,10,solo_small,1,0.4,3,9,1.3,Moderate,1,148.2,34.2,146.9,13.16,273.5,14.82,1.0,68.442
warehouse_small,0,largest_gap,1,21.0,21,solo_large,0,0.2381,10,8,1.6,Moderate,1,210.2,24.2,160.9,7.34,490.1,10.01,1.0,100.754
warehouse_small,0,largest_gap,3,6.67,20,multi,2,0.25,5,7,1.0,Heavy,0,200.2,28.2,162.4,23.14,155.6,10.01,1.0,121.19
warehouse_small,0,largest_gap,1,9.0,9,solo_small,1,0.4444,6,4,1.0,Moderate,1,118.2,27.2,153.7,15.42,233.5,13.14,1.0,74.722
warehouse_small,0,largest_gap,2,13.0,26,multi,2,0.1923,3,4,1.3,Light,2,288.2,31.2,154.9,11.43,315.1,11.08,1.0,120.751
warehouse_small,0,largest_gap,1,14.0,14,solo_small,1,0.2143,3,1,1.3,Heavy,0,188.2,36.2,149.7,9.81,366.8,13.44,1.0,78.316
warehouse_small,0,largest_gap,2,6.5,13,multi,2,0.3846,5,10,1.3,Light,2,192.2,16.2,137.0,20.27,177.6,14.78,1.0,80.147
warehouse_small,0,largest_gap,1,30.0,30,solo_large,0,0.1667,6,4,1.6,Light,2,264.2,21.2,165.5,5.37,670.1,8.81,1.0,134.383
warehouse_small,0,largest_gap,3,5.67,17,multi,2,0.2353,10,4,1.0,Light,2,208.2,24.2,149.9,25.21,142.8,12.25,1.0,109.227
warehouse_small,0,largest_gap,2,2.5,5,multi,2,0.4,2,3,1.3,Light,2,64.6,6.6,145.9,55.88,64.4,12.92,1.0,167.069
warehouse_small,0,largest_gap,1,15.0,15,solo_small,1,0.3333,5,6,1.6,Light,2,156.2,34.2,165.3,10.14,355.1,10.41,1.0,91.226
warehouse_small,0,largest_gap,1,3.0,3,solo_small,1,1.0,8,8,1.3,Heavy,0,68.2,14.2,120.0,35.35,101.8,22.74,1.0,67.881
warehouse_small,0,largest_gap,1,26.0,26,solo_large,0,0.1923,4,6,1.6,Light,2,274.2,23.2,156.2,5.82,618.5,10.54,1.0,127.127
warehouse_small,0,largest_gap,1,8.0,8,solo_small,1,0.25,9,5,1.0,Light,2,82.6,8.6,158.5,19.06,188.8,10.33,1.0,72.456
warehouse_small,0,largest_gap,3,13.33,40,multi,2,0.125,2,6,1.0,Moderate,1,324.2,19.2,168.6,12.41,290.0,8.1,1.0,184.156
warehouse_small,0,largest_gap,1,3.0,3,solo_small,1,1.0,10,10,1.3,Light,2,64.2,23.2,136.4,36.56,98.5,21.39,1.0,75.115
warehouse_small,0,largest_gap,1,10.0,10,solo_small,1,0.4,7,2,1.0,Moderate,1,130.2,33.2,156.0,13.93,258.5,13.02,1.0,75.118
warehouse_small,0,largest_gap,3,3.0,9,multi,2,0.2222,2,3,1.3,Light,2,94.6,6.6,155.5,50.5,71.3,10.51,1.0,116.701
warehouse_small,0,largest_gap,2,4.0,8,multi,2,0.375,7,1,1.6,Light,2,98.2,31.2,163.8,35.68,100.9,12.27,1.0,100.193
warehouse_small,0,largest_gap,2,3.0,6,multi,2,0.6667,2,3,1.6,Heavy,0,102.2,13.2,131.6,41.1,87.6,17.04,1.0,91.56
warehouse_small,0,largest_gap,3,8.0,24,multi,2,0.2083,6,4,1.3,Moderate,1,234.2,20.2,160.5,19.45,185.0,9.76,1.0,123.546
warehouse_small,0,largest_gap,1,12.0,12,solo_small,1,0.4167,6,4,1.6,Light,2,150.2,31.2,154.7,11.8,305.1,12.51,1.0,80.394
warehouse_small,0,largest_gap,3,6.33,19,multi,2,0.2632,2,10,1.0,Moderate,1,224.2,31.2,153.4,22.89,157.3,11.8,1.0,113.563
warehouse_small,0,largest_gap,3,3.33,10,multi,2,0.3,2,4,1.6,Heavy,0,112.3,25.3,161.8,44.33,81.2,11.23,1.0,133.802
warehouse_small,0,largest_gap,1,26.0,26,solo_large,0,0.1538,7,9,1.6,Heavy,0,248.2,15.2,160.2,6.03,596.8,9.54,1.0,124.212
warehouse_small,0,largest_gap,3,4.67,14,multi,2,0.3571,3,10,1.3,Light,2,176.2,37.2,154.7,30.27,118.9,12.58,1.0,105.16
warehouse_small,0,largest_gap,3,8.0,24,multi,2,0.2083,8,7,1.0,Moderate,1,256.2,20.2,155.2,18.83,191.2,10.67,1.0,123.193
warehouse_small,0,largest_gap,1,25.0,25,solo_large,0,0.2,9,10,1.6,Light,2,246.2,32.2,162.7,6.21,580.1,9.85,1.0,124.377
warehouse_small,0,largest_gap,3,2.67,8,multi,2,0.5,4,4,1.6,Light,2,134.2,29.2,138.8,46.58,77.3,16.78,1.0,117.217
warehouse_small,0,largest_gap,2,3.0,6,multi,2,0.5,6,9,1.3,Moderate,1,100.2,32.2,147.3,41.49,86.8,16.7,1.0,91.18
warehouse_small,0,largest_gap,1,3.0,3,solo_small,1,1.0,10,6,1.6,Moderate,1,54.3,13.3,136.4,39.88,90.3,18.11,1.0,75.154
warehouse_small,0,largest_gap,3,5.33,16,multi,2,0.3125,1,3,1.3,Moderate,1,210.2,16.2,143.4,26.02,138.4,13.14,1.0,101.79
warehouse_small,0,largest_gap,1,8.0,8,solo_small,1,0.625,4,5,1.3,Light,2,118.2,24.2,145.2,16.48,218.5,14.77,1.0,65.868
warehouse_small,0,largest_gap,1,14.0,14,solo_small,1,0.2857,5,2,1.0,Light,2,186.2,15.2,143.0,9.86,365.1,13.3,1.0,78.038
warehouse_small,0,largest_gap,2,8.0,16,multi,2,0.3125,2,5,1.6,Light,2,146.2,28.2,170.2,19.9,180.9,9.14,1.0,112.724
warehouse_small,0,largest_gap,2,7.5,15,multi,2,0.3333,5,5,1.3,Light,2,206.2,23.2,143.0,18.14,198.4,13.74,1.0,86.134
warehouse_small,0,largest_gap,1,19.0,19,solo_large,0,0.2105,10,10,1.0,Heavy,0,214.2,17.2,152.3,7.77,463.5,11.27,1.0,89.758
warehouse_small,0,largest_gap,3,5.33,16,multi,2,0.3125,9,8,1.3,Light,2,190.2,22.2,151.6,27.1,132.8,11.89,1.0,104.255
warehouse_small,0,largest_gap,3,12.0,36,multi,2,0.1111,1,6,1.6,Heavy,0,326.2,30.2,164.7,13.3,270.6,9.06,1.0,163.028
warehouse_small,0,largest_gap,1,30.0,30,solo_large,0,0.1667,4,8,1.6,Light,2,282.2,31.2,163.8,5.25,685.1,9.41,1.0,135.454
warehouse_small,0,largest_gap,1,29.0,29,solo_large,0,0.1379,1,8,1.0,Moderate,1,300.2,17.2,155.6,5.25,685.1,10.35,1.0,123.825
warehouse_small,0,largest_gap,1,10.0,10,solo_small,1,0.3,3,1,1.0,Heavy,0,146.2,35.2,148.5,13.24,271.8,14.62,1.0,72.55
warehouse_small,0,largest_gap,2,8.5,17,multi,2,0.2941,10,10,1.6,Light,2,226.2,21.2,143.7,16.24,221.7,13.3,1.0,87.362
warehouse_small,0,largest_gap,3,5.33,16,multi,2,0.25,4,6,1.0,Heavy,0,156.2,35.2,169.0,29.18,123.4,9.76,1.0,127.985
warehouse_small,0,largest_gap,3,8.0,24,multi,2,0.2083,6,3,1.3,Moderate,1,288.2,22.2,148.5,18.0,200.0,12.01,1.0,115.737
warehouse_small,0,largest_gap,3,6.33,19,multi,2,0.2105,8,6,1.3,Moderate,1,190.2,12.2,157.8,24.35,147.8,10.01,1.0,117.361
warehouse_small,0,largest_gap,2,6.0,12,multi,2,0.3333,1,7,1.6,Light,2,128.2,15.2,157.6,25.1,143.4,10.68,1.0,93.112
warehouse_small,0,largest_gap,1,21.0,21,solo_large,0,0.2381,5,6,1.3,Heavy,0,268.2,23.2,145.6,6.69,538.5,12.77,1.0,91.569
warehouse_small,0,largest_gap,2,6.0,12,multi,2,0.3333,10,10,1.0,Moderate,1,126.2,28.2,165.1,25.25,142.6,10.51,1.0,99.25
warehouse_small,0,largest_gap,1,23.0,23,solo_large,0,0.2174,7,2,1.6,Light,2,208.2,32.2,168.4,6.94,518.5,9.05,1.0,119.179
warehouse_small,0,largest_gap,2,6.0,12,multi,2,0.3333,2,7,1.6,Heavy,0,144.2,23.2,153.8,23.99,150.1,12.01,1.0,118.729
warehouse_small,0,largest_gap,1,8.0,8,solo_small,1,0.375,4,4,1.3,Light,2,78.2,15.2,167.0,19.44,185.2,9.78,1.0,77.445
warehouse_small,0,largest_gap,1,19.0,19,solo_large,0,0.2632,9,5,1.6,Heavy,0,144.2,19.2,175.8,8.89,405.1,7.59,1.0,111.901
warehouse_small,0,largest_gap,1,13.0,13,solo_small,1,0.3846,7,4,1.0,Heavy,0,164.2,22.2,149.4,10.85,331.8,12.63,1.0,82.17
warehouse_small,0,largest_gap,1,8.0,8,solo_small,1,0.375,1,7,1.3,Heavy,0,106.3,28.3,155.7,17.26,208.6,13.29,1.0,73.991
warehouse_small,0,largest_gap,1,10.0,10,solo_small,1,0.2,6,7,1.0,Moderate,1,104.6,19.6,163.0,15.18,237.2,10.46,1.0,81.133
warehouse_small,0,largest_gap,1,10.0,10,solo_small,1,0.2,5,7,1.6,Light,2,96.6,6.6,160.0,15.62,230.5,9.66,1.0,75.84
warehouse_small,0,largest_gap,2,9.5,19,multi,2,0.2632,2,9,1.6,Moderate,1,246.2,33.2,147.9,14.69,245.1,12.96,1.0,100.946
warehouse_small,0,largest_gap,1,19.0,19,solo_large,0,0.2105,10,10,1.0,Heavy,0,202.2,35.2,161.3,7.94,453.5,10.64,1.0,100.733
warehouse_small,0,largest_gap,1,2.0,2,solo_small,1,1.0,7,2,1.3,Light,2,38.9,15.3,144.9,57.65,62.4,19.46,1.0,95.564
warehouse_small,0,largest_gap,2,6.0,12,multi,2,0.3333,9,10,1.0,Light,2,156.2,22.2,148.1,23.22,155.1,13.01,1.0,85.186
warehouse_small,0,largest_gap,1,9.0,9,solo_small,1,0.4444,4,8,1.3,Light,2,150.2,37.2,141.4,13.84,260.1,16.69,1.0,69.114
warehouse_small,0,largest_gap,3,5.0,15,multi,2,0.2667,4,4,1.6,Heavy,0,184.2,31.2,153.2,28.53,126.2,12.28,1.0,104.016
warehouse_small,0,largest_gap,1,11.0,11,solo_small,1,0.2727,5,5,1.6,Moderate,1,142.3,28.3,152.3,12.69,283.6,12.94,1.0,72.734
warehouse_small,0,largest_gap,3,5.33,16,multi,2,0.3125,8,6,1.3,Heavy,0,170.2,22.2,158.5,28.29,127.3,10.64,1.0,111.321
warehouse_small,0,largest_gap,1,8.0,8,solo_small,1,0.375,9,8,1.3,Light,2,94.3,18.3,157.1,18.13,198.6,11.79,1.0,74.157
warehouse_small,0,largest_gap,1,17.0,17,solo_large,0,0.2941,10,10,1.3,Heavy,0,200.2,33.2,155.3,8.53,421.8,11.77,1.0,94.9
warehouse_small,0,largest_gap,1,21.0,21,solo_large,0,0.1429,1,2,1.3,Moderate,1,242.3,18.3,150.7,6.96,516.9,11.54,1.0,92.926
warehouse_small,0,largest_gap,1,24.0,24,solo_large,0,0.2083,1,9,1.3,Light,2,242.2,28.2,160.5,6.41,561.8,10.09,1.0,122.051
warehouse_small,0,largest_gap,1,10.0,10,solo_small,1,0.5,3,2,1.6,Moderate,1,134.2,21.2,147.4,13.75,261.8,13.42,1.0,70.972
warehouse_small,0,largest_gap,3,5.67,17,multi,2,0.2353,5,8,1.3,Moderate,1,160.2,23.2,165.8,27.8,129.5,9.42,1.0,118.817
warehouse_small,0,largest_gap,3,4.67,14,multi,2,0.2857,3,8,1.0,Heavy,0,142.2,18.2,160.9,32.88,109.5,10.16,1.0,130.453
warehouse_small,0,largest_gap,1,29.0,29,solo_large,0,0.1724,3,6,1.0,Light,2,304.2,24.2,156.2,5.23,688.5,10.49,1.0,125.952
warehouse_small,0,largest_gap,3,7.33,22,multi,2,0.1818,2,8,1.0,Moderate,1,216.2,17.2,159.7,21.17,170.0,9.83,1.0,118.187
warehouse_small,0,largest_gap,2,6.5,13,multi,2,0.2308,6,10,1.3,Moderate,1,194.2,34.2,142.5,20.18,178.4,14.94,1.0,102.017
warehouse_small,0,largest_gap,3,5.0,15,multi,2,0.3333,6,3,1.3,Moderate,1,190.2,18.2,146.6,28.16,127.8,12.68,1.0,106.544
warehouse_small,0,largest_gap,3,2.33,7,multi,2,0.4286,6,8,1.0,Moderate,1,152.2,34.2,123.9,46.58,77.3,21.75,1.0,113.324
warehouse_small,0,largest_gap,1,11.0,11,solo_small,1,0.3636,3,10,1.3,Moderate,1,152.2,30.2,148.5,12.34,291.8,13.84,1.0,73.259
warehouse_small,0,largest_gap,2,1.0,2,multi,2,0.5,1,2,1.0,Light,2,40.0,20.0,154.3,113.68,31.7,20.0,1.0,196.959
warehouse_small,0,largest_gap,2,6.0,12,multi,2,0.4167,9,8,1.6,Heavy,0,188.2,22.2,135.7,21.38,168.4,15.68,1.0,82.017
warehouse_small,0,largest_gap,1,22.0,22,solo_large,0,0.2273,4,6,1.0,Light,2,234.2,18.2,155.3,6.86,525.1,10.64,1.0,109.269
warehouse_small,0,largest_gap,1,4.0,4,solo_small,1,0.5,2,4,1.6,Light,2,54.6,6.6,144.0,34.12,105.5,13.65,1.0,70.882
warehouse_small,0,largest_gap,1,18.0,18,solo_large,0,0.2222,9,5,1.0,Heavy,0,210.2,28.2,153.7,8.09,445.1,11.68,1.0,96.173
warehouse_small,0,largest_gap,1,4.0,4,solo_small,1,0.75,5,5,1.3,Light,2,84.2,16.2,123.4,27.66,130.1,21.04,1.0,63.998
warehouse_small,0,largest_gap,3,6.33,19,multi,2,0.2105,5,2,1.0,Heavy,0,246.2,34.2,148.2,22.03,163.4,12.96,1.0,141.195
warehouse_small,0,largest_gap,3,7.33,22,multi,2,0.1818,10,2,1.0,Moderate,1,174.2,33.2,177.0,22.73,158.4,7.92,1.0,137.121
warehouse_small,0,largest_gap,2,8.0,16,multi,2,0.3125,10,7,1.0,Moderate,1,204.2,34.2,150.9,17.55,205.1,12.76,1.0,103.026
warehouse_small,0,largest_gap,1,29.0,29,solo_large,0,0.1379,7,10,1.6,Light,2,288.2,19.2,158.4,5.33,675.1,9.94,1.0,121.793
warehouse_small,0,largest_gap,1,28.0,28,solo_large,0,0.1786,6,8,1.3,Moderate,1,296.2,16.2,154.3,5.4,666.8,10.58,1.0,121.482
warehouse_small,0,largest_gap,3,10.67,32,multi,2,0.1562,9,3,1.0,Moderate,1,296.2,17.2,161.7,14.86,242.3,9.26,1.0,155.644
warehouse_small,0,largest_gap,1,14.0,14,solo_small,1,0.3571,2,6,1.6,Heavy,0,218.2,32.2,138.1,9.19,391.8,15.58,1.0,73.098
warehouse_small,0,largest_gap,1,1.0,1,solo_small,1,1.0,5,3,1.3,Moderate,1,27.2,13.6,136.7,95.53,37.7,27.22,1.0,132.418
warehouse_small,0,largest_gap,2,8.0,16,multi,2,0.25,1,8,1.3,Light,2,178.2,33.2,159.6,18.53,194.2,11.14,1.0,99.67
warehouse_small,0,largest_gap,1,2.0,2,solo_small,1,1.0,7,5,1.3,Light,2,58.6,23.6,121.7,45.66,78.8,29.3,1.0,83.973
warehouse_small,0,largest_gap,1,6.0,6,solo_small,1,0.6667,8,2,1.0,Moderate,1,104.2,32.2,144.0,20.36,176.8,17.36,1.0,65.338
warehouse_small,0,largest_gap,1,25.0,25,solo_large,0,0.2,3,7,1.0,Light,2,248.2,16.2,158.4,6.19,581.8,9.93,1.0,116.2
warehouse_small,0,largest_gap,2,3.5,7,multi,2,0.5714,1,10,1.6,Light,2,136.2,34.2,132.6,32.95,109.3,19.46,1.0,85.124
warehouse_small,0,largest_gap,1,29.0,29,solo_large,0,0.1724,7,10,1.3,Moderate,1,292.2,16.2,157.0,5.31,678.5,10.07,1.0,133.6
warehouse_small,0,largest_gap,1,13.0,13,solo_small,1,0.3077,2,5,1.3,Light,2,190.2,20.2,139.0,10.18,353.5,14.63,1.0,71.759
warehouse_small,0,largest_gap,3,10.0,30,multi,2,0.1667,3,4,1.6,Heavy,0,310.2,30.2,158.0,15.24,236.2,10.34,1.0,138.4
warehouse_small,0,largest_gap,3,7.33,22,multi,2,0.2273,10,8,1.0,Heavy,0,230.2,21.2,157.1,20.7,173.9,10.46,1.0,118.455
warehouse_small,0,largest_gap,1,19.0,19,solo_large,0,0.2105,10,4,1.3,Moderate,1,168.2,18.2,166.8,8.47,425.2,8.85,1.0,102.696
warehouse_small,0,largest_gap,1,14.0,14,solo_small,1,0.2857,3,5,1.6,Heavy,0,164.2,34.2,158.3,10.38,346.8,11.73,1.0,85.029
warehouse_small,0,largest_gap,1,24.0,24,solo_large,0,0.2083,4,1,1.0,Light,2,232.2,19.2,160.7,6.5,553.5,9.67,1.0,110.393
warehouse_small,0,largest_gap,2,6.5,13,multi,2,0.3077,4,7,1.6,Light,2,180.2,35.2,148.2,20.86,172.6,13.86,1.0,91.573
warehouse_small,0,largest_gap,1,3.0,3,solo_small,1,1.0,7,1,1.6,Heavy,0,66.3,16.3,124.6,35.9,100.3,22.11,1.0,69.183
warehouse_small,0,largest_gap,1,27.0,27,solo_large,0,0.1852,6,1,1.3,Heavy,0,308.2,23.2,151.3,5.44,661.8,11.41,1.0,108.759
warehouse_small,0,largest_gap,2,10.0,20,multi,2,0.25,10,2,1.3,Moderate,1,198.2,28.2,163.0,15.48,232.6,9.91,1.0,118.088
warehouse_small,0,largest_gap,1,14.0,14,solo_small,1,0.2143,4,1,1.0,Light,2,174.3,14.3,146.8,10.13,355.3,12.45,1.0,78.064
warehouse_small,0,largest_gap,3,7.33,22,multi,2,0.2273,10,5,1.0,Heavy,0,242.2,24.2,154.8,20.31,177.3,11.01,1.0,116.882
warehouse_small,0,largest_gap,3,12.33,37,multi,2,0.1351,5,3,1.6,Heavy,0,344.2,20.2,161.5,12.83,280.6,9.3,1.0,171.305
warehouse_small,0,largest_gap,2,8.0,16,multi,2,0.25,6,4,1.6,Heavy,0,226.2,15.2,138.5,16.8,214.2,14.14,1.0,89.546
warehouse_small,0,largest_gap,1,26.0,26,solo_large,0,0.1923,7,5,1.0,Heavy,0,242.2,24.2,163.7,6.08,591.8,9.31,1.0,116.259
warehouse_small,0,largest_gap,2,2.0,4,multi,2,0.5,7,9,1.6,Light,2,60.6,9.6,140.5,65.15,55.3,15.15,1.0,131.071
warehouse_small,0,largest_gap,2,5.0,10,multi,2,0.3,3,5,1.6,Moderate,1,150.2,30.2,144.0,26.16,137.6,15.02,1.0,132.118
warehouse_small,0,largest_gap,1,15.0,15,solo_small,1,0.2667,3,3,1.0,Moderate,1,168.2,28.2,158.0,9.86,365.1,11.21,1.0,95.453
warehouse_small,0,largest_gap,2,13.5,27,multi,2,0.1852,3,8,1.0,Moderate,1,296.2,21.2,153.3,11.05,325.9,10.97,1.0,129.324
warehouse_small,0,largest_gap,1,6.0,6,solo_small,1,0.5,10,5,1.0,Moderate,1,96.2,26.2,145.6,21.15,170.2,16.04,1.0,65.989
warehouse_small,0,largest_gap,1,3.0,3,solo_small,1,0.3333,7,5,1.3,Moderate,1,55.2,27.6,158.8,39.55,91.0,18.41,1.0,84.712
warehouse_small,0,largest_gap,1,12.0,12,solo_small,1,0.3333,10,10,1.0,Light,2,148.2,32.2,156.1,11.86,303.5,12.35,1.0,78.409
warehouse_small,0,largest_gap,1,9.0,9,solo_small,1,0.4444,7,10,1.3,Heavy,0,146.2,20.2,135.0,14.02,256.9,16.25,1.0,62.887
warehouse_small,0,largest_gap,1,7.0,7,solo_small,1,0.5714,5,4,1.6,Moderate,1,110.2,20.2,140.0,18.29,196.8,15.74,1.0,63.565
warehouse_small,0,largest_gap,1,5.0,5,solo_small,1,0.8,6,10,1.6,Moderate,1,84.2,17.2,137.6,24.8,145.1,16.83,1.0,64.203
warehouse_small,0,largest_gap,3,8.67,26,multi,2,0.1538,3,3,1.0,Light,2,238.2,12.2,161.8,18.35,196.2,9.16,1.0,135.751
warehouse_small,0,largest_gap,1,4.0,4,solo_small,1,0.75,7,5,1.6,Heavy,0,90.2,31.2,131.9,26.63,135.2,22.55,1.0,65.666
warehouse_small,0,largest_gap,1,3.0,3,solo_small,1,0.6667,2,1,1.6,Moderate,1,88.2,34.2,120.0,30.39,118.5,29.39,1.0,68.493
warehouse_small,0,largest_gap,2,11.0,22,multi,2,0.2273,7,9,1.3,Moderate,1,218.2,15.2,158.7,14.07,255.9,9.92,1.0,112.302
warehouse_small,0,largest_gap,3,10.67,32,multi,2,0.125,2,6,1.3,Light,2,278.2,12.2,164.2,15.17,237.3,8.69,1.0,156.62
warehouse_small,0,largest_gap,3,7.67,23,multi,2,0.2174,3,3,1.0,Heavy,0,310.2,33.2,143.8,17.9,201.2,13.49,1.0,104.387
warehouse_small,0,largest_gap,2,6.0,12,multi,2,0.4167,3,8,1.3,Heavy,0,166.2,19.2,142.8,22.61,159.2,13.85,1.0,123.035
warehouse_small,0,largest_gap,2,5.0,10,multi,2,0.4,4,8,1.3,Light,2,124.2,14.2,149.0,28.4,126.8,12.42,1.0,83.332
warehouse_small,0,largest_gap,1,1.0,1,solo_small,1,1.0,10,1,1.3,Heavy,0,56.3,28.2,93.6,58.11,62.0,56.34,1.0,108.149
warehouse_small,0,largest_gap,1,23.0,23,solo_large,0,0.2174,1,4,1.3,Light,2,208.2,24.2,166.2,6.94,518.5,9.05,1.0,117.864
warehouse_small,0,largest_gap,2,4.5,9,multi,2,0.5556,5,3,1.6,Light,2,152.2,32.2,137.9,27.5,130.9,16.91,1.0,81.797
warehouse_small,0,largest_gap,2,5.5,11,multi,2,0.3636,9,1,1.3,Light,2,104.2,13.2,164.4,28.59,125.9,9.47,1.0,94.236
warehouse_small,0,largest_gap,2,3.5,7,multi,2,0.4286,1,9,1.0,Heavy,0,114.2,30.2,144.0,35.97,100.1,16.31,1.0,89.607
warehouse_small,0,largest_gap,2,8.0,16,multi,2,0.1875,10,5,1.3,Light,2,176.3,29.3,158.9,18.61,193.5,11.02,1.0,128.336
warehouse_small,0,largest_gap,1,28.0,28,solo_large,0,0.1786,9,2,1.6,Light,2,298.2,33.2,157.3,5.39,668.5,10.65,1.0,125.343
warehouse_small,0,largest_gap,1,4.0,4,solo_small,1,0.5,3,7,1.6,Heavy,0,76.2,30.2,146.4,29.15,123.5,19.05,1.0,74.008
warehouse_small,0,largest_gap,3,10.33,31,multi,2,0.1613,9,4,1.0,Heavy,0,296.2,37.2,163.9,15.17,237.3,9.55,1.0,149.719
warehouse_small,0,largest_gap,1,9.0,9,solo_small,1,0.3333,3,2,1.6,Light,2,128.2,19.2,143.5,14.89,241.8,14.24,1.0,66.841
warehouse_small,0,largest_gap,2,2.5,5,multi,2,0.4,9,3,1.3,Moderate,1,34.6,6.6,183.1,69.34,51.9,6.92,1.0,161.291
warehouse_small,0,largest_gap,3,9.67,29,multi,2,0.1724,8,2,1.6,Moderate,1,282.2,20.2,159.8,16.12,223.4,9.73,1.0,153.565
warehouse_small,0,largest_gap,1,6.0,6,solo_small,1,0.6667,1,4,1.3,Heavy,0,92.2,20.2,144.0,21.58,166.8,15.37,1.0,63.562
warehouse_small,0,largest_gap,2,7.5,15,multi,2,0.2667,1,2,1.0,Light,2,170.2,31.2,158.4,19.63,183.4,11.35,1.0,97.105
warehouse_small,0,random,1,1.0,1,solo_small,1,1.0,6,6,1.6,Moderate,1,50.0,25.0,100.5,63.53,56.7,50.0,1.0,114.364
warehouse_small,0,random,3,9.33,28,multi,2,0.1786,9,6,1.3,Heavy,0,462.3,12.3,126.8,13.41,268.4,16.51,1.0,97.24
warehouse_small,0,random,2,4.5,9,multi,2,0.4444,9,1,1.6,Moderate,1,186.6,26.0,120.5,24.78,145.3,20.73,1.0,67.596
warehouse_small,0,random,2,5.5,11,multi,2,0.3636,6,6,1.0,Light,2,163.2,9.6,135.1,23.92,150.5,14.84,1.0,77.038
warehouse_small,0,random,1,5.0,5,solo_small,1,0.6,3,4,1.0,Light,2,78.6,9.0,135.3,25.62,140.5,15.72,1.0,64.068
warehouse_small,0,random,1,2.0,2,solo_small,1,1.0,9,1,1.0,Light,2,58.9,24.3,122.4,45.51,79.1,29.46,1.0,84.163
warehouse_small,0,random,3,9.33,28,multi,2,0.1429,4,10,1.3,Light,2,418.8,9.6,132.5,14.04,256.3,14.96,1.0,100.921
warehouse_small,0,random,2,4.0,8,multi,2,0.5,2,8,1.0,Moderate,1,148.3,12.0,123.3,29.56,121.8,18.54,1.0,76.585
warehouse_small,0,random,2,7.5,15,multi,2,0.3333,4,8,1.3,Light,2,256.0,19.0,127.8,16.43,219.2,17.07,1.0,76.69
warehouse_small,0,random,2,5.0,10,multi,2,0.2,3,7,1.0,Light,2,138.6,19.0,144.2,27.12,132.8,13.86,1.0,81.343
warehouse_small,0,random,1,24.0,24,solo_large,0,0.2083,7,5,1.0,Moderate,1,426.9,12.6,122.5,5.03,715.8,17.79,1.0,77.713
warehouse_small,0,random,2,3.0,6,multi,2,0.8333,1,2,1.0,Light,2,116.2,15.2,124.0,38.54,93.4,19.36,1.0,83.566
warehouse_small,0,random,1,5.0,5,solo_small,1,0.8,4,10,1.3,Heavy,0,98.6,21.0,128.9,22.9,157.2,19.72,1.0,63.398
warehouse_small,0,random,2,5.0,10,multi,2,0.3,1,3,1.0,Moderate,1,176.6,14.6,126.3,24.23,148.6,17.66,1.0,76.023
warehouse_small,0,random,1,28.0,28,solo_large,0,0.1786,9,3,1.6,Moderate,1,458.3,26.0,129.2,4.49,801.9,16.37,1.0,88.276
warehouse_small,0,random,1,5.0,5,solo_small,1,0.4,9,6,1.6,Moderate,1,90.6,10.6,127.1,23.92,150.5,18.12,1.0,58.94
warehouse_small,0,random,2,7.0,14,multi,2,0.3571,9,8,1.6,Light,2,228.8,21.6,131.7,17.97,200.3,16.34,1.0,74.541
warehouse_small,0,random,1,3.0,3,solo_small,1,1.0,9,1,1.0,Moderate,1,66.6,19.0,127.5,35.82,100.5,22.2,1.0,70.977
warehouse_small,0,random,2,4.0,8,multi,2,0.375,3,1,1.6,Moderate,1,144.0,13.0,125.7,30.0,120.0,18.0,1.0,81.729
warehouse_small,0,random,2,7.5,15,multi,2,0.2667,3,5,1.0,Heavy,0,256.0,26.0,129.6,16.43,219.2,17.07,1.0,78.943
warehouse_small,0,random,1,1.0,1,solo_small,1,1.0,1,5,1.0,Moderate,1,42.0,21.0,110.8,72.0,50.0,42.0,1.0,123.607
warehouse_small,0,random,2,6.5,13,multi,2,0.3077,1,2,1.0,Heavy,0,238.5,37.2,129.0,18.29,196.9,18.35,1.0,127.539
warehouse_small,0,random,2,9.5,19,multi,2,0.2632,7,5,1.3,Light,2,286.3,27.3,136.6,13.75,261.8,15.07,1.0,90.294
warehouse_small,0,random,2,4.0,8,multi,2,0.5,4,5,1.3,Light,2,186.6,21.6,111.8,26.13,137.8,23.33,1.0,68.567
warehouse_small,0,random,1,3.0,3,solo_small,1,0.6667,7,7,1.6,Moderate,1,72.5,17.3,118.7,34.15,105.4,24.16,1.0,66.718
warehouse_small,0,random,2,3.0,6,multi,2,0.6667,10,9,1.0,Moderate,1,120.6,19.6,124.0,37.79,95.3,20.1,1.0,94.421
warehouse_small,0,random,1,14.0,14,solo_small,1,0.2857,8,8,1.6,Heavy,0,274.6,27.0,121.1,8.2,438.8,19.62,1.0,62.672
warehouse_small,0,random,1,2.0,2,solo_small,1,1.0,10,1,1.6,Moderate,1,82.8,35.2,103.3,36.37,99.0,41.39,1.0,74.316
warehouse_small,0,random,3,6.33,19,multi,2,0.2105,8,10,1.0,Heavy,0,306.2,28.2,132.4,19.99,180.0,16.11,1.0,97.059
warehouse_small,0,random,2,4.5,9,multi,2,0.5556,6,6,1.6,Moderate,1,172.0,25.0,125.8,25.87,139.2,19.11,1.0,85.325
warehouse_small,0,random,3,7.67,23,multi,2,0.2174,7,1,1.6,Moderate,1,334.0,11.0,134.8,17.33,207.8,14.52,1.0,103.1
warehouse_small,0,random,1,21.0,21,solo_large,0,0.2381,9,4,1.6,Light,2,360.2,30.2,128.1,5.85,615.1,17.15,1.0,74.614
warehouse_small,0,random,3,8.33,25,multi,2,0.2,7,3,1.6,Heavy,0,478.2,11.0,117.8,13.96,257.8,19.13,1.0,73.837
warehouse_small,0,random,3,3.67,11,multi,2,0.2727,5,6,1.0,Heavy,0,220.2,22.2,120.0,30.99,116.2,20.02,1.0,82.912
warehouse_small,0,random,1,20.0,20,solo_large,0,0.2,6,9,1.0,Heavy,0,334.6,26.0,129.2,6.22,578.8,16.73,1.0,80.423
warehouse_small,0,random,1,17.0,17,solo_large,0,0.2353,8,1,1.6,Light,2,304.0,21.0,124.7,7.08,508.3,17.88,1.0,63.357
warehouse_small,0,random,2,11.0,22,multi,2,0.2273,10,6,1.0,Heavy,0,316.0,9.0,135.2,12.13,296.7,14.36,1.0,84.261
warehouse_small,0,random,1,6.0,6,solo_small,1,0.5,1,8,1.3,Light,2,154.0,25.0,109.4,16.49,218.3,25.67,1.0,54.401
warehouse_small,0,random,1,26.0,26,solo_large,0,0.1923,10,3,1.3,Heavy,0,440.3,12.0,125.3,4.76,756.9,16.94,1.0,85.674
warehouse_small,0,random,1,26.0,26,solo_large,0,0.1923,6,6,1.3,Light,2,390.8,16.2,133.3,5.03,715.7,15.03,1.0,92.77
warehouse_small,0,random,1,6.0,6,solo_small,1,0.5,4,4,1.6,Moderate,1,76.9,9.3,147.6,23.36,154.1,12.82,1.0,68.76
warehouse_small,0,random,2,12.5,25,multi,2,0.2,7,7,1.6,Moderate,1,406.6,26.0,130.0,10.09,356.9,16.26,1.0,96.373
warehouse_small,0,random,1,3.0,3,solo_small,1,0.3333,5,2,1.3,Heavy,0,54.0,26.0,158.0,40.0,90.0,18.0,1.0,84.253
warehouse_small,0,random,3,9.33,28,multi,2,0.1786,8,8,1.6,Light,2,400.6,12.6,135.6,14.33,251.3,14.31,1.0,101.08
warehouse_small,0,random,3,4.67,14,multi,2,0.2857,1,7,1.6,Light,2,166.3,17.3,150.8,30.98,116.2,11.88,1.0,105.524
warehouse_small,0,random,1,4.0,4,solo_small,1,0.75,10,2,1.0,Heavy,0,80.0,21.0,131.9,28.42,126.7,20.0,1.0,67.531
warehouse_small,0,random,1,20.0,20,solo_large,0,0.25,8,1,1.6,Light,2,354.3,22.0,124.8,6.05,595.3,17.72,1.0,68.231
warehouse_small,0,random,1,2.0,2,solo_small,1,1.0,6,5,1.6,Moderate,1,60.9,9.3,98.6,44.57,80.8,30.46,1.0,72.067
warehouse_small,0,random,1,13.0,13,solo_small,1,0.3077,3,2,1.0,Heavy,0,216.0,21.0,130.9,9.6,375.0,16.62,1.0,71.088
warehouse_small,0,random,3,4.33,13,multi,2,0.3077,3,4,1.3,Moderate,1,154.0,9.0,148.2,33.4,107.8,11.85,1.0,104.228
warehouse_small,0,random,1,10.0,10,solo_small,1,0.5,5,8,1.3,Heavy,0,192.2,18.2,122.0,11.61,310.2,19.22,1.0,55.911
warehouse_small,0,random,2,7.0,14,multi,2,0.2857,7,4,1.3,Light,2,258.0,21.0,123.7,16.94,212.5,18.43,1.0,74.867
warehouse_small,0,random,1,5.0,5,solo_small,1,0.6,10,3,1.0,Moderate,1,120.0,7.0,106.4,20.57,175.0,24.0,1.0,51.991
warehouse_small,0,random,3,9.0,27,multi,2,0.1852,8,6,1.0,Moderate,1,412.3,15.3,132.1,14.43,249.5,15.27,1.0,98.556
warehouse_small,0,random,1,21.0,21,solo_large,0,0.2381,7,10,1.6,Light,2,400.2,7.0,117.6,5.55,648.5,19.06,1.0,65.558
warehouse_small,0,random,3,7.33,22,multi,2,0.2273,1,3,1.0,Light,2,374.8,23.2,127.1,16.81,214.1,17.04,1.0,90.1
warehouse_small,0,random,1,1.0,1,solo_small,1,1.0,5,1,1.0,Moderate,1,47.2,23.6,103.8,66.24,54.3,47.22,1.0,117.398
warehouse_small,0,random,2,8.0,16,multi,2,0.3125,10,2,1.3,Moderate,1,294.6,8.0,120.3,14.83,242.8,18.41,1.0,72.546
warehouse_small,0,random,3,9.33,28,multi,2,0.1786,4,5,1.0,Moderate,1,441.2,14.6,130.0,13.71,262.6,15.76,1.0,101.717
warehouse_small,0,random,2,12.5,25,multi,2,0.2,7,10,1.0,Light,2,404.2,33.2,131.5,10.12,355.9,16.17,1.0,93.091
warehouse_small,0,random,1,26.0,26,solo_large,0,0.1923,5,2,1.6,Moderate,1,486.0,24.0,120.8,4.53,795.0,18.69,1.0,75.348
warehouse_small,0,random,2,9.5,19,multi,2,0.2632,9,5,1.3,Moderate,1,310.9,23.3,130.4,13.23,272.1,16.36,1.0,81.383
warehouse_small,0,random,1,21.0,21,solo_large,0,0.2381,5,9,1.0,Heavy,0,338.2,14.2,129.2,6.03,596.9,16.11,1.0,79.001
warehouse_small,0,random,1,23.0,23,solo_large,0,0.2174,1,6,1.3,Moderate,1,442.2,27.0,119.8,5.05,713.5,19.22,1.0,69.611
warehouse_small,0,random,1,14.0,14,solo_small,1,0.3571,8,6,1.6,Light,2,254.3,18.0,123.9,8.53,421.9,18.17,1.0,66.692
warehouse_small,0,random,2,9.0,18,multi,2,0.2778,6,8,1.6,Moderate,1,274.9,16.3,133.5,14.43,249.6,15.27,1.0,86.016
warehouse_small,0,random,3,6.33,19,multi,2,0.2632,8,3,1.6,Heavy,0,287.2,15.6,133.8,20.6,174.8,15.12,1.0,92.21
warehouse_small,0,random,2,2.0,4,multi,2,0.5,9,5,1.0,Heavy,0,62.6,18.3,148.6,64.17,56.1,15.66,1.0,113.596
warehouse_small,0,random,1,10.0,10,solo_small,1,0.3,5,10,1.3,Light,2,128.0,13.0,146.4,14.03,256.7,12.8,1.0,70.299
warehouse_small,0,random,1,17.0,17,solo_large,0,0.2353,5,2,1.6,Moderate,1,208.6,6.6,144.6,8.39,428.8,12.27,1.0,85.084
warehouse_small,0,random,1,28.0,28,solo_large,0,0.1786,5,5,1.3,Heavy,0,422.8,20.2,133.4,4.66,772.3,15.1,1.0,95.909
warehouse_small,0,random,2,1.5,3,multi,2,0.3333,9,9,1.6,Light,2,52.0,22.0,154.3,81.51,44.2,17.33,1.0,178.068
warehouse_small,0,random,3,2.33,7,multi,2,0.5714,9,2,1.3,Heavy,0,166.3,9.3,106.9,44.33,81.2,23.76,1.0,80.891
warehouse_small,0,random,1,26.0,26,solo_large,0,0.1923,5,6,1.0,Light,2,414.2,19.0,130.1,4.9,735.2,15.93,1.0,88.358
warehouse_small,0,random,3,2.67,8,multi,2,0.25,3,4,1.0,Moderate,1,128.0,5.0,129.4,47.65,75.6,16.0,1.0,104.664
warehouse_small,0,random,3,8.67,26,multi,2,0.1923,8,4,1.6,Light,2,428.6,26.0,129.0,14.45,249.1,16.48,1.0,103.395
warehouse_small,0,random,3,10.67,32,multi,2,0.1562,3,8,1.0,Heavy,0,445.2,8.6,136.5,12.69,283.7,13.91,1.0,122.275
warehouse_small,0,random,3,8.33,25,multi,2,0.2,4,2,1.6,Moderate,1,450.3,21.0,122.8,14.39,250.1,18.01,1.0,91.735
warehouse_small,0,random,1,22.0,22,solo_large,0,0.1818,4,8,1.6,Moderate,1,332.8,29.2,135.8,5.93,607.4,15.13,1.0,89.203
warehouse_small,0,random,1,23.0,23,solo_large,0,0.1739,4,6,1.0,Heavy,0,440.3,27.0,120.1,5.06,711.9,19.14,1.0,71.416
warehouse_small,0,random,1,10.0,10,solo_small,1,0.3,1,4,1.3,Heavy,0,171.2,27.6,133.5,12.3,292.7,17.12,1.0,65.778
warehouse_small,0,random,3,4.0,12,multi,2,0.4167,1,7,1.3,Light,2,228.6,22.6,122.8,29.15,123.5,19.05,1.0,79.896
warehouse_small,0,random,1,1.0,1,solo_small,1,1.0,2,7,1.3,Light,2,52.0,26.0,98.2,61.71,58.3,52.0,1.0,112.419
warehouse_small,0,random,1,27.0,27,solo_large,0,0.1481,3,5,1.3,Heavy,0,360.0,7.0,139.0,5.11,705.0,13.33,1.0,101.138
warehouse_small,0,random,3,6.0,18,multi,2,0.2222,7,9,1.6,Heavy,0,326.9,14.6,122.2,19.91,180.8,18.16,1.0,82.424
warehouse_small,0,random,3,8.0,24,multi,2,0.2083,3,10,1.3,Heavy,0,390.0,5.0,126.9,15.77,228.3,16.25,1.0,97.77
warehouse_small,0,random,1,19.0,19,solo_large,0,0.2632,9,4,1.3,Moderate,1,316.5,21.2,128.8,6.56,548.8,16.66,1.0,74.369
warehouse_small,0,random,1,26.0,26,solo_large,0,0.1538,10,6,1.3,Light,2,424.9,12.3,127.5,4.84,744.1,16.34,1.0,82.251
warehouse_small,0,random,3,12.0,36,multi,2,0.1389,6,1,1.0,Light,2,464.0,12.0,141.4,11.65,308.9,12.89,1.0,133.946
warehouse_small,0,random,2,6.5,13,multi,2,0.3077,3,9,1.0,Heavy,0,188.9,16.3,138.1,20.43,176.2,14.53,1.0,85.892
warehouse_small,0,random,3,6.0,18,multi,2,0.2778,4,8,1.0,Heavy,0,260.5,12.3,135.9,22.17,162.4,14.47,1.0,89.627
warehouse_small,0,random,1,7.0,7,solo_small,1,0.5714,8,3,1.3,Heavy,0,140.5,31.2,128.5,16.21,222.1,20.08,1.0,61.177
warehouse_small,0,random,1,19.0,19,solo_large,0,0.2632,5,2,1.0,Moderate,1,380.0,19.0,116.8,5.98,601.7,20.0,1.0,66.059
warehouse_small,0,random,2,7.0,14,multi,2,0.3571,1,9,1.6,Moderate,1,264.5,23.2,122.6,16.73,215.2,18.89,1.0,71.506
warehouse_small,0,random,1,30.0,30,solo_large,0,0.1667,4,3,1.3,Light,2,410.8,12.6,138.1,4.54,792.3,13.69,1.0,109.066
warehouse_small,0,random,2,9.5,19,multi,2,0.2632,4,1,1.0,Light,2,302.0,10.0,129.5,13.42,268.3,15.89,1.0,86.026
warehouse_small,0,random,3,10.33,31,multi,2,0.1613,2,9,1.0,Light,2,478.8,31.2,133.2,12.5,288.0,15.45,1.0,108.842
warehouse_small,0,random,1,2.0,2,solo_small,1,1.0,4,2,1.0,Heavy,0,58.5,15.3,109.1,45.69,78.8,29.27,1.0,77.345
warehouse_small,0,random,1,17.0,17,solo_large,0,0.2941,7,1,1.3,Light,2,298.5,13.3,124.2,7.15,503.7,17.56,1.0,63.273
warehouse_small,0,random,2,8.0,16,multi,2,0.25,1,5,1.6,Heavy,0,254.0,24.0,133.4,15.94,225.8,15.88,1.0,81.935
warehouse_small,0,random,3,5.67,17,multi,2,0.2353,4,1,1.6,Heavy,0,232.6,19.0,141.3,24.06,149.6,13.68,1.0,96.428
warehouse_small,0,random,2,11.5,23,multi,2,0.2174,3,6,1.3,Moderate,1,364.6,25.0,131.8,11.1,324.4,15.85,1.0,94.705
warehouse_small,0,random,2,5.0,10,multi,2,0.3,4,2,1.6,Heavy,0,176.0,9.0,124.5,24.27,148.3,17.6,1.0,69.698
warehouse_small,0,random,3,8.0,24,multi,2,0.2083,9,8,1.6,Light,2,354.2,5.0,132.7,16.48,218.4,14.76,1.0,91.798
warehouse_small,0,random,2,6.5,13,multi,2,0.3846,7,10,1.6,Moderate,1,204.6,13.3,132.0,19.7,182.8,15.74,1.0,76.592
warehouse_small,0,random,3,3.67,11,multi,2,0.3636,7,3,1.6,Heavy,0,206.2,37.2,129.5,32.07,112.3,18.74,1.0,95.625
warehouse_small,0,random,1,5.0,5,solo_small,1,0.8,6,2,1.6,Moderate,1,110.4,24.2,122.6,21.56,167.0,22.08,1.0,57.607
warehouse_small,0,random,1,3.0,3,solo_small,1,0.6667,9,4,1.0,Heavy,0,52.3,20.0,150.1,40.63,88.6,17.44,1.0,79.574
warehouse_small,0,random,1,5.0,5,solo_small,1,0.8,5,5,1.3,Light,2,88.8,10.6,128.4,24.16,149.0,17.76,1.0,60.801
warehouse_small,0,random,1,10.0,10,solo_small,1,0.5,9,6,1.6,Light,2,192.8,13.2,120.1,11.59,310.7,19.28,1.0,57.397
warehouse_small,0,random,2,5.5,11,multi,2,0.3636,4,2,1.0,Heavy,0,178.0,8.0,129.1,22.98,156.7,16.18,1.0,86.048
warehouse_small,0,random,2,2.5,5,multi,2,0.4,7,5,1.6,Moderate,1,98.6,29.3,135.6,45.8,78.6,19.73,1.0,93.264
warehouse_small,0,random,3,5.0,15,multi,2,0.3333,10,8,1.0,Light,2,240.9,25.6,133.5,25.37,141.9,16.06,1.0,97.457
warehouse_small,0,random,2,5.0,10,multi,2,0.4,2,7,1.0,Light,2,182.6,21.0,126.5,23.83,151.1,18.26,1.0,86.849
warehouse_small,0,random,1,26.0,26,solo_large,0,0.1923,4,7,1.0,Heavy,0,402.3,17.3,131.7,4.96,725.3,15.47,1.0,91.093
warehouse_small,0,random,3,10.67,32,multi,2,0.1562,8,8,1.0,Light,2,552.6,10.0,123.6,11.48,313.5,17.27,1.0,98.0
warehouse_small,0,random,3,8.33,25,multi,2,0.12,1,10,1.3,Moderate,1,294.6,7.0,146.4,17.41,206.8,11.78,1.0,118.577
warehouse_small,0,random,3,6.0,18,multi,2,0.2778,1,4,1.6,Moderate,1,280.0,5.0,129.8,21.46,167.8,15.56,1.0,87.92
warehouse_small,0,random,3,9.0,27,multi,2,0.1481,5,3,1.3,Light,2,402.5,34.2,136.5,14.59,246.8,14.91,1.0,116.037
warehouse_small,0,random,1,7.0,7,solo_small,1,0.2857,6,2,1.3,Heavy,0,93.2,9.6,144.3,19.71,182.7,13.32,1.0,64.973
warehouse_small,0,random,2,4.5,9,multi,2,0.5556,4,10,1.6,Light,2,156.0,21.0,130.9,27.17,132.5,17.33,1.0,80.214
warehouse_small,0,random,2,6.0,12,multi,2,0.4167,9,5,1.6,Moderate,1,188.6,21.0,135.1,21.35,168.6,15.72,1.0,80.289
warehouse_small,0,random,2,2.0,4,multi,2,0.75,2,6,1.0,Light,2,96.2,19.0,115.8,51.38,70.1,24.04,1.0,107.469
warehouse_small,0,random,3,4.0,12,multi,2,0.1667,2,6,1.3,Light,2,170.0,26.0,144.0,33.58,107.2,14.17,1.0,175.243
warehouse_small,0,random,2,3.0,6,multi,2,0.5,7,2,1.3,Heavy,0,118.6,23.6,127.7,38.13,94.4,19.77,1.0,84.104
warehouse_small,0,random,3,2.0,6,multi,2,0.5,1,1,1.0,Moderate,1,108.6,21.6,132.9,59.83,60.2,18.1,1.0,167.989
warehouse_small,0,random,1,1.0,1,solo_small,1,1.0,5,3,1.0,Heavy,0,18.0,9.0,160.0,120.0,30.0,18.0,1.0,133.346
warehouse_small,0,random,1,8.0,8,solo_small,1,0.375,2,9,1.0,Heavy,0,139.2,14.6,128.7,15.25,236.0,17.4,1.0,58.478
warehouse_small,0,random,3,5.67,17,multi,2,0.2941,4,6,1.6,Moderate,1,270.6,25.0,133.1,22.48,160.2,15.92,1.0,92.482
warehouse_small,0,random,3,12.0,36,multi,2,0.1389,2,9,1.6,Moderate,1,584.8,16.2,127.8,10.51,342.5,16.25,1.0,118.375
warehouse_small,0,random,1,9.0,9,solo_small,1,0.3333,5,7,1.3,Heavy,0,134.3,9.3,135.5,14.58,246.9,14.92,1.0,66.983
warehouse_small,0,random,3,6.33,19,multi,2,0.2632,5,8,1.6,Moderate,1,315.2,25.6,130.0,19.72,182.6,16.59,1.0,94.156
warehouse_small,0,random,1,7.0,7,solo_small,1,0.4286,2,6,1.6,Heavy,0,90.3,14.3,149.7,19.97,180.3,12.9,1.0,67.549
warehouse_small,0,random,2,2.0,4,multi,2,0.5,2,6,1.6,Heavy,0,64.0,21.0,150.3,63.53,56.7,16.0,1.0,133.459
warehouse_small,0,random,1,29.0,29,solo_large,0,0.1724,6,3,1.3,Heavy,0,488.2,20.2,126.5,4.28,841.8,16.83,1.0,88.242
warehouse_small,0,random,1,7.0,7,solo_small,1,0.5714,3,7,1.6,Moderate,1,166.2,20.0,111.1,14.79,243.5,23.74,1.0,52.992
warehouse_small,0,random,3,3.67,11,multi,2,0.3636,3,8,1.3,Moderate,1,130.0,11.0,149.9,39.51,91.1,11.82,1.0,96.167
warehouse_small,0,random,3,4.0,12,multi,2,0.1667,6,2,1.3,Light,2,188.0,10.0,131.6,32.08,112.2,15.67,1.0,85.925
warehouse_small,0,random,2,4.0,8,multi,2,0.5,6,4,1.3,Heavy,0,151.2,9.6,121.0,29.27,123.0,18.9,1.0,71.967
warehouse_small,0,random,2,5.0,10,multi,2,0.5,3,10,1.3,Light,2,174.0,7.0,124.5,24.41,147.5,17.4,1.0,76.971
warehouse_small,0,random,2,8.5,17,multi,2,0.2941,3,6,1.3,Moderate,1,264.8,24.2,134.4,15.14,237.8,15.58,1.0,88.049
warehouse_small,0,random,3,7.0,21,multi,2,0.2381,5,8,1.3,Light,2,302.3,15.3,136.4,19.05,189.0,14.4,1.0,102.827
warehouse_small,0,random,2,11.0,22,multi,2,0.2273,2,9,1.0,Moderate,1,389.2,14.6,123.3,11.0,327.2,17.69,1.0,88.035
warehouse_small,0,random,3,2.33,7,multi,2,0.5714,2,7,1.0,Moderate,1,104.8,6.6,134.9,56.15,64.1,14.98,1.0,100.742
warehouse_small,0,random,1,1.0,1,solo_small,1,1.0,7,1,1.3,Heavy,0,16.0,8.0,166.2,127.06,28.3,16.0,1.0,133.556
warehouse_small,0,random,3,9.0,27,multi,2,0.1852,9,2,1.6,Moderate,1,346.2,15.2,142.8,15.57,231.2,12.82,1.0,115.029
warehouse_small,0,random,1,15.0,15,solo_small,1,0.2667,4,5,1.3,Heavy,0,209.2,10.6,138.3,9.01,399.3,13.95,1.0,75.012
warehouse_small,0,random,1,1.0,1,solo_small,1,1.0,8,6,1.3,Light,2,34.6,17.3,122.3,82.07,43.9,34.64,1.0,131.752
warehouse_small,0,random,1,6.0,6,solo_small,1,0.5,3,8,1.3,Heavy,0,86.9,12.3,141.9,22.16,162.4,14.49,1.0,66.582
warehouse_small,0,random,1,26.0,26,solo_large,0,0.1923,5,2,1.6,Light,2,408.0,11.0,129.8,4.93,730.0,15.69,1.0,84.464
warehouse_small,0,random,2,12.0,24,multi,2,0.2083,10,1,1.0,Moderate,1,388.3,24.0,130.2,10.53,341.8,16.18,1.0,90.247
warehouse_small,0,random,2,12.0,24,multi,2,0.2083,4,6,1.0,Heavy,0,348.9,24.3,137.0,11.06,325.4,14.54,1.0,100.741
warehouse_small,0,random,1,3.0,3,solo_small,1,0.6667,5,10,1.6,Light,2,62.6,18.0,131.4,37.05,97.2,20.87,1.0,72.165
warehouse_small,0,random,1,7.0,7,solo_small,1,0.5714,2,3,1.3,Moderate,1,172.2,7.0,103.9,14.49,248.5,24.6,1.0,47.576
warehouse_small,0,random,2,8.5,17,multi,2,0.2353,3,10,1.3,Light,2,244.9,25.6,139.8,15.68,229.6,14.41,1.0,86.789
warehouse_small,0,random,1,19.0,19,solo_large,0,0.2632,8,6,1.0,Heavy,0,286.6,21.6,135.2,6.87,523.8,15.08,1.0,82.331
warehouse_small,0,random,1,30.0,30,solo_large,0,0.1667,2,9,1.6,Moderate,1,500.8,12.2,126.0,4.15,867.4,16.69,1.0,93.283
warehouse_small,0,random,1,2.0,2,solo_small,1,1.0,9,6,1.0,Light,2,52.2,18.0,123.0,48.97,73.5,26.11,1.0,85.017
warehouse_small,0,random,1,7.0,7,solo_small,1,0.5714,2,6,1.6,Light,2,166.3,25.0,113.1,14.78,243.6,23.76,1.0,51.641
warehouse_small,0,random,3,9.33,28,multi,2,0.1786,2,3,1.0,Heavy,0,492.3,13.3,123.1,13.01,276.8,17.58,1.0,104.47
warehouse_small,0,random,2,7.5,15,multi,2,0.3333,1,5,1.3,Moderate,1,254.3,8.0,125.5,16.48,218.5,16.95,1.0,77.685
warehouse_small,0,random,3,5.33,16,multi,2,0.25,8,7,1.0,Heavy,0,274.0,13.0,125.9,23.06,156.1,17.12,1.0,83.029
warehouse_small,0,random,1,9.0,9,solo_small,1,0.4444,10,4,1.0,Light,2,184.9,19.6,118.8,12.45,289.1,20.55,1.0,55.772
warehouse_small,0,random,1,8.0,8,solo_small,1,0.375,4,6,1.0,Light,2,110.6,27.0,151.8,16.97,212.2,13.83,1.0,70.32
warehouse_small,0,random,3,4.33,13,multi,2,0.3846,10,1,1.3,Light,2,256.0,26.0,121.0,26.45,136.1,19.69,1.0,85.572
warehouse_small,0,random,1,9.0,9,solo_small,1,0.3333,3,5,1.0,Moderate,1,134.3,25.3,143.5,14.58,246.9,14.92,1.0,64.894
warehouse_small,0,random,1,1.0,1,solo_small,1,1.0,1,1,1.6,Heavy,0,42.4,21.2,110.1,71.48,50.4,42.44,1.0,123.033
warehouse_small,0,random,2,9.0,18,multi,2,0.2778,10,6,1.0,Light,2,374.3,31.3,116.6,12.37,291.0,20.8,1.0,70.685
warehouse_small,0,random,2,5.5,11,multi,2,0.3636,9,6,1.6,Moderate,1,161.2,25.6,142.4,24.05,149.7,14.66,1.0,85.15
warehouse_small,0,random,2,5.5,11,multi,2,0.3636,9,10,1.6,Light,2,144.2,16.2,145.8,25.25,142.6,13.11,1.0,97.826
warehouse_small,0,random,2,3.0,6,multi,2,0.5,7,8,1.0,Moderate,1,118.6,9.3,119.3,38.12,94.4,19.77,1.0,76.244
warehouse_small,0,random,2,2.5,5,multi,2,0.8,4,8,1.6,Moderate,1,110.2,28.2,125.6,43.16,83.4,22.03,1.0,123.017
warehouse_small,0,random,2,5.0,10,multi,2,0.5,1,5,1.0,Light,2,216.6,23.6,115.8,21.78,165.3,21.66,1.0,65.643
warehouse_small,0,random,1,2.0,2,solo_small,1,1.0,9,1,1.3,Heavy,0,52.6,19.6,125.2,48.75,73.8,26.3,1.0,85.562
warehouse_small,0,random,1,2.0,2,solo_small,1,1.0,4,10,1.3,Light,2,44.6,20.0,142.6,53.59,67.2,22.3,1.0,95.199
warehouse_small,0,random,2,1.5,3,multi,2,1.0,6,10,1.0,Heavy,0,62.9,9.3,120.4,73.89,48.7,20.98,1.0,154.469
warehouse_small,0,random,1,15.0,15,solo_small,1,0.2667,5,7,1.0,Moderate,1,298.6,13.0,116.6,7.6,473.8,19.91,1.0,58.873
warehouse_small,0,random,1,2.0,2,solo_small,1,0.5,9,8,1.0,Light,2,41.2,12.6,133.7,55.94,64.3,20.61,1.0,89.668
warehouse_small,0,random,3,9.33,28,multi,2,0.1786,6,5,1.6,Light,2,410.6,22.0,135.5,14.17,254.1,14.66,1.0,113.594
warehouse_small,0,random,3,2.33,7,multi,2,0.5714,9,8,1.0,Moderate,1,92.2,15.2,149.0,59.4,60.6,13.17,1.0,187.657
warehouse_small,0,random,2,8.5,17,multi,2,0.1765,5,10,1.3,Light,2,212.6,7.0,143.5,16.66,216.1,12.51,1.0,84.833
warehouse_small,0,random,3,10.33,31,multi,2,0.129,8,9,1.6,Moderate,1,490.0,5.0,128.4,12.37,291.1,15.81,1.0,103.558
warehouse_small,0,random,3,8.0,24,multi,2,0.1667,1,6,1.3,Light,2,361.2,10.6,132.5,16.34,220.3,15.05,1.0,101.98
warehouse_small,0,random,2,6.0,12,multi,2,0.25,7,7,1.6,Heavy,0,146.6,13.6,148.5,23.83,151.1,12.22,1.0,105.51
warehouse_small,0,random,1,5.0,5,solo_small,1,0.6,2,5,1.0,Heavy,0,82.8,12.2,134.5,25.0,144.0,16.57,1.0,65.836
warehouse_small,0,random,2,2.5,5,multi,2,0.6,5,10,1.3,Heavy,0,110.0,9.0,113.1,43.2,83.3,22.0,1.0,80.09
warehouse_small,0,random,3,5.33,16,multi,2,0.1875,10,9,1.6,Light,2,278.6,23.3,127.2,22.87,157.4,17.41,1.0,82.399
warehouse_small,0,random,3,3.0,9,multi,2,0.5556,8,2,1.3,Light,2,194.0,21.0,116.1,36.4,98.9,21.56,1.0,78.943
warehouse_small,0,random,1,16.0,16,solo_large,0,0.3125,6,4,1.3,Moderate,1,236.8,23.6,137.9,8.23,437.3,14.8,1.0,72.371
warehouse_small,0,random,1,7.0,7,solo_small,1,0.5714,5,2,1.6,Heavy,0,102.6,7.6,136.8,18.9,190.5,14.66,1.0,63.873
warehouse_small,0,random,2,4.0,8,multi,2,0.5,2,7,1.6,Heavy,0,150.6,7.6,120.4,29.33,122.8,18.83,1.0,71.961
warehouse_small,0,random,3,9.0,27,multi,2,0.1852,5,9,1.6,Light,2,453.2,12.6,125.9,13.8,260.9,16.79,1.0,92.112
warehouse_small,0,random,1,28.0,28,solo_large,0,0.1786,7,2,1.6,Light,2,396.2,12.2,136.2,4.8,750.2,14.15,1.0,105.019
warehouse_small,0,random,2,4.5,9,multi,2,0.4444,4,7,1.3,Light,2,160.9,13.3,125.6,26.76,134.6,17.88,1.0,73.877
warehouse_small,0,random,2,13.0,26,multi,2,0.1923,5,8,1.0,Moderate,1,422.4,30.2,130.6,9.7,371.0,16.25,1.0,93.457
warehouse_small,0,random,1,12.0,12,solo_small,1,0.3333,8,1,1.0,Light,2,204.0,21.0,129.9,10.29,350.0,17.0,1.0,65.236
warehouse_small,0,random,2,2.5,5,multi,2,0.6,6,3,1.0,Light,2,92.3,8.0,123.9,47.39,76.0,18.46,1.0,87.801
warehouse_small,0,random,2,10.5,21,multi,2,0.1905,4,10,1.3,Moderate,1,284.0,21.0,141.5,13.05,275.8,13.52,1.0,95.748
warehouse_small,0,random,2,4.5,9,multi,2,0.3333,6,7,1.6,Light,2,106.6,15.6,153.7,32.17,111.9,11.85,1.0,91.126
warehouse_small,0,random,1,10.0,10,solo_small,1,0.3,7,2,1.3,Moderate,1,144.3,17.3,140.7,13.32,270.3,14.43,1.0,67.243
warehouse_small,0,random,1,21.0,21,solo_large,0,0.2381,7,2,1.6,Light,2,352.6,9.0,125.7,5.91,608.8,16.79,1.0,75.229
warehouse_small,0,random,1,4.0,4,solo_small,1,0.5,10,6,1.3,Moderate,1,74.0,11.0,128.0,29.59,121.7,18.5,1.0,63.352
warehouse_small,0,random,3,6.0,18,multi,2,0.2778,9,10,1.0,Heavy,0,296.8,36.2,133.0,20.88,172.4,16.49,1.0,94.087
warehouse_small,0,random,2,3.0,6,multi,2,0.6667,10,4,1.3,Heavy,0,98.6,19.0,138.2,41.82,86.1,16.43,1.0,90.08
warehouse_small,0,random,1,27.0,27,solo_large,0,0.1852,10,2,1.3,Moderate,1,408.2,22.0,133.7,4.83,745.2,15.12,1.0,94.985
warehouse_small,0,random,3,3.33,10,multi,2,0.4,4,6,1.3,Light,2,238.3,32.2,111.9,30.98,116.2,23.83,1.0,79.097
warehouse_small,0,random,1,5.0,5,solo_small,1,0.4,10,5,1.0,Light,2,72.6,9.0,140.6,26.57,135.5,14.52,1.0,66.143
warehouse_small,0,random,2,12.0,24,multi,2,0.2083,9,4,1.0,Heavy,0,394.8,26.6,129.6,10.45,344.5,16.45,1.0,85.926
warehouse_small,0,random,2,5.5,11,multi,2,0.3636,9,7,1.0,Heavy,0,178.2,14.2,131.3,22.97,156.8,16.2,1.0,86.104
warehouse_small,0,random,3,10.67,32,multi,2,0.1562,6,2,1.3,Heavy,0,516.6,7.6,127.4,11.86,303.5,16.14,1.0,101.203
warehouse_small,0,random,3,8.33,25,multi,2,0.2,8,9,1.3,Moderate,1,372.6,19.6,134.5,15.75,228.5,14.9,1.0,101.831
warehouse_small,0,random,1,8.0,8,solo_small,1,0.5,10,10,1.0,Moderate,1,144.9,23.6,130.3,14.95,240.8,18.12,1.0,59.158
warehouse_small,0,random,1,15.0,15,solo_small,1,0.3333,7,10,1.3,Light,2,228.6,5.0,131.3,8.66,415.5,15.24,1.0,68.224
warehouse_small,0,random,1,26.0,26,solo_large,0,0.1538,10,8,1.3,Light,2,462.5,24.2,123.9,4.64,775.4,17.79,1.0,76.478
warehouse_small,0,random,1,5.0,5,solo_small,1,0.8,4,1,1.6,Moderate,1,110.2,16.2,117.4,21.58,166.8,22.03,1.0,56.67
warehouse_small,0,random,1,14.0,14,solo_small,1,0.3571,2,9,1.6,Light,2,264.0,27.0,123.7,8.37,430.0,18.86,1.0,60.786
warehouse_small,0,random,3,9.0,27,multi,2,0.1481,2,8,1.3,Heavy,0,424.0,12.0,129.9,14.24,252.8,15.7,1.0,99.617
warehouse_small,0,random,3,12.67,38,multi,2,0.1316,2,9,1.3,Light,2,624.3,15.3,127.0,9.91,363.4,16.43,1.0,120.06
warehouse_small,0,random,1,2.0,2,solo_small,1,1.0,5,8,1.3,Light,2,72.3,27.0,106.2,39.88,90.3,36.16,1.0,75.784
warehouse_small,0,random,2,9.5,19,multi,2,0.2105,9,7,1.6,Light,2,272.3,24.0,139.0,14.06,256.0,14.33,1.0,88.975
warehouse_small,0,random,1,10.0,10,solo_small,1,0.3,7,4,1.0,Heavy,0,180.2,31.2,131.3,11.99,300.1,18.02,1.0,65.62
warehouse_small,0,random,2,4.5,9,multi,2,0.4444,10,6,1.6,Moderate,1,158.2,30.2,134.1,26.99,133.4,17.57,1.0,76.962
warehouse_small,0,random,2,7.0,14,multi,2,0.3571,5,8,1.6,Moderate,1,270.2,10.0,118.1,16.55,217.6,19.3,1.0,63.308
warehouse_small,0,random,2,10.5,21,multi,2,0.2381,9,1,1.3,Moderate,1,318.5,15.3,133.2,12.4,290.2,15.17,1.0,81.375
warehouse_small,0,random,1,3.0,3,solo_small,1,0.6667,7,10,1.3,Light,2,70.0,25.0,130.9,34.84,103.3,23.33,1.0,73.469
warehouse_small,0,random,2,9.0,18,multi,2,0.2778,5,9,1.0,Light,2,262.3,14.3,135.9,14.74,244.3,14.57,1.0,86.323
warehouse_small,0,random,2,3.5,7,multi,2,0.2857,4,8,1.3,Moderate,1,92.0,22.0,154.3,39.63,90.8,13.14,1.0,93.732
warehouse_small,0,random,1,8.0,8,solo_small,1,0.5,6,10,1.3,Light,2,152.5,27.3,128.4,14.57,247.1,19.07,1.0,61.218
warehouse_small,0,random,1,7.0,7,solo_small,1,0.4286,5,1,1.6,Heavy,0,160.2,24.0,115.3,15.09,238.5,22.89,1.0,52.576
warehouse_small,0,random,2,8.0,16,multi,2,0.25,3,3,1.0,Light,2,246.6,22.0,134.8,16.16,222.8,15.41,1.0,83.32
warehouse_small,0,random,1,25.0,25,solo_large,0,0.2,3,1,1.0,Heavy,0,350.5,12.3,137.0,5.4,667.1,14.02,1.0,94.561
warehouse_small,0,random,2,9.5,19,multi,2,0.2632,4,5,1.0,Light,2,328.6,11.0,124.4,12.88,279.4,17.3,1.0,82.586
warehouse_small,0,random,2,10.0,20,multi,2,0.15,5,4,1.3,Heavy,0,308.0,21.0,133.5,12.93,278.3,15.4,1.0,88.061
warehouse_small,0,random,1,6.0,6,solo_small,1,0.5,4,4,1.3,Light,2,94.6,8.0,133.2,21.32,168.8,15.77,1.0,61.207
warehouse_small,0,random,2,1.5,3,multi,2,0.3333,8,4,1.3,Heavy,0,48.0,13.0,145.6,84.71,42.5,16.0,1.0,137.82
warehouse_small,0,random,1,3.0,3,solo_small,1,1.0,2,8,1.0,Light,2,54.6,7.6,128.3,39.78,90.5,18.2,1.0,72.553
warehouse_small,0,random,1,6.0,6,solo_small,1,0.5,7,4,1.6,Moderate,1,84.6,14.6,145.6,22.43,160.5,14.1,1.0,69.045
warehouse_small,0,random,1,7.0,7,solo_small,1,0.4286,9,10,1.6,Heavy,0,100.2,12.2,141.3,19.1,188.5,14.32,1.0,64.896
warehouse_small,0,random,1,6.0,6,solo_small,1,0.5,8,10,1.0,Moderate,1,93.2,20.6,143.5,21.47,167.7,15.54,1.0,68.791
warehouse_small,0,random,1,1.0,1,solo_small,1,1.0,1,10,1.3,Heavy,0,29.2,14.6,132.5,91.49,39.4,29.22,1.0,132.265
warehouse_small,0,random,3,12.0,36,multi,2,0.1389,9,8,1.0,Heavy,0,584.3,16.3,127.9,10.52,342.3,16.23,1.0,108.695
warehouse_small,0,random,1,1.0,1,solo_small,1,1.0,7,4,1.6,Heavy,0,24.0,12.0,144.0,102.86,35.0,24.0,1.0,132.695
warehouse_small,0,random,2,12.5,25,multi,2,0.2,8,6,1.3,Light,2,366.3,11.0,134.1,10.58,340.1,14.65,1.0,96.952
warehouse_small,0,random,1,5.0,5,solo_small,1,0.6,8,5,1.0,Heavy,0,124.2,27.0,115.4,20.17,178.5,24.84,1.0,56.345
warehouse_small,0,random,2,7.0,14,multi,2,0.2143,6,2,1.0,Moderate,1,188.9,21.6,144.2,19.59,183.7,13.5,1.0,86.04
warehouse_small,0,random,1,5.0,5,solo_small,1,0.6,8,10,1.6,Light,2,106.0,24.0,125.6,22.04,163.3,21.2,1.0,60.401
warehouse_small,0,random,1,1.0,1,solo_small,1,1.0,3,5,1.0,Moderate,1,44.0,22.0,108.0,69.68,51.7,44.0,1.0,121.131
warehouse_small,0,random,3,5.67,17,multi,2,0.1765,10,8,1.3,Light,2,242.2,30.2,141.8,23.64,152.3,14.25,1.0,150.299
warehouse_small,0,random,3,7.33,22,multi,2,0.2273,2,10,1.0,Heavy,0,380.6,12.0,124.3,16.69,215.7,17.3,1.0,90.246
warehouse_small,0,random,1,7.0,7,solo_small,1,0.4286,6,10,1.6,Light,2,114.0,18.0,136.2,18.0,200.0,16.29,1.0,61.249
warehouse_small,0,random,2,3.5,7,multi,2,0.5714,5,8,1.6,Heavy,0,142.6,14.6,119.1,32.17,111.9,20.37,1.0,72.629
warehouse_small,0,random,2,8.0,16,multi,2,0.1875,5,8,1.6,Heavy,0,258.6,14.6,129.9,15.81,227.8,16.16,1.0,82.714
warehouse_small,0,random,2,7.5,15,multi,2,0.2667,2,8,1.3,Moderate,1,242.9,15.6,130.3,16.84,213.7,16.2,1.0,75.095
warehouse_small,0,random,3,9.33,28,multi,2,0.1786,7,3,1.3,Heavy,0,380.6,12.6,138.7,14.65,245.7,13.59,1.0,112.062
warehouse_small,0,random,1,4.0,4,solo_small,1,0.5,3,4,1.3,Heavy,0,70.0,5.0,126.1,30.42,118.3,17.5,1.0,63.568
warehouse_small,0,random,1,3.0,3,solo_small,1,0.6667,6,10,1.6,Moderate,1,66.6,23.6,133.6,35.82,100.5,22.2,1.0,72.836
warehouse_small,0,random,1,1.0,1,solo_small,1,1.0,2,2,1.0,Heavy,0,52.0,26.0,98.2,61.71,58.3,52.0,1.0,112.436
warehouse_small,0,random,1,12.0,12,solo_small,1,0.25,10,9,1.0,Moderate,1,208.3,26.0,130.1,10.18,353.6,17.36,1.0,62.358
warehouse_small,0,random,2,4.0,8,multi,2,0.25,2,5,1.3,Heavy,0,102.0,13.0,148.3,35.12,102.5,12.75,1.0,169.256
warehouse_small,0,random,3,12.0,36,multi,2,0.1389,8,4,1.6,Moderate,1,526.0,13.0,134.0,11.04,326.1,14.61,1.0,119.535
warehouse_small,0,random,3,11.67,35,multi,2,0.1429,1,2,1.0,Moderate,1,480.0,18.0,138.5,11.68,308.3,13.71,1.0,139.82
warehouse_small,0,random,2,10.0,20,multi,2,0.25,4,8,1.6,Moderate,1,360.8,21.2,123.5,11.99,300.3,18.04,1.0,77.488
warehouse_small,0,random,1,19.0,19,solo_large,0,0.2105,8,10,1.6,Heavy,0,330.6,6.6,123.2,6.42,560.5,17.4,1.0,68.74
warehouse_small,0,random,1,25.0,25,solo_large,0,0.2,1,7,1.6,Light,2,421.2,12.6,125.8,4.96,726.0,16.85,1.0,81.878
warehouse_small,0,random,1,1.0,1,solo_small,1,1.0,3,6,1.6,Moderate,1,20.0,10.0,154.3,113.68,31.7,20.0,1.0,133.131
warehouse_small,0,random,1,28.0,28,solo_large,0,0.1786,2,6,1.0,Moderate,1,478.0,22.0,126.0,4.4,818.3,17.07,1.0,92.567
warehouse_small,0,random,2,5.5,11,multi,2,0.3636,7,8,1.6,Moderate,1,184.0,27.0,133.9,22.62,159.2,16.73,1.0,77.21
warehouse_small,0,random,2,7.5,15,multi,2,0.3333,7,7,1.3,Moderate,1,268.0,7.0,122.0,16.06,224.2,17.87,1.0,68.922
warehouse_small,0,random,3,5.0,15,multi,2,0.3333,2,2,1.3,Light,2,280.6,9.6,119.8,23.54,152.9,18.71,1.0,79.505
warehouse_small,0,random,2,3.0,6,multi,2,0.5,1,5,1.0,Moderate,1,85.2,11.6,142.7,44.72,80.5,14.2,1.0,94.842
warehouse_small,0,random,2,6.5,13,multi,2,0.2308,10,2,1.0,Moderate,1,188.0,18.0,139.0,20.47,175.8,14.46,1.0,79.972
warehouse_small,0,random,1,13.0,13,solo_small,1,0.3846,5,2,1.3,Moderate,1,228.0,9.0,124.0,9.35,385.0,17.54,1.0,61.484
warehouse_small,0,random,1,14.0,14,solo_small,1,0.3571,7,3,1.0,Light,2,178.6,9.6,143.7,10.03,358.8,12.76,1.0,80.36
warehouse_small,0,random,1,9.0,9,solo_small,1,0.4444,7,6,1.0,Moderate,1,140.5,19.2,137.2,14.28,252.1,15.61,1.0,64.541
warehouse_small,0,random,2,6.0,12,multi,2,0.4167,8,7,1.3,Heavy,0,242.5,17.2,117.5,18.84,191.0,20.21,1.0,65.392
warehouse_small,0,random,1,29.0,29,solo_large,0,0.1724,9,6,1.0,Moderate,1,486.9,6.6,125.0,4.28,840.8,16.79,1.0,87.013
warehouse_small,0,random,1,8.0,8,solo_small,1,0.375,2,7,1.3,Moderate,1,148.8,25.6,129.3,14.75,244.0,18.6,1.0,59.71
warehouse_small,0,random,3,4.33,13,multi,2,0.3846,5,7,1.3,Light,2,208.6,7.0,128.9,29.28,122.9,16.05,1.0,87.472
warehouse_small,0,random,1,6.0,6,solo_small,1,0.6667,7,8,1.3,Moderate,1,96.3,23.3,143.2,21.14,170.3,16.05,1.0,65.837
warehouse_small,0,random,3,8.33,25,multi,2,0.16,3,2,1.6,Heavy,0,324.6,22.6,143.6,16.73,215.2,12.98,1.0,110.672
warehouse_small,0,random,2,4.5,9,multi,2,0.5556,6,10,1.6,Moderate,1,160.8,15.2,126.4,26.77,134.5,17.86,1.0,71.845
warehouse_small,0,random,3,6.67,20,multi,2,0.25,4,7,1.0,Light,2,312.2,7.0,129.9,19.28,186.7,15.61,1.0,87.969
warehouse_small,0,random,3,8.0,24,multi,2,0.2083,10,5,1.6,Moderate,1,386.6,13.3,128.7,15.83,227.4,16.11,1.0,106.013
warehouse_small,0,random,2,5.5,11,multi,2,0.2727,2,9,1.0,Moderate,1,164.3,26.0,141.3,23.85,151.0,14.94,1.0,80.187
warehouse_small,0,random,3,8.33,25,multi,2,0.2,6,1,1.6,Light,2,361.2,6.6,134.2,15.98,225.3,14.45,1.0,105.392
warehouse_small,0,random,1,6.0,6,solo_small,1,0.6667,9,6,1.6,Heavy,0,124.8,22.6,123.3,18.55,194.0,20.8,1.0,56.161
warehouse_small,0,random,3,9.0,27,multi,2,0.1852,8,5,1.3,Light,2,306.3,13.0,149.7,16.36,220.1,11.35,1.0,126.069
warehouse_small,0,random,3,4.0,12,multi,2,0.3333,9,5,1.3,Heavy,0,192.6,25.0,135.1,31.72,113.5,16.05,1.0,90.84
warehouse_small,0,random,1,1.0,1,solo_small,1,1.0,3,6,1.6,Moderate,1,36.0,18.0,120.0,80.0,45.0,36.0,1.0,131.693
warehouse_small,0,random,2,10.0,20,multi,2,0.25,7,2,1.0,Heavy,0,328.2,13.0,128.0,12.56,286.7,16.41,1.0,78.108
warehouse_small,0,random,3,5.67,17,multi,2,0.2353,5,5,1.3,Heavy,0,258.6,26.0,136.4,22.95,156.8,15.21,1.0,111.713
warehouse_small,0,random,2,2.5,5,multi,2,0.6,3,7,1.0,Heavy,0,80.2,13.0,137.4,50.77,70.9,16.03,1.0,89.058
warehouse_small,0,random,1,4.0,4,solo_small,1,0.75,4,9,1.3,Moderate,1,108.6,28.6,113.7,23.92,150.5,27.15,1.0,60.236
warehouse_small,0,random,1,25.0,25,solo_large,0,0.2,3,3,1.3,Light,2,558.4,35.2,111.0,4.28,840.3,22.34,1.0,64.228
warehouse_small,0,random,3,8.33,25,multi,2,0.2,3,5,1.3,Light,2,372.0,21.0,134.8,15.77,228.3,14.88,1.0,105.179
warehouse_small,0,random,2,7.0,14,multi,2,0.2857,10,8,1.0,Light,2,262.0,18.0,121.9,16.81,214.2,18.71,1.0,65.876
warehouse_small,0,random,1,12.0,12,solo_small,1,0.3333,7,10,1.6,Moderate,1,192.6,15.6,131.9,10.57,340.5,16.05,1.0,61.373
warehouse_small,0,random,3,9.67,29,multi,2,0.1724,10,9,1.6,Light,2,450.0,10.0,130.2,13.33,270.0,15.52,1.0,107.007
warehouse_small,0,random,1,26.0,26,solo_large,0,0.1923,1,1,1.3,Moderate,1,462.3,26.0,124.2,4.64,775.3,17.78,1.0,82.491
warehouse_small,0,random,3,8.0,24,multi,2,0.2083,5,3,1.3,Light,2,420.3,24.0,125.2,15.21,236.8,17.51,1.0,93.249
warehouse_medium,1,sshape,2,5.5,11,multi,2,0.4545,4,8,1.0,Heavy,0,190.1,28.1,132.0,22.26,161.7,17.28,1.0,74.658
warehouse_medium,1,sshape,3,7.0,21,multi,2,0.2381,3,5,1.0,Light,2,282.1,38.1,145.9,19.63,183.4,13.43,1.0,119.108
warehouse_medium,1,sshape,2,8.0,16,multi,2,0.375,4,3,1.0,Heavy,0,280.1,32.1,129.0,15.21,236.7,17.51,1.0,83.887
warehouse_medium,1,sshape,2,3.0,6,multi,2,0.6667,9,3,1.6,Moderate,1,206.1,61.1,102.5,27.51,130.9,34.35,1.0,68.785
warehouse_medium,1,sshape,3,6.33,19,multi,2,0.3158,3,6,1.0,Light,2,278.1,65.1,147.9,20.9,172.3,14.64,1.0,108.895
warehouse_medium,1,sshape,1,5.0,5,solo_small,1,0.4,2,6,1.6,Moderate,1,126.2,31.2,116.8,19.98,180.2,25.24,1.0,56.598
warehouse_medium,1,sshape,1,6.0,6,solo_small,1,0.5,9,2,1.6,Heavy,0,216.1,66.1,100.5,13.33,270.1,36.02,1.0,49.238
warehouse_medium,1,sshape,3,3.0,9,multi,2,0.3333,10,10,1.3,Light,2,176.1,34.1,127.9,38.33,93.9,19.57,1.0,107.475
warehouse_medium,1,sshape,2,6.5,13,multi,2,0.3846,8,9,1.3,Moderate,1,248.1,52.1,130.6,17.92,200.9,19.09,1.0,80.347
warehouse_medium,1,sshape,3,9.67,29,multi,2,0.2414,2,3,1.0,Heavy,0,366.1,55.1,150.4,14.59,246.7,12.62,1.0,153.169
warehouse_medium,1,sshape,1,19.0,19,solo_large,0,0.2632,5,3,1.3,Light,2,226.1,53.1,159.4,7.6,473.4,11.9,1.0,97.948
warehouse_medium,1,sshape,1,10.0,10,solo_small,1,0.5,2,1,1.0,Light,2,224.1,48.1,121.3,10.69,336.8,22.41,1.0,60.137
warehouse_medium,1,sshape,3,4.33,13,multi,2,0.5385,8,6,1.6,Moderate,1,322.1,52.1,111.4,23.31,154.5,24.78,1.0,75.006
warehouse_medium,1,sshape,3,7.33,22,multi,2,0.3182,8,9,1.6,Heavy,0,390.1,59.1,130.7,16.49,218.4,17.73,1.0,99.267
warehouse_medium,1,sshape,1,26.0,26,solo_large,0,0.3077,7,1,1.3,Heavy,0,400.1,29.1,133.9,4.98,723.4,15.39,1.0,100.322
warehouse_medium,1,sshape,1,2.0,2,solo_small,1,1.0,3,8,1.0,Light,2,66.2,18.2,102.9,42.26,85.2,33.11,1.0,74.455
warehouse_medium,1,sshape,2,3.0,6,multi,2,0.5,1,9,1.3,Heavy,0,146.2,17.2,109.4,33.99,105.9,24.37,1.0,70.877
warehouse_medium,1,sshape,1,24.0,24,solo_large,0,0.3333,10,9,1.3,Heavy,0,336.1,24.1,139.4,5.62,640.1,14.0,1.0,109.51
warehouse_medium,1,sshape,3,7.33,22,multi,2,0.3182,3,8,1.6,Light,2,338.1,60.1,141.0,17.65,203.9,15.37,1.0,133.944
warehouse_medium,1,sshape,3,8.33,25,multi,2,0.24,8,9,1.6,Heavy,0,350.1,28.1,139.9,16.2,222.2,14.0,1.0,130.4
warehouse_medium,1,sshape,1,10.0,10,solo_small,1,0.5,2,10,1.0,Light,2,252.1,64.1,117.4,10.0,360.1,25.21,1.0,53.712
warehouse_medium,1,sshape,3,12.0,36,multi,2,0.1944,8,3,1.0,Moderate,1,440.1,61.1,151.4,11.91,302.2,12.23,1.0,166.955
warehouse_medium,1,sshape,3,8.0,24,multi,2,0.2083,9,6,1.0,Light,2,340.1,65.1,146.6,16.78,214.5,14.17,1.0,121.7
warehouse_medium,1,sshape,1,30.0,30,solo_large,0,0.2333,5,1,1.0,Moderate,1,398.1,55.1,146.8,4.61,781.7,13.27,1.0,132.393
warehouse_medium,1,sshape,3,2.33,7,multi,2,0.7143,7,4,1.3,Heavy,0,148.1,49.1,134.4,47.28,76.1,21.16,1.0,110.668
warehouse_medium,1,sshape,3,10.67,32,multi,2,0.2188,3,3,1.0,Light,2,312.1,29.1,160.9,14.59,246.7,9.75,1.0,169.491
warehouse_medium,1,sshape,2,11.0,22,multi,2,0.2727,10,1,1.3,Heavy,0,316.1,71.1,148.3,12.13,296.7,14.37,1.0,116.874
warehouse_medium,1,sshape,1,27.0,27,solo_large,0,0.2222,8,2,1.0,Moderate,1,304.1,32.1,153.9,5.47,658.4,11.26,1.0,134.924
warehouse_medium,1,sshape,1,25.0,25,solo_large,0,0.28,9,1,1.6,Heavy,0,334.1,33.1,143.8,5.51,653.4,13.36,1.0,110.617
warehouse_medium,1,sshape,3,2.67,8,multi,2,0.375,10,3,1.0,Moderate,1,180.3,57.3,129.4,39.96,90.1,22.54,1.0,123.777
warehouse_medium,1,sshape,1,11.0,11,solo_small,1,0.4545,9,1,1.0,Moderate,1,268.1,74.1,121.2,9.27,388.4,24.37,1.0,64.576
warehouse_medium,1,sshape,2,8.5,17,multi,2,0.4118,4,7,1.3,Moderate,1,352.1,64.1,123.6,13.13,274.2,20.71,1.0,86.907
warehouse_medium,1,sshape,3,7.67,23,multi,2,0.2609,7,9,1.3,Light,2,306.1,23.1,142.6,18.0,200.0,13.31,1.0,113.411
warehouse_medium,1,sshape,1,27.0,27,solo_large,0,0.2222,10,9,1.6,Moderate,1,314.1,37.1,152.9,5.4,666.8,11.63,1.0,121.452
warehouse_medium,1,sshape,3,4.67,14,multi,2,0.4286,10,5,1.3,Light,2,282.1,34.1,121.0,24.27,148.4,20.15,1.0,84.731
warehouse_medium,1,sshape,2,12.5,25,multi,2,0.32,4,3,1.6,Light,2,346.1,27.1,140.4,10.85,331.7,13.84,1.0,108.211
warehouse_medium,1,sshape,1,18.0,18,solo_large,0,0.2222,2,9,1.6,Light,2,214.2,19.2,149.8,8.03,448.5,11.9,1.0,97.694
warehouse_medium,1,sshape,3,9.33,28,multi,2,0.2143,9,3,1.6,Moderate,1,360.1,26.1,144.3,15.0,240.0,12.86,1.0,125.558
warehouse_medium,1,sshape,1,12.0,12,solo_small,1,0.5,3,1,1.3,Heavy,0,238.1,56.1,130.3,9.51,378.4,19.84,1.0,65.855
warehouse_medium,1,sshape,2,12.0,24,multi,2,0.2917,10,2,1.6,Light,2,310.1,45.1,148.8,11.64,309.2,12.92,1.0,119.229
warehouse_medium,1,sshape,2,2.5,5,multi,2,0.8,5,7,1.3,Light,2,118.2,26.2,118.7,41.49,86.8,23.64,1.0,84.422
warehouse_medium,1,sshape,2,7.5,15,multi,2,0.4,10,2,1.3,Light,2,308.1,61.1,125.3,14.95,240.9,20.54,1.0,77.939
warehouse_medium,1,sshape,1,22.0,22,solo_large,0,0.3182,8,3,1.0,Light,2,326.1,28.1,136.9,5.98,601.7,14.82,1.0,85.6
warehouse_medium,1,sshape,1,17.0,17,solo_large,0,0.3529,7,2,1.0,Heavy,0,248.1,42.1,143.4,7.8,461.8,14.59,1.0,89.458
warehouse_medium,1,sshape,3,7.0,21,multi,2,0.3333,8,3,1.3,Heavy,0,240.1,25.1,153.0,20.97,171.7,11.43,1.0,122.345
warehouse_medium,1,sshape,1,15.0,15,solo_small,1,0.2667,4,4,1.6,Light,2,208.2,20.2,141.5,9.03,398.5,13.88,1.0,77.954
warehouse_medium,1,sshape,1,15.0,15,solo_small,1,0.3333,10,8,1.3,Light,2,308.1,44.1,121.3,7.47,481.8,20.54,1.0,72.48
warehouse_medium,1,sshape,1,25.0,25,solo_large,0,0.24,2,4,1.6,Heavy,0,306.1,60.1,155.2,5.71,630.1,12.24,1.0,129.509
warehouse_medium,1,sshape,3,14.0,42,multi,2,0.1905,2,5,1.6,Moderate,1,450.1,50.1,157.0,10.75,335.0,10.72,1.0,196.97
warehouse_medium,1,sshape,2,1.5,3,multi,2,0.6667,2,5,1.3,Heavy,0,116.8,55.2,112.1,50.59,71.2,38.93,1.0,166.719
warehouse_medium,1,sshape,3,6.33,19,multi,2,0.3158,2,7,1.3,Light,2,342.1,51.1,129.7,18.94,190.0,18.01,1.0,102.6
warehouse_medium,1,sshape,1,19.0,19,solo_large,0,0.3158,1,10,1.6,Moderate,1,286.1,48.1,141.5,6.88,523.4,15.06,1.0,98.954
warehouse_medium,1,sshape,1,2.0,2,solo_small,1,1.0,2,5,1.3,Moderate,1,94.9,47.3,103.3,32.99,109.1,47.47,1.0,74.781
warehouse_medium,1,sshape,1,2.0,2,solo_small,1,1.0,10,9,1.6,Light,2,66.8,26.2,112.8,42.01,85.7,33.41,1.0,78.965
warehouse_medium,1,sshape,2,11.5,23,multi,2,0.2609,9,8,1.6,Moderate,1,298.1,54.1,151.0,12.13,296.7,12.96,1.0,121.035
warehouse_medium,1,sshape,1,19.0,19,solo_large,0,0.2632,8,9,1.3,Light,2,284.1,54.1,143.5,6.9,521.8,14.95,1.0,85.484
warehouse_medium,1,sshape,3,8.0,24,multi,2,0.2917,3,4,1.0,Moderate,1,366.1,30.1,135.0,16.24,221.7,15.25,1.0,101.435
warehouse_medium,1,sshape,1,15.0,15,solo_small,1,0.3333,6,1,1.3,Heavy,0,238.1,38.1,137.9,8.5,423.4,15.88,1.0,78.26
warehouse_medium,1,sshape,1,29.0,29,solo_large,0,0.2069,10,5,1.3,Light,2,344.1,27.1,149.3,4.99,721.7,11.87,1.0,123.535
warehouse_medium,1,sshape,1,5.0,5,solo_small,1,0.8,10,1,1.6,Heavy,0,134.1,21.1,106.4,19.27,186.8,26.83,1.0,53.704
warehouse_medium,1,sshape,2,8.0,16,multi,2,0.375,7,6,1.0,Light,2,254.1,36.1,136.6,15.94,225.9,15.88,1.0,88.56
warehouse_medium,1,sshape,1,9.0,9,solo_small,1,0.5556,9,10,1.6,Heavy,0,186.2,55.2,132.7,12.41,290.1,20.69,1.0,60.183
warehouse_medium,1,sshape,1,9.0,9,solo_small,1,0.4444,6,1,1.3,Moderate,1,176.2,51.2,135.5,12.77,281.9,19.58,1.0,65.58
warehouse_medium,1,sshape,3,5.33,16,multi,2,0.4375,6,1,1.3,Heavy,0,270.1,28.1,130.4,23.22,155.0,16.88,1.0,114.322
warehouse_medium,1,sshape,2,10.0,20,multi,2,0.25,8,6,1.0,Light,2,264.1,39.1,147.7,13.84,260.1,13.21,1.0,115.525
warehouse_medium,1,sshape,3,12.33,37,multi,2,0.1622,10,1,1.3,Moderate,1,362.1,25.1,159.4,12.61,285.6,9.79,1.0,180.619
warehouse_medium,1,sshape,1,14.0,14,solo_small,1,0.3571,6,4,1.3,Light,2,256.1,26.1,125.5,8.5,423.4,18.29,1.0,70.534
warehouse_medium,1,sshape,3,7.0,21,multi,2,0.2857,6,9,1.0,Heavy,0,316.1,65.1,144.2,18.67,192.8,15.05,1.0,113.209
warehouse_medium,1,sshape,3,4.33,13,multi,2,0.3846,2,4,1.6,Heavy,0,226.1,38.1,133.1,28.17,127.8,17.39,1.0,123.565
warehouse_medium,1,sshape,2,1.0,2,multi,2,1.0,4,2,1.3,Moderate,1,112.2,34.1,75.7,58.3,61.8,56.11,1.0,109.911
warehouse_medium,1,sshape,2,4.0,8,multi,2,0.625,7,8,1.0,Heavy,0,164.1,32.1,125.2,28.04,128.4,20.51,1.0,68.51
warehouse_medium,1,sshape,2,7.0,14,multi,2,0.4286,7,2,1.3,Light,2,264.1,43.1,127.9,16.74,215.0,18.86,1.0,73.616
warehouse_medium,1,sshape,3,6.33,19,multi,2,0.3158,2,8,1.0,Heavy,0,342.1,32.1,125.9,18.94,190.0,18.01,1.0,113.81
warehouse_medium,1,sshape,3,4.67,14,multi,2,0.4286,7,6,1.3,Heavy,0,302.1,22.1,113.7,23.39,153.9,21.58,1.0,80.684
warehouse_medium,1,sshape,1,27.0,27,solo_large,0,0.2963,4,2,1.0,Moderate,1,382.1,52.1,142.9,4.98,723.4,14.15,1.0,118.046
warehouse_medium,1,sshape,3,5.33,16,multi,2,0.375,2,8,1.0,Light,2,242.1,55.1,145.5,24.45,147.2,15.13,1.0,129.192
warehouse_medium,1,sshape,2,5.5,11,multi,2,0.5455,1,9,1.6,Light,2,264.1,37.1,111.8,18.7,192.6,24.01,1.0,63.295
warehouse_medium,1,sshape,2,7.5,15,multi,2,0.5333,10,3,1.0,Light,2,296.1,30.1,120.9,15.26,235.9,19.74,1.0,76.999
warehouse_medium,1,sshape,3,6.33,19,multi,2,0.3158,1,9,1.3,Moderate,1,278.1,39.1,141.3,20.9,172.3,14.64,1.0,104.135
warehouse_medium,1,sshape,1,2.0,2,solo_small,1,0.5,6,10,1.0,Moderate,1,38.4,17.2,151.0,58.03,62.0,19.22,1.0,98.011
warehouse_medium,1,sshape,1,16.0,16,solo_large,0,0.3125,9,1,1.3,Light,2,258.1,60.1,142.2,7.91,455.1,16.13,1.0,87.543
warehouse_medium,1,sshape,2,13.5,27,multi,2,0.1852,9,1,1.6,Heavy,0,352.1,29.1,144.2,10.31,349.2,13.04,1.0,126.265
warehouse_medium,1,sshape,2,4.5,9,multi,2,0.5556,5,3,1.0,Moderate,1,172.1,45.1,134.5,25.86,139.2,19.12,1.0,77.13
warehouse_medium,1,sshape,3,3.67,11,multi,2,0.3636,7,4,1.0,Moderate,1,228.1,25.1,118.5,30.42,118.4,20.74,1.0,130.597
warehouse_medium,1,sshape,3,5.33,16,multi,2,0.4375,8,7,1.3,Heavy,0,264.1,33.1,133.2,23.47,153.4,16.51,1.0,97.21
warehouse_medium,1,sshape,3,10.67,32,multi,2,0.1875,6,3,1.6,Light,2,302.1,25.1,162.1,14.76,243.9,9.44,1.0,163.392
warehouse_medium,1,sshape,3,10.0,30,multi,2,0.2333,10,3,1.3,Light,2,378.1,60.1,151.0,14.12,255.0,12.6,1.0,144.741
warehouse_medium,1,sshape,3,4.0,12,multi,2,0.4167,1,8,1.3,Heavy,0,250.1,48.1,124.0,27.8,129.5,20.84,1.0,99.099
warehouse_medium,1,sshape,3,4.67,14,multi,2,0.3571,3,10,1.6,Moderate,1,236.1,32.1,132.6,26.55,135.6,16.86,1.0,96.752
warehouse_medium,1,sshape,1,4.0,4,solo_small,1,0.75,1,10,1.3,Light,2,128.2,40.2,108.0,21.58,166.8,32.04,1.0,56.047
warehouse_medium,1,sshape,1,11.0,11,solo_small,1,0.4545,6,6,1.6,Moderate,1,222.2,44.2,126.4,10.28,350.1,20.2,1.0,62.448
warehouse_medium,1,sshape,1,8.0,8,solo_small,1,0.375,1,10,1.6,Light,2,188.2,53.2,123.9,13.0,276.9,23.53,1.0,59.134
warehouse_medium,1,sshape,1,10.0,10,solo_small,1,0.5,1,8,1.6,Heavy,0,274.1,70.1,112.5,9.51,378.4,27.41,1.0,50.741
warehouse_medium,1,sshape,1,28.0,28,solo_large,0,0.25,2,5,1.6,Heavy,0,380.1,63.1,147.3,4.89,736.8,13.58,1.0,131.437
warehouse_medium,1,sshape,2,8.0,16,multi,2,0.3125,6,4,1.0,Light,2,280.2,43.2,131.7,15.21,236.7,17.51,1.0,86.454
warehouse_medium,1,sshape,1,30.0,30,solo_large,0,0.2667,4,10,1.6,Light,2,342.1,52.1,156.1,4.9,735.1,11.4,1.0,139.94
warehouse_medium,1,sshape,3,6.33,19,multi,2,0.3158,5,8,1.3,Light,2,272.1,23.1,138.9,21.1,170.6,14.32,1.0,113.96
warehouse_medium,1,sshape,3,7.0,21,multi,2,0.2381,7,6,1.6,Moderate,1,246.1,43.1,156.1,20.77,173.4,11.72,1.0,123.395
warehouse_medium,1,sshape,3,4.0,12,multi,2,0.5,4,6,1.3,Heavy,0,212.1,62.1,141.6,30.27,118.9,17.68,1.0,108.484
warehouse_medium,1,sshape,1,15.0,15,solo_small,1,0.4,9,8,1.3,Heavy,0,260.1,52.1,135.6,8.15,441.8,17.34,1.0,73.217
warehouse_medium,1,sshape,2,8.0,16,multi,2,0.3125,9,6,1.3,Heavy,0,182.1,24.1,155.0,18.38,195.9,11.38,1.0,101.378
warehouse_medium,1,sshape,1,16.0,16,solo_large,0,0.3125,5,10,1.3,Moderate,1,212.1,27.1,146.1,8.64,416.8,13.26,1.0,87.167
warehouse_medium,1,sshape,1,2.0,2,solo_small,1,1.0,7,7,1.6,Light,2,48.9,13.3,120.7,50.87,70.8,24.46,1.0,83.723
warehouse_medium,1,sshape,3,11.0,33,multi,2,0.2121,3,1,1.0,Light,2,330.1,49.1,162.9,14.02,256.7,10.0,1.0,174.582
warehouse_medium,1,sshape,2,3.5,7,multi,2,0.5714,3,2,1.3,Moderate,1,148.4,34.1,125.8,31.48,114.3,21.2,1.0,73.311
warehouse_medium,1,sshape,1,24.0,24,solo_large,0,0.3333,1,2,1.0,Heavy,0,362.1,25.1,134.8,5.44,661.8,15.09,1.0,96.226
warehouse_medium,1,sshape,2,7.5,15,multi,2,0.4667,8,8,1.3,Moderate,1,386.1,69.1,110.4,13.17,273.4,25.74,1.0,59.913
warehouse_medium,1,sshape,1,1.0,1,solo_small,1,1.0,9,10,1.0,Light,2,95.2,47.6,65.8,38.16,94.4,95.22,1.0,82.869
warehouse_medium,1,sshape,1,2.0,2,solo_small,1,1.0,9,6,1.0,Heavy,0,52.6,9.6,109.4,48.75,73.8,26.3,1.0,77.636
warehouse_medium,1,sshape,1,14.0,14,solo_small,1,0.2143,6,3,1.3,Moderate,1,138.1,22.1,164.3,11.07,325.1,9.87,1.0,93.854
warehouse_medium,1,sshape,3,9.33,28,multi,2,0.1786,10,6,1.0,Light,2,266.2,44.2,166.6,16.83,213.9,9.51,1.0,157.642
warehouse_medium,1,sshape,2,2.5,5,multi,2,0.4,5,8,1.6,Heavy,0,108.3,28.3,127.1,43.57,82.6,21.66,1.0,89.621
warehouse_medium,1,sshape,1,1.0,1,solo_small,1,1.0,7,8,1.6,Heavy,0,13.2,6.6,175.5,138.37,26.0,13.22,1.0,133.881
warehouse_medium,1,sshape,2,7.0,14,multi,2,0.2857,7,6,1.3,Light,2,232.2,56.2,141.3,17.84,201.7,16.58,1.0,92.934
warehouse_medium,1,sshape,1,1.0,1,solo_small,1,1.0,3,3,1.0,Moderate,1,65.2,32.6,85.4,51.91,69.3,65.22,1.0,100.94
warehouse_medium,1,sshape,2,5.0,10,multi,2,0.5,7,7,1.6,Heavy,0,254.1,43.1,110.5,19.9,180.9,25.41,1.0,69.459
warehouse_medium,1,sshape,1,4.0,4,solo_small,1,0.75,1,8,1.3,Moderate,1,114.3,17.3,102.2,23.19,155.3,28.58,1.0,52.774
warehouse_medium,1,sshape,1,14.0,14,solo_small,1,0.4286,4,9,1.6,Moderate,1,246.1,24.1,127.6,8.67,415.1,17.58,1.0,69.83
warehouse_medium,1,sshape,1,5.0,5,solo_small,1,0.8,7,10,1.6,Heavy,0,150.1,49.1,113.1,17.99,200.1,30.02,1.0,54.905
warehouse_medium,1,sshape,2,3.0,6,multi,2,0.8333,1,4,1.6,Moderate,1,174.1,32.1,103.7,30.63,117.5,29.02,1.0,68.528
warehouse_medium,1,sshape,1,25.0,25,solo_large,0,0.28,9,2,1.6,Moderate,1,334.1,33.1,143.8,5.51,653.4,13.36,1.0,110.617
warehouse_medium,1,sshape,2,7.5,15,multi,2,0.3333,4,7,1.3,Moderate,1,326.1,64.1,121.8,14.49,248.4,21.74,1.0,128.015
warehouse_medium,1,sshape,3,7.67,23,multi,2,0.2174,1,3,1.6,Light,2,312.1,47.1,146.3,17.85,201.7,13.57,1.0,139.996
warehouse_medium,1,sshape,1,2.0,2,solo_small,1,1.0,2,4,1.3,Moderate,1,66.4,29.2,118.0,42.19,85.3,33.2,1.0,81.703
warehouse_medium,1,sshape,1,11.0,11,solo_small,1,0.5455,5,3,1.0,Moderate,1,204.1,41.1,131.6,10.74,335.1,18.56,1.0,66.387
warehouse_medium,1,sshape,2,6.0,12,multi,2,0.5,8,2,1.3,Moderate,1,336.1,53.1,103.9,15.65,230.0,28.01,1.0,64.122
warehouse_medium,1,sshape,2,6.0,12,multi,2,0.4167,10,6,1.3,Heavy,0,228.2,38.2,127.7,19.45,185.1,19.01,1.0,87.121
warehouse_medium,1,sshape,1,18.0,18,solo_large,0,0.3333,1,5,1.6,Heavy,0,292.1,23.1,131.1,7.01,513.4,16.23,1.0,79.359
warehouse_medium,1,sshape,2,8.0,16,multi,2,0.375,1,10,1.6,Moderate,1,252.1,28.1,135.0,16.0,225.0,15.76,1.0,87.312
warehouse_medium,1,sshape,1,16.0,16,solo_large,0,0.3125,10,9,1.6,Moderate,1,258.1,60.1,142.2,7.91,455.1,16.13,1.0,86.96
warehouse_medium,1,sshape,3,7.33,22,multi,2,0.3182,8,9,1.3,Heavy,0,274.1,32.1,149.0,19.34,186.1,12.46,1.0,122.744
warehouse_medium,1,sshape,3,7.67,23,multi,2,0.3043,1,10,1.0,Heavy,0,344.1,34.1,137.2,17.1,210.6,14.96,1.0,115.454
warehouse_medium,1,sshape,3,9.33,28,multi,2,0.1786,10,2,1.0,Heavy,0,310.2,47.2,157.7,15.92,226.2,11.08,1.0,145.323
warehouse_medium,1,sshape,2,12.0,24,multi,2,0.25,5,5,1.3,Moderate,1,354.1,65.1,143.8,10.99,327.5,14.75,1.0,105.716
warehouse_medium,1,sshape,1,5.0,5,solo_small,1,0.6,1,10,1.3,Moderate,1,128.1,50.1,128.6,19.81,181.8,25.62,1.0,63.392
warehouse_medium,1,sshape,2,5.5,11,multi,2,0.4545,7,1,1.6,Light,2,250.1,47.1,118.5,19.28,186.7,22.74,1.0,66.81
warehouse_medium,1,sshape,3,4.0,12,multi,2,0.4167,4,6,1.3,Heavy,0,236.1,65.1,134.0,28.67,125.6,19.68,1.0,121.948
warehouse_medium,1,sshape,1,26.0,26,solo_large,0,0.3077,2,2,1.0,Moderate,1,374.1,63.1,144.2,5.13,701.8,14.39,1.0,116.963
warehouse_medium,1,sshape,2,9.5,19,multi,2,0.3684,5,9,1.3,Heavy,0,272.1,66.1,149.8,14.07,255.9,14.32,1.0,108.666
warehouse_medium,1,sshape,1,7.0,7,solo_small,1,0.7143,7,10,1.3,Moderate,1,238.1,47.1,95.4,11.86,303.4,34.02,1.0,42.648
warehouse_medium,1,sshape,2,8.0,16,multi,2,0.3125,5,6,1.0,Moderate,1,240.1,41.1,141.9,16.36,220.0,15.01,1.0,126.738
warehouse_medium,1,sshape,2,9.0,18,multi,2,0.3333,9,5,1.0,Light,2,286.1,62.1,141.9,14.16,254.2,15.89,1.0,101.302
warehouse_medium,1,sshape,3,4.67,14,multi,2,0.4286,7,5,1.3,Light,2,250.1,30.1,128.1,25.81,139.5,17.86,1.0,94.417
warehouse_medium,1,sshape,1,17.0,17,solo_large,0,0.4118,4,6,1.3,Heavy,0,282.1,41.1,134.3,7.35,490.1,16.59,1.0,78.971
warehouse_medium,1,sshape,1,6.0,6,solo_small,1,0.8333,3,4,1.3,Light,2,184.1,42.1,103.7,14.79,243.4,30.69,1.0,50.144
warehouse_medium,1,sshape,1,2.0,2,solo_small,1,0.5,7,1,1.0,Light,2,92.0,46.0,105.4,33.75,106.7,46.0,1.0,75.767
warehouse_medium,1,sshape,1,30.0,30,solo_large,0,0.2333,7,9,1.3,Moderate,1,306.1,28.1,158.4,5.11,705.1,10.2,1.0,148.178
warehouse_medium,1,sshape,1,5.0,5,solo_small,1,0.8,4,2,1.3,Heavy,0,206.1,34.1,82.4,14.59,246.8,41.22,1.0,43.104
warehouse_medium,1,sshape,1,15.0,15,solo_small,1,0.4,6,7,1.3,Heavy,0,254.1,29.1,130.9,8.24,436.8,16.94,1.0,71.455
warehouse_medium,1,sshape,1,13.0,13,solo_small,1,0.4615,3,3,1.3,Heavy,0,248.1,35.1,125.6,8.96,401.8,19.08,1.0,65.194
warehouse_medium,1,sshape,1,5.0,5,solo_small,1,0.6,1,10,1.0,Light,2,170.1,44.1,100.0,16.61,216.8,34.03,1.0,54.681
warehouse_medium,1,sshape,1,17.0,17,solo_large,0,0.2941,7,6,1.3,Heavy,0,232.1,61.1,154.0,8.03,448.4,13.65,1.0,90.918
warehouse_medium,1,sshape,1,19.0,19,solo_large,0,0.2632,10,7,1.3,Moderate,1,278.1,38.1,141.0,6.97,516.8,14.64,1.0,93.746
warehouse_medium,1,sshape,2,6.0,12,multi,2,0.5,4,7,1.0,Heavy,0,266.1,26.1,113.7,17.92,200.9,22.18,1.0,71.446
warehouse_medium,1,sshape,1,10.0,10,solo_small,1,0.5,10,2,1.3,Heavy,0,228.1,32.1,114.9,10.59,340.1,22.81,1.0,56.093
warehouse_medium,1,sshape,3,7.0,21,multi,2,0.2857,4,1,1.3,Moderate,1,286.1,49.1,147.5,19.52,184.5,13.62,1.0,124.386
warehouse_medium,1,sshape,1,5.0,5,solo_small,1,0.8,5,6,1.0,Moderate,1,98.2,21.2,129.3,22.96,156.8,19.63,1.0,62.624
warehouse_medium,1,sshape,2,3.0,6,multi,2,0.5,5,8,1.6,Heavy,0,138.2,42.2,127.1,35.09,102.6,23.04,1.0,93.613
warehouse_medium,1,sshape,3,6.33,19,multi,2,0.3158,5,4,1.6,Heavy,0,232.1,38.1,153.1,22.57,159.5,12.22,1.0,117.569
warehouse_medium,1,sshape,2,5.5,11,multi,2,0.4545,7,3,1.0,Heavy,0,202.1,27.1,127.4,21.59,166.7,18.37,1.0,95.91
warehouse_medium,1,sshape,2,7.5,15,multi,2,0.5333,1,5,1.3,Heavy,0,338.1,53.1,116.8,14.21,253.4,22.54,1.0,67.872
warehouse_medium,1,sshape,1,3.0,3,solo_small,1,0.6667,10,4,1.3,Moderate,1,120.8,60.2,113.1,24.72,145.7,40.26,1.0,65.743
warehouse_medium,1,sshape,3,6.67,20,multi,2,0.25,2,6,1.0,Light,2,272.1,45.1,147.2,20.5,175.6,13.61,1.0,115.015
warehouse_medium,1,sshape,1,12.0,12,solo_small,1,0.3333,4,10,1.3,Light,2,188.2,17.2,134.0,10.69,336.9,15.69,1.0,73.375
warehouse_medium,1,sshape,1,1.0,1,solo_small,1,1.0,3,10,1.6,Moderate,1,58.6,29.3,91.3,56.37,63.9,58.64,1.0,106.198
warehouse_medium,1,sshape,1,7.0,7,solo_small,1,0.7143,9,9,1.0,Moderate,1,160.1,28.1,117.2,15.1,238.4,22.87,1.0,56.668
warehouse_medium,1,sshape,1,7.0,7,solo_small,1,0.7143,8,7,1.0,Light,2,212.1,28.1,97.5,12.78,281.8,30.3,1.0,45.231
warehouse_medium,1,sshape,3,5.67,17,multi,2,0.3529,5,7,1.0,Moderate,1,350.1,53.1,121.8,19.75,182.3,20.59,1.0,181.881
warehouse_medium,1,sshape,1,24.0,24,solo_large,0,0.3333,9,4,1.0,Light,2,336.1,24.1,139.4,5.62,640.1,14.0,1.0,110.402
warehouse_medium,1,sshape,1,22.0,22,solo_large,0,0.3182,2,4,1.6,Moderate,1,316.1,30.1,139.4,6.07,593.4,14.37,1.0,101.645
warehouse_medium,1,sshape,3,3.33,10,multi,2,0.6,8,7,1.3,Moderate,1,152.1,21.1,138.9,39.02,92.3,15.21,1.0,112.001
warehouse_medium,1,sshape,2,11.0,22,multi,2,0.3182,9,1,1.6,Moderate,1,324.1,47.1,141.2,12.0,300.0,14.73,1.0,105.02
warehouse_medium,1,sshape,3,9.67,29,multi,2,0.2069,1,10,1.3,Heavy,0,388.1,52.1,146.0,14.24,252.8,13.38,1.0,139.387
warehouse_medium,1,sshape,3,9.67,29,multi,2,0.2414,9,6,1.3,Heavy,0,350.1,42.1,150.9,14.86,242.3,12.07,1.0,142.083
warehouse_medium,1,sshape,3,6.67,20,multi,2,0.35,5,6,1.0,Heavy,0,306.1,36.1,137.1,19.46,185.0,15.31,1.0,105.562
warehouse_medium,1,sshape,1,22.0,22,solo_large,0,0.2273,5,9,1.6,Moderate,1,306.1,52.1,146.2,6.15,585.1,13.91,1.0,101.537
warehouse_medium,1,sshape,1,13.0,13,solo_small,1,0.3846,7,4,1.6,Moderate,1,266.1,48.1,124.2,8.64,416.8,20.47,1.0,65.181
warehouse_medium,1,sshape,1,14.0,14,solo_small,1,0.4286,7,8,1.6,Heavy,0,342.1,62.1,113.7,7.27,495.1,24.44,1.0,60.487
warehouse_medium,1,sshape,1,17.0,17,solo_large,0,0.4118,10,3,1.6,Moderate,1,334.1,58.1,126.2,6.75,533.4,19.65,1.0,75.209
warehouse_medium,1,sshape,3,6.67,20,multi,2,0.25,4,3,1.3,Heavy,0,262.1,50.1,151.0,20.83,172.8,13.11,1.0,112.587
warehouse_medium,1,sshape,1,3.0,3,solo_small,1,0.6667,9,7,1.3,Heavy,0,106.7,23.1,94.2,26.88,133.9,35.57,1.0,56.614
warehouse_medium,1,sshape,1,25.0,25,solo_large,0,0.28,4,4,1.6,Moderate,1,334.1,33.1,143.8,5.51,653.4,13.36,1.0,111.682
warehouse_medium,1,sshape,1,21.0,21,solo_large,0,0.3333,2,6,1.0,Light,2,362.1,71.1,135.6,5.84,616.8,17.24,1.0,95.019
warehouse_medium,1,sshape,1,25.0,25,solo_large,0,0.28,10,5,1.6,Moderate,1,374.1,48.1,139.2,5.24,686.8,14.96,1.0,107.798
warehouse_medium,1,sshape,3,7.0,21,multi,2,0.3333,4,9,1.0,Light,2,374.1,64.1,131.9,17.23,208.9,17.81,1.0,108.455
warehouse_medium,1,sshape,2,3.5,7,multi,2,0.5714,6,10,1.0,Heavy,0,218.2,12.2,91.1,25.1,143.4,31.17,1.0,113.953
warehouse_medium,1,sshape,2,5.0,10,multi,2,0.4,10,9,1.0,Moderate,1,178.2,65.2,147.4,24.12,149.2,17.82,1.0,103.03
warehouse_medium,1,sshape,3,3.0,9,multi,2,0.4444,2,2,1.0,Light,2,166.2,43.2,136.4,39.49,91.2,18.46,1.0,135.025
warehouse_medium,1,sshape,2,4.5,9,multi,2,0.5556,5,4,1.6,Heavy,0,172.1,39.1,131.8,25.86,139.2,19.13,1.0,77.752
warehouse_medium,1,sshape,2,9.0,18,multi,2,0.2778,5,1,1.0,Light,2,240.1,54.1,152.5,15.32,235.0,13.34,1.0,108.565
warehouse_medium,1,sshape,3,3.67,11,multi,2,0.6364,8,3,1.0,Light,2,292.1,66.1,112.1,26.44,136.1,26.56,1.0,72.305
warehouse_medium,1,sshape,2,12.5,25,multi,2,0.32,10,1,1.6,Light,2,356.1,69.1,146.5,10.72,335.9,14.24,1.0,119.006
warehouse_medium,1,sshape,1,5.0,5,solo_small,1,0.8,4,1,1.0,Moderate,1,160.1,25.1,96.0,17.27,208.4,32.02,1.0,51.935
warehouse_medium,1,sshape,2,4.0,8,multi,2,0.5,5,7,1.3,Moderate,1,230.2,58.2,109.4,23.09,155.9,28.78,1.0,63.955
warehouse_medium,1,sshape,2,4.0,8,multi,2,0.5,4,5,1.0,Moderate,1,196.2,41.2,115.6,25.4,141.8,24.53,1.0,71.797
warehouse_medium,1,sshape,1,10.0,10,solo_small,1,0.3,8,3,1.3,Light,2,172.2,41.2,138.9,12.27,293.5,17.22,1.0,69.417
warehouse_medium,1,sshape,1,27.0,27,solo_large,0,0.2593,10,6,1.0,Moderate,1,336.1,24.1,146.2,5.25,685.1,12.45,1.0,120.736
warehouse_medium,1,sshape,3,2.67,8,multi,2,0.625,6,7,1.3,Light,2,220.1,60.1,113.7,35.59,101.1,27.51,1.0,82.267
warehouse_medium,1,sshape,3,9.67,29,multi,2,0.2069,5,4,1.6,Light,2,358.1,46.1,150.2,14.73,244.5,12.35,1.0,151.84
warehouse_medium,1,sshape,2,7.0,14,multi,2,0.4286,2,9,1.6,Light,2,248.1,25.1,127.3,17.28,208.4,17.72,1.0,79.585
warehouse_medium,1,sshape,1,12.0,12,solo_small,1,0.4167,1,9,1.3,Light,2,186.1,46.1,145.6,10.74,335.1,15.51,1.0,78.041
warehouse_medium,1,sshape,2,7.5,15,multi,2,0.4667,8,2,1.0,Heavy,0,266.1,53.1,134.2,16.12,223.4,17.74,1.0,88.149
warehouse_medium,1,sshape,1,5.0,5,solo_small,1,0.4,1,3,1.3,Heavy,0,112.6,7.6,110.8,21.32,168.8,22.52,1.0,55.99
warehouse_medium,1,sshape,2,10.5,21,multi,2,0.2381,8,10,1.3,Moderate,1,282.1,26.1,143.1,13.09,275.0,13.43,1.0,106.953
warehouse_medium,1,sshape,1,14.0,14,solo_small,1,0.4286,6,6,1.6,Light,2,246.1,46.1,133.8,8.67,415.1,17.58,1.0,75.803
warehouse_medium,1,sshape,1,11.0,11,solo_small,1,0.4545,6,3,1.3,Moderate,1,200.2,46.2,135.0,10.85,331.8,18.2,1.0,69.858
warehouse_medium,1,sshape,2,6.5,13,multi,2,0.3846,3,7,1.3,Light,2,304.1,60.1,117.5,16.06,224.2,23.39,1.0,70.796
warehouse_medium,1,sshape,2,5.5,11,multi,2,0.5455,4,9,1.6,Moderate,1,212.1,28.1,124.4,21.07,170.9,19.28,1.0,74.807
warehouse_medium,1,sshape,1,1.0,1,solo_small,1,1.0,9,5,1.3,Light,2,101.2,50.6,63.0,36.24,99.4,101.22,1.0,80.193
warehouse_medium,1,sshape,2,12.0,24,multi,2,0.2917,9,3,1.6,Light,2,378.1,63.1,138.8,10.67,337.5,15.75,1.0,103.876
warehouse_medium,1,sshape,2,5.0,10,multi,2,0.4,7,2,1.3,Moderate,1,256.1,71.1,118.4,19.81,181.7,25.61,1.0,72.195
warehouse_medium,1,sshape,2,2.5,5,multi,2,0.8,4,7,1.6,Moderate,1,152.1,25.1,99.5,35.68,100.9,30.43,1.0,78.131
warehouse_medium,1,sshape,1,5.0,5,solo_small,1,0.6,9,9,1.6,Heavy,0,82.2,26.2,147.9,25.08,143.5,16.44,1.0,69.346
warehouse_medium,1,sshape,3,5.33,16,multi,2,0.375,1,8,1.6,Moderate,1,258.1,50.1,139.4,23.73,151.7,16.13,1.0,117.588
warehouse_medium,1,sshape,1,11.0,11,solo_small,1,0.5455,3,10,1.6,Moderate,1,284.1,65.1,114.0,8.96,401.8,25.83,1.0,58.277
warehouse_medium,1,sshape,2,3.5,7,multi,2,0.7143,3,6,1.6,Light,2,164.1,45.1,123.4,29.78,120.9,23.45,1.0,76.055
warehouse_medium,1,sshape,2,10.0,20,multi,2,0.3,9,5,1.3,Moderate,1,298.1,39.1,139.6,13.13,274.2,14.91,1.0,98.214
warehouse_medium,1,sshape,1,6.0,6,solo_small,1,0.8333,4,4,1.6,Light,2,182.1,47.1,106.7,14.89,241.8,30.36,1.0,54.637
warehouse_medium,1,sshape,3,11.0,33,multi,2,0.2424,10,1,1.3,Heavy,0,388.1,51.1,153.1,13.2,272.8,11.76,1.0,157.598
warehouse_medium,1,sshape,2,6.0,12,multi,2,0.4167,1,4,1.6,Moderate,1,246.1,58.1,128.3,18.7,192.6,20.51,1.0,142.634
warehouse_medium,1,sshape,1,2.0,2,solo_small,1,1.0,10,10,1.0,Moderate,1,108.3,53.3,94.9,29.93,120.3,54.16,1.0,69.675
warehouse_medium,1,sshape,3,8.67,26,multi,2,0.2308,3,1,1.6,Moderate,1,256.1,30.1,161.8,17.9,201.1,9.85,1.0,148.24
warehouse_medium,1,sshape,1,23.0,23,solo_large,0,0.3043,1,4,1.6,Heavy,0,342.1,42.1,139.2,5.71,630.1,14.87,1.0,102.832
warehouse_medium,1,sshape,3,3.0,9,multi,2,0.3333,3,2,1.6,Heavy,0,90.3,17.3,165.4,51.36,70.1,10.04,1.0,118.013
warehouse_medium,1,sshape,2,5.0,10,multi,2,0.5,4,1,1.6,Light,2,266.1,50.1,109.1,19.37,185.9,26.61,1.0,66.743
warehouse_medium,1,sshape,3,7.67,23,multi,2,0.2174,5,10,1.0,Light,2,270.1,25.1,150.8,18.94,190.0,11.74,1.0,120.259
warehouse_medium,1,sshape,3,2.0,6,multi,2,0.5,3,5,1.3,Light,2,176.3,52.3,111.7,45.58,79.0,29.39,1.0,132.183
warehouse_medium,1,sshape,1,26.0,26,solo_large,0,0.3077,9,1,1.0,Light,2,378.1,25.1,136.8,5.11,705.1,14.54,1.0,116.536
warehouse_medium,1,sshape,1,3.0,3,solo_small,1,0.6667,3,9,1.6,Heavy,0,144.1,71.1,102.0,21.81,165.1,48.04,1.0,64.723
warehouse_medium,1,sshape,2,6.5,13,multi,2,0.4615,1,7,1.6,Heavy,0,280.1,66.1,125.4,16.81,214.2,21.55,1.0,73.43
warehouse_medium,1,sshape,3,7.0,21,multi,2,0.3333,5,10,1.6,Heavy,0,308.1,26.1,137.5,18.89,190.6,14.67,1.0,111.681
warehouse_medium,1,sshape,2,9.5,19,multi,2,0.3684,1,2,1.6,Light,2,348.1,42.1,126.7,12.52,287.5,18.32,1.0,85.872
warehouse_medium,1,sshape,3,7.33,22,multi,2,0.2727,9,4,1.3,Moderate,1,274.1,34.1,149.4,19.34,186.1,12.46,1.0,118.941
warehouse_medium,1,sshape,3,10.33,31,multi,2,0.2581,6,4,1.6,Heavy,0,306.1,27.1,160.0,15.0,240.0,9.87,1.0,168.251
warehouse_medium,1,sshape,3,9.33,28,multi,2,0.2857,7,5,1.0,Moderate,1,440.1,56.1,136.2,13.73,262.3,15.72,1.0,130.49
warehouse_medium,1,sshape,3,9.0,27,multi,2,0.2593,9,10,1.3,Heavy,0,322.1,43.1,152.5,16.04,224.5,11.93,1.0,130.989
warehouse_medium,1,sshape,1,4.0,4,solo_small,1,1.0,1,9,1.0,Heavy,0,202.1,52.1,77.8,15.76,228.4,50.53,1.0,42.538
warehouse_medium,1,sshape,3,6.33,19,multi,2,0.3684,10,3,1.3,Moderate,1,342.1,30.1,125.5,18.94,190.0,18.01,1.0,93.527
warehouse_medium,1,sshape,2,5.5,11,multi,2,0.3636,7,2,1.0,Heavy,0,196.2,14.2,125.1,21.92,164.3,17.84,1.0,70.121
warehouse_medium,1,sshape,1,12.0,12,solo_small,1,0.5,3,9,1.3,Light,2,278.1,34.1,112.7,8.74,411.8,23.18,1.0,56.036
warehouse_medium,1,sshape,1,28.0,28,solo_large,0,0.2143,5,9,1.0,Light,2,328.1,49.1,154.5,5.19,693.4,11.72,1.0,132.078
warehouse_medium,1,sshape,3,12.33,37,multi,2,0.1892,4,1,1.6,Light,2,348.1,30.1,162.4,12.78,281.7,9.41,1.0,182.967
warehouse_medium,1,sshape,1,12.0,12,solo_small,1,0.4167,10,6,1.3,Heavy,0,228.2,47.2,130.6,9.73,370.1,19.01,1.0,66.451
warehouse_medium,1,sshape,2,4.5,9,multi,2,0.4444,7,8,1.0,Heavy,0,150.2,23.2,134.5,27.67,130.1,16.69,1.0,102.301
warehouse_medium,1,sshape,1,13.0,13,solo_small,1,0.4615,6,5,1.0,Light,2,252.1,24.1,121.6,8.89,405.1,19.39,1.0,62.393
warehouse_medium,1,sshape,3,9.67,29,multi,2,0.2069,3,8,1.6,Heavy,0,262.1,25.1,165.1,16.53,217.8,9.04,1.0,161.368
warehouse_medium,1,sshape,3,7.33,22,multi,2,0.3636,1,5,1.6,Heavy,0,332.1,34.1,136.9,17.8,202.2,15.1,1.0,111.034
warehouse_medium,1,sshape,1,5.0,5,solo_small,1,0.6,4,5,1.6,Moderate,1,144.1,59.1,123.4,18.45,195.1,28.83,1.0,62.481
warehouse_medium,1,sshape,1,27.0,27,solo_large,0,0.2593,1,5,1.6,Moderate,1,336.1,24.1,146.2,5.25,685.1,12.45,1.0,122.234
warehouse_medium,1,sshape,1,26.0,26,solo_large,0,0.2692,6,7,1.0,Heavy,0,332.1,68.1,153.4,5.4,666.8,12.77,1.0,137.629
warehouse_medium,1,sshape,2,6.5,13,multi,2,0.3846,5,5,1.6,Moderate,1,296.1,73.1,122.9,16.3,220.9,22.78,1.0,77.737
warehouse_medium,1,sshape,1,28.0,28,solo_large,0,0.2143,9,4,1.3,Light,2,338.1,60.1,154.7,5.13,701.8,12.08,1.0,131.456
warehouse_medium,1,sshape,3,7.33,22,multi,2,0.3182,3,3,1.0,Moderate,1,324.1,43.1,140.4,18.0,200.0,14.73,1.0,120.327
warehouse_medium,1,sshape,1,25.0,25,solo_large,0,0.32,3,2,1.3,Light,2,366.1,50.1,141.0,5.29,680.1,14.64,1.0,110.785
warehouse_medium,1,sshape,1,21.0,21,solo_large,0,0.2857,6,6,1.3,Light,2,276.1,43.1,148.5,6.6,545.1,13.15,1.0,102.867
warehouse_medium,1,sshape,1,3.0,3,solo_small,1,1.0,7,6,1.3,Moderate,1,116.1,45.1,103.7,25.4,141.8,38.7,1.0,61.886
warehouse_medium,1,sshape,2,5.0,10,multi,2,0.4,1,5,1.0,Light,2,210.2,24.2,118.0,22.14,162.6,21.02,1.0,66.745
warehouse_medium,1,sshape,1,20.0,20,solo_large,0,0.4,9,2,1.0,Light,2,354.1,46.1,129.3,6.05,595.1,17.71,1.0,86.073
warehouse_medium,1,sshape,1,6.0,6,solo_small,1,0.5,3,4,1.0,Heavy,0,168.2,38.2,108.9,15.64,230.2,28.04,1.0,51.331
warehouse_medium,1,sshape,1,19.0,19,solo_large,0,0.3158,10,9,1.6,Light,2,296.1,26.1,134.1,6.77,531.7,15.58,1.0,88.026
warehouse_medium,1,sshape,2,9.0,18,multi,2,0.3889,5,9,1.6,Moderate,1,326.1,62.1,132.2,13.29,270.9,18.12,1.0,85.214
warehouse_medium,1,sshape,1,28.0,28,solo_large,0,0.2857,9,2,1.3,Moderate,1,458.1,68.1,135.3,4.49,801.8,16.36,1.0,105.511
warehouse_medium,1,sshape,3,6.0,18,multi,2,0.3889,1,4,1.6,Light,2,244.1,30.1,144.5,22.81,157.8,13.56,1.0,112.198
warehouse_medium,1,sshape,2,5.5,11,multi,2,0.2727,7,8,1.3,Moderate,1,174.2,33.2,140.2,23.22,155.1,15.83,1.0,87.425
warehouse_medium,1,sshape,3,6.67,20,multi,2,0.3,4,8,1.6,Heavy,0,312.1,26.1,133.7,19.28,186.7,15.61,1.0,103.181
warehouse_medium,1,sshape,3,7.33,22,multi,2,0.3182,7,6,1.6,Moderate,1,366.1,66.1,136.6,17.01,211.7,16.64,1.0,114.639
warehouse_medium,1,sshape,1,1.0,1,solo_small,1,1.0,2,8,1.6,Light,2,62.0,31.0,88.2,54.0,66.7,62.0,1.0,103.41
warehouse_medium,1,sshape,1,26.0,26,solo_large,0,0.1923,7,3,1.3,Light,2,262.1,40.1,162.8,5.92,608.4,10.08,1.0,130.772
warehouse_medium,1,sshape,1,7.0,7,solo_small,1,0.5714,5,5,1.6,Moderate,1,160.2,17.2,112.4,15.1,238.5,22.88,1.0,51.485
warehouse_medium,1,sshape,3,8.33,25,multi,2,0.32,10,4,1.0,Light,2,344.1,50.1,145.2,16.32,220.6,13.76,1.0,125.07
warehouse_medium,1,sshape,1,10.0,10,solo_small,1,0.6,8,3,1.6,Moderate,1,288.1,40.1,100.9,9.23,390.1,28.81,1.0,46.341
warehouse_medium,1,sshape,1,4.0,4,solo_small,1,0.5,2,2,1.3,Moderate,1,44.6,8.6,160.0,37.05,97.2,11.15,1.0,76.352
warehouse_medium,1,sshape,3,6.33,19,multi,2,0.3684,3,5,1.6,Heavy,0,292.1,69.1,145.3,20.44,176.1,15.37,1.0,105.718
warehouse_medium,1,sshape,1,1.0,1,solo_small,1,1.0,3,10,1.6,Light,2,48.4,24.2,102.3,65.02,55.4,48.44,1.0,116.04
warehouse_medium,1,sshape,2,9.0,18,multi,2,0.3333,2,10,1.3,Heavy,0,206.1,32.1,156.1,16.3,220.9,11.45,1.0,107.433
warehouse_medium,1,sshape,3,7.33,22,multi,2,0.2727,4,7,1.6,Heavy,0,294.1,26.1,143.1,18.78,191.7,13.37,1.0,122.109
warehouse_medium,1,sshape,3,7.67,23,multi,2,0.3478,1,8,1.0,Light,2,334.1,51.1,142.6,17.32,207.8,14.53,1.0,127.727
warehouse_medium,1,sshape,3,7.33,22,multi,2,0.3182,9,6,1.3,Moderate,1,282.1,47.1,150.6,19.11,188.4,12.82,1.0,122.467
warehouse_medium,1,sshape,2,6.0,12,multi,2,0.5,6,10,1.3,Heavy,0,230.1,55.1,132.6,19.37,185.9,19.18,1.0,83.757
warehouse_medium,1,sshape,1,21.0,21,solo_large,0,0.2381,2,10,1.3,Moderate,1,216.1,24.1,159.2,7.27,495.1,10.29,1.0,110.266
warehouse_medium,1,sshape,1,16.0,16,solo_large,0,0.375,5,9,1.3,Light,2,290.1,65.1,134.7,7.47,481.8,18.13,1.0,78.508
warehouse_medium,1,sshape,2,9.0,18,multi,2,0.3333,4,8,1.3,Light,2,284.1,37.1,136.2,14.21,253.4,15.79,1.0,93.014
warehouse_medium,1,sshape,1,4.0,4,solo_small,1,0.75,10,5,1.3,Light,2,144.3,53.3,106.0,19.97,180.3,36.08,1.0,57.108
warehouse_medium,1,sshape,2,2.0,4,multi,2,0.5,5,10,1.0,Light,2,116.2,17.2,101.1,45.9,78.4,29.05,1.0,92.301
warehouse_medium,1,sshape,1,3.0,3,solo_small,1,1.0,4,10,1.0,Moderate,1,166.1,42.1,72.8,19.62,183.4,55.38,1.0,46.3
warehouse_medium,1,sshape,1,5.0,5,solo_small,1,0.8,2,5,1.0,Light,2,172.1,39.1,96.9,16.48,218.4,34.42,1.0,47.618
warehouse_medium,1,sshape,3,8.0,24,multi,2,0.3333,4,5,1.3,Light,2,344.1,60.1,144.8,16.7,215.6,14.34,1.0,124.241
warehouse_medium,1,sshape,1,4.0,4,solo_small,1,1.0,10,4,1.6,Heavy,0,162.7,42.1,89.7,18.41,195.6,40.68,1.0,48.526
warehouse_medium,1,sshape,1,11.0,11,solo_small,1,0.3636,3,9,1.0,Heavy,0,156.2,16.2,140.6,12.2,295.1,14.2,1.0,68.302
warehouse_medium,1,sshape,2,10.0,20,multi,2,0.2,10,10,1.3,Light,2,192.1,30.1,165.5,15.65,230.0,9.61,1.0,121.337
warehouse_medium,1,sshape,1,1.0,1,solo_small,1,1.0,5,9,1.6,Moderate,1,84.4,42.2,71.7,42.17,85.4,84.44,1.0,88.398
warehouse_medium,1,sshape,3,7.33,22,multi,2,0.2727,1,10,1.6,Heavy,0,360.1,71.1,138.7,17.14,210.0,16.37,1.0,102.985
warehouse_medium,1,sshape,1,8.0,8,solo_small,1,0.375,3,6,1.6,Light,2,188.2,53.2,123.9,13.0,276.9,23.53,1.0,59.096
warehouse_medium,1,sshape,2,3.5,7,multi,2,0.5714,1,2,1.3,Moderate,1,212.2,24.2,96.3,25.55,140.9,30.32,1.0,81.121
warehouse_medium,1,sshape,1,13.0,13,solo_small,1,0.3846,6,2,1.0,Heavy,0,272.1,62.1,126.5,8.54,421.8,20.93,1.0,68.069
warehouse_medium,1,sshape,3,6.33,19,multi,2,0.3684,1,5,1.6,Moderate,1,374.1,46.1,122.5,18.1,198.9,19.69,1.0,93.031
warehouse_medium,1,sshape,1,13.0,13,solo_small,1,0.6154,5,9,1.0,Heavy,0,366.1,71.1,106.2,7.2,500.1,28.16,1.0,59.051
warehouse_medium,1,sshape,1,7.0,7,solo_small,1,0.7143,4,6,1.0,Moderate,1,192.1,72.1,122.9,13.58,265.1,27.44,1.0,64.119
warehouse_medium,1,sshape,1,5.0,5,solo_small,1,0.6,6,2,1.3,Heavy,0,132.1,36.1,116.1,19.45,185.1,26.43,1.0,59.087
warehouse_medium,1,sshape,2,3.0,6,multi,2,0.6667,10,3,1.3,Moderate,1,118.2,15.2,122.8,38.19,94.3,19.7,1.0,99.836
warehouse_medium,1,largest_gap,1,23.0,23,solo_large,0,0.3043,9,7,1.0,Moderate,1,504.1,65.1,116.5,4.71,765.1,21.92,1.0,72.658
warehouse_medium,1,largest_gap,3,5.67,17,multi,2,0.3529,1,5,1.3,Light,2,448.1,60.1,105.8,17.19,209.5,26.36,1.0,79.413
warehouse_medium,1,largest_gap,3,5.33,16,multi,2,0.3125,2,3,1.3,Moderate,1,380.1,35.1,109.2,19.4,185.6,23.76,1.0,76.356
warehouse_medium,1,largest_gap,2,9.0,18,multi,2,0.3889,7,2,1.3,Heavy,0,350.1,31.1,120.9,12.82,280.9,19.45,1.0,80.205
warehouse_medium,1,largest_gap,1,27.0,27,solo_large,0,0.2963,7,3,1.3,Light,2,548.1,73.1,121.4,4.18,861.7,20.3,1.0,81.306
warehouse_medium,1,largest_gap,1,30.0,30,solo_large,0,0.2667,6,3,1.0,Moderate,1,750.1,60.1,105.4,3.35,1075.1,25.0,1.0,56.665
warehouse_medium,1,largest_gap,1,24.0,24,solo_large,0,0.2917,9,3,1.3,Light,2,532.1,58.1,114.4,4.48,803.4,22.17,1.0,66.198
warehouse_medium,1,largest_gap,3,2.67,8,multi,2,0.5,1,1,1.0,Heavy,0,232.1,60.1,109.4,34.46,104.5,29.02,1.0,87.702
warehouse_medium,1,largest_gap,3,7.67,23,multi,2,0.3043,4,6,1.0,Moderate,1,506.1,47.1,113.8,14.09,255.6,22.0,1.0,74.801
warehouse_medium,1,largest_gap,2,3.5,7,multi,2,0.5714,7,9,1.3,Light,2,126.2,14.2,127.1,34.26,105.1,18.03,1.0,81.012
warehouse_medium,1,largest_gap,1,10.0,10,solo_small,1,0.4,3,8,1.6,Moderate,1,158.1,18.1,135.0,12.78,281.8,15.81,1.0,72.189
warehouse_medium,1,largest_gap,2,9.0,18,multi,2,0.3889,4,10,1.0,Moderate,1,278.1,52.1,141.4,14.35,250.9,15.45,1.0,95.348
warehouse_medium,1,largest_gap,3,6.33,19,multi,2,0.3684,9,5,1.6,Heavy,0,438.1,63.1,114.5,16.61,216.7,23.06,1.0,80.118
warehouse_medium,1,largest_gap,3,6.33,19,multi,2,0.3684,3,8,1.3,Heavy,0,396.1,74.1,123.6,17.56,205.0,20.85,1.0,92.564
warehouse_medium,1,largest_gap,2,10.5,21,multi,2,0.3333,4,2,1.3,Heavy,0,386.1,30.1,123.6,11.31,318.4,18.39,1.0,81.77
warehouse_medium,1,largest_gap,2,8.5,17,multi,2,0.2941,9,10,1.0,Heavy,0,386.1,68.1,117.7,12.48,288.4,22.71,1.0,67.578
warehouse_medium,1,largest_gap,3,5.0,15,multi,2,0.4667,1,2,1.3,Heavy,0,316.1,43.1,119.3,22.11,162.8,21.07,1.0,77.531
warehouse_medium,1,largest_gap,3,6.0,18,multi,2,0.4444,9,8,1.3,Moderate,1,362.1,29.1,118.4,18.89,190.6,20.12,1.0,79.706
warehouse_medium,1,largest_gap,3,5.67,17,multi,2,0.2353,6,6,1.0,Light,2,454.2,21.2,99.4,17.05,211.2,26.72,1.0,60.909
warehouse_medium,1,largest_gap,3,8.33,25,multi,2,0.28,5,10,1.0,Heavy,0,462.1,45.1,124.6,14.21,253.4,18.48,1.0,84.708
warehouse_medium,1,largest_gap,2,6.5,13,multi,2,0.4615,6,9,1.3,Heavy,0,298.1,60.1,119.0,16.24,221.7,22.93,1.0,76.499
warehouse_medium,1,largest_gap,1,15.0,15,solo_small,1,0.4,4,3,1.6,Moderate,1,396.1,55.1,106.1,6.49,555.1,26.41,1.0,51.94
warehouse_medium,1,largest_gap,3,7.33,22,multi,2,0.2727,5,7,1.6,Light,2,526.1,49.1,108.9,14.05,256.1,23.91,1.0,70.967
warehouse_medium,1,largest_gap,3,5.0,15,multi,2,0.4,7,9,1.6,Light,2,324.1,51.1,119.3,21.81,165.0,21.61,1.0,78.486
warehouse_medium,1,largest_gap,1,25.0,25,solo_large,0,0.32,8,2,1.0,Light,2,502.1,67.1,122.0,4.54,793.4,20.08,1.0,80.058
warehouse_medium,1,largest_gap,2,2.0,4,multi,2,0.5,9,4,1.0,Light,2,108.3,22.1,109.2,47.91,75.1,27.08,1.0,90.893
warehouse_medium,1,largest_gap,3,3.0,9,multi,2,0.5556,6,1,1.0,Moderate,1,258.1,50.1,105.1,30.85,116.7,28.68,1.0,117.056
warehouse_medium,1,largest_gap,3,11.33,34,multi,2,0.2353,3,6,1.3,Light,2,656.1,73.1,122.9,10.22,352.3,19.3,1.0,105.767
warehouse_medium,1,largest_gap,1,14.0,14,solo_small,1,0.5,8,2,1.6,Moderate,1,338.1,49.1,111.8,7.32,491.8,24.15,1.0,49.623
warehouse_medium,1,largest_gap,2,5.5,11,multi,2,0.4545,10,10,1.3,Light,2,278.1,57.1,113.4,18.15,198.4,25.28,1.0,65.265
warehouse_medium,1,largest_gap,3,5.67,17,multi,2,0.4118,9,9,1.3,Moderate,1,366.1,67.1,121.4,19.28,186.7,21.54,1.0,88.549
warehouse_medium,1,largest_gap,3,6.67,20,multi,2,0.35,2,2,1.0,Moderate,1,464.1,45.1,110.9,15.73,228.9,23.21,1.0,72.544
warehouse_medium,1,largest_gap,1,5.0,5,solo_small,1,0.6,9,3,1.3,Heavy,0,118.2,18.2,113.7,20.75,173.5,23.64,1.0,55.97
warehouse_medium,1,largest_gap,1,28.0,28,solo_large,0,0.2143,7,6,1.3,Heavy,0,624.1,60.1,113.3,3.83,940.1,22.29,1.0,76.281
warehouse_medium,1,largest_gap,3,7.67,23,multi,2,0.3478,9,6,1.6,Heavy,0,426.1,55.1,126.6,15.43,233.4,18.53,1.0,98.669
warehouse_medium,1,largest_gap,1,3.0,3,solo_small,1,0.6667,2,1,1.0,Light,2,96.6,8.6,91.3,28.68,125.5,32.2,1.0,55.377
warehouse_medium,1,largest_gap,3,9.33,28,multi,2,0.25,4,5,1.3,Light,2,652.1,30.1,107.4,11.21,321.1,23.29,1.0,73.543
warehouse_medium,1,largest_gap,1,3.0,3,solo_small,1,0.6667,5,5,1.6,Heavy,0,118.8,25.2,87.8,25.0,144.0,39.61,1.0,54.599
warehouse_medium,1,largest_gap,2,7.5,15,multi,2,0.3333,5,10,1.0,Light,2,286.1,43.1,126.3,15.54,231.7,19.08,1.0,76.78
warehouse_medium,1,largest_gap,1,21.0,21,solo_large,0,0.2857,8,7,1.6,Light,2,520.1,73.1,110.0,4.81,748.4,24.77,1.0,62.303
warehouse_medium,1,largest_gap,1,12.0,12,solo_small,1,0.4167,3,7,1.0,Light,2,326.1,74.1,110.8,7.97,451.8,27.18,1.0,50.533
warehouse_medium,1,largest_gap,2,6.0,12,multi,2,0.5833,1,8,1.6,Light,2,346.1,65.1,104.3,15.37,234.2,28.84,1.0,53.607
warehouse_medium,1,largest_gap,2,9.5,19,multi,2,0.4211,2,7,1.6,Moderate,1,416.1,27.1,112.3,11.4,315.9,21.9,1.0,64.661
warehouse_medium,1,largest_gap,2,6.5,13,multi,2,0.3846,10,4,1.3,Heavy,0,332.1,50.1,108.8,15.26,235.9,25.55,1.0,59.902
warehouse_medium,1,largest_gap,1,25.0,25,solo_large,0,0.28,2,4,1.0,Heavy,0,598.1,70.1,110.4,4.12,873.4,23.92,1.0,61.919
warehouse_medium,1,largest_gap,1,9.0,9,solo_small,1,0.6667,1,5,1.6,Moderate,1,216.1,30.1,111.7,11.43,315.1,24.01,1.0,52.266
warehouse_medium,1,largest_gap,1,25.0,25,solo_large,0,0.24,4,4,1.0,Light,2,544.1,66.1,116.4,4.35,828.4,21.76,1.0,71.058
warehouse_medium,1,largest_gap,1,2.0,2,solo_small,1,0.5,3,9,1.0,Heavy,0,68.0,34.0,123.4,41.54,86.7,34.0,1.0,85.91
warehouse_medium,1,largest_gap,3,8.33,25,multi,2,0.24,9,7,1.6,Light,2,616.1,28.1,104.0,12.16,296.1,24.64,1.0,70.581
warehouse_medium,1,largest_gap,3,7.33,22,multi,2,0.2727,8,2,1.0,Moderate,1,368.1,26.1,128.8,16.96,212.3,16.73,1.0,93.534
warehouse_medium,1,largest_gap,3,7.0,21,multi,2,0.2381,3,9,1.3,Moderate,1,408.1,34.1,120.6,16.49,218.4,19.43,1.0,85.085
warehouse_medium,1,largest_gap,1,13.0,13,solo_small,1,0.3846,4,5,1.6,Heavy,0,280.1,45.1,119.7,8.4,428.4,21.55,1.0,64.796
warehouse_medium,1,largest_gap,1,16.0,16,solo_large,0,0.3125,2,1,1.3,Light,2,346.1,26.1,113.7,6.81,528.4,21.63,1.0,62.781
warehouse_medium,1,largest_gap,1,1.0,1,solo_small,1,1.0,4,9,1.6,Light,2,100.0,50.0,63.5,36.61,98.3,100.0,1.0,80.805
warehouse_medium,1,largest_gap,2,6.5,13,multi,2,0.3846,7,10,1.3,Light,2,266.2,44.2,123.2,17.27,208.4,20.47,1.0,69.286
warehouse_medium,1,largest_gap,2,4.0,8,multi,2,0.75,7,3,1.6,Heavy,0,262.1,72.1,103.5,21.28,169.2,32.76,1.0,61.6
warehouse_medium,1,largest_gap,2,8.5,17,multi,2,0.4118,3,6,1.6,Heavy,0,328.1,63.1,128.6,13.63,264.2,19.3,1.0,77.236
warehouse_medium,1,largest_gap,3,11.0,33,multi,2,0.2424,9,3,1.3,Heavy,0,610.1,70.1,125.7,10.76,334.5,18.49,1.0,107.197
warehouse_medium,1,largest_gap,1,12.0,12,solo_small,1,0.4167,4,8,1.0,Light,2,312.2,20.2,102.0,8.18,440.1,26.01,1.0,47.701
warehouse_medium,1,largest_gap,3,10.0,30,multi,2,0.2333,1,9,1.3,Light,2,576.1,69.1,123.8,11.61,310.0,19.2,1.0,93.658
warehouse_medium,1,largest_gap,3,5.67,17,multi,2,0.4118,8,1,1.6,Light,2,430.1,28.1,103.7,17.61,204.5,25.3,1.0,77.048
warehouse_medium,1,largest_gap,2,6.0,12,multi,2,0.3333,4,1,1.0,Heavy,0,242.7,60.1,130.1,18.84,191.1,20.23,1.0,74.481
warehouse_medium,1,largest_gap,2,14.0,28,multi,2,0.25,2,1,1.0,Moderate,1,582.1,49.1,116.6,7.96,452.5,20.79,1.0,82.264
warehouse_medium,1,largest_gap,3,8.0,24,multi,2,0.2917,4,1,1.6,Moderate,1,514.1,46.1,115.2,13.7,262.8,21.42,1.0,123.037
warehouse_medium,1,largest_gap,1,5.0,5,solo_small,1,0.6,9,10,1.3,Moderate,1,142.2,48.2,117.4,18.6,193.5,28.44,1.0,58.088
warehouse_medium,1,largest_gap,3,5.67,17,multi,2,0.3529,3,7,1.3,Light,2,412.1,32.1,107.1,18.05,199.5,24.24,1.0,61.491
warehouse_medium,1,largest_gap,1,17.0,17,solo_large,0,0.4118,6,8,1.0,Light,2,384.1,70.1,118.5,6.26,575.1,22.59,1.0,62.749
warehouse_medium,1,largest_gap,3,7.67,23,multi,2,0.2609,3,1,1.6,Light,2,530.1,54.1,111.6,13.73,262.3,23.05,1.0,69.07
warehouse_medium,1,largest_gap,2,5.0,10,multi,2,0.4,2,2,1.6,Moderate,1,206.1,24.1,119.3,22.38,160.9,20.61,1.0,63.867
warehouse_medium,1,largest_gap,3,8.0,24,multi,2,0.2917,6,6,1.3,Light,2,526.1,24.1,111.0,13.53,266.1,21.92,1.0,69.098
warehouse_medium,1,largest_gap,3,6.33,19,multi,2,0.3158,3,3,1.6,Heavy,0,422.1,53.1,115.4,16.96,212.3,22.22,1.0,81.389
warehouse_medium,1,largest_gap,3,11.33,34,multi,2,0.2059,9,5,1.0,Light,2,536.1,42.1,132.8,11.29,318.9,15.77,1.0,122.965
warehouse_medium,1,largest_gap,1,3.0,3,solo_small,1,1.0,8,10,1.6,Moderate,1,122.2,36.2,92.6,24.52,146.8,40.72,1.0,55.783
warehouse_medium,1,largest_gap,1,15.0,15,solo_small,1,0.4667,9,8,1.0,Heavy,0,368.1,74.1,114.9,6.77,531.8,24.54,1.0,55.115
warehouse_medium,1,largest_gap,2,9.0,18,multi,2,0.3333,4,5,1.3,Moderate,1,362.1,67.1,125.6,12.59,285.9,20.12,1.0,76.064
warehouse_medium,1,largest_gap,2,5.0,10,multi,2,0.6,9,9,1.3,Moderate,1,254.1,45.1,111.1,19.9,180.9,25.41,1.0,72.169
warehouse_medium,1,largest_gap,2,6.0,12,multi,2,0.4167,4,4,1.6,Moderate,1,332.1,32.1,100.5,15.76,228.4,27.68,1.0,53.79
warehouse_medium,1,largest_gap,1,8.0,8,solo_small,1,0.25,4,10,1.3,Heavy,0,132.6,24.6,137.1,15.62,230.5,16.58,1.0,65.352
warehouse_medium,1,largest_gap,2,9.0,18,multi,2,0.3889,8,2,1.3,Light,2,472.1,24.1,100.7,10.85,331.7,26.23,1.0,52.026
warehouse_medium,1,largest_gap,1,25.0,25,solo_large,0,0.32,3,8,1.6,Moderate,1,518.1,53.1,118.0,4.46,806.8,20.72,1.0,78.983
warehouse_medium,1,largest_gap,1,10.0,10,solo_small,1,0.5,5,2,1.3,Heavy,0,258.1,26.1,104.9,9.86,365.1,25.81,1.0,44.952
warehouse_medium,1,largest_gap,3,4.67,14,multi,2,0.5714,1,7,1.0,Light,2,346.1,66.1,113.7,21.67,166.1,24.72,1.0,81.494
warehouse_medium,1,largest_gap,1,30.0,30,solo_large,0,0.2333,2,10,1.3,Light,2,564.1,54.1,123.4,3.91,920.1,18.8,1.0,94.664
warehouse_medium,1,largest_gap,2,8.0,16,multi,2,0.375,1,3,1.6,Light,2,424.1,69.1,107.5,12.13,296.7,26.51,1.0,60.419
warehouse_medium,1,largest_gap,3,4.67,14,multi,2,0.3571,7,4,1.6,Light,2,382.1,71.1,107.4,20.44,176.1,27.29,1.0,63.78
warehouse_medium,1,largest_gap,2,4.5,9,multi,2,0.5556,6,8,1.0,Light,2,218.1,38.1,113.7,22.73,158.4,24.24,1.0,70.443
warehouse_medium,1,largest_gap,2,1.0,2,multi,2,0.5,2,5,1.3,Heavy,0,36.0,18.0,160.0,120.0,30.0,18.0,1.0,203.537
warehouse_medium,1,largest_gap,2,6.0,12,multi,2,0.25,4,4,1.6,Moderate,1,324.3,35.3,102.7,15.99,225.1,27.03,1.0,107.717
warehouse_medium,1,largest_gap,3,7.67,23,multi,2,0.2609,7,6,1.0,Heavy,0,546.1,51.1,109.3,13.5,266.7,23.74,1.0,75.193
warehouse_medium,1,largest_gap,2,6.5,13,multi,2,0.4615,1,4,1.0,Moderate,1,284.1,53.1,120.8,16.68,215.9,21.85,1.0,69.059
warehouse_medium,1,largest_gap,2,7.5,15,multi,2,0.4,10,10,1.6,Moderate,1,372.1,44.1,108.4,13.46,267.5,24.81,1.0,63.221
warehouse_medium,1,largest_gap,3,4.67,14,multi,2,0.5,1,5,1.0,Heavy,0,242.1,45.1,134.7,26.23,137.2,17.29,1.0,93.803
warehouse_medium,1,largest_gap,1,10.0,10,solo_small,1,0.5,8,10,1.0,Moderate,1,282.1,24.1,98.6,9.35,385.1,28.21,1.0,40.873
warehouse_medium,1,largest_gap,2,6.5,13,multi,2,0.4615,8,7,1.6,Moderate,1,322.1,29.1,106.6,15.54,231.7,24.78,1.0,91.338
warehouse_medium,1,largest_gap,3,8.33,25,multi,2,0.24,1,5,1.3,Moderate,1,562.1,50.1,112.3,12.8,281.1,22.48,1.0,69.864
warehouse_medium,1,largest_gap,2,5.0,10,multi,2,0.5,10,7,1.0,Heavy,0,258.1,47.1,110.5,19.72,182.5,25.81,1.0,61.529
warehouse_medium,1,largest_gap,2,7.5,15,multi,2,0.4,8,10,1.6,Light,2,432.1,68.1,102.2,12.31,292.5,28.81,1.0,51.384
warehouse_medium,1,largest_gap,1,7.0,7,solo_small,1,0.7143,2,7,1.3,Heavy,0,148.1,26.1,121.9,15.76,228.4,21.16,1.0,56.987
warehouse_medium,1,largest_gap,1,9.0,9,solo_small,1,0.5556,7,3,1.0,Heavy,0,226.1,34.1,109.8,11.13,323.4,25.12,1.0,51.295
warehouse_medium,1,largest_gap,1,7.0,7,solo_small,1,0.5714,4,6,1.0,Light,2,202.1,50.1,108.8,13.17,273.4,28.87,1.0,50.873
warehouse_medium,1,largest_gap,3,10.33,31,multi,2,0.1613,10,9,1.0,Light,2,794.1,66.1,104.1,9.59,375.6,25.62,1.0,58.926
warehouse_medium,1,largest_gap,1,12.0,12,solo_small,1,0.5833,6,8,1.3,Heavy,0,272.1,29.1,112.9,8.85,406.8,22.68,1.0,57.391
warehouse_medium,1,largest_gap,3,6.0,18,multi,2,0.3333,7,8,1.3,Moderate,1,432.1,61.1,111.9,17.14,210.0,24.01,1.0,78.011
warehouse_medium,1,largest_gap,3,3.33,10,multi,2,0.7,3,2,1.3,Light,2,218.1,46.1,122.7,32.55,110.6,21.81,1.0,83.218
warehouse_medium,1,largest_gap,1,25.0,25,solo_large,0,0.32,2,2,1.3,Light,2,434.1,25.1,125.7,4.89,736.8,17.36,1.0,92.281
warehouse_medium,1,largest_gap,2,10.0,20,multi,2,0.35,9,3,1.0,Heavy,0,496.1,26.1,104.1,10.09,356.7,24.8,1.0,53.955
warehouse_medium,1,largest_gap,2,3.0,6,multi,2,0.6667,2,8,1.6,Moderate,1,168.4,48.1,113.5,31.26,115.2,28.07,1.0,72.844
warehouse_medium,1,largest_gap,2,4.0,8,multi,2,0.625,5,6,1.3,Light,2,214.2,40.2,108.7,24.12,149.2,26.77,1.0,64.329
warehouse_medium,1,largest_gap,1,6.0,6,solo_small,1,0.5,7,3,1.0,Moderate,1,166.8,57.2,119.1,15.72,229.0,27.8,1.0,55.655
warehouse_medium,1,largest_gap,2,5.5,11,multi,2,0.4545,7,7,1.6,Light,2,346.1,66.1,99.4,15.88,226.7,31.47,1.0,53.502
warehouse_medium,1,largest_gap,1,2.0,2,solo_small,1,1.0,9,5,1.0,Moderate,1,108.9,36.3,79.6,29.81,120.8,54.47,1.0,61.216
warehouse_medium,1,largest_gap,1,2.0,2,solo_small,1,0.5,10,2,1.3,Moderate,1,94.0,47.0,104.1,33.23,108.3,47.0,1.0,74.939
warehouse_medium,1,largest_gap,3,7.0,21,multi,2,0.2857,7,10,1.6,Light,2,440.1,34.1,115.7,15.84,227.3,20.96,1.0,78.284
warehouse_medium,1,largest_gap,1,5.0,5,solo_small,1,0.4,7,8,1.0,Moderate,1,130.2,44.2,122.7,19.62,183.5,26.04,1.0,61.051
warehouse_medium,1,largest_gap,2,7.0,14,multi,2,0.5,5,2,1.0,Light,2,298.1,48.1,120.5,15.71,229.2,21.29,1.0,70.985
warehouse_medium,1,largest_gap,1,2.0,2,solo_small,1,1.0,2,9,1.3,Moderate,1,108.3,53.3,94.9,29.93,120.3,54.16,1.0,71.948
warehouse_medium,1,largest_gap,3,10.33,31,multi,2,0.2258,2,6,1.3,Moderate,1,586.1,44.1,121.7,11.33,317.8,18.91,1.0,102.486
warehouse_medium,1,largest_gap,1,2.0,2,solo_small,1,1.0,6,10,1.3,Heavy,0,156.4,74.1,73.0,22.45,160.4,78.21,1.0,57.711
warehouse_medium,1,largest_gap,1,5.0,5,solo_small,1,0.6,5,3,1.6,Heavy,0,180.8,35.2,91.7,15.95,225.7,36.16,1.0,45.158
warehouse_medium,1,largest_gap,1,2.0,2,solo_small,1,1.0,10,1,1.6,Moderate,1,56.6,27.6,132.9,46.65,77.2,28.3,1.0,89.458
warehouse_medium,1,largest_gap,1,7.0,7,solo_small,1,0.7143,8,10,1.0,Light,2,168.2,42.2,120.0,14.69,245.1,24.02,1.0,55.284
warehouse_medium,1,largest_gap,3,5.67,17,multi,2,0.4706,10,5,1.0,Light,2,412.1,30.1,106.7,18.05,199.5,24.24,1.0,68.591
warehouse_medium,1,largest_gap,3,4.33,13,multi,2,0.4615,9,10,1.0,Heavy,0,296.1,40.1,114.6,24.45,147.3,22.78,1.0,73.808
warehouse_medium,1,largest_gap,2,3.0,6,multi,2,0.8333,10,10,1.6,Heavy,0,164.1,47.1,115.2,31.75,113.4,27.35,1.0,87.129
warehouse_medium,1,largest_gap,1,16.0,16,solo_large,0,0.375,3,3,1.0,Heavy,0,382.1,63.1,113.9,6.45,558.4,23.88,1.0,60.568
warehouse_medium,1,largest_gap,2,9.0,18,multi,2,0.2778,8,3,1.3,Light,2,410.1,34.1,111.1,11.77,305.9,22.78,1.0,63.178
warehouse_medium,1,largest_gap,2,6.5,13,multi,2,0.4615,2,3,1.0,Moderate,1,336.1,55.1,109.0,15.16,237.5,25.85,1.0,63.335
warehouse_medium,1,largest_gap,3,8.67,26,multi,2,0.2692,6,2,1.6,Heavy,0,758.1,45.1,95.1,10.57,340.6,29.16,1.0,42.688
warehouse_medium,1,largest_gap,2,8.0,16,multi,2,0.375,1,7,1.6,Light,2,354.1,24.1,111.8,13.46,267.6,22.13,1.0,59.585
warehouse_medium,1,largest_gap,1,7.0,7,solo_small,1,0.4286,3,10,1.6,Heavy,0,228.3,45.3,97.9,12.19,295.3,32.62,1.0,42.913
warehouse_medium,1,largest_gap,1,5.0,5,solo_small,1,0.6,3,7,1.6,Heavy,0,198.2,51.2,91.1,14.99,240.2,39.64,1.0,44.111
warehouse_medium,1,largest_gap,1,21.0,21,solo_large,0,0.3333,3,3,1.6,Heavy,0,422.1,27.1,117.4,5.4,666.8,20.1,1.0,65.57
warehouse_medium,1,largest_gap,2,7.5,15,multi,2,0.3333,3,2,1.3,Heavy,0,274.1,22.1,124.1,15.88,226.7,18.28,1.0,76.943
warehouse_medium,1,largest_gap,1,10.0,10,solo_small,1,0.5,7,10,1.0,Heavy,0,196.1,32.1,125.6,11.49,313.4,19.61,1.0,68.071
warehouse_medium,1,largest_gap,3,7.67,23,multi,2,0.2174,6,8,1.6,Light,2,398.2,20.2,125.5,15.96,225.6,17.31,1.0,90.722
warehouse_medium,1,largest_gap,2,5.5,11,multi,2,0.5455,7,5,1.6,Moderate,1,204.1,53.1,136.2,21.49,167.5,18.55,1.0,82.196
warehouse_medium,1,largest_gap,3,4.33,13,multi,2,0.4615,8,1,1.0,Light,2,282.1,53.1,121.3,25.11,143.4,21.7,1.0,174.397
warehouse_medium,1,largest_gap,3,6.0,18,multi,2,0.3333,8,3,1.3,Moderate,1,398.1,39.1,113.9,17.95,200.6,22.12,1.0,92.747
warehouse_medium,1,largest_gap,1,15.0,15,solo_small,1,0.4,1,5,1.3,Light,2,326.1,50.1,118.7,7.25,496.8,21.74,1.0,62.348
warehouse_medium,1,largest_gap,2,8.0,16,multi,2,0.3125,3,4,1.0,Heavy,0,348.1,55.1,119.0,13.58,265.0,21.76,1.0,103.226
warehouse_medium,1,largest_gap,1,6.0,6,solo_small,1,0.6667,6,10,1.0,Heavy,0,172.1,44.1,109.8,15.42,233.4,28.68,1.0,56.684
warehouse_medium,1,largest_gap,3,9.0,27,multi,2,0.2593,4,7,1.6,Heavy,0,444.1,27.1,129.2,13.93,258.4,16.45,1.0,105.689
warehouse_medium,1,largest_gap,2,4.0,8,multi,2,0.625,2,6,1.6,Heavy,0,188.1,62.1,128.0,26.02,138.4,23.51,1.0,87.112
warehouse_medium,1,largest_gap,2,5.5,11,multi,2,0.5455,10,7,1.6,Moderate,1,230.1,19.1,116.2,20.18,178.4,20.92,1.0,65.569
warehouse_medium,1,largest_gap,1,11.0,11,solo_small,1,0.4545,8,1,1.3,Heavy,0,240.1,30.1,116.5,9.86,365.1,21.83,1.0,62.282
warehouse_medium,1,largest_gap,1,13.0,13,solo_small,1,0.4615,5,1,1.0,Light,2,366.1,44.1,101.0,7.2,500.1,28.16,1.0,47.415
warehouse_medium,1,largest_gap,1,26.0,26,solo_large,0,0.3077,7,3,1.3,Heavy,0,592.1,25.1,108.5,4.08,883.4,22.77,1.0,60.778
warehouse_medium,1,largest_gap,1,4.0,4,solo_small,1,0.75,1,1,1.0,Heavy,0,132.2,29.2,98.7,21.16,170.1,33.04,1.0,53.941
warehouse_medium,1,largest_gap,3,8.67,26,multi,2,0.3077,10,9,1.6,Heavy,0,532.1,48.1,118.0,12.96,277.8,20.47,1.0,86.925
warehouse_medium,1,largest_gap,2,9.5,19,multi,2,0.2632,5,3,1.3,Light,2,370.1,54.1,124.7,12.13,296.7,19.48,1.0,84.558
warehouse_medium,1,largest_gap,3,9.33,28,multi,2,0.1786,2,3,1.3,Light,2,538.1,32.1,119.8,12.44,289.5,19.22,1.0,95.893
warehouse_medium,1,largest_gap,3,6.67,20,multi,2,0.3,6,3,1.6,Light,2,512.1,28.1,102.4,14.86,242.3,25.61,1.0,65.283
warehouse_medium,1,largest_gap,1,19.0,19,solo_large,0,0.3158,3,6,1.3,Heavy,0,440.1,50.1,112.1,5.52,651.8,23.16,1.0,57.531
warehouse_medium,1,largest_gap,3,7.33,22,multi,2,0.2273,3,5,1.6,Moderate,1,392.1,32.1,125.7,16.44,218.9,17.82,1.0,88.535
warehouse_medium,1,largest_gap,1,27.0,27,solo_large,0,0.2963,7,7,1.3,Moderate,1,532.1,54.1,121.0,4.24,848.4,19.71,1.0,80.229
warehouse_medium,1,largest_gap,1,9.0,9,solo_small,1,0.5556,1,3,1.3,Heavy,0,260.1,40.1,101.8,10.23,351.8,28.9,1.0,44.846
warehouse_medium,1,largest_gap,1,12.0,12,solo_small,1,0.4167,6,7,1.0,Light,2,212.1,64.1,142.4,10.09,356.8,17.68,1.0,74.187
warehouse_medium,1,largest_gap,1,2.0,2,solo_small,1,1.0,7,10,1.6,Moderate,1,104.6,12.6,67.5,30.72,117.2,52.3,1.0,54.339
warehouse_medium,1,largest_gap,3,8.33,25,multi,2,0.32,9,3,1.6,Heavy,0,480.1,47.1,122.3,13.93,258.4,19.2,1.0,93.889
warehouse_medium,1,largest_gap,1,5.0,5,solo_small,1,0.8,4,4,1.0,Light,2,184.1,25.1,86.7,15.76,228.4,36.83,1.0,43.911
warehouse_medium,1,largest_gap,1,23.0,23,solo_large,0,0.3043,9,1,1.6,Heavy,0,550.1,42.1,107.8,4.48,803.4,23.92,1.0,68.638
warehouse_medium,1,largest_gap,1,18.0,18,solo_large,0,0.3333,8,3,1.0,Light,2,374.1,33.1,116.9,6.19,581.8,20.78,1.0,65.134
warehouse_medium,1,largest_gap,3,8.33,25,multi,2,0.2,8,4,1.3,Light,2,418.1,52.1,132.4,14.93,241.1,16.72,1.0,105.04
warehouse_medium,1,largest_gap,1,5.0,5,solo_small,1,0.8,6,1,1.3,Light,2,138.1,56.1,125.6,18.94,190.1,27.62,1.0,59.374
warehouse_medium,1,largest_gap,1,18.0,18,solo_large,0,0.3889,8,7,1.6,Moderate,1,416.1,42.1,111.4,5.84,616.8,23.12,1.0,57.069
warehouse_medium,1,largest_gap,3,8.0,24,multi,2,0.2917,6,1,1.3,Moderate,1,494.1,44.1,117.6,13.99,257.2,20.59,1.0,77.982
warehouse_medium,1,largest_gap,2,9.5,19,multi,2,0.2632,10,9,1.3,Heavy,0,370.1,44.1,122.9,12.13,296.7,19.48,1.0,82.219
warehouse_medium,1,largest_gap,1,15.0,15,solo_small,1,0.4,2,4,1.3,Heavy,0,290.1,52.1,127.6,7.71,466.8,19.34,1.0,66.09
warehouse_medium,1,largest_gap,1,23.0,23,solo_large,0,0.3043,4,7,1.3,Heavy,0,546.1,53.1,109.5,4.5,800.1,23.74,1.0,56.038
warehouse_medium,1,largest_gap,3,8.67,26,multi,2,0.2692,1,6,1.6,Heavy,0,606.1,43.1,108.9,12.07,298.4,23.31,1.0,71.984
warehouse_medium,1,largest_gap,1,26.0,26,solo_large,0,0.2692,8,10,1.0,Light,2,510.1,25.1,117.9,4.42,815.1,19.62,1.0,79.525
warehouse_medium,1,largest_gap,1,5.0,5,solo_small,1,0.4,4,4,1.3,Moderate,1,110.6,7.6,111.9,21.53,167.2,22.12,1.0,53.082
warehouse_medium,1,largest_gap,2,1.5,3,multi,2,1.0,5,7,1.0,Heavy,0,112.3,20.3,88.8,51.95,69.3,37.44,1.0,138.824
warehouse_medium,1,largest_gap,2,8.0,16,multi,2,0.4375,7,1,1.3,Light,2,374.1,51.1,113.1,13.05,275.9,23.38,1.0,63.425
warehouse_medium,1,largest_gap,3,11.0,33,multi,2,0.2121,10,9,1.0,Moderate,1,682.1,42.1,115.5,10.16,354.5,20.67,1.0,87.739
warehouse_medium,1,largest_gap,1,3.0,3,solo_small,1,1.0,2,1,1.6,Moderate,1,152.7,73.1,97.0,20.9,172.3,50.9,1.0,58.375
warehouse_medium,1,largest_gap,2,10.0,20,multi,2,0.3,4,1,1.3,Moderate,1,548.1,58.1,101.6,9.51,378.4,27.41,1.0,55.669
warehouse_medium,1,largest_gap,1,15.0,15,solo_small,1,0.4667,9,1,1.6,Heavy,0,386.1,72.1,111.0,6.58,546.8,25.74,1.0,51.939
warehouse_medium,1,largest_gap,3,11.0,33,multi,2,0.2424,6,8,1.6,Moderate,1,580.1,28.1,124.4,11.04,326.1,17.58,1.0,99.401
warehouse_medium,1,largest_gap,1,18.0,18,solo_large,0,0.3333,10,4,1.0,Moderate,1,366.1,38.1,119.3,6.26,575.1,20.34,1.0,65.216
warehouse_medium,1,largest_gap,1,4.0,4,solo_small,1,0.75,8,10,1.6,Moderate,1,130.3,23.3,96.5,21.35,168.6,32.58,1.0,49.722
warehouse_medium,1,largest_gap,3,5.67,17,multi,2,0.2941,10,7,1.3,Heavy,0,412.1,66.1,112.6,18.05,199.5,24.24,1.0,73.821
warehouse_medium,1,largest_gap,3,2.67,8,multi,2,0.5,4,4,1.3,Moderate,1,206.2,40.2,111.5,37.01,97.3,25.77,1.0,82.264
warehouse_medium,1,largest_gap,1,2.0,2,solo_small,1,1.0,4,7,1.6,Moderate,1,108.6,13.6,66.0,29.87,120.5,54.3,1.0,53.707
warehouse_medium,1,largest_gap,1,11.0,11,solo_small,1,0.5455,5,2,1.0,Heavy,0,220.1,62.1,133.5,10.33,348.4,20.01,1.0,65.893
warehouse_medium,1,largest_gap,3,8.33,25,multi,2,0.32,7,7,1.6,Light,2,442.1,47.1,127.8,14.53,247.8,17.68,1.0,95.621
warehouse_medium,1,largest_gap,3,7.0,21,multi,2,0.2857,5,3,1.6,Light,2,406.1,41.1,122.1,16.53,217.8,19.34,1.0,82.823
warehouse_medium,1,largest_gap,1,2.0,2,solo_small,1,1.0,10,8,1.6,Heavy,0,108.6,26.6,73.2,29.87,120.5,54.3,1.0,57.405
warehouse_medium,1,largest_gap,3,5.0,15,multi,2,0.4,5,9,1.3,Heavy,0,298.1,34.1,121.3,22.81,157.8,19.87,1.0,81.052
warehouse_medium,1,largest_gap,3,4.67,14,multi,2,0.3571,4,6,1.3,Moderate,1,258.1,43.1,129.5,25.41,141.7,18.44,1.0,83.167
warehouse_medium,1,largest_gap,1,29.0,29,solo_large,0,0.2414,9,10,1.3,Moderate,1,704.1,43.1,105.9,3.52,1021.8,24.28,1.0,54.511
warehouse_medium,1,largest_gap,1,13.0,13,solo_small,1,0.4615,5,3,1.3,Light,2,304.1,19.1,108.2,8.03,448.4,23.39,1.0,47.725
warehouse_medium,1,largest_gap,2,2.5,5,multi,2,0.8,5,9,1.3,Heavy,0,166.7,33.1,96.6,33.66,107.0,33.34,1.0,67.412
warehouse_medium,1,largest_gap,3,8.33,25,multi,2,0.32,2,3,1.0,Light,2,496.1,67.1,122.9,13.7,262.8,19.84,1.0,91.107
warehouse_medium,1,largest_gap,3,8.67,26,multi,2,0.2692,3,6,1.0,Light,2,564.1,44.1,113.7,12.56,286.7,21.7,1.0,87.861
warehouse_medium,1,largest_gap,1,13.0,13,solo_small,1,0.4615,9,2,1.3,Moderate,1,264.1,27.1,119.2,8.67,415.1,20.32,1.0,63.111
warehouse_medium,1,largest_gap,2,6.5,13,multi,2,0.2308,9,5,1.6,Heavy,0,296.1,24.1,111.0,16.3,220.9,22.78,1.0,64.383
warehouse_medium,1,largest_gap,1,14.0,14,solo_small,1,0.5,7,4,1.3,Moderate,1,286.1,25.1,117.9,8.03,448.4,20.44,1.0,63.848
warehouse_medium,1,largest_gap,1,27.0,27,solo_large,0,0.2593,8,3,1.3,Moderate,1,648.1,65.1,109.1,3.81,945.1,24.0,1.0,61.25
warehouse_medium,1,largest_gap,3,8.0,24,multi,2,0.2083,3,1,1.6,Moderate,1,416.1,47.1,129.4,15.28,235.6,17.34,1.0,87.947
warehouse_medium,1,largest_gap,3,8.0,24,multi,2,0.2917,1,7,1.0,Heavy,0,408.1,28.1,127.7,15.43,233.4,17.0,1.0,105.485
warehouse_medium,1,largest_gap,1,5.0,5,solo_small,1,0.8,10,5,1.0,Moderate,1,178.7,59.1,103.0,16.08,223.9,35.74,1.0,50.948
warehouse_medium,1,largest_gap,2,7.0,14,multi,2,0.4286,4,6,1.3,Heavy,0,244.1,33.1,130.6,17.42,206.7,17.44,1.0,94.443
warehouse_medium,1,largest_gap,2,8.5,17,multi,2,0.4706,10,8,1.3,Light,2,342.1,24.1,117.7,13.33,270.0,20.12,1.0,71.223
warehouse_medium,1,largest_gap,3,7.0,21,multi,2,0.2857,3,8,1.6,Moderate,1,540.1,30.1,102.2,14.12,255.0,25.72,1.0,56.627
warehouse_medium,1,largest_gap,1,5.0,5,solo_small,1,0.8,4,3,1.3,Heavy,0,202.1,22.1,80.0,14.79,243.4,40.42,1.0,40.461
warehouse_medium,1,largest_gap,3,7.0,21,multi,2,0.2857,5,1,1.6,Heavy,0,432.1,34.1,116.9,16.0,225.0,20.58,1.0,152.258
warehouse_medium,1,largest_gap,3,11.67,35,multi,2,0.2,7,4,1.6,Heavy,0,660.1,60.1,122.9,10.05,358.4,18.86,1.0,105.116
warehouse_medium,1,largest_gap,2,9.5,19,multi,2,0.3684,3,3,1.0,Light,2,390.1,44.1,119.3,11.8,305.0,20.53,1.0,67.681
warehouse_medium,1,largest_gap,3,7.0,21,multi,2,0.3333,7,4,1.0,Heavy,0,520.1,74.1,110.1,14.43,249.5,24.77,1.0,62.561
warehouse_medium,1,largest_gap,3,7.0,21,multi,2,0.2857,1,3,1.6,Light,2,470.1,67.1,116.2,15.28,235.6,22.39,1.0,78.249
warehouse_medium,1,largest_gap,2,9.5,19,multi,2,0.4211,3,10,1.0,Moderate,1,386.1,35.1,118.4,11.87,303.4,20.32,1.0,75.793
warehouse_medium,1,largest_gap,2,12.5,25,multi,2,0.24,9,10,1.6,Light,2,460.1,62.1,127.4,9.49,379.2,18.4,1.0,85.073
warehouse_medium,1,largest_gap,3,8.33,25,multi,2,0.32,6,6,1.6,Heavy,0,446.1,49.1,127.5,14.46,248.9,17.84,1.0,95.177
warehouse_medium,1,largest_gap,1,9.0,9,solo_small,1,0.6667,3,9,1.0,Light,2,296.1,70.1,100.2,9.43,381.8,32.9,1.0,46.691
warehouse_medium,1,largest_gap,3,5.33,16,multi,2,0.3125,5,5,1.0,Light,2,278.1,42.1,131.9,22.89,157.2,17.38,1.0,86.409
warehouse_medium,1,largest_gap,3,8.0,24,multi,2,0.25,6,6,1.0,Moderate,1,454.1,57.1,125.1,14.63,246.1,18.92,1.0,97.804
warehouse_medium,1,largest_gap,2,7.5,15,multi,2,0.4,6,8,1.3,Moderate,1,308.1,32.1,118.7,14.95,240.9,20.54,1.0,74.705
warehouse_medium,1,largest_gap,3,1.33,4,multi,2,0.75,6,5,1.6,Heavy,0,172.3,72.1,100.3,53.05,67.9,43.08,1.0,113.471
warehouse_medium,1,largest_gap,2,6.5,13,multi,2,0.3846,4,6,1.6,Heavy,0,286.1,24.1,113.2,16.61,216.7,22.01,1.0,67.204
warehouse_medium,1,largest_gap,1,14.0,14,solo_small,1,0.5,5,2,1.6,Light,2,264.1,54.1,130.9,8.37,430.1,18.86,1.0,69.938
warehouse_medium,1,largest_gap,1,5.0,5,solo_small,1,0.8,3,6,1.6,Light,2,220.7,57.1,85.2,13.9,258.9,44.14,1.0,42.373
warehouse_medium,1,largest_gap,2,10.5,21,multi,2,0.2857,2,10,1.3,Light,2,488.1,34.1,109.0,9.98,360.9,23.24,1.0,61.292
warehouse_medium,1,largest_gap,1,1.0,1,solo_small,1,1.0,1,9,1.3,Moderate,1,52.0,26.0,98.2,61.71,58.3,52.0,1.0,112.41
warehouse_medium,1,largest_gap,1,10.0,10,solo_small,1,0.6,7,6,1.0,Light,2,236.1,24.1,110.2,10.38,346.8,23.61,1.0,51.122
warehouse_medium,1,largest_gap,2,8.5,17,multi,2,0.2353,6,4,1.6,Light,2,298.2,44.2,131.1,14.3,251.8,17.54,1.0,84.145
warehouse_medium,1,largest_gap,3,8.0,24,multi,2,0.3333,3,3,1.0,Moderate,1,582.1,71.1,109.9,12.78,281.7,24.25,1.0,73.304
warehouse_medium,1,largest_gap,2,14.0,28,multi,2,0.2857,8,7,1.3,Moderate,1,580.1,36.1,115.4,7.97,451.7,20.72,1.0,79.403
warehouse_medium,1,largest_gap,1,10.0,10,solo_small,1,0.5,2,4,1.3,Light,2,332.1,24.1,88.5,8.44,426.8,33.21,1.0,36.499
warehouse_medium,1,largest_gap,1,7.0,7,solo_small,1,0.5714,1,2,1.6,Moderate,1,214.1,54.1,105.7,12.7,283.4,30.59,1.0,52.882
warehouse_medium,1,largest_gap,2,6.5,13,multi,2,0.3077,6,5,1.3,Light,2,222.2,25.2,130.3,18.94,190.1,17.09,1.0,74.273
warehouse_medium,1,largest_gap,1,3.0,3,solo_small,1,0.3333,4,8,1.6,Light,2,68.0,15.0,121.1,35.41,101.7,22.67,1.0,69.411
warehouse_medium,1,largest_gap,1,9.0,9,solo_small,1,0.5556,8,1,1.3,Light,2,276.1,73.1,106.5,9.86,365.1,30.68,1.0,49.935
warehouse_medium,1,largest_gap,3,6.33,19,multi,2,0.4211,5,3,1.0,Heavy,0,470.1,72.1,110.9,15.96,225.6,24.74,1.0,73.485
warehouse_medium,1,largest_gap,2,9.0,18,multi,2,0.3333,2,7,1.3,Heavy,0,388.1,32.1,114.4,12.13,296.7,21.56,1.0,66.377
warehouse_medium,1,largest_gap,3,9.33,28,multi,2,0.1786,2,1,1.0,Light,2,440.1,67.1,137.9,13.73,262.3,15.72,1.0,107.682
warehouse_medium,1,largest_gap,1,3.0,3,solo_small,1,0.6667,5,10,1.0,Moderate,1,76.6,20.6,117.8,33.08,108.8,25.54,1.0,66.151
warehouse_medium,1,largest_gap,2,8.0,16,multi,2,0.4375,4,2,1.6,Moderate,1,410.1,66.1,109.4,12.38,290.9,25.63,1.0,61.503
warehouse_medium,1,largest_gap,1,1.0,1,solo_small,1,1.0,10,7,1.0,Heavy,0,106.0,53.0,60.8,34.84,103.3,106.0,1.0,78.197
warehouse_medium,1,largest_gap,1,7.0,7,solo_small,1,0.4286,7,2,1.0,Heavy,0,210.1,51.1,106.1,12.85,280.1,30.01,1.0,51.325
warehouse_medium,1,largest_gap,3,7.67,23,multi,2,0.3478,10,10,1.6,Moderate,1,540.1,50.1,109.9,13.58,265.0,23.48,1.0,65.769
warehouse_medium,1,largest_gap,3,8.0,24,multi,2,0.2083,10,8,1.3,Heavy,0,544.1,35.1,110.2,13.28,271.1,22.67,1.0,71.238
warehouse_medium,1,largest_gap,2,8.5,17,multi,2,0.3529,5,10,1.6,Light,2,358.1,42.1,118.1,13.01,276.7,21.06,1.0,67.583
warehouse_medium,1,largest_gap,1,15.0,15,solo_small,1,0.4,3,4,1.6,Moderate,1,342.1,69.1,119.3,7.06,510.1,22.81,1.0,62.927
warehouse_medium,1,largest_gap,3,6.33,19,multi,2,0.3158,6,5,1.3,Light,2,394.1,47.1,119.1,17.61,204.5,20.74,1.0,77.854
warehouse_medium,1,largest_gap,1,26.0,26,solo_large,0,0.2692,9,2,1.6,Moderate,1,564.1,71.1,116.9,4.19,860.1,21.7,1.0,71.006
warehouse_medium,1,largest_gap,1,28.0,28,solo_large,0,0.25,3,9,1.6,Light,2,632.1,65.1,112.9,3.8,946.7,22.57,1.0,69.438
warehouse_medium,1,largest_gap,1,4.0,4,solo_small,1,0.75,3,1,1.0,Light,2,104.8,38.2,124.7,24.43,147.4,26.21,1.0,63.285
warehouse_medium,1,largest_gap,2,7.0,14,multi,2,0.4286,7,8,1.3,Heavy,0,320.1,66.1,119.5,15.1,238.4,22.86,1.0,65.733
warehouse_medium,1,largest_gap,1,26.0,26,solo_large,0,0.2308,9,6,1.3,Heavy,0,550.1,42.1,115.1,4.24,848.4,21.16,1.0,62.41
warehouse_medium,1,largest_gap,2,8.5,17,multi,2,0.3529,4,3,1.3,Heavy,0,378.1,65.1,118.6,12.63,285.0,22.24,1.0,69.513
warehouse_medium,1,largest_gap,1,5.0,5,solo_small,1,0.8,3,8,1.6,Heavy,0,172.2,52.2,102.9,16.47,218.5,34.44,1.0,51.173
warehouse_medium,1,largest_gap,1,30.0,30,solo_large,0,0.2333,1,5,1.3,Heavy,0,626.1,43.1,115.4,3.7,971.8,20.87,1.0,75.611
warehouse_medium,1,largest_gap,2,5.0,10,multi,2,0.5,8,6,1.6,Light,2,224.1,56.1,124.1,21.38,168.4,22.41,1.0,68.196
warehouse_medium,1,largest_gap,2,8.5,17,multi,2,0.3529,6,6,1.3,Heavy,0,332.1,63.1,127.7,13.54,265.9,19.54,1.0,83.633
warehouse_medium,1,largest_gap,3,5.67,17,multi,2,0.3529,8,8,1.3,Moderate,1,384.1,32.1,111.6,18.78,191.7,22.59,1.0,70.157
warehouse_medium,1,largest_gap,1,11.0,11,solo_small,1,0.4545,9,7,1.0,Light,2,256.1,24.1,110.5,9.51,378.4,23.28,1.0,49.349
warehouse_medium,1,largest_gap,1,8.0,8,solo_small,1,0.625,2,4,1.0,Moderate,1,316.7,73.1,89.2,9.38,383.9,39.59,1.0,39.744
warehouse_medium,1,largest_gap,3,6.0,18,multi,2,0.3889,7,1,1.3,Heavy,0,402.1,53.1,115.5,17.85,201.7,22.34,1.0,70.552
warehouse_medium,1,largest_gap,1,5.0,5,solo_small,1,0.4,4,3,1.0,Moderate,1,122.6,7.6,105.4,20.32,177.2,24.52,1.0,53.044
warehouse_medium,1,largest_gap,1,23.0,23,solo_large,0,0.3043,4,8,1.3,Light,2,472.1,32.1,116.3,4.88,738.4,20.53,1.0,64.281
warehouse_medium,1,largest_gap,1,6.0,6,solo_small,1,0.5,2,2,1.3,Moderate,1,168.3,48.3,113.7,15.63,230.3,28.05,1.0,51.939
warehouse_medium,1,largest_gap,1,25.0,25,solo_large,0,0.32,10,3,1.3,Light,2,518.1,53.1,118.0,4.46,806.8,20.72,1.0,77.587
warehouse_medium,1,largest_gap,2,8.5,17,multi,2,0.2941,4,2,1.0,Heavy,0,386.1,37.1,112.1,12.48,288.4,22.71,1.0,58.612
warehouse_medium,1,largest_gap,2,12.5,25,multi,2,0.24,7,5,1.0,Light,2,492.1,36.1,119.2,9.17,392.5,19.68,1.0,86.144
warehouse_medium,1,largest_gap,1,28.0,28,solo_large,0,0.2857,3,6,1.0,Heavy,0,500.1,34.1,124.7,4.3,836.7,17.86,1.0,90.953
warehouse_medium,1,largest_gap,1,5.0,5,solo_small,1,0.8,1,10,1.3,Moderate,1,144.2,42.2,112.5,18.45,195.1,28.83,1.0,58.419
warehouse_medium,1,largest_gap,2,3.5,7,multi,2,0.5714,1,3,1.3,Moderate,1,234.2,17.2,88.2,23.99,150.1,33.46,1.0,78.592
warehouse_medium,1,largest_gap,2,3.5,7,multi,2,0.5714,5,6,1.3,Heavy,0,266.1,66.1,92.8,22.04,163.4,38.01,1.0,58.796
warehouse_medium,1,largest_gap,1,11.0,11,solo_small,1,0.3636,2,1,1.3,Moderate,1,216.2,42.2,127.7,10.43,345.2,19.66,1.0,58.103
warehouse_medium,1,largest_gap,1,22.0,22,solo_large,0,0.2727,3,5,1.3,Moderate,1,390.1,35.1,126.6,5.5,655.1,17.73,1.0,79.976
warehouse_medium,1,largest_gap,1,1.0,1,solo_small,1,1.0,8,6,1.0,Light,2,60.0,30.0,90.0,55.38,65.0,60.0,1.0,105.01
warehouse_medium,1,largest_gap,2,14.0,28,multi,2,0.2857,7,5,1.3,Light,2,626.1,44.1,111.4,7.65,470.9,22.36,1.0,80.734
warehouse_medium,1,largest_gap,3,8.33,25,multi,2,0.24,5,2,1.3,Heavy,0,522.1,38.1,115.6,13.33,270.0,20.88,1.0,82.626
warehouse_medium,1,largest_gap,2,7.0,14,multi,2,0.3571,7,1,1.0,Light,2,228.2,40.2,137.5,17.99,200.1,16.3,1.0,82.943
warehouse_medium,1,largest_gap,1,9.0,9,solo_small,1,0.7778,7,9,1.6,Moderate,1,214.1,48.1,118.5,11.49,313.4,23.79,1.0,55.899
warehouse_medium,1,largest_gap,1,29.0,29,solo_large,0,0.2414,7,5,1.3,Moderate,1,704.1,43.1,105.9,3.52,1021.8,24.28,1.0,56.31
warehouse_medium,1,largest_gap,1,13.0,13,solo_small,1,0.5385,4,9,1.0,Heavy,0,316.1,60.1,114.6,7.85,458.4,24.32,1.0,54.447
warehouse_medium,1,largest_gap,1,28.0,28,solo_large,0,0.2857,1,1,1.3,Moderate,1,612.1,51.1,113.6,3.87,930.1,21.86,1.0,78.769
warehouse_medium,1,largest_gap,2,3.0,6,multi,2,0.5,6,8,1.6,Light,2,206.7,67.1,104.7,27.45,131.1,34.45,1.0,74.486
warehouse_medium,1,largest_gap,1,1.0,1,solo_small,1,1.0,4,9,1.0,Heavy,0,96.0,48.0,65.5,37.89,95.0,96.0,1.0,82.673
warehouse_medium,1,largest_gap,3,11.0,33,multi,2,0.1818,8,3,1.6,Heavy,0,592.1,24.1,122.7,10.93,329.5,17.94,1.0,99.189
warehouse_medium,1,largest_gap,2,8.0,16,multi,2,0.375,3,5,1.0,Heavy,0,464.1,27.1,95.3,11.49,313.4,29.01,1.0,48.94
warehouse_medium,1,largest_gap,2,6.0,12,multi,2,0.5833,9,8,1.3,Heavy,0,260.1,41.1,119.2,18.15,198.4,21.68,1.0,67.779
warehouse_medium,1,largest_gap,3,9.67,29,multi,2,0.2069,10,10,1.6,Heavy,0,514.1,71.1,129.8,12.51,287.8,17.73,1.0,98.39
warehouse_medium,1,largest_gap,1,14.0,14,solo_small,1,0.5,8,7,1.0,Heavy,0,430.1,62.1,97.5,6.33,568.4,30.72,1.0,42.363
warehouse_medium,1,largest_gap,3,11.0,33,multi,2,0.1818,10,8,1.6,Light,2,800.1,43.1,105.5,9.3,387.2,24.25,1.0,60.054
warehouse_medium,1,largest_gap,3,6.67,20,multi,2,0.35,6,4,1.6,Light,2,464.1,25.1,108.1,15.73,228.9,23.21,1.0,72.212
warehouse_medium,1,largest_gap,3,14.67,44,multi,2,0.1591,7,2,1.3,Moderate,1,828.1,53.1,121.3,8.0,450.0,18.82,1.0,108.201
warehouse_medium,1,largest_gap,2,5.5,11,multi,2,0.6364,2,7,1.0,Moderate,1,330.1,27.1,94.9,16.36,220.0,30.01,1.0,51.574
warehouse_medium,1,largest_gap,2,6.0,12,multi,2,0.4167,8,2,1.6,Heavy,0,338.1,61.1,105.2,15.59,230.9,28.18,1.0,55.852
warehouse_medium,1,largest_gap,3,6.33,19,multi,2,0.4211,2,4,1.0,Light,2,340.1,54.1,130.7,19.0,189.5,17.9,1.0,89.834
warehouse_medium,1,largest_gap,3,4.67,14,multi,2,0.4286,10,4,1.0,Heavy,0,310.1,35.1,114.8,23.06,156.1,22.15,1.0,78.835
warehouse_medium,1,largest_gap,3,7.67,23,multi,2,0.3043,3,5,1.0,Heavy,0,524.1,70.1,114.5,13.82,260.6,22.79,1.0,84.606
warehouse_medium,1,largest_gap,2,10.5,21,multi,2,0.3333,6,6,1.0,Light,2,542.1,68.1,106.5,9.39,383.4,25.81,1.0,72.773
warehouse_medium,1,largest_gap,1,3.0,3,solo_small,1,1.0,3,2,1.6,Heavy,0,98.2,20.2,98.2,28.39,126.8,32.72,1.0,58.337
warehouse_medium,1,largest_gap,2,8.5,17,multi,2,0.3529,4,10,1.6,Moderate,1,400.1,51.1,112.1,12.24,294.2,23.54,1.0,63.694
warehouse_medium,1,largest_gap,3,4.0,12,multi,2,0.4167,8,5,1.3,Moderate,1,386.1,28.1,90.3,21.52,167.3,32.18,1.0,54.958
warehouse_medium,1,largest_gap,1,2.0,2,solo_small,1,1.0,8,3,1.6,Moderate,1,98.8,49.2,100.9,32.04,112.4,49.41,1.0,74.213
warehouse_medium,1,largest_gap,1,14.0,14,solo_small,1,0.3571,8,6,1.0,Moderate,1,304.1,31.1,115.2,7.77,463.4,21.72,1.0,56.589
warehouse_medium,1,random,2,2.0,4,multi,2,1.0,9,10,1.3,Light,2,154.3,10.3,80.0,38.18,94.3,38.58,1.0,68.295
warehouse_medium,1,random,1,1.0,1,solo_small,1,1.0,2,5,1.0,Light,2,112.3,56.1,58.3,33.16,108.6,112.26,1.0,76.054
warehouse_medium,1,random,1,18.0,18,solo_large,0,0.3333,5,9,1.0,Heavy,0,490.3,30.3,99.2,5.31,678.6,27.24,1.0,41.082
warehouse_medium,1,random,1,1.0,1,solo_small,1,1.0,3,5,1.3,Heavy,0,84.2,42.1,71.9,42.26,85.2,84.22,1.0,88.656
warehouse_medium,1,random,2,12.0,24,multi,2,0.2917,8,6,1.6,Heavy,0,632.7,11.6,98.4,8.11,443.6,26.36,1.0,48.528
warehouse_medium,1,random,2,3.0,6,multi,2,0.8333,6,5,1.0,Heavy,0,174.7,21.1,99.1,30.56,117.8,29.12,1.0,63.296
warehouse_medium,1,random,3,6.0,18,multi,2,0.3333,9,8,1.3,Moderate,1,502.9,49.3,100.0,15.67,229.7,27.94,1.0,65.844
warehouse_medium,1,random,1,21.0,21,solo_large,0,0.1905,5,9,1.0,Heavy,0,437.2,27.6,115.2,5.3,679.4,20.82,1.0,71.366
warehouse_medium,1,random,2,6.5,13,multi,2,0.3846,6,9,1.0,Light,2,350.8,7.6,97.3,14.77,243.7,26.99,1.0,52.435
warehouse_medium,1,random,3,6.67,20,multi,2,0.4,6,3,1.6,Moderate,1,584.0,47.0,96.3,13.73,262.2,29.2,1.0,53.919
warehouse_medium,1,random,3,5.33,16,multi,2,0.5,4,10,1.3,Light,2,468.2,26.2,94.7,17.14,210.1,29.26,1.0,50.011
warehouse_medium,1,random,2,6.5,13,multi,2,0.3846,2,7,1.0,Heavy,0,310.5,24.2,107.9,15.87,226.9,23.89,1.0,57.402
warehouse_medium,1,random,3,7.67,23,multi,2,0.2609,6,2,1.0,Heavy,0,638.2,44.2,98.6,12.32,292.3,27.75,1.0,61.32
warehouse_medium,1,random,2,8.5,17,multi,2,0.4118,1,2,1.0,Light,2,492.6,59.3,99.3,10.82,332.8,28.98,1.0,63.799
warehouse_medium,1,random,1,13.0,13,solo_small,1,0.5385,7,9,1.3,Heavy,0,382.5,34.3,96.5,7.01,513.8,29.43,1.0,40.008
warehouse_medium,1,random,1,13.0,13,solo_small,1,0.4615,8,1,1.6,Heavy,0,458.6,37.0,85.7,6.24,577.2,35.28,1.0,29.423
warehouse_medium,1,random,1,7.0,7,solo_small,1,0.7143,4,9,1.3,Heavy,0,199.2,20.6,99.3,13.28,271.0,28.46,1.0,44.441
warehouse_medium,1,random,2,4.5,9,multi,2,0.5556,8,10,1.3,Moderate,1,278.2,47.1,98.9,19.63,183.4,30.91,1.0,53.552
warehouse_medium,1,random,3,7.67,23,multi,2,0.3478,9,10,1.0,Light,2,718.1,8.0,88.4,11.45,314.5,31.22,1.0,37.92
warehouse_medium,1,random,1,19.0,19,solo_large,0,0.3158,7,5,1.0,Moderate,1,566.6,43.6,94.9,4.75,757.2,29.82,1.0,40.039
warehouse_medium,1,random,1,3.0,3,solo_small,1,0.6667,2,8,1.6,Moderate,1,66.6,28.6,140.9,35.82,100.5,22.2,1.0,77.919
warehouse_medium,1,random,3,4.0,12,multi,2,0.5,3,5,1.3,Heavy,0,474.7,8.6,76.0,18.76,191.9,39.56,1.0,51.36
warehouse_medium,1,random,3,8.33,25,multi,2,0.28,10,2,1.6,Moderate,1,692.2,53.2,99.2,11.35,317.3,27.69,1.0,59.344
warehouse_medium,1,random,2,5.0,10,multi,2,0.6,10,3,1.0,Heavy,0,411.2,6.6,73.9,14.61,246.3,41.12,1.0,33.658
warehouse_medium,1,random,2,6.0,12,multi,2,0.5,9,1,1.3,Light,2,442.4,35.1,83.2,13.12,274.3,36.87,1.0,33.845
warehouse_medium,1,random,1,1.0,1,solo_small,1,1.0,7,8,1.6,Light,2,70.4,35.2,81.2,48.85,73.7,70.44,1.0,96.971
warehouse_medium,1,random,1,4.0,4,solo_small,1,0.75,1,6,1.0,Light,2,114.3,39.2,117.4,23.18,155.3,28.59,1.0,59.597
warehouse_medium,1,random,1,17.0,17,solo_large,0,0.2941,10,10,1.3,Light,2,526.6,15.6,89.9,5.19,693.8,30.98,1.0,30.828
warehouse_medium,1,random,2,2.0,4,multi,2,0.5,10,6,1.3,Heavy,0,114.6,8.6,97.1,46.3,77.8,28.65,1.0,98.299
warehouse_medium,1,random,2,3.0,6,multi,2,0.8333,6,8,1.0,Moderate,1,224.4,41.3,89.0,25.99,138.5,37.41,1.0,95.697
warehouse_medium,1,random,3,7.0,21,multi,2,0.381,8,9,1.6,Light,2,702.4,29.3,86.3,12.0,300.1,33.45,1.0,39.14
warehouse_medium,1,random,1,2.0,2,solo_small,1,0.5,1,5,1.3,Moderate,1,33.2,13.6,155.4,62.41,57.7,16.61,1.0,100.357
warehouse_medium,1,random,2,10.5,21,multi,2,0.2857,9,10,1.6,Moderate,1,574.9,6.6,95.9,9.07,397.1,27.38,1.0,42.343
warehouse_medium,1,random,3,9.67,29,multi,2,0.2414,6,5,1.6,Light,2,852.6,26.6,92.9,9.43,381.8,29.4,1.0,46.581
warehouse_medium,1,random,2,3.5,7,multi,2,0.5714,6,3,1.6,Heavy,0,268.1,10.0,78.7,21.92,164.2,38.3,1.0,44.415
warehouse_medium,1,random,2,7.0,14,multi,2,0.4286,9,8,1.6,Moderate,1,382.6,13.3,97.3,13.61,264.4,27.33,1.0,62.09
warehouse_medium,1,random,2,9.5,19,multi,2,0.3684,10,1,1.0,Heavy,0,539.2,10.6,94.3,9.8,367.2,28.38,1.0,48.768
warehouse_medium,1,random,3,8.67,26,multi,2,0.2692,10,4,1.6,Light,2,812.1,11.0,88.5,10.12,355.6,31.23,1.0,31.154
warehouse_medium,1,random,1,3.0,3,solo_small,1,1.0,10,5,1.3,Moderate,1,154.7,56.1,84.9,20.7,173.9,51.58,1.0,51.674
warehouse_medium,1,random,2,4.0,8,multi,2,0.625,2,5,1.6,Heavy,0,260.4,33.2,93.1,21.37,168.5,32.55,1.0,53.948
warehouse_medium,1,random,1,7.0,7,solo_small,1,0.7143,8,6,1.3,Light,2,240.3,57.3,97.9,11.79,305.3,34.33,1.0,44.364
warehouse_medium,1,random,1,13.0,13,solo_small,1,0.4615,4,1,1.6,Heavy,0,408.4,23.3,90.7,6.72,535.4,31.42,1.0,36.97
warehouse_medium,1,random,2,14.0,28,multi,2,0.2857,1,2,1.0,Moderate,1,754.7,29.6,98.4,6.86,524.5,26.96,1.0,55.238
warehouse_medium,1,random,3,5.67,17,multi,2,0.3529,4,8,1.3,Moderate,1,380.8,13.6,109.1,18.87,190.8,22.4,1.0,62.042
warehouse_medium,1,random,3,12.0,36,multi,2,0.2222,9,2,1.6,Moderate,1,996.6,10.0,95.1,7.88,456.8,27.68,1.0,46.345
warehouse_medium,1,random,3,10.67,32,multi,2,0.2188,1,10,1.6,Moderate,1,904.4,53.3,96.9,8.75,411.2,28.26,1.0,51.74
warehouse_medium,1,random,2,5.0,10,multi,2,0.5,9,10,1.6,Light,2,288.8,20.6,96.4,18.43,195.3,28.88,1.0,57.46
warehouse_medium,1,random,2,10.0,20,multi,2,0.25,5,9,1.0,Moderate,1,520.7,59.1,105.2,9.81,367.0,26.04,1.0,52.709
warehouse_medium,1,random,1,14.0,14,solo_small,1,0.3571,2,5,1.3,Light,2,380.6,25.0,99.5,6.83,527.2,27.19,1.0,46.132
warehouse_medium,1,random,1,3.0,3,solo_small,1,0.3333,6,2,1.0,Moderate,1,72.0,9.0,110.8,34.29,105.0,24.0,1.0,64.918
warehouse_medium,1,random,2,1.5,3,multi,2,1.0,10,4,1.3,Heavy,0,142.4,16.3,72.0,43.99,81.8,47.48,1.0,74.251
warehouse_medium,1,random,2,2.5,5,multi,2,0.6,8,8,1.3,Heavy,0,156.5,32.2,100.8,35.05,102.7,31.31,1.0,70.07
warehouse_medium,1,random,2,8.0,16,multi,2,0.3125,6,6,1.6,Moderate,1,418.3,28.3,101.9,12.23,294.3,26.14,1.0,53.055
warehouse_medium,1,random,3,7.67,23,multi,2,0.3478,3,3,1.0,Moderate,1,642.3,40.3,97.8,12.27,293.4,27.93,1.0,57.685
warehouse_medium,1,random,2,5.0,10,multi,2,0.5,9,2,1.6,Moderate,1,207.2,18.6,117.2,22.31,161.3,20.72,1.0,63.125
warehouse_medium,1,random,1,26.0,26,solo_large,0,0.3077,3,5,1.6,Moderate,1,864.2,61.2,88.4,3.24,1110.1,33.24,1.0,34.774
warehouse_medium,1,random,1,30.0,30,solo_large,0,0.2333,5,9,1.0,Heavy,0,728.2,58.2,107.1,3.41,1056.9,24.27,1.0,63.365
warehouse_medium,1,random,1,10.0,10,solo_small,1,0.3,5,9,1.6,Light,2,332.0,25.0,88.7,8.44,426.7,33.2,1.0,37.008
warehouse_medium,1,random,1,4.0,4,solo_small,1,1.0,7,1,1.0,Light,2,146.6,12.6,83.9,19.76,182.2,36.65,1.0,45.092
warehouse_medium,1,random,1,20.0,20,solo_large,0,0.25,5,5,1.6,Light,2,524.4,49.2,103.4,4.88,737.0,26.22,1.0,48.323
warehouse_medium,1,random,1,22.0,22,solo_large,0,0.2727,1,3,1.3,Light,2,586.8,38.2,100.6,4.4,819.0,26.67,1.0,46.467
warehouse_medium,1,random,3,9.0,27,multi,2,0.2963,1,9,1.6,Light,2,792.4,24.2,93.0,10.14,355.1,29.35,1.0,53.488
warehouse_medium,1,random,2,11.5,23,multi,2,0.2609,2,6,1.6,Light,2,722.6,26.6,89.5,7.6,473.6,31.42,1.0,34.478
warehouse_medium,1,random,2,6.0,12,multi,2,0.25,7,6,1.6,Moderate,1,332.3,26.0,99.2,15.76,228.5,27.69,1.0,50.198
warehouse_medium,1,random,1,12.0,12,solo_small,1,0.5,6,4,1.6,Light,2,458.4,64.2,85.0,6.41,562.0,38.2,1.0,32.832
warehouse_medium,1,random,2,9.5,19,multi,2,0.3684,4,3,1.0,Moderate,1,589.2,25.6,90.6,9.28,388.0,31.01,1.0,40.236
warehouse_medium,1,random,2,8.0,16,multi,2,0.3125,8,1,1.0,Moderate,1,434.8,21.2,98.5,11.95,301.2,27.18,1.0,48.849
warehouse_medium,1,random,1,3.0,3,solo_small,1,1.0,9,4,1.0,Moderate,1,140.8,19.6,74.0,22.17,162.4,46.94,1.0,46.289
warehouse_medium,1,random,1,26.0,26,solo_large,0,0.3077,4,8,1.3,Heavy,0,784.5,37.3,92.4,3.45,1043.7,30.17,1.0,32.063
warehouse_medium,1,random,3,8.0,24,multi,2,0.2917,8,3,1.3,Heavy,0,774.4,68.1,91.1,10.74,335.1,32.27,1.0,42.861
warehouse_medium,1,random,1,17.0,17,solo_large,0,0.3529,6,9,1.6,Light,2,478.3,32.3,97.7,5.51,653.6,28.14,1.0,46.348
warehouse_medium,1,random,3,5.0,15,multi,2,0.4,9,10,1.0,Moderate,1,372.3,38.2,107.3,20.18,178.4,24.82,1.0,63.106
warehouse_medium,1,random,1,17.0,17,solo_large,0,0.3529,6,1,1.0,Light,2,444.1,13.0,99.6,5.76,625.1,26.12,1.0,45.725
warehouse_medium,1,random,2,7.5,15,multi,2,0.3333,5,2,1.6,Light,2,458.5,21.3,91.6,11.86,303.5,30.57,1.0,38.572
warehouse_medium,1,random,3,7.67,23,multi,2,0.3043,6,6,1.6,Light,2,832.4,74.1,84.8,10.4,346.2,36.19,1.0,33.767
warehouse_medium,1,random,2,3.0,6,multi,2,0.8333,6,2,1.0,Moderate,1,206.3,50.3,98.2,27.49,131.0,34.39,1.0,123.271
warehouse_medium,1,random,3,7.0,21,multi,2,0.2381,10,4,1.3,Heavy,0,558.6,50.0,102.3,13.84,260.2,26.6,1.0,54.101
warehouse_medium,1,random,1,8.0,8,solo_small,1,0.375,10,8,1.0,Moderate,1,272.3,40.3,91.9,10.38,346.9,34.04,1.0,41.589
warehouse_medium,1,random,1,9.0,9,solo_small,1,0.5556,7,9,1.0,Moderate,1,242.5,41.2,107.0,10.68,337.1,26.95,1.0,47.215
warehouse_medium,1,random,2,14.5,29,multi,2,0.2414,1,5,1.6,Moderate,1,924.6,30.3,88.5,5.97,602.8,31.88,1.0,32.398
warehouse_medium,1,random,3,8.33,25,multi,2,0.2,1,9,1.6,Heavy,0,500.6,33.0,117.7,13.63,264.1,20.02,1.0,84.514
warehouse_medium,1,random,3,2.0,6,multi,2,0.5,8,2,1.3,Moderate,1,144.6,36.0,119.7,51.3,70.2,24.1,1.0,206.22
warehouse_medium,1,random,1,4.0,4,solo_small,1,1.0,3,2,1.3,Light,2,202.7,60.1,80.5,15.72,228.9,50.69,1.0,47.587
warehouse_medium,1,random,1,24.0,24,solo_large,0,0.2917,7,3,1.3,Light,2,618.3,24.0,101.0,4.11,875.3,25.76,1.0,57.747
warehouse_medium,1,random,1,5.0,5,solo_small,1,0.6,4,8,1.3,Light,2,214.1,31.0,79.1,14.21,253.4,42.82,1.0,37.998
warehouse_medium,1,random,1,6.0,6,solo_small,1,0.6667,3,9,1.6,Moderate,1,116.2,13.2,122.8,19.27,186.9,19.37,1.0,60.229
warehouse_medium,1,random,1,15.0,15,solo_small,1,0.2667,8,6,1.3,Light,2,450.6,53.6,97.2,5.99,600.5,30.04,1.0,40.755
warehouse_medium,1,random,1,8.0,8,solo_small,1,0.5,8,8,1.3,Light,2,218.6,29.0,103.6,11.91,302.2,27.33,1.0,49.347
warehouse_medium,1,random,3,8.33,25,multi,2,0.32,5,10,1.6,Light,2,718.5,22.2,94.2,11.09,324.6,28.74,1.0,46.227
warehouse_medium,1,random,1,10.0,10,solo_small,1,0.6,4,3,1.3,Light,2,356.2,40.1,87.1,8.06,446.8,35.62,1.0,35.526
warehouse_medium,1,random,1,15.0,15,solo_small,1,0.4,6,5,1.6,Moderate,1,360.3,10.3,104.5,6.85,525.3,24.02,1.0,50.248
warehouse_medium,1,random,3,5.33,16,multi,2,0.4375,2,5,1.3,Moderate,1,376.4,43.1,111.2,19.5,184.6,23.53,1.0,65.488
warehouse_medium,1,random,1,3.0,3,solo_small,1,1.0,9,6,1.0,Moderate,1,140.2,64.2,99.7,22.25,161.8,46.72,1.0,59.771
warehouse_medium,1,random,1,18.0,18,solo_large,0,0.3333,8,3,1.0,Heavy,0,670.8,14.2,79.3,4.34,829.0,37.27,1.0,19.735
warehouse_medium,1,random,1,26.0,26,solo_large,0,0.2308,6,7,1.3,Light,2,752.1,70.1,97.7,3.54,1016.8,28.93,1.0,46.069
warehouse_medium,1,random,1,22.0,22,solo_large,0,0.2727,2,9,1.3,Heavy,0,608.2,16.0,96.2,4.3,836.9,27.65,1.0,43.297
warehouse_medium,1,random,1,16.0,16,solo_large,0,0.3125,4,8,1.0,Heavy,0,510.8,23.2,89.1,5.41,665.7,31.93,1.0,45.064
warehouse_medium,1,random,2,9.5,19,multi,2,0.4211,10,7,1.3,Light,2,538.2,43.2,98.1,9.82,366.7,28.32,1.0,51.611
warehouse_medium,1,random,2,5.0,10,multi,2,0.5,7,9,1.0,Heavy,0,355.2,20.6,83.9,16.14,223.0,35.52,1.0,43.029
warehouse_medium,1,random,2,1.5,3,multi,2,0.6667,7,8,1.6,Light,2,158.2,56.1,83.0,40.71,88.4,52.74,1.0,80.51
warehouse_medium,1,random,3,9.33,28,multi,2,0.2143,9,3,1.3,Light,2,712.8,44.2,103.2,10.65,338.0,25.46,1.0,61.129
warehouse_medium,1,random,2,5.5,11,multi,2,0.2727,6,9,1.3,Moderate,1,278.9,20.6,104.1,18.12,198.7,25.36,1.0,58.228
warehouse_medium,1,random,2,13.5,27,multi,2,0.2593,10,7,1.0,Moderate,1,774.3,33.1,95.0,6.86,525.1,28.68,1.0,41.317
warehouse_medium,1,random,2,2.0,4,multi,2,0.5,8,6,1.3,Moderate,1,128.0,10.0,90.9,43.2,83.3,32.0,1.0,77.262
warehouse_medium,1,random,2,3.0,6,multi,2,0.8333,6,10,1.0,Moderate,1,196.7,18.6,90.6,28.35,127.0,32.78,1.0,60.402
warehouse_medium,1,random,3,5.33,16,multi,2,0.375,6,4,1.0,Moderate,1,516.1,29.1,89.2,16.12,223.4,32.26,1.0,51.994
warehouse_medium,1,random,2,12.0,24,multi,2,0.3333,1,3,1.3,Heavy,0,708.4,54.3,95.5,7.58,475.2,29.52,1.0,41.83
warehouse_medium,1,random,2,2.5,5,multi,2,1.0,1,3,1.0,Moderate,1,156.3,22.1,96.3,35.07,102.6,31.27,1.0,68.127
warehouse_medium,1,random,3,6.0,18,multi,2,0.3889,7,9,1.0,Light,2,546.0,18.0,91.3,14.9,241.7,30.33,1.0,87.776
warehouse_medium,1,random,3,6.67,20,multi,2,0.4,5,10,1.3,Heavy,0,634.8,41.2,90.6,13.03,276.3,31.74,1.0,48.019
warehouse_medium,1,random,1,10.0,10,solo_small,1,0.4,1,1,1.6,Light,2,268.6,11.0,98.7,9.63,373.8,26.86,1.0,42.019
warehouse_medium,1,random,2,3.5,7,multi,2,0.4286,3,3,1.0,Light,2,286.0,32.0,79.6,20.97,171.7,40.86,1.0,45.971
warehouse_medium,1,random,3,7.67,23,multi,2,0.3043,5,2,1.0,Heavy,0,642.8,26.2,96.4,12.26,293.6,27.95,1.0,59.28
warehouse_medium,1,random,1,9.0,9,solo_small,1,0.5556,4,8,1.0,Moderate,1,248.0,41.0,105.4,10.54,341.7,27.56,1.0,47.749
warehouse_medium,1,random,3,10.67,32,multi,2,0.25,1,5,1.0,Heavy,0,768.3,51.2,106.9,9.64,373.4,24.01,1.0,73.146
warehouse_medium,1,random,1,25.0,25,solo_large,0,0.32,6,4,1.0,Heavy,0,830.2,72.1,89.4,3.37,1066.8,33.21,1.0,29.185
warehouse_medium,1,random,2,4.0,8,multi,2,0.625,9,8,1.0,Heavy,0,242.6,45.6,101.3,22.35,161.1,30.33,1.0,59.946
warehouse_medium,1,random,1,4.0,4,solo_small,1,0.75,7,6,1.3,Moderate,1,112.2,16.2,102.9,23.45,153.5,28.05,1.0,55.036
warehouse_medium,1,random,1,2.0,2,solo_small,1,0.5,4,2,1.0,Heavy,0,68.0,34.0,123.4,41.54,86.7,34.0,1.0,85.923
warehouse_medium,1,random,1,16.0,16,solo_large,0,0.4375,8,5,1.0,Light,2,504.1,47.1,92.8,5.45,660.1,31.51,1.0,35.341
warehouse_medium,1,random,1,10.0,10,solo_small,1,0.7,6,8,1.3,Light,2,268.4,42.1,106.3,9.63,373.7,26.84,1.0,47.572
warehouse_medium,1,random,2,5.5,11,multi,2,0.4545,10,7,1.6,Heavy,0,308.8,55.6,105.3,17.05,211.2,28.08,1.0,59.271
warehouse_medium,1,random,1,28.0,28,solo_large,0,0.25,5,8,1.0,Moderate,1,796.6,45.3,96.4,3.32,1083.9,28.45,1.0,37.846
warehouse_medium,1,random,3,4.67,14,multi,2,0.4286,7,9,1.0,Moderate,1,408.2,47.2,98.7,19.63,183.4,29.16,1.0,57.037
warehouse_medium,1,random,2,7.5,15,multi,2,0.4,8,9,1.6,Light,2,428.6,19.6,95.4,12.37,291.1,28.57,1.0,56.751
warehouse_medium,1,random,3,6.0,18,multi,2,0.2778,6,1,1.0,Light,2,476.6,13.0,98.7,16.19,222.4,26.48,1.0,62.341
warehouse_medium,1,random,1,3.0,3,solo_small,1,0.6667,4,9,1.6,Heavy,0,88.4,19.2,105.2,30.33,118.7,29.48,1.0,62.472
warehouse_medium,1,random,3,6.67,20,multi,2,0.3,5,6,1.0,Heavy,0,550.6,5.0,95.4,14.23,252.9,27.53,1.0,54.392
warehouse_medium,1,random,1,4.0,4,solo_small,1,1.0,9,9,1.0,Light,2,178.4,53.3,87.7,17.25,208.7,44.61,1.0,47.353
warehouse_medium,1,random,3,4.33,13,multi,2,0.3077,7,1,1.6,Heavy,0,360.6,18.6,97.5,21.8,165.2,27.74,1.0,60.07
warehouse_medium,1,random,1,15.0,15,solo_small,1,0.4,2,1,1.0,Light,2,490.1,29.0,88.6,5.68,633.4,32.67,1.0,35.849
warehouse_medium,1,random,3,6.33,19,multi,2,0.4211,1,1,1.6,Moderate,1,622.4,24.2,87.3,13.44,267.9,32.76,1.0,45.285
warehouse_medium,1,random,1,14.0,14,solo_small,1,0.4286,9,7,1.0,Heavy,0,502.7,30.1,83.5,5.72,628.9,35.91,1.0,27.329
warehouse_medium,1,random,2,9.5,19,multi,2,0.3158,7,2,1.0,Heavy,0,474.4,43.1,106.2,10.58,340.1,24.97,1.0,62.152
warehouse_medium,1,random,3,10.67,32,multi,2,0.2188,5,3,1.3,Moderate,1,742.6,26.0,106.9,9.83,366.3,23.21,1.0,75.186
warehouse_medium,1,random,1,5.0,5,solo_small,1,0.6,5,6,1.6,Light,2,130.0,5.0,100.5,19.64,183.3,26.0,1.0,51.301
warehouse_medium,1,random,2,7.0,14,multi,2,0.5,10,6,1.6,Light,2,411.2,12.6,93.0,13.03,276.3,29.37,1.0,47.093
warehouse_medium,1,random,2,9.0,18,multi,2,0.3333,2,1,1.6,Moderate,1,518.9,17.3,94.2,10.25,351.2,28.83,1.0,45.223
warehouse_medium,1,random,1,1.0,1,solo_small,1,1.0,3,5,1.0,Heavy,0,55.2,27.6,94.7,59.0,61.0,55.22,1.0,109.328
warehouse_medium,1,random,3,5.0,15,multi,2,0.2667,2,3,1.3,Light,2,438.5,35.3,96.3,18.29,196.8,29.24,1.0,52.999
warehouse_medium,1,random,1,7.0,7,solo_small,1,0.4286,6,4,1.6,Light,2,213.2,50.6,104.8,12.74,282.7,30.46,1.0,52.553
warehouse_medium,1,random,3,7.0,21,multi,2,0.2857,7,8,1.0,Light,2,404.9,10.3,117.4,16.55,217.5,19.28,1.0,75.176
warehouse_medium,1,random,1,14.0,14,solo_small,1,0.4286,8,7,1.0,Light,2,394.1,49.1,101.3,6.69,538.4,28.15,1.0,47.406
warehouse_medium,1,random,1,1.0,1,solo_small,1,1.0,7,9,1.0,Light,2,66.6,33.3,84.2,51.04,70.5,66.64,1.0,99.747
warehouse_medium,1,random,3,6.67,20,multi,2,0.4,6,9,1.3,Heavy,0,508.3,5.0,100.1,14.93,241.2,25.42,1.0,58.645
warehouse_medium,1,random,2,8.0,16,multi,2,0.375,7,1,1.6,Light,2,498.0,41.0,92.8,10.99,327.5,31.12,1.0,49.186
warehouse_medium,1,random,3,8.67,26,multi,2,0.1923,2,8,1.0,Moderate,1,740.2,52.2,97.2,10.73,335.6,28.47,1.0,55.198
warehouse_medium,1,random,1,27.0,27,solo_large,0,0.2963,5,10,1.0,Heavy,0,758.1,16.0,95.0,3.47,1036.8,28.08,1.0,33.449
warehouse_medium,1,random,1,4.0,4,solo_small,1,0.75,6,5,1.0,Light,2,194.3,58.3,83.1,16.22,221.9,48.58,1.0,44.444
warehouse_medium,1,random,2,5.0,10,multi,2,0.4,8,1,1.0,Moderate,1,292.0,10.0,93.5,18.31,196.7,29.2,1.0,48.856
warehouse_medium,1,random,2,5.5,11,multi,2,0.4545,1,1,1.3,Moderate,1,442.1,8.0,75.2,13.5,266.7,40.19,1.0,30.76
warehouse_medium,1,random,2,13.5,27,multi,2,0.2593,5,4,1.0,Light,2,886.6,49.6,88.2,6.29,571.9,32.84,1.0,39.027
warehouse_medium,1,random,2,6.0,12,multi,2,0.4167,6,4,1.3,Heavy,0,252.9,39.3,120.7,18.42,195.4,21.08,1.0,77.797
warehouse_medium,1,random,2,9.0,18,multi,2,0.3889,1,1,1.0,Heavy,0,516.2,52.0,98.7,10.28,350.1,28.68,1.0,52.345
warehouse_medium,1,random,3,8.67,26,multi,2,0.3077,8,3,1.3,Heavy,0,780.1,52.1,93.9,10.38,346.7,30.0,1.0,49.657
warehouse_medium,1,random,1,15.0,15,solo_small,1,0.4667,10,5,1.6,Light,2,394.6,17.6,100.2,6.5,553.8,26.31,1.0,42.394
warehouse_medium,1,random,1,19.0,19,solo_large,0,0.3684,8,3,1.3,Moderate,1,492.2,15.2,100.2,5.18,695.2,25.91,1.0,47.426
warehouse_medium,1,random,1,6.0,6,solo_small,1,1.0,3,2,1.0,Heavy,0,198.3,36.1,95.9,14.1,255.3,33.06,1.0,47.329
warehouse_medium,1,random,2,9.5,19,multi,2,0.3684,2,7,1.3,Moderate,1,620.3,51.3,90.1,8.98,401.0,32.65,1.0,36.785
warehouse_medium,1,random,2,14.0,28,multi,2,0.2857,5,6,1.3,Heavy,0,844.0,52.0,93.3,6.41,561.7,30.14,1.0,49.528
warehouse_medium,1,random,2,5.5,11,multi,2,0.4545,2,6,1.0,Heavy,0,358.2,18.2,88.3,15.53,231.7,32.56,1.0,48.889
warehouse_medium,1,random,2,3.5,7,multi,2,0.7143,8,5,1.0,Moderate,1,230.9,50.3,98.6,24.21,148.7,32.99,1.0,85.042
warehouse_medium,1,random,3,12.0,36,multi,2,0.1667,3,5,1.0,Moderate,1,1152.4,67.1,89.7,7.2,500.1,32.01,1.0,36.473
warehouse_medium,1,random,1,5.0,5,solo_small,1,0.6,9,1,1.6,Moderate,1,196.1,34.0,85.7,15.1,238.4,39.22,1.0,40.948
warehouse_medium,1,random,2,6.0,12,multi,2,0.5833,3,6,1.6,Heavy,0,410.2,48.1,89.7,13.8,260.9,34.18,1.0,41.785
warehouse_medium,1,random,1,29.0,29,solo_large,0,0.2759,3,7,1.6,Light,2,886.6,33.6,91.1,3.07,1173.8,30.57,1.0,40.482
warehouse_medium,1,random,1,24.0,24,solo_large,0,0.3333,7,6,1.3,Moderate,1,632.5,56.3,102.8,4.06,887.1,26.35,1.0,54.62
warehouse_medium,1,random,2,8.0,16,multi,2,0.375,5,2,1.6,Heavy,0,458.6,34.3,97.0,11.57,311.1,28.66,1.0,45.373
warehouse_medium,1,random,3,8.33,25,multi,2,0.24,3,7,1.6,Light,2,708.7,40.1,96.5,11.18,321.9,28.35,1.0,50.305
warehouse_medium,1,random,3,8.0,24,multi,2,0.2917,10,1,1.3,Light,2,700.3,58.3,96.5,11.45,314.5,29.18,1.0,48.678
warehouse_medium,1,random,3,4.67,14,multi,2,0.3571,4,3,1.6,Light,2,346.6,24.0,105.3,21.65,166.3,24.76,1.0,73.794
warehouse_medium,1,random,2,7.5,15,multi,2,0.4667,6,9,1.6,Light,2,442.1,19.0,93.5,12.13,296.7,29.48,1.0,44.639
warehouse_medium,1,random,3,3.67,11,multi,2,0.5455,6,5,1.6,Moderate,1,300.8,40.2,103.6,25.98,138.6,27.34,1.0,65.475
warehouse_medium,1,random,2,6.5,13,multi,2,0.4615,9,2,1.6,Moderate,1,466.5,33.2,84.2,12.33,291.9,35.88,1.0,33.141
warehouse_medium,1,random,3,3.33,10,multi,2,0.4,8,7,1.0,Moderate,1,326.6,41.0,92.8,25.58,140.7,32.66,1.0,63.424
warehouse_medium,1,random,1,6.0,6,solo_small,1,0.6667,1,10,1.3,Heavy,0,173.2,32.6,104.3,15.36,234.4,28.87,1.0,52.102
warehouse_medium,1,random,2,10.5,21,multi,2,0.2857,8,9,1.3,Light,2,600.6,41.0,96.8,8.83,407.8,28.6,1.0,39.334
warehouse_medium,1,random,2,14.0,28,multi,2,0.25,8,7,1.6,Light,2,726.1,39.1,101.6,7.02,512.6,25.93,1.0,62.612
warehouse_medium,1,random,3,4.0,12,multi,2,0.3333,2,3,1.6,Moderate,1,350.2,25.0,95.8,22.89,157.3,29.19,1.0,53.394
warehouse_medium,1,random,2,1.5,3,multi,2,0.6667,3,4,1.6,Heavy,0,144.4,14.3,70.4,43.54,82.7,48.15,1.0,74.361
warehouse_medium,1,random,3,8.33,25,multi,2,0.28,2,6,1.0,Moderate,1,728.9,11.6,92.5,10.99,327.5,29.16,1.0,47.374
warehouse_medium,1,random,1,28.0,28,solo_large,0,0.2857,6,4,1.0,Heavy,0,804.2,53.2,96.4,3.3,1090.2,28.72,1.0,44.218
warehouse_medium,1,random,1,3.0,3,solo_small,1,0.6667,5,1,1.0,Heavy,0,100.0,43.0,116.8,28.05,128.3,33.33,1.0,66.661
warehouse_medium,1,random,1,30.0,30,solo_large,0,0.2,1,7,1.0,Moderate,1,748.2,10.0,101.4,3.35,1073.5,24.94,1.0,57.708
warehouse_medium,1,random,1,3.0,3,solo_small,1,1.0,3,5,1.3,Light,2,138.4,28.3,79.0,22.45,160.4,46.14,1.0,49.123
warehouse_medium,1,random,2,8.5,17,multi,2,0.3529,4,8,1.0,Moderate,1,412.3,27.3,106.3,12.03,299.3,24.25,1.0,60.358
warehouse_medium,1,random,3,4.33,13,multi,2,0.5385,8,8,1.6,Light,2,418.3,29.2,90.1,19.87,181.2,32.18,1.0,91.833
warehouse_medium,1,random,3,8.0,24,multi,2,0.2917,6,2,1.0,Moderate,1,740.3,71.1,94.2,11.05,325.6,30.85,1.0,47.342
warehouse_medium,1,random,1,4.0,4,solo_small,1,1.0,3,7,1.3,Heavy,0,194.6,24.0,71.2,16.2,222.2,48.65,1.0,39.436
warehouse_medium,1,random,2,5.0,10,multi,2,0.5,10,7,1.6,Light,2,302.8,55.2,101.0,17.9,201.2,30.28,1.0,54.933
warehouse_medium,1,random,1,6.0,6,solo_small,1,0.6667,10,10,1.3,Moderate,1,212.2,42.0,93.2,13.49,266.9,35.37,1.0,42.996
warehouse_medium,1,random,1,7.0,7,solo_small,1,0.5714,7,7,1.6,Moderate,1,218.2,53.2,103.9,12.55,286.9,31.17,1.0,48.599
warehouse_medium,1,random,2,9.5,19,multi,2,0.3158,2,9,1.0,Moderate,1,524.6,10.6,95.9,9.97,361.1,27.61,1.0,55.111
warehouse_medium,1,random,1,10.0,10,solo_small,1,0.3,2,9,1.0,Light,2,164.6,5.0,127.2,12.54,287.2,16.46,1.0,63.651
warehouse_medium,1,random,3,6.0,18,multi,2,0.3889,10,3,1.6,Moderate,1,578.1,34.1,89.6,14.37,250.6,32.12,1.0,40.844
warehouse_medium,1,random,1,14.0,14,solo_small,1,0.3571,4,10,1.0,Heavy,0,418.3,28.3,94.2,6.44,558.6,29.88,1.0,39.426
warehouse_medium,1,random,1,5.0,5,solo_small,1,0.8,7,9,1.3,Light,2,134.3,16.3,103.8,19.26,186.9,26.86,1.0,51.671
warehouse_medium,1,random,3,8.67,26,multi,2,0.2692,8,1,1.0,Moderate,1,734.7,31.6,95.9,10.78,334.1,28.26,1.0,51.126
warehouse_medium,1,random,1,13.0,13,solo_small,1,0.3846,1,10,1.6,Moderate,1,256.8,10.6,116.9,8.8,409.0,19.76,1.0,57.425
warehouse_medium,1,random,1,8.0,8,solo_small,1,0.5,6,1,1.3,Light,2,238.3,53.0,104.9,11.3,318.6,29.79,1.0,46.107
warehouse_medium,1,random,2,6.0,12,multi,2,0.4167,10,1,1.6,Heavy,0,314.2,30.2,103.7,16.3,220.9,26.19,1.0,56.107
warehouse_medium,1,random,1,7.0,7,solo_small,1,0.4286,2,6,1.6,Light,2,172.3,20.3,108.8,14.48,248.6,24.62,1.0,47.286
warehouse_medium,1,random,2,7.5,15,multi,2,0.3333,4,1,1.6,Light,2,450.2,42.0,95.6,12.0,300.1,30.01,1.0,45.241
warehouse_medium,1,random,1,3.0,3,solo_small,1,0.3333,7,6,1.3,Light,2,56.0,8.0,127.1,39.27,91.7,18.67,1.0,72.759
warehouse_medium,1,random,1,25.0,25,solo_large,0,0.28,9,9,1.3,Moderate,1,680.0,49.0,99.9,3.82,941.7,27.2,1.0,51.994
warehouse_medium,1,random,3,7.33,22,multi,2,0.2727,6,7,1.3,Light,2,628.9,58.3,98.3,12.64,284.7,28.59,1.0,64.073
warehouse_medium,1,random,2,11.0,22,multi,2,0.3182,2,2,1.6,Moderate,1,650.6,15.0,92.1,8.26,436.1,29.57,1.0,42.927
warehouse_medium,1,random,1,4.0,4,solo_small,1,1.0,2,1,1.6,Heavy,0,204.1,55.0,78.2,15.65,230.1,51.02,1.0,43.711
warehouse_medium,1,random,2,10.5,21,multi,2,0.2857,5,9,1.3,Heavy,0,530.2,30.0,103.3,9.51,378.4,25.25,1.0,50.241
warehouse_medium,1,random,1,18.0,18,solo_large,0,0.4444,5,8,1.6,Moderate,1,492.3,32.3,99.2,5.29,680.3,27.35,1.0,46.212
warehouse_medium,1,random,1,17.0,17,solo_large,0,0.3529,9,10,1.3,Light,2,461.2,10.6,97.1,5.63,639.4,27.13,1.0,43.669
warehouse_medium,1,random,3,2.33,7,multi,2,0.5714,9,8,1.0,Light,2,200.3,45.3,107.6,39.72,90.6,28.62,1.0,108.476
warehouse_medium,1,random,1,15.0,15,solo_small,1,0.4,1,6,1.0,Heavy,0,396.0,6.0,98.2,6.49,555.0,26.4,1.0,47.82
warehouse_medium,1,random,1,1.0,1,solo_small,1,1.0,6,6,1.0,Moderate,1,56.0,28.0,93.9,58.38,61.7,56.0,1.0,108.555
warehouse_medium,1,random,1,21.0,21,solo_large,0,0.2381,6,8,1.0,Heavy,0,560.1,10.0,97.7,4.61,781.8,26.67,1.0,44.101
warehouse_medium,1,random,1,6.0,6,solo_small,1,0.6667,3,6,1.0,Moderate,1,288.2,68.1,79.0,10.9,330.2,48.04,1.0,36.021
warehouse_medium,1,random,1,7.0,7,solo_small,1,0.7143,2,3,1.3,Moderate,1,190.2,47.1,112.4,13.66,263.5,27.18,1.0,49.848
warehouse_medium,1,random,1,22.0,22,solo_large,0,0.3182,4,7,1.3,Light,2,652.3,42.0,94.4,4.12,873.6,29.65,1.0,37.987
warehouse_medium,1,random,1,22.0,22,solo_large,0,0.3182,4,9,1.3,Heavy,0,578.3,39.2,101.6,4.43,811.9,26.29,1.0,47.463
warehouse_medium,1,random,3,4.67,14,multi,2,0.4286,1,9,1.6,Heavy,0,400.4,57.1,101.6,19.87,181.2,28.6,1.0,63.436
warehouse_medium,1,random,2,5.0,10,multi,2,0.5,9,4,1.0,Light,2,330.7,47.6,93.3,16.92,212.8,33.07,1.0,43.769
warehouse_medium,1,random,3,6.0,18,multi,2,0.3333,3,1,1.6,Light,2,526.1,12.0,92.8,15.25,236.1,29.23,1.0,47.038
warehouse_medium,1,random,3,3.33,10,multi,2,0.6,3,2,1.6,Light,2,338.5,38.3,90.0,24.99,144.0,33.85,1.0,57.875
warehouse_medium,1,random,1,22.0,22,solo_large,0,0.2727,7,9,1.6,Moderate,1,558.9,39.3,103.8,4.52,795.8,25.41,1.0,49.436
warehouse_medium,1,random,2,3.0,6,multi,2,0.5,6,1,1.3,Light,2,217.2,29.6,87.7,26.57,135.5,36.2,1.0,55.78
warehouse_medium,1,random,1,2.0,2,solo_small,1,0.5,7,10,1.6,Heavy,0,92.0,15.0,76.5,33.75,106.7,46.0,1.0,59.55
warehouse_medium,1,random,1,18.0,18,solo_large,0,0.3889,1,9,1.6,Light,2,514.1,53.0,99.0,5.15,698.4,28.56,1.0,39.95
warehouse_medium,1,random,1,14.0,14,solo_small,1,0.4286,1,10,1.3,Moderate,1,474.7,19.1,85.5,5.94,605.6,33.91,1.0,32.494
warehouse_medium,1,random,1,9.0,9,solo_small,1,0.4444,10,2,1.0,Light,2,248.2,37.2,104.2,10.53,341.9,27.58,1.0,48.049
warehouse_medium,1,random,1,5.0,5,solo_small,1,0.4,4,7,1.6,Moderate,1,132.6,12.6,102.9,19.41,185.5,26.52,1.0,51.981
warehouse_medium,1,random,1,1.0,1,solo_small,1,1.0,2,8,1.0,Light,2,132.2,66.1,51.4,28.76,125.2,132.2,1.0,69.351
warehouse_medium,1,random,3,8.0,24,multi,2,0.2917,8,5,1.3,Light,2,674.6,29.6,96.3,11.71,307.4,28.11,1.0,49.336
warehouse_medium,1,random,1,14.0,14,solo_small,1,0.3571,3,8,1.6,Moderate,1,478.1,37.0,87.3,5.92,608.4,34.15,1.0,34.291
warehouse_medium,1,random,1,13.0,13,solo_small,1,0.3846,10,10,1.0,Light,2,426.6,45.6,91.3,6.54,550.5,32.82,1.0,42.672
warehouse_medium,1,random,2,4.5,9,multi,2,0.6667,3,4,1.6,Moderate,1,288.1,42.1,95.3,19.2,187.5,32.01,1.0,51.19
warehouse_medium,1,random,3,10.0,30,multi,2,0.2667,4,9,1.0,Light,2,810.3,73.1,101.5,9.6,375.1,27.01,1.0,57.262
warehouse_medium,1,random,1,24.0,24,solo_large,0,0.2917,9,2,1.3,Moderate,1,624.5,14.3,99.5,4.09,880.5,26.02,1.0,45.953
warehouse_medium,1,random,1,9.0,9,solo_small,1,0.6667,1,2,1.3,Moderate,1,260.6,46.0,103.2,10.22,352.2,28.96,1.0,46.661
warehouse_medium,1,random,1,25.0,25,solo_large,0,0.32,2,10,1.3,Light,2,810.7,26.1,87.5,3.43,1050.6,32.43,1.0,34.309
warehouse_medium,1,random,2,3.5,7,multi,2,0.5714,4,5,1.0,Moderate,1,212.3,69.1,112.3,25.54,141.0,30.33,1.0,68.117
warehouse_medium,1,random,1,3.0,3,solo_small,1,1.0,3,5,1.0,Heavy,0,118.9,53.3,108.4,24.98,144.1,39.64,1.0,63.723
warehouse_medium,1,random,1,3.0,3,solo_small,1,1.0,4,10,1.6,Moderate,1,122.6,19.6,82.5,24.46,147.2,40.87,1.0,50.526
warehouse_medium,1,random,3,2.67,8,multi,2,0.375,4,4,1.6,Heavy,0,212.3,49.0,112.5,36.37,99.0,26.54,1.0,82.385
warehouse_medium,1,random,3,6.0,18,multi,2,0.3333,7,8,1.3,Moderate,1,606.5,17.3,85.2,13.93,258.5,33.69,1.0,46.343
warehouse_medium,1,random,1,2.0,2,solo_small,1,1.0,7,10,1.6,Light,2,114.6,55.0,90.4,28.68,125.5,57.3,1.0,68.863
warehouse_medium,1,random,2,10.5,21,multi,2,0.2381,9,3,1.3,Heavy,0,560.2,58.2,103.1,9.21,390.9,26.68,1.0,56.911
warehouse_medium,1,random,3,1.0,3,multi,2,0.6667,10,1,1.3,Light,2,176.2,52.1,72.8,56.3,63.9,58.73,1.0,112.708
warehouse_medium,1,random,1,30.0,30,solo_large,0,0.2333,6,7,1.3,Heavy,0,776.2,22.2,100.2,3.28,1096.8,25.87,1.0,52.47
warehouse_medium,1,random,1,10.0,10,solo_small,1,0.4,5,4,1.0,Moderate,1,274.2,42.0,104.8,9.51,378.5,27.42,1.0,48.898
warehouse_medium,1,random,1,27.0,27,solo_large,0,0.2963,2,9,1.3,Moderate,1,810.4,43.1,93.1,3.33,1080.3,30.01,1.0,37.438
warehouse_medium,1,random,3,10.67,32,multi,2,0.2188,1,4,1.3,Heavy,0,894.2,37.0,96.5,8.82,408.4,27.94,1.0,50.0
warehouse_medium,1,random,2,8.5,17,multi,2,0.4118,7,5,1.3,Moderate,1,564.1,71.1,91.9,9.93,362.5,33.18,1.0,34.989
warehouse_medium,1,random,1,3.0,3,solo_small,1,1.0,1,4,1.6,Heavy,0,200.9,59.3,66.3,16.95,212.4,66.98,1.0,43.319
warehouse_medium,1,random,1,2.0,2,solo_small,1,1.0,4,9,1.3,Heavy,0,100.6,42.0,91.3,31.62,113.8,50.3,1.0,67.703
warehouse_medium,1,random,2,12.0,24,multi,2,0.2917,1,3,1.3,Moderate,1,590.2,54.0,107.1,8.45,425.9,24.59,1.0,61.469
warehouse_medium,1,random,3,12.33,37,multi,2,0.1892,2,7,1.6,Heavy,0,1090.7,8.6,91.4,7.38,488.0,29.48,1.0,38.461
warehouse_medium,1,random,1,4.0,4,solo_small,1,1.0,8,7,1.0,Moderate,1,146.3,9.0,82.6,19.79,181.9,36.58,1.0,45.481
warehouse_medium,1,random,2,4.0,8,multi,2,0.5,8,9,1.0,Heavy,0,318.2,40.2,81.9,18.69,192.6,39.78,1.0,49.478
warehouse_medium,1,random,3,7.67,23,multi,2,0.2609,2,6,1.0,Heavy,0,558.4,42.2,106.8,13.33,270.1,24.28,1.0,67.502
warehouse_medium,1,random,2,6.5,13,multi,2,0.2308,5,4,1.0,Moderate,1,346.6,52.3,106.3,14.88,241.9,26.66,1.0,73.189
warehouse_medium,1,random,2,8.0,16,multi,2,0.5,1,1,1.0,Light,2,390.2,22.1,105.3,12.74,282.6,24.39,1.0,52.92
warehouse_medium,1,random,2,7.0,14,multi,2,0.3571,3,1,1.3,Light,2,374.8,14.2,98.7,13.78,261.2,26.77,1.0,54.806
warehouse_medium,1,random,3,5.67,17,multi,2,0.4118,3,5,1.0,Heavy,0,440.6,36.0,103.3,17.36,207.4,25.92,1.0,69.317
warehouse_medium,1,random,1,19.0,19,solo_large,0,0.3684,6,7,1.3,Light,2,568.6,34.0,93.6,4.74,758.8,29.93,1.0,37.374
warehouse_medium,1,random,1,5.0,5,solo_small,1,0.6,5,9,1.0,Heavy,0,178.1,46.0,97.2,16.11,223.4,35.63,1.0,46.457
warehouse_medium,1,random,1,28.0,28,solo_large,0,0.25,9,1,1.6,Light,2,690.8,64.2,107.0,3.62,995.7,24.67,1.0,57.629
warehouse_medium,1,random,2,6.5,13,multi,2,0.3077,9,5,1.0,Heavy,0,458.7,34.1,85.3,12.47,288.6,35.29,1.0,47.311
warehouse_medium,1,random,1,26.0,26,solo_large,0,0.2308,10,4,1.3,Light,2,738.7,29.6,95.4,3.58,1005.6,28.41,1.0,35.728
warehouse_medium,1,random,3,7.0,21,multi,2,0.3333,3,4,1.6,Light,2,532.8,12.2,101.0,14.23,253.0,25.37,1.0,55.378
warehouse_medium,1,random,1,30.0,30,solo_large,0,0.2667,2,3,1.3,Moderate,1,882.2,20.2,92.4,3.04,1185.2,29.41,1.0,35.535
warehouse_medium,1,random,1,3.0,3,solo_small,1,0.3333,6,7,1.3,Heavy,0,93.2,38.6,119.3,29.34,122.7,31.07,1.0,68.348
warehouse_medium,1,random,3,8.0,24,multi,2,0.25,4,6,1.3,Moderate,1,738.7,12.6,89.5,11.07,325.2,30.78,1.0,40.255
warehouse_medium,1,random,1,4.0,4,solo_small,1,0.75,4,1,1.6,Moderate,1,144.8,9.6,83.4,19.92,180.7,36.21,1.0,44.651
warehouse_medium,1,random,1,30.0,30,solo_large,0,0.2,6,8,1.0,Moderate,1,920.4,47.3,91.7,2.96,1217.0,30.68,1.0,30.266
warehouse_medium,1,random,3,4.0,12,multi,2,0.5,6,2,1.0,Light,2,460.7,54.6,83.3,19.15,188.0,38.39,1.0,41.982
warehouse_medium,1,random,1,4.0,4,solo_small,1,0.5,10,10,1.6,Moderate,1,154.2,35.0,90.4,19.1,188.5,38.55,1.0,48.077
warehouse_medium,1,random,1,24.0,24,solo_large,0,0.2917,4,1,1.6,Moderate,1,658.4,20.2,96.9,3.96,908.7,27.43,1.0,48.305
warehouse_medium,1,random,2,9.0,18,multi,2,0.2778,2,5,1.6,Heavy,0,502.4,13.2,95.6,10.45,344.4,27.91,1.0,48.707
warehouse_medium,1,random,3,5.33,16,multi,2,0.4375,7,3,1.6,Light,2,488.4,65.1,97.2,16.69,215.7,30.53,1.0,50.653
warehouse_medium,1,random,1,25.0,25,solo_large,0,0.28,7,4,1.6,Moderate,1,604.0,25.0,105.0,4.1,878.3,24.16,1.0,52.065
warehouse_medium,1,random,1,18.0,18,solo_large,0,0.3333,5,9,1.6,Moderate,1,492.8,53.2,101.8,5.29,680.7,27.38,1.0,42.802
warehouse_medium,1,random,3,2.33,7,multi,2,0.4286,9,4,1.6,Moderate,1,268.6,38.6,84.9,32.84,109.6,38.37,1.0,68.414
warehouse_medium,1,random,1,1.0,1,solo_small,1,1.0,7,1,1.0,Moderate,1,37.2,18.6,118.0,78.23,46.0,37.22,1.0,129.907
warehouse_medium,1,random,1,15.0,15,solo_small,1,0.4667,10,6,1.3,Moderate,1,360.3,7.0,104.0,6.85,525.3,24.02,1.0,45.851
warehouse_medium,1,random,1,21.0,21,solo_large,0,0.2857,6,5,1.0,Light,2,614.5,14.2,92.7,4.35,827.1,29.26,1.0,36.559
warehouse_medium,1,random,1,2.0,2,solo_small,1,1.0,5,3,1.6,Light,2,84.2,5.0,75.0,35.93,100.2,42.11,1.0,59.079
warehouse_medium,1,random,1,26.0,26,solo_large,0,0.2692,2,5,1.3,Heavy,0,742.3,30.3,95.2,3.57,1008.6,28.55,1.0,44.594
warehouse_medium,1,random,1,5.0,5,solo_small,1,0.8,1,7,1.0,Heavy,0,204.1,34.1,83.1,14.69,245.1,40.82,1.0,45.61
warehouse_medium,1,random,1,5.0,5,solo_small,1,0.8,5,5,1.0,Moderate,1,186.6,36.0,89.8,15.62,230.5,37.32,1.0,46.591
warehouse_medium,1,random,3,12.0,36,multi,2,0.1944,5,2,1.0,Heavy,0,1176.2,45.2,87.4,7.1,506.7,32.67,1.0,32.338
warehouse_medium,1,random,1,6.0,6,solo_small,1,0.6667,5,5,1.0,Moderate,1,248.4,51.3,85.0,12.12,297.0,41.41,1.0,38.55
warehouse_medium,1,random,1,4.0,4,solo_small,1,0.75,10,3,1.3,Heavy,0,198.4,41.3,75.4,15.97,225.4,49.61,1.0,40.715
warehouse_medium,1,random,1,10.0,10,solo_small,1,0.4,5,10,1.0,Light,2,264.6,53.0,110.3,9.72,370.5,26.46,1.0,52.895
warehouse_medium,1,random,3,6.0,18,multi,2,0.3889,7,7,1.0,Moderate,1,442.2,27.0,105.2,16.91,212.8,24.57,1.0,65.002
warehouse_medium,1,random,3,6.0,18,multi,2,0.4444,7,6,1.6,Heavy,0,596.8,15.2,85.9,14.07,255.8,33.16,1.0,41.665
warehouse_medium,1,random,3,12.33,37,multi,2,0.1892,7,8,1.0,Light,2,1036.8,40.2,96.1,7.61,473.0,28.02,1.0,59.108
warehouse_medium,1,random,1,17.0,17,solo_large,0,0.3529,3,8,1.3,Heavy,0,450.3,55.3,104.8,5.71,630.3,26.49,1.0,52.538
warehouse_medium,1,random,1,13.0,13,solo_small,1,0.4615,5,5,1.6,Heavy,0,310.6,10.6,105.2,7.93,453.8,23.89,1.0,52.366
warehouse_medium,1,random,2,2.5,5,multi,2,0.6,2,1,1.3,Moderate,1,144.2,43.2,113.1,36.89,97.6,28.84,1.0,91.051
warehouse_medium,1,random,1,17.0,17,solo_large,0,0.4118,5,1,1.0,Heavy,0,386.7,42.6,113.0,6.24,577.3,22.75,1.0,56.999
warehouse_large,2,sshape,3,5.33,16,multi,2,0.5,10,9,1.0,Light,2,470.7,64.1,99.5,17.08,210.7,29.42,1.0,52.431
warehouse_large,2,sshape,1,9.0,9,solo_small,1,0.6667,2,5,1.6,Moderate,1,378.7,75.1,83.5,7.99,450.6,42.07,1.0,33.027
warehouse_large,2,sshape,2,14.5,29,multi,2,0.3103,9,9,1.3,Moderate,1,452.1,78.1,139.8,8.87,405.9,15.59,1.0,112.337
warehouse_large,2,sshape,3,8.33,25,multi,2,0.4,8,1,1.0,Heavy,0,634.1,54.1,104.9,11.96,301.1,25.36,1.0,59.507
warehouse_large,2,sshape,1,2.0,2,solo_small,1,1.0,4,1,1.0,Heavy,0,174.1,46.1,52.7,20.56,175.1,87.06,1.0,45.28
warehouse_large,2,sshape,3,7.0,21,multi,2,0.4286,6,4,1.6,Heavy,0,518.1,66.1,109.3,14.46,248.9,24.67,1.0,74.255
warehouse_large,2,sshape,3,7.33,22,multi,2,0.5455,1,1,1.3,Moderate,1,564.1,63.1,106.0,13.5,266.7,25.64,1.0,67.202
warehouse_large,2,sshape,1,4.0,4,solo_small,1,1.0,9,9,1.6,Heavy,0,180.1,61.1,90.5,17.14,210.1,45.03,1.0,47.626
warehouse_large,2,sshape,2,6.0,12,multi,2,0.5,10,2,1.6,Heavy,0,292.1,36.1,109.8,17.01,211.7,24.34,1.0,57.254
warehouse_large,2,sshape,2,10.5,21,multi,2,0.4762,5,3,1.0,Moderate,1,502.1,64.1,111.2,9.82,366.7,23.91,1.0,73.105
warehouse_large,2,sshape,2,9.0,18,multi,2,0.3889,10,1,1.3,Light,2,524.7,84.1,101.7,10.18,353.6,29.15,1.0,53.358
warehouse_large,2,sshape,1,4.0,4,solo_small,1,1.0,10,5,1.3,Moderate,1,232.7,75.1,75.3,14.18,253.9,58.17,1.0,41.187
warehouse_large,2,sshape,3,7.33,22,multi,2,0.3636,2,4,1.3,Light,2,438.1,64.1,123.4,15.54,231.7,19.91,1.0,86.355
warehouse_large,2,sshape,1,6.0,6,solo_small,1,0.5,10,6,1.6,Light,2,222.3,75.1,101.6,13.08,275.3,37.05,1.0,46.219
warehouse_large,2,sshape,1,2.0,2,solo_small,1,1.0,9,4,1.3,Heavy,0,116.4,58.1,91.6,28.35,127.0,58.2,1.0,68.634
warehouse_large,2,sshape,3,8.67,26,multi,2,0.4231,6,5,1.3,Moderate,1,738.1,92.1,100.8,10.75,335.0,28.39,1.0,67.14
warehouse_large,2,sshape,2,8.5,17,multi,2,0.5294,1,8,1.6,Light,2,522.1,35.1,92.6,10.43,345.0,30.71,1.0,53.037
warehouse_large,2,sshape,2,8.0,16,multi,2,0.5,7,8,1.0,Heavy,0,364.1,46.1,114.1,13.25,271.7,22.75,1.0,60.494
warehouse_large,2,sshape,1,6.0,6,solo_small,1,0.8333,2,7,1.6,Light,2,318.1,20.1,63.8,10.14,355.1,53.02,1.0,26.532
warehouse_large,2,sshape,1,7.0,7,solo_small,1,0.8571,8,8,1.3,Heavy,0,248.7,47.1,92.3,11.53,312.2,35.52,1.0,40.641
warehouse_large,2,sshape,2,10.0,20,multi,2,0.35,4,7,1.0,Moderate,1,510.1,76.1,108.8,9.93,362.5,25.5,1.0,61.865
warehouse_large,2,sshape,1,9.0,9,solo_small,1,0.6667,7,4,1.6,Light,2,276.1,43.1,98.4,9.86,365.0,30.67,1.0,48.788
warehouse_large,2,sshape,3,2.67,8,multi,2,0.5,2,1,1.0,Light,2,180.1,25.1,115.6,39.99,90.0,22.51,1.0,167.194
warehouse_large,2,sshape,3,3.33,10,multi,2,0.6,1,7,1.3,Moderate,1,302.1,31.1,95.8,26.88,133.9,30.21,1.0,66.146
warehouse_large,2,sshape,3,7.0,21,multi,2,0.3333,8,5,1.0,Heavy,0,416.1,89.1,128.7,16.32,220.6,19.81,1.0,105.034
warehouse_large,2,sshape,1,11.0,11,solo_small,1,0.6364,6,8,1.6,Moderate,1,302.1,46.1,104.7,8.64,416.7,27.46,1.0,46.01
warehouse_large,2,sshape,1,14.0,14,solo_small,1,0.5,7,2,1.0,Heavy,0,244.1,39.1,132.3,8.71,413.4,17.43,1.0,77.961
warehouse_large,2,sshape,2,11.5,23,multi,2,0.4783,1,9,1.0,Light,2,576.1,38.1,104.4,8.73,412.5,25.05,1.0,71.204
warehouse_large,2,sshape,3,6.67,20,multi,2,0.45,8,4,1.3,Moderate,1,552.1,90.1,105.1,14.21,253.3,27.6,1.0,74.26
warehouse_large,2,sshape,1,21.0,21,solo_large,0,0.381,2,10,1.6,Moderate,1,508.7,46.1,107.9,4.87,738.9,24.22,1.0,60.848
warehouse_large,2,sshape,1,18.0,18,solo_large,0,0.5,2,2,1.3,Moderate,1,406.1,72.1,118.2,5.92,608.4,22.56,1.0,63.894
warehouse_large,2,sshape,1,17.0,17,solo_large,0,0.5882,7,9,1.3,Heavy,0,616.1,87.1,88.0,4.69,768.4,36.24,1.0,34.557
warehouse_large,2,sshape,1,1.0,1,solo_small,1,1.0,7,7,1.3,Light,2,78.2,39.1,75.7,44.93,80.1,78.16,1.0,92.041
warehouse_large,2,sshape,3,9.33,28,multi,2,0.3929,2,7,1.6,Moderate,1,614.1,60.1,114.3,11.59,310.6,21.93,1.0,81.092
warehouse_large,2,sshape,2,7.5,15,multi,2,0.4,4,3,1.0,Light,2,368.1,55.1,111.1,13.54,265.9,24.54,1.0,60.148
warehouse_large,2,sshape,3,9.0,27,multi,2,0.3333,1,10,1.0,Heavy,0,596.1,96.1,118.3,11.98,300.6,22.08,1.0,99.138
warehouse_large,2,sshape,2,1.0,2,multi,2,1.0,2,3,1.3,Light,2,50.5,21.2,132.3,99.9,36.0,25.25,1.0,190.144
warehouse_large,2,sshape,3,6.33,19,multi,2,0.4211,6,6,1.6,Light,2,410.1,60.1,118.6,17.23,208.9,21.58,1.0,85.781
warehouse_large,2,sshape,3,4.0,12,multi,2,0.5,2,2,1.6,Moderate,1,338.7,55.1,103.8,23.36,154.1,28.22,1.0,61.273
warehouse_large,2,sshape,3,7.33,22,multi,2,0.4091,1,1,1.3,Light,2,486.1,36.1,112.3,14.69,245.0,22.09,1.0,75.336
warehouse_large,2,sshape,2,7.5,15,multi,2,0.5333,8,8,1.0,Moderate,1,526.1,90.1,91.8,10.85,331.7,35.07,1.0,49.018
warehouse_large,2,sshape,2,7.0,14,multi,2,0.5,1,8,1.3,Light,2,360.1,44.1,106.5,14.12,255.0,25.72,1.0,65.595
warehouse_large,2,sshape,3,8.0,24,multi,2,0.3333,7,5,1.3,Heavy,0,452.1,75.1,128.2,14.66,245.6,18.84,1.0,107.439
warehouse_large,2,sshape,1,16.0,16,solo_large,0,0.4375,6,2,1.6,Moderate,1,414.1,57.1,107.2,6.15,585.1,25.88,1.0,53.222
warehouse_large,2,sshape,2,10.5,21,multi,2,0.3333,5,4,1.0,Moderate,1,470.1,66.1,116.0,10.19,353.4,22.38,1.0,78.656
warehouse_large,2,sshape,2,6.5,13,multi,2,0.6154,8,2,1.0,Light,2,426.1,72.1,95.5,13.09,275.0,32.77,1.0,49.025
warehouse_large,2,sshape,3,4.67,14,multi,2,0.5714,10,5,1.0,Moderate,1,328.1,33.1,110.6,22.34,161.1,23.43,1.0,70.165
warehouse_large,2,sshape,3,5.33,16,multi,2,0.5,9,8,1.3,Heavy,0,360.1,53.1,116.2,20.0,180.0,22.5,1.0,79.822
warehouse_large,2,sshape,2,9.0,18,multi,2,0.4444,7,1,1.3,Moderate,1,468.7,57.1,105.7,10.9,330.3,26.04,1.0,54.869
warehouse_large,2,sshape,1,7.0,7,solo_small,1,0.7143,6,4,1.3,Heavy,0,218.7,60.1,106.3,12.53,287.2,31.24,1.0,49.108
warehouse_large,2,sshape,1,3.0,3,solo_small,1,0.6667,3,1,1.3,Heavy,0,240.2,82.1,61.1,14.69,245.1,80.06,1.0,39.453
warehouse_large,2,sshape,3,6.0,18,multi,2,0.3333,5,3,1.3,Moderate,1,396.1,85.1,122.5,18.0,200.0,22.0,1.0,161.14
warehouse_large,2,sshape,2,12.0,24,multi,2,0.375,1,1,1.3,Moderate,1,522.1,83.1,119.0,9.06,397.5,21.75,1.0,101.006
warehouse_large,2,sshape,2,7.0,14,multi,2,0.3571,10,1,1.0,Heavy,0,390.1,47.1,101.6,13.46,267.6,27.87,1.0,51.279
warehouse_large,2,sshape,3,4.33,13,multi,2,0.5385,9,9,1.0,Light,2,402.1,42.1,94.5,20.37,176.7,30.93,1.0,58.0
warehouse_large,2,sshape,3,11.67,35,multi,2,0.2571,3,4,1.3,Heavy,0,576.1,71.1,133.2,10.75,335.0,16.46,1.0,129.775
warehouse_large,2,sshape,1,2.0,2,solo_small,1,1.0,6,5,1.3,Moderate,1,58.9,14.3,107.2,45.51,79.1,29.46,1.0,76.833
warehouse_large,2,sshape,3,8.0,24,multi,2,0.3333,9,5,1.0,Moderate,1,456.1,43.1,122.7,14.59,246.7,19.0,1.0,98.647
warehouse_large,2,sshape,1,9.0,9,solo_small,1,0.6667,10,6,1.6,Moderate,1,182.1,58.1,135.9,12.56,286.7,20.23,1.0,61.303
warehouse_large,2,sshape,1,4.0,4,solo_small,1,0.75,5,8,1.6,Moderate,1,176.1,57.1,90.5,17.41,206.8,44.03,1.0,49.34
warehouse_large,2,sshape,3,5.0,15,multi,2,0.4667,6,9,1.6,Light,2,356.1,32.1,109.1,20.7,173.9,23.74,1.0,69.544
warehouse_large,2,sshape,3,2.67,8,multi,2,0.75,9,5,1.3,Heavy,0,348.1,42.1,76.8,26.34,136.7,43.51,1.0,47.987
warehouse_large,2,sshape,1,4.0,4,solo_small,1,1.0,8,10,1.0,Heavy,0,248.1,87.1,74.2,13.5,266.8,62.02,1.0,41.099
warehouse_large,2,sshape,1,10.0,10,solo_small,1,0.6,8,1,1.0,Moderate,1,368.1,66.1,89.6,7.88,456.7,36.81,1.0,37.549
warehouse_large,2,sshape,1,10.0,10,solo_small,1,0.6,3,8,1.6,Heavy,0,244.1,32.1,110.2,10.19,353.4,24.41,1.0,53.966
warehouse_large,2,sshape,1,19.0,19,solo_large,0,0.3158,6,6,1.0,Light,2,348.1,80.1,134.6,6.26,575.1,18.32,1.0,83.757
warehouse_large,2,sshape,2,6.0,12,multi,2,0.5833,10,5,1.6,Moderate,1,406.1,91.1,97.6,13.89,259.2,33.84,1.0,54.204
warehouse_large,2,sshape,2,6.0,12,multi,2,0.75,5,7,1.0,Heavy,0,496.1,57.1,79.1,12.13,296.7,41.34,1.0,34.031
warehouse_large,2,sshape,2,7.5,15,multi,2,0.5333,1,4,1.6,Heavy,0,412.1,65.1,105.0,12.67,284.2,27.47,1.0,55.903
warehouse_large,2,sshape,2,7.5,15,multi,2,0.4667,2,7,1.6,Light,2,450.1,88.1,102.5,12.0,300.0,30.0,1.0,61.482
warehouse_large,2,sshape,1,16.0,16,solo_large,0,0.5,9,1,1.6,Heavy,0,398.1,52.1,109.0,6.3,571.7,24.88,1.0,57.12
warehouse_large,2,sshape,2,8.0,16,multi,2,0.5,8,6,1.3,Light,2,470.1,70.1,100.5,11.4,315.9,29.38,1.0,51.272
warehouse_large,2,sshape,3,2.67,8,multi,2,0.625,6,7,1.0,Heavy,0,278.1,29.1,87.9,30.7,117.3,34.76,1.0,71.135
warehouse_large,2,sshape,1,13.0,13,solo_small,1,0.5385,3,2,1.0,Moderate,1,386.1,41.1,97.0,6.97,516.7,29.7,1.0,46.129
warehouse_large,2,sshape,1,3.0,3,solo_small,1,1.0,6,1,1.6,Light,2,200.1,56.1,65.5,17.0,211.7,66.69,1.0,42.016
warehouse_large,2,sshape,3,5.33,16,multi,2,0.4375,2,3,1.3,Heavy,0,392.1,49.1,109.5,19.06,188.9,24.5,1.0,85.567
warehouse_large,2,sshape,1,3.0,3,solo_small,1,1.0,4,8,1.0,Moderate,1,108.1,44.1,109.8,26.65,135.1,36.04,1.0,65.794
warehouse_large,2,sshape,3,3.33,10,multi,2,0.6,3,10,1.6,Light,2,306.7,60.1,101.3,26.63,135.2,30.67,1.0,64.78
warehouse_large,2,sshape,3,5.33,16,multi,2,0.5,6,5,1.0,Heavy,0,422.1,72.1,108.3,18.25,197.2,26.38,1.0,78.222
warehouse_large,2,sshape,3,4.0,12,multi,2,0.5833,1,4,1.0,Moderate,1,368.1,61.1,99.1,22.19,162.2,30.67,1.0,100.182
warehouse_large,2,sshape,2,8.5,17,multi,2,0.4118,2,8,1.0,Light,2,362.1,65.1,121.8,12.93,278.4,21.3,1.0,77.949
warehouse_large,2,sshape,3,7.67,23,multi,2,0.4348,10,9,1.6,Moderate,1,546.1,36.1,107.5,13.5,266.7,23.74,1.0,63.484
warehouse_large,2,sshape,3,6.0,18,multi,2,0.5,6,10,1.3,Heavy,0,430.1,38.1,108.6,17.19,209.5,23.89,1.0,64.315
warehouse_large,2,sshape,3,6.67,20,multi,2,0.45,5,2,1.3,Light,2,456.1,35.1,110.6,15.88,226.7,22.8,1.0,73.568
warehouse_large,2,sshape,1,21.0,21,solo_large,0,0.4286,1,9,1.0,Moderate,1,438.1,35.1,116.2,5.29,680.1,20.86,1.0,72.679
warehouse_large,2,sshape,2,3.0,6,multi,2,1.0,9,4,1.3,Light,2,196.1,39.1,97.8,28.41,126.7,32.69,1.0,76.989
warehouse_large,2,sshape,1,11.0,11,solo_small,1,0.7273,10,3,1.0,Moderate,1,366.1,86.1,99.4,7.66,470.1,33.28,1.0,43.431
warehouse_large,2,sshape,3,9.33,28,multi,2,0.3214,2,9,1.6,Light,2,662.1,79.1,111.3,11.11,323.9,23.65,1.0,94.681
warehouse_large,2,sshape,2,3.5,7,multi,2,0.8571,8,9,1.6,Moderate,1,318.1,32.1,73.4,19.46,185.0,45.44,1.0,48.401
warehouse_large,2,sshape,1,1.0,1,solo_small,1,1.0,10,10,1.3,Moderate,1,94.6,47.3,66.1,38.35,93.9,94.64,1.0,83.07
warehouse_large,2,sshape,3,3.67,11,multi,2,0.2727,7,2,1.6,Light,2,158.3,12.3,138.1,36.37,99.0,14.39,1.0,133.69
warehouse_large,2,sshape,3,8.0,24,multi,2,0.3333,9,1,1.6,Light,2,412.1,71.1,134.1,15.35,234.5,17.17,1.0,100.886
warehouse_large,2,sshape,3,6.67,20,multi,2,0.45,8,2,1.0,Light,2,544.1,87.1,105.8,14.34,251.1,27.2,1.0,68.212
warehouse_large,2,sshape,3,5.67,17,multi,2,0.4706,9,8,1.6,Heavy,0,438.1,84.1,111.3,17.42,206.7,25.77,1.0,86.398
warehouse_large,2,sshape,1,25.0,25,solo_large,0,0.32,6,1,1.3,Light,2,502.1,63.1,121.5,4.54,793.4,20.08,1.0,77.695
warehouse_large,2,sshape,1,11.0,11,solo_small,1,0.6364,10,8,1.6,Light,2,470.1,65.1,78.8,6.47,556.7,42.73,1.0,24.311
warehouse_large,2,sshape,3,6.33,19,multi,2,0.4211,4,10,1.6,Heavy,0,372.1,64.1,126.3,18.15,198.4,19.58,1.0,82.08
warehouse_large,2,sshape,1,13.0,13,solo_small,1,0.5385,4,7,1.6,Heavy,0,390.1,64.1,100.3,6.92,520.1,30.0,1.0,48.953
warehouse_large,2,sshape,2,13.0,26,multi,2,0.3462,7,3,1.6,Heavy,0,550.1,47.1,115.7,8.49,424.2,21.16,1.0,97.958
warehouse_large,2,sshape,2,8.5,17,multi,2,0.4706,2,9,1.0,Light,2,364.1,81.1,124.7,12.89,279.2,21.42,1.0,74.907
warehouse_large,2,sshape,3,10.67,32,multi,2,0.3125,10,5,1.3,Light,2,546.1,83.1,133.1,11.55,311.7,17.06,1.0,119.634
warehouse_large,2,sshape,1,13.0,13,solo_small,1,0.3846,9,1,1.0,Light,2,280.1,75.1,127.9,8.4,428.4,21.55,1.0,66.755
warehouse_large,2,sshape,3,11.67,35,multi,2,0.2857,4,10,1.6,Heavy,0,598.1,40.1,127.3,10.55,341.1,17.09,1.0,133.354
warehouse_large,2,sshape,2,6.5,13,multi,2,0.5385,8,8,1.6,Heavy,0,332.1,62.1,111.4,15.26,235.9,25.54,1.0,61.189
warehouse_large,2,sshape,1,3.0,3,solo_small,1,1.0,6,5,1.3,Heavy,0,172.7,51.1,73.8,19.06,188.9,57.56,1.0,46.374
warehouse_large,2,sshape,1,5.0,5,solo_small,1,0.8,8,7,1.3,Light,2,192.1,72.1,102.9,15.31,235.1,38.43,1.0,53.743
warehouse_large,2,sshape,2,1.0,2,multi,2,1.0,3,9,1.0,Heavy,0,210.1,98.1,58.4,35.1,102.6,105.06,1.0,82.289
warehouse_large,2,sshape,3,8.67,26,multi,2,0.4231,7,10,1.6,Moderate,1,648.1,64.1,106.8,11.61,310.0,24.93,1.0,66.998
warehouse_large,2,sshape,1,3.0,3,solo_small,1,1.0,4,10,1.0,Light,2,176.1,75.1,83.6,18.77,191.8,58.7,1.0,53.566
warehouse_large,2,sshape,2,9.0,18,multi,2,0.3333,3,7,1.3,Moderate,1,382.1,22.1,113.7,12.24,294.2,21.23,1.0,71.32
warehouse_large,2,sshape,3,6.33,19,multi,2,0.4737,10,1,1.3,Light,2,486.1,95.1,112.0,15.65,230.0,25.58,1.0,74.791
warehouse_large,2,sshape,2,9.5,19,multi,2,0.4737,8,8,1.3,Moderate,1,460.1,46.1,108.6,10.77,334.2,24.21,1.0,59.711
warehouse_large,2,sshape,1,6.0,6,solo_small,1,0.8333,4,4,1.0,Light,2,350.7,73.1,67.2,9.42,382.2,58.45,1.0,28.268
warehouse_large,2,sshape,2,7.0,14,multi,2,0.2857,2,10,1.0,Light,2,286.1,20.1,116.8,16.06,224.2,20.44,1.0,77.144
warehouse_large,2,sshape,1,1.0,1,solo_small,1,1.0,5,5,1.3,Light,2,133.2,66.6,51.1,28.57,126.0,133.22,1.0,68.939
warehouse_large,2,sshape,1,9.0,9,solo_small,1,0.6667,6,10,1.3,Light,2,330.1,86.1,95.8,8.78,410.1,36.68,1.0,42.496
warehouse_large,2,sshape,3,6.67,20,multi,2,0.5,2,4,1.6,Moderate,1,566.1,39.1,97.4,13.99,257.2,28.3,1.0,57.829
warehouse_large,2,sshape,3,7.67,23,multi,2,0.4348,9,9,1.0,Moderate,1,678.1,81.1,98.3,11.87,303.4,29.48,1.0,52.476
warehouse_large,2,sshape,2,12.0,24,multi,2,0.375,8,2,1.0,Light,2,638.1,85.1,105.3,8.07,445.9,26.59,1.0,86.773
warehouse_large,2,sshape,1,30.0,30,solo_large,0,0.2667,4,7,1.3,Light,2,490.1,56.1,133.1,4.19,858.4,16.34,1.0,115.702
warehouse_large,2,sshape,1,10.0,10,solo_small,1,0.7,3,2,1.3,Heavy,0,346.1,79.1,96.6,8.21,438.4,34.61,1.0,47.393
warehouse_large,2,sshape,2,5.0,10,multi,2,0.3,4,9,1.6,Light,2,244.1,69.1,121.7,20.37,176.7,24.41,1.0,83.825
warehouse_large,2,sshape,1,6.0,6,solo_small,1,1.0,1,5,1.0,Moderate,1,256.1,84.1,92.6,11.87,303.4,42.68,1.0,44.9
warehouse_large,2,sshape,1,30.0,30,solo_large,0,0.3333,10,2,1.3,Light,2,532.1,46.1,126.3,4.03,893.4,17.74,1.0,100.891
warehouse_large,2,sshape,1,8.0,8,solo_small,1,0.625,1,1,1.6,Moderate,1,224.2,40.2,105.4,11.73,306.8,28.02,1.0,47.444
warehouse_large,2,sshape,3,10.67,32,multi,2,0.3125,9,9,1.6,Moderate,1,560.1,49.1,127.2,11.41,315.6,17.5,1.0,105.744
warehouse_large,2,sshape,2,9.0,18,multi,2,0.5556,5,3,1.6,Heavy,0,442.1,43.1,107.6,11.28,319.2,24.56,1.0,57.54
warehouse_large,2,sshape,1,12.0,12,solo_small,1,0.4167,1,9,1.6,Moderate,1,266.1,73.1,126.7,8.96,401.7,22.17,1.0,72.758
warehouse_large,2,sshape,1,29.0,29,solo_large,0,0.3448,2,4,1.6,Light,2,536.1,67.1,126.4,4.08,881.7,18.48,1.0,104.234
warehouse_large,2,sshape,2,5.5,11,multi,2,0.6364,6,4,1.6,Light,2,426.1,82.1,87.7,13.84,260.0,38.74,1.0,55.92
warehouse_large,2,sshape,1,11.0,11,solo_small,1,0.6364,4,5,1.3,Moderate,1,344.1,71.1,100.9,7.97,451.7,31.28,1.0,47.545
warehouse_large,2,sshape,2,6.0,12,multi,2,0.5833,7,1,1.6,Light,2,290.1,50.1,113.7,17.07,210.9,24.17,1.0,59.63
warehouse_large,2,sshape,3,6.67,20,multi,2,0.35,9,7,1.0,Heavy,0,402.1,51.1,121.5,17.01,211.7,20.1,1.0,96.101
warehouse_large,2,sshape,3,5.33,16,multi,2,0.5625,3,5,1.3,Heavy,0,396.1,72.1,112.9,18.95,190.0,24.75,1.0,71.745
warehouse_large,2,sshape,1,15.0,15,solo_small,1,0.6,10,8,1.3,Heavy,0,418.1,75.1,105.7,6.28,573.4,27.87,1.0,48.193
warehouse_large,2,sshape,1,26.0,26,solo_large,0,0.3846,4,5,1.6,Moderate,1,566.1,38.1,112.8,4.18,861.7,21.77,1.0,76.079
warehouse_large,2,sshape,2,9.0,18,multi,2,0.3889,3,4,1.0,Moderate,1,420.1,51.1,112.2,11.61,310.0,23.34,1.0,71.245
warehouse_large,2,sshape,3,4.67,14,multi,2,0.4286,10,2,1.6,Heavy,0,354.1,56.1,110.0,21.38,168.4,25.29,1.0,70.357
warehouse_large,2,sshape,2,9.0,18,multi,2,0.5556,9,3,1.6,Light,2,408.1,65.1,116.6,11.8,305.0,22.67,1.0,65.256
warehouse_large,2,sshape,3,3.0,9,multi,2,0.6667,5,9,1.0,Moderate,1,352.1,96.1,93.0,25.21,142.8,39.12,1.0,74.638
warehouse_large,2,sshape,2,7.0,14,multi,2,0.4286,2,6,1.0,Heavy,0,328.1,18.1,107.6,14.89,241.7,23.44,1.0,61.588
warehouse_large,2,sshape,1,10.0,10,solo_small,1,0.6,2,8,1.0,Heavy,0,292.1,52.1,102.9,9.15,393.4,29.21,1.0,44.407
warehouse_large,2,sshape,3,13.0,39,multi,2,0.2564,8,3,1.6,Heavy,0,684.1,95.1,130.5,9.35,385.0,17.54,1.0,127.516
warehouse_large,2,sshape,2,10.0,20,multi,2,0.3,3,1,1.3,Heavy,0,350.1,47.1,130.3,12.17,295.9,17.5,1.0,82.7
warehouse_large,2,sshape,1,7.0,7,solo_small,1,0.7143,7,8,1.6,Light,2,290.1,67.1,86.6,10.38,346.8,41.45,1.0,41.081
warehouse_large,2,sshape,2,12.5,25,multi,2,0.36,8,9,1.0,Heavy,0,474.1,66.1,125.9,9.35,385.0,18.96,1.0,96.991
warehouse_large,2,sshape,1,3.0,3,solo_small,1,1.0,8,2,1.3,Moderate,1,160.3,65.3,87.0,20.16,178.6,53.44,1.0,54.642
warehouse_large,2,sshape,1,14.0,14,solo_small,1,0.4286,5,8,1.0,Moderate,1,368.7,51.1,106.2,6.96,517.2,26.33,1.0,47.352
warehouse_large,2,sshape,2,9.0,18,multi,2,0.3333,9,4,1.6,Light,2,364.1,59.1,123.6,12.56,286.7,20.23,1.0,77.22
warehouse_large,2,sshape,3,9.33,28,multi,2,0.25,8,5,1.3,Heavy,0,398.1,32.1,139.0,14.37,250.6,14.22,1.0,128.843
warehouse_large,2,sshape,3,9.67,29,multi,2,0.3103,5,3,1.6,Light,2,602.1,48.1,116.4,11.53,312.2,20.76,1.0,114.222
warehouse_large,2,sshape,3,6.0,18,multi,2,0.5,4,5,1.6,Heavy,0,456.1,75.1,110.3,16.61,216.7,25.34,1.0,82.643
warehouse_large,2,sshape,1,5.0,5,solo_small,1,0.6,9,2,1.0,Light,2,150.3,45.3,110.8,17.98,200.3,30.06,1.0,52.806
warehouse_large,2,sshape,1,12.0,12,solo_small,1,0.5,10,6,1.3,Light,2,336.7,78.1,109.2,7.82,460.6,28.06,1.0,49.747
warehouse_large,2,sshape,1,19.0,19,solo_large,0,0.4211,6,6,1.3,Heavy,0,370.1,51.1,124.2,6.07,593.4,19.48,1.0,73.327
warehouse_large,2,sshape,2,4.5,9,multi,2,0.8889,2,10,1.0,Light,2,274.1,59.1,103.1,19.81,181.7,30.45,1.0,62.887
warehouse_large,2,sshape,1,1.0,1,solo_small,1,1.0,9,4,1.3,Heavy,0,56.3,28.2,93.6,58.11,62.0,56.34,1.0,108.168
warehouse_large,2,sshape,2,4.0,8,multi,2,0.625,5,3,1.6,Light,2,322.1,87.1,91.2,18.54,194.2,40.26,1.0,56.656
warehouse_large,2,sshape,1,9.0,9,solo_small,1,0.5556,7,9,1.6,Moderate,1,354.7,36.1,80.9,8.36,430.6,39.41,1.0,31.097
warehouse_large,2,sshape,3,5.33,16,multi,2,0.5,6,5,1.6,Heavy,0,422.1,52.1,105.0,18.25,197.2,26.38,1.0,68.879
warehouse_large,2,sshape,1,6.0,6,solo_small,1,0.8333,8,9,1.6,Moderate,1,328.1,45.1,66.3,9.91,363.4,54.68,1.0,26.643
warehouse_large,2,sshape,3,4.33,13,multi,2,0.3846,2,9,1.0,Heavy,0,304.1,22.1,108.8,24.08,149.5,23.39,1.0,79.585
warehouse_large,2,sshape,3,7.0,21,multi,2,0.381,7,10,1.0,Heavy,0,564.1,97.1,107.4,13.76,261.7,26.86,1.0,74.885
warehouse_large,2,sshape,1,12.0,12,solo_small,1,0.5,6,8,1.3,Heavy,0,368.1,67.1,100.3,7.4,486.7,30.67,1.0,43.171
warehouse_large,2,sshape,1,27.0,27,solo_large,0,0.4074,3,3,1.6,Light,2,660.1,50.1,106.4,3.77,955.1,24.45,1.0,69.929
warehouse_large,2,sshape,3,5.67,17,multi,2,0.5294,8,9,1.6,Heavy,0,462.1,64.1,104.3,16.87,213.4,27.18,1.0,74.708
warehouse_large,2,sshape,3,10.0,30,multi,2,0.3,1,1,1.6,Light,2,552.1,90.1,129.3,11.87,303.4,18.4,1.0,115.192
warehouse_large,2,sshape,1,1.0,1,solo_small,1,1.0,7,3,1.6,Heavy,0,150.1,75.1,46.4,25.69,140.1,150.14,1.0,64.178
warehouse_large,2,sshape,1,25.0,25,solo_large,0,0.32,9,10,1.3,Light,2,446.1,34.1,125.3,4.82,746.7,17.84,1.0,87.06
warehouse_large,2,sshape,1,3.0,3,solo_small,1,1.0,8,3,1.0,Light,2,142.5,71.2,103.4,21.99,163.7,47.5,1.0,61.492
warehouse_large,2,sshape,3,3.67,11,multi,2,0.3636,4,8,1.0,Light,2,228.2,17.2,116.2,30.41,118.4,20.74,1.0,95.518
warehouse_large,2,sshape,2,5.0,10,multi,2,0.7,7,7,1.3,Light,2,318.1,89.1,105.6,17.35,207.5,31.81,1.0,66.334
warehouse_large,2,sshape,1,23.0,23,solo_large,0,0.3478,7,10,1.6,Light,2,486.1,55.1,117.6,4.8,750.1,21.13,1.0,77.07
warehouse_large,2,sshape,1,17.0,17,solo_large,0,0.4706,5,1,1.6,Heavy,0,390.1,96.1,122.4,6.21,580.1,22.95,1.0,69.425
warehouse_large,2,sshape,3,6.0,18,multi,2,0.4444,6,9,1.0,Light,2,442.1,75.1,112.5,16.92,212.8,24.56,1.0,78.525
warehouse_large,2,sshape,3,2.33,7,multi,2,0.5714,9,9,1.3,Moderate,1,298.7,82.1,88.3,30.51,118.0,42.67,1.0,66.525
warehouse_large,2,sshape,1,15.0,15,solo_small,1,0.6,4,8,1.6,Moderate,1,418.1,54.1,102.2,6.28,573.4,27.87,1.0,45.965
warehouse_large,2,sshape,1,6.0,6,solo_small,1,0.8333,1,8,1.3,Moderate,1,246.1,59.1,87.9,12.2,295.1,41.01,1.0,40.324
warehouse_large,2,sshape,1,26.0,26,solo_large,0,0.3462,9,1,1.6,Moderate,1,504.1,96.1,128.2,4.44,810.1,19.39,1.0,89.247
warehouse_large,2,sshape,2,2.0,4,multi,2,0.75,1,6,1.3,Heavy,0,162.1,45.1,91.4,36.91,97.5,40.53,1.0,80.644
warehouse_large,2,sshape,1,2.0,2,solo_small,1,1.0,9,2,1.6,Heavy,0,108.4,54.1,95.7,29.92,120.3,54.2,1.0,71.222
warehouse_large,2,sshape,3,8.0,24,multi,2,0.375,2,4,1.0,Heavy,0,482.1,55.1,120.7,14.18,253.9,20.09,1.0,97.016
warehouse_large,2,sshape,3,11.67,35,multi,2,0.2286,5,9,1.3,Heavy,0,516.1,62.1,139.5,11.31,318.4,14.74,1.0,138.033
warehouse_large,2,sshape,1,8.0,8,solo_small,1,0.75,5,2,1.0,Moderate,1,362.1,97.1,84.5,8.54,421.7,45.26,1.0,41.701
warehouse_large,2,sshape,1,18.0,18,solo_large,0,0.4444,4,5,1.0,Heavy,0,464.1,45.1,104.7,5.48,656.7,25.78,1.0,54.022
warehouse_large,2,sshape,3,7.0,21,multi,2,0.381,8,2,1.3,Moderate,1,570.1,53.1,101.4,13.67,263.3,27.15,1.0,59.022
warehouse_large,2,sshape,3,8.33,25,multi,2,0.32,8,8,1.6,Light,2,552.1,87.1,118.0,12.93,278.4,22.08,1.0,81.987
warehouse_large,2,sshape,1,12.0,12,solo_small,1,0.5,2,5,1.0,Light,2,340.7,86.1,110.2,7.76,463.9,28.39,1.0,52.942
warehouse_large,2,sshape,1,16.0,16,solo_large,0,0.5,5,6,1.0,Heavy,0,446.1,66.1,103.5,5.89,611.7,27.88,1.0,45.23
warehouse_large,2,sshape,1,1.0,1,solo_small,1,1.0,9,4,1.0,Light,2,125.2,62.6,53.6,30.16,119.4,125.22,1.0,71.282
warehouse_large,2,sshape,1,1.0,1,solo_small,1,1.0,10,5,1.0,Light,2,125.2,62.6,53.6,30.16,119.4,125.22,1.0,71.241
warehouse_large,2,sshape,3,7.67,23,multi,2,0.3043,8,4,1.6,Moderate,1,472.1,82.1,123.6,14.63,246.1,20.52,1.0,100.673
warehouse_large,2,sshape,3,11.0,33,multi,2,0.3636,9,5,1.3,Light,2,604.1,39.1,123.0,10.82,332.8,18.3,1.0,105.887
warehouse_large,2,sshape,2,6.0,12,multi,2,0.5833,1,8,1.0,Moderate,1,352.7,51.1,100.2,15.19,237.0,29.39,1.0,54.282
warehouse_large,2,sshape,1,6.0,6,solo_small,1,0.5,8,7,1.6,Heavy,0,162.8,16.2,101.8,15.95,225.7,27.14,1.0,46.23
warehouse_large,2,sshape,1,15.0,15,solo_small,1,0.5333,2,4,1.0,Light,2,352.1,37.1,110.8,6.94,518.4,23.47,1.0,53.964
warehouse_large,2,sshape,2,6.5,13,multi,2,0.5385,9,6,1.0,Moderate,1,384.1,87.1,105.8,13.98,257.5,29.54,1.0,65.75
warehouse_large,2,sshape,1,6.0,6,solo_small,1,0.5,9,4,1.3,Moderate,1,188.1,29.1,97.1,14.59,246.8,31.35,1.0,46.967
warehouse_large,2,sshape,1,9.0,9,solo_small,1,0.5556,3,5,1.3,Light,2,238.1,47.1,110.1,10.8,333.4,26.45,1.0,56.876
warehouse_large,2,sshape,3,8.67,26,multi,2,0.3462,2,5,1.6,Light,2,544.1,55.1,117.4,12.81,281.1,20.93,1.0,94.138
warehouse_large,2,sshape,1,9.0,9,solo_small,1,0.5556,3,5,1.0,Light,2,302.1,31.1,89.8,9.31,386.7,33.56,1.0,39.888
warehouse_large,2,sshape,3,13.33,40,multi,2,0.2,7,2,1.6,Heavy,0,634.1,89.1,136.6,9.57,376.1,15.85,1.0,149.218
warehouse_large,2,sshape,3,8.33,25,multi,2,0.28,2,6,1.3,Moderate,1,512.1,81.1,122.6,13.47,267.2,20.48,1.0,91.831
warehouse_large,2,sshape,1,24.0,24,solo_large,0,0.4167,6,10,1.0,Light,2,630.1,82.1,105.8,4.07,885.1,26.25,1.0,61.874
warehouse_large,2,sshape,3,4.33,13,multi,2,0.5385,7,8,1.6,Moderate,1,388.1,80.1,103.6,20.83,172.8,29.85,1.0,66.648
warehouse_large,2,sshape,2,11.5,23,multi,2,0.4783,5,7,1.6,Light,2,518.1,71.1,115.4,9.27,388.4,22.52,1.0,83.179
warehouse_large,2,sshape,1,26.0,26,solo_large,0,0.3462,5,8,1.6,Heavy,0,500.1,55.1,123.0,4.46,806.7,19.23,1.0,95.378
warehouse_large,2,sshape,3,5.0,15,multi,2,0.4667,7,5,1.3,Heavy,0,436.1,92.1,105.5,18.36,196.1,29.07,1.0,67.636
warehouse_large,2,sshape,1,7.0,7,solo_small,1,1.0,7,1,1.3,Light,2,264.1,46.1,87.9,11.07,325.1,37.72,1.0,39.391
warehouse_large,2,sshape,1,5.0,5,solo_small,1,0.6,5,5,1.6,Light,2,190.7,45.1,91.7,15.39,233.9,38.13,1.0,48.734
warehouse_large,2,sshape,3,10.0,30,multi,2,0.3,7,2,1.3,Light,2,504.1,63.1,132.1,12.41,290.0,16.8,1.0,120.2
warehouse_large,2,sshape,1,1.0,1,solo_small,1,1.0,3,6,1.6,Moderate,1,82.6,41.3,72.8,42.93,83.9,82.64,1.0,89.508
warehouse_large,2,sshape,2,8.5,17,multi,2,0.4706,4,7,1.6,Moderate,1,458.1,62.1,104.6,11.31,318.4,26.95,1.0,59.379
warehouse_large,2,sshape,1,21.0,21,solo_large,0,0.3333,4,3,1.6,Moderate,1,502.1,83.1,113.8,4.91,733.4,23.91,1.0,73.366
warehouse_large,2,sshape,1,18.0,18,solo_large,0,0.5556,7,3,1.0,Heavy,0,390.1,43.1,115.9,6.05,595.0,21.67,1.0,62.696
warehouse_large,2,sshape,3,6.33,19,multi,2,0.3158,10,5,1.3,Heavy,0,482.1,85.1,111.1,15.73,228.9,25.37,1.0,92.297
warehouse_large,2,sshape,1,6.0,6,solo_small,1,0.5,5,4,1.6,Moderate,1,214.8,75.2,104.7,13.38,269.0,35.8,1.0,49.331
warehouse_large,2,sshape,3,9.67,29,multi,2,0.3448,7,5,1.6,Moderate,1,474.1,63.1,134.3,13.01,276.7,16.35,1.0,125.341
warehouse_large,2,sshape,1,2.0,2,solo_small,1,1.0,3,4,1.0,Moderate,1,166.7,36.1,51.9,21.31,168.9,83.36,1.0,44.878
warehouse_large,2,sshape,3,7.67,23,multi,2,0.3478,2,7,1.0,Moderate,1,408.1,51.1,128.9,15.76,228.4,17.74,1.0,134.446
warehouse_large,2,sshape,3,7.0,21,multi,2,0.4286,8,6,1.0,Moderate,1,546.1,49.1,103.7,14.03,256.7,26.0,1.0,78.102
warehouse_large,2,sshape,2,8.0,16,multi,2,0.4375,1,1,1.0,Moderate,1,376.1,58.1,114.1,13.01,276.7,23.5,1.0,70.937
warehouse_large,2,sshape,1,12.0,12,solo_small,1,0.5833,1,3,1.6,Light,2,314.1,37.1,105.2,8.15,441.7,26.17,1.0,46.674
warehouse_large,2,sshape,3,7.67,23,multi,2,0.3913,7,9,1.6,Heavy,0,424.1,35.1,123.7,15.46,232.8,18.44,1.0,106.151
warehouse_large,2,sshape,1,27.0,27,solo_large,0,0.2593,4,1,1.3,Heavy,0,498.1,59.1,126.1,4.39,820.1,18.45,1.0,96.715
warehouse_large,2,sshape,3,5.33,16,multi,2,0.5,7,10,1.3,Moderate,1,564.7,60.1,87.2,15.2,236.9,35.29,1.0,44.456
warehouse_large,2,sshape,2,9.5,19,multi,2,0.4211,6,2,1.0,Moderate,1,474.1,55.1,107.9,10.59,340.0,24.95,1.0,60.957
warehouse_large,2,sshape,1,7.0,7,solo_small,1,0.5714,1,7,1.0,Moderate,1,228.7,67.1,105.1,12.18,295.6,32.68,1.0,47.27
warehouse_large,2,sshape,2,7.5,15,multi,2,0.5333,9,10,1.3,Light,2,400.1,46.1,103.8,12.89,279.2,26.67,1.0,51.801
warehouse_large,2,sshape,1,27.0,27,solo_large,0,0.3333,10,2,1.6,Light,2,616.1,39.1,109.7,3.92,918.4,22.82,1.0,65.841
warehouse_large,2,sshape,2,15.0,30,multi,2,0.2333,5,9,1.0,Moderate,1,520.1,89.1,133.5,8.15,441.7,17.34,1.0,121.296
warehouse_large,2,sshape,1,3.0,3,solo_small,1,1.0,6,7,1.6,Light,2,160.4,80.1,96.5,20.15,178.7,53.46,1.0,58.128
warehouse_large,2,sshape,1,3.0,3,solo_small,1,1.0,6,2,1.3,Heavy,0,166.3,39.1,71.5,19.61,183.6,55.44,1.0,47.02
warehouse_large,2,sshape,2,6.5,13,multi,2,0.6154,2,9,1.0,Heavy,0,404.1,89.1,102.3,13.54,265.9,31.08,1.0,61.708
warehouse_large,2,sshape,1,7.0,7,solo_small,1,0.8571,10,1,1.6,Light,2,222.1,51.1,101.8,12.41,290.1,31.72,1.0,52.017
warehouse_large,2,sshape,3,5.67,17,multi,2,0.3529,3,6,1.6,Light,2,332.1,55.1,126.0,20.31,177.2,19.53,1.0,114.739
warehouse_large,2,sshape,3,7.0,21,multi,2,0.4286,5,7,1.0,Moderate,1,558.1,37.1,100.9,13.85,260.0,26.57,1.0,64.194
warehouse_large,2,sshape,2,5.0,10,multi,2,0.6,6,4,1.3,Light,2,356.1,85.1,95.8,16.12,223.4,35.61,1.0,53.817
warehouse_large,2,sshape,1,28.0,28,solo_large,0,0.3571,2,1,1.6,Heavy,0,586.1,39.1,115.1,3.96,908.4,20.93,1.0,82.623
warehouse_large,2,sshape,2,13.0,26,multi,2,0.3846,9,3,1.6,Light,2,434.1,82.1,137.0,9.58,375.9,16.69,1.0,106.768
warehouse_large,2,sshape,3,11.0,33,multi,2,0.3333,6,5,1.6,Heavy,0,622.1,87.1,126.3,10.66,337.8,18.85,1.0,123.137
warehouse_large,2,sshape,1,11.0,11,solo_small,1,0.5455,1,4,1.0,Light,2,410.1,99.1,93.4,7.1,506.7,37.28,1.0,52.675
warehouse_large,2,sshape,1,10.0,10,solo_small,1,0.7,8,4,1.3,Light,2,284.1,41.1,102.1,9.31,386.7,28.41,1.0,46.349
warehouse_large,2,sshape,1,3.0,3,solo_small,1,0.6667,3,6,1.6,Heavy,0,140.2,53.2,91.9,22.25,161.8,46.72,1.0,56.573
warehouse_large,2,sshape,2,8.5,17,multi,2,0.4118,9,3,1.0,Moderate,1,430.1,50.1,107.1,11.74,306.7,25.3,1.0,67.516
warehouse_large,2,sshape,2,4.0,8,multi,2,0.625,1,10,1.0,Light,2,322.7,86.1,90.8,18.51,194.4,40.33,1.0,65.736
warehouse_large,2,sshape,1,15.0,15,solo_small,1,0.4,1,8,1.6,Heavy,0,372.1,58.1,111.0,6.73,535.1,24.81,1.0,60.802
warehouse_large,2,sshape,2,5.0,10,multi,2,0.6,7,4,1.0,Light,2,332.1,51.1,93.7,16.87,213.4,33.21,1.0,53.111
warehouse_large,2,sshape,2,6.0,12,multi,2,0.5,4,2,1.0,Heavy,0,272.1,64.1,122.3,17.7,203.4,22.67,1.0,66.831
warehouse_large,2,sshape,1,3.0,3,solo_small,1,0.6667,8,5,1.0,Moderate,1,152.1,46.1,81.0,20.96,171.8,50.71,1.0,50.502
warehouse_large,2,sshape,1,4.0,4,solo_small,1,0.5,9,5,1.0,Light,2,152.7,35.1,91.1,19.22,187.3,38.19,1.0,47.821
warehouse_large,2,sshape,1,8.0,8,solo_small,1,0.5,7,10,1.3,Light,2,248.1,96.1,116.8,11.02,326.7,31.01,1.0,54.67
warehouse_large,2,sshape,3,3.33,10,multi,2,0.2,6,7,1.0,Light,2,124.6,12.6,147.9,42.55,84.6,12.46,1.0,111.309
warehouse_large,2,sshape,2,5.5,11,multi,2,0.5455,3,4,1.6,Moderate,1,340.1,39.1,95.2,16.06,224.2,30.91,1.0,56.562
warehouse_large,2,sshape,3,5.33,16,multi,2,0.375,6,6,1.3,Light,2,326.1,20.1,116.4,21.1,170.6,20.38,1.0,75.861
warehouse_large,2,sshape,1,10.0,10,solo_small,1,0.8,1,9,1.6,Light,2,382.1,55.1,85.2,7.69,468.4,38.21,1.0,35.27
warehouse_large,2,sshape,3,11.67,35,multi,2,0.2571,10,1,1.3,Moderate,1,614.7,56.1,127.2,10.41,345.7,17.56,1.0,104.01
warehouse_large,2,sshape,2,8.0,16,multi,2,0.625,8,4,1.6,Light,2,410.1,72.1,110.4,12.38,290.9,25.63,1.0,64.145
warehouse_large,2,sshape,3,9.33,28,multi,2,0.3214,2,3,1.0,Light,2,548.1,47.1,120.4,12.32,292.2,19.57,1.0,90.381
warehouse_large,2,sshape,1,11.0,11,solo_small,1,0.7273,7,7,1.0,Moderate,1,342.1,41.1,95.2,8.0,450.1,31.1,1.0,41.16
warehouse_large,2,sshape,1,2.0,2,solo_small,1,1.0,2,7,1.6,Light,2,106.4,48.1,91.6,30.34,118.7,53.2,1.0,68.878
warehouse_large,2,sshape,2,5.0,10,multi,2,0.6,4,8,1.0,Heavy,0,322.1,78.1,101.9,17.21,209.2,32.21,1.0,70.141
warehouse_large,2,sshape,1,13.0,13,solo_small,1,0.5385,8,5,1.0,Heavy,0,444.1,69.1,92.2,6.37,565.1,34.16,1.0,44.135
warehouse_large,2,sshape,1,11.0,11,solo_small,1,0.5455,7,6,1.3,Heavy,0,264.1,59.1,117.9,9.35,385.1,24.01,1.0,57.818
warehouse_large,2,sshape,2,5.0,10,multi,2,0.6,8,9,1.6,Heavy,0,370.1,74.1,90.8,15.71,229.2,37.01,1.0,46.027
warehouse_large,2,sshape,1,11.0,11,solo_small,1,0.6364,8,1,1.0,Heavy,0,292.1,48.1,107.5,8.81,408.4,26.55,1.0,45.658
warehouse_large,2,sshape,1,3.0,3,solo_small,1,1.0,2,6,1.6,Light,2,134.4,67.1,106.8,22.93,157.0,44.81,1.0,62.648
warehouse_large,2,sshape,1,29.0,29,solo_large,0,0.3448,5,10,1.0,Light,2,690.1,66.1,109.3,3.56,1010.1,23.8,1.0,78.203
warehouse_large,2,sshape,3,7.0,21,multi,2,0.4762,4,9,1.3,Light,2,428.1,63.1,122.1,16.08,223.9,20.38,1.0,91.213
warehouse_large,2,sshape,3,2.67,8,multi,2,0.75,6,7,1.3,Light,2,268.3,78.1,103.4,31.43,114.5,33.54,1.0,106.247
warehouse_large,2,sshape,1,8.0,8,solo_small,1,0.5,5,1,1.6,Moderate,1,226.2,77.2,118.0,11.67,308.5,28.28,1.0,55.674
warehouse_large,2,sshape,1,7.0,7,solo_small,1,1.0,6,9,1.6,Heavy,0,234.1,70.1,104.3,12.0,300.1,33.44,1.0,50.17
warehouse_large,2,sshape,2,13.0,26,multi,2,0.4231,4,9,1.3,Heavy,0,568.1,60.1,115.1,8.34,431.7,21.85,1.0,92.478
warehouse_large,2,sshape,2,8.0,16,multi,2,0.4375,6,1,1.0,Moderate,1,362.1,87.1,122.8,13.29,270.9,22.63,1.0,74.087
warehouse_large,2,sshape,2,8.5,17,multi,2,0.4118,6,10,1.0,Heavy,0,484.1,72.1,102.3,10.94,329.2,28.47,1.0,52.358
warehouse_large,2,sshape,3,10.67,32,multi,2,0.2812,2,5,1.3,Light,2,576.1,55.1,126.0,11.25,320.0,18.0,1.0,113.581
warehouse_large,2,sshape,2,4.5,9,multi,2,0.6667,1,2,1.6,Light,2,280.7,33.1,94.9,19.52,184.5,31.19,1.0,53.072
warehouse_large,2,sshape,3,6.67,20,multi,2,0.4,4,8,1.3,Heavy,0,574.1,101.1,103.7,13.87,259.5,28.7,1.0,74.708
warehouse_large,2,sshape,2,8.5,17,multi,2,0.4118,3,5,1.3,Heavy,0,454.1,78.1,107.7,11.37,316.7,26.71,1.0,73.208
warehouse_large,2,sshape,2,10.0,20,multi,2,0.45,4,2,1.6,Heavy,0,500.1,70.1,109.4,10.05,358.4,25.0,1.0,64.999
warehouse_large,2,sshape,3,11.0,33,multi,2,0.303,1,3,1.6,Light,2,576.1,43.1,126.5,11.08,325.0,17.46,1.0,117.274
warehouse_large,2,sshape,2,10.5,21,multi,2,0.4286,1,4,1.3,Moderate,1,532.1,73.1,108.4,9.49,379.2,25.34,1.0,67.019
warehouse_large,2,sshape,3,2.33,7,multi,2,0.2857,10,7,1.3,Light,2,152.6,31.6,122.4,46.52,77.4,21.8,1.0,103.662
warehouse_large,2,sshape,3,8.33,25,multi,2,0.32,9,2,1.6,Heavy,0,512.1,78.1,122.2,13.47,267.2,20.48,1.0,96.492
warehouse_large,2,sshape,1,14.0,14,solo_small,1,0.5,6,8,1.3,Heavy,0,498.1,85.1,90.9,5.76,625.1,35.58,1.0,41.006
warehouse_large,2,sshape,3,6.67,20,multi,2,0.5,10,7,1.6,Heavy,0,532.1,85.1,107.1,14.53,247.8,26.6,1.0,66.913
warehouse_large,2,sshape,3,6.0,18,multi,2,0.4444,5,1,1.0,Heavy,0,402.1,82.1,120.7,17.85,201.7,22.34,1.0,93.068
warehouse_large,2,sshape,3,10.0,30,multi,2,0.3333,10,10,1.3,Moderate,1,612.1,54.1,118.0,11.25,320.0,20.4,1.0,105.806
warehouse_large,2,sshape,2,5.5,11,multi,2,0.5455,8,5,1.3,Moderate,1,272.1,24.1,106.5,18.38,195.9,24.74,1.0,57.173
warehouse_large,2,sshape,3,2.33,7,multi,2,0.7143,3,7,1.6,Moderate,1,204.1,33.1,101.8,39.26,91.7,29.16,1.0,78.39
warehouse_large,2,sshape,3,10.67,32,multi,2,0.2812,9,8,1.0,Moderate,1,508.1,60.1,135.0,11.96,301.1,15.88,1.0,133.764
warehouse_large,2,sshape,2,4.5,9,multi,2,0.6667,8,10,1.6,Light,2,276.1,66.1,104.5,19.72,182.6,30.68,1.0,55.772
warehouse_large,2,sshape,2,10.0,20,multi,2,0.4,9,6,1.3,Moderate,1,486.1,55.1,109.2,10.21,352.5,24.3,1.0,65.096
warehouse_large,2,sshape,2,5.0,10,multi,2,0.7,3,9,1.0,Moderate,1,302.1,98.1,112.5,17.92,200.9,30.21,1.0,68.166
warehouse_large,2,sshape,3,7.67,23,multi,2,0.3913,5,6,1.3,Moderate,1,586.1,85.1,108.6,12.96,277.8,25.48,1.0,76.361
warehouse_large,2,sshape,1,28.0,28,solo_large,0,0.3214,5,8,1.6,Light,2,654.1,90.1,113.3,3.73,965.1,23.36,1.0,78.539
warehouse_large,2,sshape,2,11.0,22,multi,2,0.4091,4,2,1.6,Heavy,0,552.1,55.1,106.4,9.11,395.0,25.09,1.0,62.625
warehouse_large,2,sshape,1,19.0,19,solo_large,0,0.4211,10,6,1.6,Heavy,0,370.1,51.1,124.2,6.07,593.4,19.48,1.0,72.204
warehouse_large,2,sshape,3,9.67,29,multi,2,0.3103,10,2,1.3,Heavy,0,470.1,58.1,134.1,13.06,275.6,16.21,1.0,114.415
warehouse_large,2,sshape,3,9.67,29,multi,2,0.3448,2,3,1.3,Heavy,0,622.1,89.1,118.7,11.33,317.8,21.45,1.0,102.538
warehouse_large,2,largest_gap,1,5.0,5,solo_small,1,0.6,2,6,1.0,Light,2,288.7,90.1,74.8,11.41,315.6,57.74,1.0,41.846
warehouse_large,2,largest_gap,1,2.0,2,solo_small,1,1.0,6,5,1.0,Heavy,0,140.1,49.1,68.0,24.53,146.8,70.06,1.0,54.895
warehouse_large,2,largest_gap,3,12.0,36,multi,2,0.3056,6,7,1.0,Light,2,850.1,85.1,110.1,8.65,416.1,23.61,1.0,76.75
warehouse_large,2,largest_gap,2,6.5,13,multi,2,0.5385,1,6,1.0,Moderate,1,490.7,77.1,86.7,11.92,301.9,37.74,1.0,38.295
warehouse_large,2,largest_gap,3,4.67,14,multi,2,0.5,8,3,1.3,Light,2,426.1,71.1,99.6,19.11,188.4,30.44,1.0,98.349
warehouse_large,2,largest_gap,3,9.33,28,multi,2,0.3214,2,1,1.3,Light,2,870.1,73.1,93.0,9.43,381.7,31.07,1.0,50.228
warehouse_large,2,largest_gap,2,12.0,24,multi,2,0.4167,2,5,1.6,Light,2,804.1,82.1,89.8,6.99,515.0,33.5,1.0,37.218
warehouse_large,2,largest_gap,1,9.0,9,solo_small,1,0.5556,10,3,1.6,Heavy,0,398.1,87.1,82.2,7.71,466.7,44.23,1.0,30.838
warehouse_large,2,largest_gap,1,13.0,13,solo_small,1,0.5385,5,5,1.3,Heavy,0,376.1,38.1,98.2,7.08,508.4,28.93,1.0,44.028
warehouse_large,2,largest_gap,3,6.33,19,multi,2,0.3158,6,6,1.6,Light,2,476.1,67.1,109.3,15.84,227.3,25.06,1.0,64.852
warehouse_large,2,largest_gap,1,24.0,24,solo_large,0,0.375,9,7,1.6,Heavy,0,724.1,82.1,96.5,3.74,963.4,30.17,1.0,42.494
warehouse_large,2,largest_gap,1,23.0,23,solo_large,0,0.3478,2,10,1.0,Light,2,686.1,51.1,94.7,3.93,916.7,29.83,1.0,42.992
warehouse_large,2,largest_gap,1,9.0,9,solo_small,1,0.4444,9,6,1.0,Moderate,1,290.7,42.1,94.7,9.54,377.3,32.3,1.0,41.513
warehouse_large,2,largest_gap,3,7.0,21,multi,2,0.3333,6,4,1.6,Moderate,1,544.1,51.1,104.2,14.06,256.1,25.91,1.0,64.371
warehouse_large,2,largest_gap,1,16.0,16,solo_large,0,0.5,3,9,1.0,Light,2,558.1,81.1,90.4,5.11,705.1,34.88,1.0,34.921
warehouse_large,2,largest_gap,2,7.5,15,multi,2,0.5333,1,3,1.0,Moderate,1,586.1,78.1,83.3,10.09,356.7,39.07,1.0,31.476
warehouse_large,2,largest_gap,3,6.33,19,multi,2,0.5263,9,10,1.6,Light,2,566.1,83.1,99.5,14.27,252.2,29.79,1.0,48.871
warehouse_large,2,largest_gap,1,14.0,14,solo_small,1,0.4286,9,7,1.0,Moderate,1,466.1,59.1,91.8,6.02,598.4,33.29,1.0,43.744
warehouse_large,2,largest_gap,2,8.0,16,multi,2,0.4375,4,3,1.3,Light,2,464.1,61.1,100.0,11.49,313.4,29.0,1.0,46.956
warehouse_large,2,largest_gap,1,13.0,13,solo_small,1,0.5385,4,9,1.3,Light,2,486.1,49.1,83.7,6.0,600.0,37.39,1.0,32.88
warehouse_large,2,largest_gap,2,8.0,16,multi,2,0.5625,8,10,1.3,Moderate,1,522.1,66.1,92.9,10.67,337.5,32.63,1.0,42.824
warehouse_large,2,largest_gap,1,26.0,26,solo_large,0,0.3846,10,3,1.0,Light,2,758.1,45.1,95.1,3.52,1021.7,29.16,1.0,46.328
warehouse_large,2,largest_gap,1,26.0,26,solo_large,0,0.3462,7,6,1.3,Moderate,1,764.1,90.1,98.4,3.51,1026.7,29.39,1.0,42.612
warehouse_large,2,largest_gap,2,6.0,12,multi,2,0.6667,3,8,1.6,Light,2,326.1,80.1,112.2,15.94,225.9,27.17,1.0,63.713
warehouse_large,2,largest_gap,2,6.5,13,multi,2,0.5385,7,1,1.3,Heavy,0,392.1,43.1,96.3,13.8,260.9,30.16,1.0,50.782
warehouse_large,2,largest_gap,2,9.0,18,multi,2,0.4444,8,7,1.6,Light,2,506.1,51.1,99.8,10.41,345.9,28.11,1.0,44.813
warehouse_large,2,largest_gap,3,8.0,24,multi,2,0.2917,4,3,1.3,Heavy,0,642.1,54.1,101.6,12.07,298.3,26.75,1.0,67.31
warehouse_large,2,largest_gap,3,8.33,25,multi,2,0.32,3,2,1.6,Moderate,1,706.1,47.1,97.4,11.21,321.1,28.24,1.0,55.275
warehouse_large,2,largest_gap,1,28.0,28,solo_large,0,0.3214,7,6,1.3,Heavy,0,752.1,71.1,102.1,3.44,1046.7,26.86,1.0,60.766
warehouse_large,2,largest_gap,1,15.0,15,solo_small,1,0.5333,4,4,1.3,Moderate,1,476.1,82.1,97.6,5.79,621.7,31.74,1.0,43.582
warehouse_large,2,largest_gap,1,7.0,7,solo_small,1,0.7143,6,2,1.3,Moderate,1,304.1,42.1,77.9,10.04,358.4,43.45,1.0,33.927
warehouse_large,2,largest_gap,3,6.67,20,multi,2,0.35,2,10,1.3,Heavy,0,494.1,42.1,106.4,15.17,237.2,24.71,1.0,65.155
warehouse_large,2,largest_gap,2,5.0,10,multi,2,0.5,3,6,1.0,Light,2,364.2,24.2,83.1,15.88,226.7,36.42,1.0,38.831
warehouse_large,2,largest_gap,1,21.0,21,solo_large,0,0.381,1,1,1.0,Heavy,0,576.1,70.1,102.6,4.53,795.1,27.43,1.0,51.448
warehouse_large,2,largest_gap,1,9.0,9,solo_small,1,0.6667,3,7,1.6,Light,2,332.1,51.1,87.8,8.74,411.7,36.9,1.0,35.525
warehouse_large,2,largest_gap,2,9.0,18,multi,2,0.3889,5,1,1.0,Heavy,0,458.1,80.1,110.8,11.05,325.9,25.45,1.0,62.066
warehouse_large,2,largest_gap,1,21.0,21,solo_large,0,0.4286,5,1,1.6,Moderate,1,472.1,33.1,111.0,5.08,708.4,22.48,1.0,59.474
warehouse_large,2,largest_gap,1,1.0,1,solo_small,1,1.0,2,8,1.3,Heavy,0,130.0,65.0,52.0,29.19,123.3,130.0,1.0,69.971
warehouse_large,2,largest_gap,1,14.0,14,solo_small,1,0.5714,7,4,1.6,Heavy,0,462.1,70.1,93.9,6.05,595.1,33.01,1.0,42.357
warehouse_large,2,largest_gap,3,4.33,13,multi,2,0.4615,6,6,1.0,Moderate,1,386.7,90.1,105.8,20.88,172.4,29.74,1.0,65.464
warehouse_large,2,largest_gap,1,17.0,17,solo_large,0,0.5294,5,10,1.0,Moderate,1,452.1,60.1,105.2,5.7,631.7,26.59,1.0,49.776
warehouse_large,2,largest_gap,1,8.0,8,solo_small,1,0.75,7,2,1.3,Moderate,1,346.1,39.1,76.6,8.81,408.4,43.26,1.0,28.854
warehouse_large,2,largest_gap,2,10.5,21,multi,2,0.381,10,3,1.3,Light,2,562.1,59.1,103.0,9.19,391.7,26.77,1.0,60.317
warehouse_large,2,largest_gap,1,3.0,3,solo_small,1,0.6667,7,3,1.6,Moderate,1,156.8,55.2,83.3,20.5,175.7,52.26,1.0,51.408
warehouse_large,2,largest_gap,3,9.33,28,multi,2,0.3214,3,8,1.3,Light,2,826.1,47.1,94.3,9.74,369.5,29.5,1.0,50.404
warehouse_large,2,largest_gap,3,7.33,22,multi,2,0.5,4,1,1.6,Light,2,660.1,84.1,97.8,12.27,293.3,30.0,1.0,55.965
warehouse_large,2,largest_gap,3,7.0,21,multi,2,0.381,10,6,1.3,Light,2,652.1,73.1,94.8,12.58,286.1,31.05,1.0,44.136
warehouse_large,2,largest_gap,2,3.5,7,multi,2,0.7143,5,3,1.3,Moderate,1,342.1,75.1,76.9,18.46,195.0,48.87,1.0,47.361
warehouse_large,2,largest_gap,3,3.33,10,multi,2,0.5,8,8,1.6,Moderate,1,412.1,51.1,79.9,21.89,164.5,41.21,1.0,44.014
warehouse_large,2,largest_gap,2,5.5,11,multi,2,0.6364,8,3,1.6,Moderate,1,452.1,71.1,82.1,13.29,270.9,41.1,1.0,36.723
warehouse_large,2,largest_gap,1,11.0,11,solo_small,1,0.5455,9,3,1.3,Heavy,0,292.1,55.1,109.2,8.81,408.4,26.56,1.0,46.496
warehouse_large,2,largest_gap,2,4.0,8,multi,2,0.75,7,8,1.6,Moderate,1,208.4,50.1,114.3,24.52,146.8,26.05,1.0,63.909
warehouse_large,2,largest_gap,1,5.0,5,solo_small,1,0.8,5,7,1.3,Light,2,262.2,68.2,76.1,12.27,293.5,52.43,1.0,39.181
warehouse_large,2,largest_gap,3,6.0,18,multi,2,0.4444,6,9,1.0,Light,2,512.1,40.1,97.7,15.5,232.2,28.45,1.0,53.083
warehouse_large,2,largest_gap,1,1.0,1,solo_small,1,1.0,6,4,1.3,Light,2,32.3,16.2,126.4,85.82,42.0,32.34,1.0,131.964
warehouse_large,2,largest_gap,1,7.0,7,solo_small,1,0.8571,6,8,1.6,Moderate,1,354.1,71.1,73.9,9.0,400.1,50.59,1.0,28.269
warehouse_large,2,largest_gap,1,30.0,30,solo_large,0,0.3333,7,1,1.6,Heavy,0,976.1,68.1,89.5,2.85,1263.4,32.54,1.0,28.927
warehouse_large,2,largest_gap,2,12.5,25,multi,2,0.36,7,8,1.0,Light,2,822.1,65.1,89.5,6.79,530.0,32.88,1.0,31.516
warehouse_large,2,largest_gap,1,10.0,10,solo_small,1,0.5,9,10,1.6,Heavy,0,326.1,52.1,95.2,8.54,421.8,32.61,1.0,39.471
warehouse_large,2,largest_gap,1,2.0,2,solo_small,1,1.0,6,3,1.0,Light,2,96.3,41.1,94.7,32.65,110.3,48.16,1.0,69.775
warehouse_large,2,largest_gap,3,3.0,9,multi,2,0.5556,4,3,1.0,Moderate,1,358.1,75.1,87.4,24.92,144.5,39.79,1.0,73.008
warehouse_large,2,largest_gap,3,6.33,19,multi,2,0.5263,5,2,1.0,Heavy,0,464.1,81.1,113.2,16.08,223.9,24.42,1.0,80.746
warehouse_large,2,largest_gap,3,5.67,17,multi,2,0.4118,7,10,1.3,Heavy,0,458.1,40.1,101.4,16.96,212.3,26.95,1.0,60.718
warehouse_large,2,largest_gap,1,5.0,5,solo_small,1,0.6,3,4,1.3,Moderate,1,314.1,94.1,69.7,10.69,336.7,62.81,1.0,33.99
warehouse_large,2,largest_gap,3,9.0,27,multi,2,0.3704,5,10,1.6,Light,2,638.1,58.1,109.4,11.53,312.2,23.63,1.0,81.097
warehouse_large,2,largest_gap,2,8.5,17,multi,2,0.4706,6,10,1.0,Light,2,552.1,93.1,96.0,10.07,357.5,32.47,1.0,49.64
warehouse_large,2,largest_gap,2,10.5,21,multi,2,0.381,10,5,1.0,Moderate,1,684.1,77.1,92.1,8.13,442.5,32.58,1.0,40.259
warehouse_large,2,largest_gap,1,1.0,1,solo_small,1,1.0,7,2,1.3,Heavy,0,132.4,66.2,51.3,28.72,125.4,132.44,1.0,69.08
warehouse_large,2,largest_gap,3,14.0,42,multi,2,0.2381,3,8,1.6,Moderate,1,1108.1,78.1,101.6,6.95,517.8,26.38,1.0,68.554
warehouse_large,2,largest_gap,2,9.0,18,multi,2,0.5,2,8,1.3,Heavy,0,464.1,36.1,103.4,10.96,328.4,25.78,1.0,55.369
warehouse_large,2,largest_gap,2,6.0,12,multi,2,0.6667,7,8,1.0,Light,2,308.1,68.1,113.7,16.49,218.4,25.67,1.0,65.573
warehouse_large,2,largest_gap,2,5.0,10,multi,2,0.5,6,4,1.6,Moderate,1,240.1,28.1,110.2,20.57,175.0,24.01,1.0,61.144
warehouse_large,2,largest_gap,1,18.0,18,solo_large,0,0.4444,7,10,1.0,Moderate,1,576.1,84.1,95.3,4.8,750.0,32.0,1.0,36.383
warehouse_large,2,largest_gap,2,5.0,10,multi,2,0.7,10,6,1.0,Light,2,376.1,47.1,84.9,15.54,231.7,37.61,1.0,44.721
warehouse_large,2,largest_gap,1,4.0,4,solo_small,1,0.5,2,2,1.0,Light,2,132.3,25.1,96.4,21.15,170.2,33.08,1.0,52.083
warehouse_large,2,largest_gap,3,9.0,27,multi,2,0.3333,1,10,1.6,Heavy,0,824.1,68.1,93.9,9.89,363.9,30.52,1.0,41.983
warehouse_large,2,largest_gap,2,8.0,16,multi,2,0.3125,3,9,1.6,Light,2,622.1,51.1,80.5,9.49,379.2,38.88,1.0,27.846
warehouse_large,2,largest_gap,1,27.0,27,solo_large,0,0.4074,10,2,1.0,Moderate,1,764.1,90.1,100.6,3.46,1041.7,28.3,1.0,57.025
warehouse_large,2,largest_gap,1,2.0,2,solo_small,1,1.0,3,3,1.6,Moderate,1,72.2,28.2,108.0,39.94,90.1,36.09,1.0,77.681
warehouse_large,2,largest_gap,1,4.0,4,solo_small,1,1.0,5,8,1.6,Moderate,1,248.1,59.1,66.2,13.5,266.7,62.02,1.0,35.336
warehouse_large,2,largest_gap,1,9.0,9,solo_small,1,0.4444,8,8,1.6,Light,2,260.2,21.2,97.0,10.23,351.8,28.91,1.0,41.012
warehouse_large,2,largest_gap,1,21.0,21,solo_large,0,0.381,7,3,1.6,Moderate,1,576.1,70.1,102.6,4.53,795.1,27.43,1.0,48.695
warehouse_large,2,largest_gap,1,2.0,2,solo_small,1,1.0,9,4,1.6,Moderate,1,166.3,64.1,62.5,21.36,168.6,83.14,1.0,51.15
warehouse_large,2,largest_gap,1,3.0,3,solo_small,1,0.6667,7,1,1.3,Moderate,1,58.9,24.3,146.3,38.25,94.1,19.64,1.0,79.506
warehouse_large,2,largest_gap,1,4.0,4,solo_small,1,0.75,4,4,1.3,Moderate,1,196.1,34.1,73.8,16.11,223.4,49.02,1.0,40.303
warehouse_large,2,largest_gap,1,1.0,1,solo_small,1,1.0,9,2,1.0,Light,2,92.6,46.3,67.2,39.05,92.2,92.64,1.0,84.16
warehouse_large,2,largest_gap,3,11.67,35,multi,2,0.2857,9,5,1.6,Light,2,820.1,66.1,109.2,8.94,402.8,23.43,1.0,66.846
warehouse_large,2,largest_gap,3,6.0,18,multi,2,0.5,6,2,1.6,Moderate,1,586.1,98.1,95.8,14.24,252.8,32.56,1.0,54.368
warehouse_large,2,largest_gap,3,8.0,24,multi,2,0.3333,2,9,1.3,Light,2,612.1,80.1,107.6,12.41,290.0,25.5,1.0,70.001
warehouse_large,2,largest_gap,1,25.0,25,solo_large,0,0.48,1,8,1.0,Moderate,1,678.1,60.1,101.1,3.83,940.1,27.12,1.0,60.095
warehouse_large,2,largest_gap,1,1.0,1,solo_small,1,1.0,1,3,1.6,Moderate,1,158.2,79.1,44.5,24.52,146.8,158.16,1.0,62.565
warehouse_large,2,largest_gap,1,8.0,8,solo_small,1,0.75,8,5,1.0,Heavy,0,252.1,49.1,99.6,10.91,330.1,31.51,1.0,47.635
warehouse_large,2,largest_gap,2,4.0,8,multi,2,0.875,6,3,1.3,Heavy,0,214.1,42.1,109.4,24.13,149.2,26.76,1.0,62.175
warehouse_large,2,largest_gap,3,7.67,23,multi,2,0.3478,7,10,1.0,Light,2,662.1,68.1,98.6,12.04,298.9,28.79,1.0,61.286
warehouse_large,2,largest_gap,1,10.0,10,solo_small,1,0.4,2,7,1.3,Moderate,1,244.7,52.1,115.9,10.17,353.9,24.47,1.0,52.244
warehouse_large,2,largest_gap,3,8.0,24,multi,2,0.4167,7,6,1.6,Moderate,1,614.1,82.1,107.6,12.39,290.6,25.59,1.0,83.558
warehouse_large,2,largest_gap,3,2.33,7,multi,2,0.4286,3,6,1.6,Heavy,0,280.2,58.2,86.9,31.9,112.8,40.03,1.0,76.938
warehouse_large,2,largest_gap,1,17.0,17,solo_large,0,0.3529,10,5,1.0,Heavy,0,488.1,50.1,98.7,5.44,661.7,28.71,1.0,50.817
warehouse_large,2,largest_gap,3,4.67,14,multi,2,0.5714,3,10,1.3,Moderate,1,462.1,89.1,96.8,18.15,198.3,33.0,1.0,56.818
warehouse_large,2,largest_gap,2,13.0,26,multi,2,0.3462,3,9,1.3,Heavy,0,682.1,47.1,101.8,7.51,479.2,26.23,1.0,68.322
warehouse_large,2,largest_gap,1,3.0,3,solo_small,1,1.0,6,10,1.6,Light,2,182.7,88.1,87.2,18.25,197.2,60.89,1.0,53.298
warehouse_large,2,largest_gap,1,18.0,18,solo_large,0,0.5,2,2,1.0,Light,2,512.1,69.1,101.4,5.17,696.7,28.45,1.0,59.169
warehouse_large,2,largest_gap,1,5.0,5,solo_small,1,1.0,1,3,1.3,Heavy,0,218.1,76.1,93.1,14.02,256.8,43.63,1.0,49.369
warehouse_large,2,largest_gap,3,6.0,18,multi,2,0.3333,3,6,1.6,Moderate,1,572.1,90.1,96.5,14.46,248.9,31.78,1.0,58.434
warehouse_large,2,largest_gap,2,13.0,26,multi,2,0.4231,6,3,1.0,Moderate,1,722.1,47.1,98.3,7.26,495.9,27.77,1.0,49.53
warehouse_large,2,largest_gap,1,5.0,5,solo_small,1,0.8,8,8,1.0,Heavy,0,214.1,65.1,90.4,14.21,253.4,42.82,1.0,45.709
warehouse_large,2,largest_gap,1,22.0,22,solo_large,0,0.4545,8,4,1.3,Moderate,1,646.1,69.1,97.7,4.15,868.4,29.37,1.0,48.143
warehouse_large,2,largest_gap,2,14.0,28,multi,2,0.3214,6,7,1.6,Moderate,1,692.1,77.1,108.1,7.22,498.4,24.72,1.0,65.83
warehouse_large,2,largest_gap,1,8.0,8,solo_small,1,0.75,8,3,1.6,Heavy,0,250.1,65.1,105.0,10.96,328.4,31.26,1.0,47.717
warehouse_large,2,largest_gap,1,21.0,21,solo_large,0,0.3333,9,5,1.6,Light,2,738.1,96.1,88.9,3.87,930.0,35.15,1.0,28.041
warehouse_large,2,largest_gap,2,4.5,9,multi,2,0.5556,8,2,1.0,Light,2,262.1,37.1,100.5,20.37,176.7,29.13,1.0,52.407
warehouse_large,2,largest_gap,1,4.0,4,solo_small,1,1.0,10,4,1.3,Light,2,168.1,46.1,89.1,17.99,200.1,42.02,1.0,47.288
warehouse_large,2,largest_gap,2,8.5,17,multi,2,0.3529,8,1,1.0,Heavy,0,510.1,44.1,95.1,10.59,340.0,30.01,1.0,50.058
warehouse_large,2,largest_gap,1,1.0,1,solo_small,1,1.0,6,9,1.6,Heavy,0,114.0,57.0,57.6,32.73,110.0,114.0,1.0,75.109
warehouse_large,2,largest_gap,2,4.0,8,multi,2,0.75,7,9,1.0,Heavy,0,312.1,74.1,90.5,18.94,190.0,39.01,1.0,53.821
warehouse_large,2,largest_gap,3,7.0,21,multi,2,0.381,4,4,1.3,Light,2,616.1,96.1,101.0,13.04,276.1,29.34,1.0,60.074
warehouse_large,2,largest_gap,1,3.0,3,solo_small,1,1.0,6,7,1.3,Moderate,1,134.4,67.1,106.8,22.93,157.0,44.81,1.0,62.504
warehouse_large,2,largest_gap,3,11.0,33,multi,2,0.3636,7,9,1.0,Moderate,1,830.1,47.1,103.5,9.1,395.6,25.15,1.0,73.157
warehouse_large,2,largest_gap,3,9.33,28,multi,2,0.2857,8,7,1.6,Heavy,0,714.1,39.1,102.6,10.64,338.3,25.5,1.0,54.528
warehouse_large,2,largest_gap,1,7.0,7,solo_small,1,0.7143,6,4,1.6,Moderate,1,336.1,67.1,76.6,9.35,385.1,48.01,1.0,32.63
warehouse_large,2,largest_gap,1,1.0,1,solo_small,1,1.0,6,2,1.3,Light,2,136.3,68.2,50.1,27.99,128.6,136.34,1.0,67.984
warehouse_large,2,largest_gap,3,7.0,21,multi,2,0.4762,6,1,1.0,Heavy,0,582.1,40.1,98.6,13.5,266.7,27.72,1.0,61.232
warehouse_large,2,largest_gap,1,12.0,12,solo_small,1,0.6667,8,3,1.6,Heavy,0,428.1,46.1,86.7,6.71,536.7,35.67,1.0,33.801
warehouse_large,2,largest_gap,1,9.0,9,solo_small,1,0.6667,6,6,1.6,Light,2,294.1,38.1,93.0,9.47,380.1,32.67,1.0,39.674
warehouse_large,2,largest_gap,3,8.33,25,multi,2,0.4,7,8,1.3,Moderate,1,762.1,84.1,95.7,10.69,336.7,30.48,1.0,56.47
warehouse_large,2,largest_gap,3,9.33,28,multi,2,0.3214,1,8,1.6,Light,2,838.1,75.1,95.5,9.66,372.8,29.93,1.0,50.923
warehouse_large,2,largest_gap,1,3.0,3,solo_small,1,0.6667,7,7,1.3,Moderate,1,110.4,43.1,106.8,26.27,137.0,36.81,1.0,62.291
warehouse_large,2,largest_gap,3,4.0,12,multi,2,0.5,1,9,1.3,Moderate,1,366.1,55.1,98.4,22.26,161.7,30.51,1.0,59.808
warehouse_large,2,largest_gap,3,6.33,19,multi,2,0.3684,8,2,1.3,Heavy,0,408.1,50.1,117.3,17.28,208.4,21.48,1.0,87.56
warehouse_large,2,largest_gap,2,6.5,13,multi,2,0.6154,1,10,1.6,Heavy,0,430.1,85.1,97.0,13.01,276.7,33.08,1.0,47.801
warehouse_large,2,largest_gap,3,6.0,18,multi,2,0.4444,10,7,1.0,Moderate,1,568.1,49.1,92.2,14.53,247.8,31.56,1.0,47.163
warehouse_large,2,largest_gap,2,5.5,11,multi,2,0.4545,8,3,1.3,Heavy,0,420.2,57.2,84.7,13.98,257.6,38.2,1.0,42.447
warehouse_large,2,largest_gap,2,8.5,17,multi,2,0.4118,1,4,1.6,Heavy,0,480.1,61.1,101.3,10.99,327.5,28.24,1.0,66.656
warehouse_large,2,largest_gap,3,6.67,20,multi,2,0.45,5,5,1.0,Light,2,558.1,43.1,98.7,14.12,255.0,27.9,1.0,64.907
warehouse_large,2,largest_gap,2,3.0,6,multi,2,0.8333,3,9,1.6,Moderate,1,252.1,71.1,89.7,24.0,150.0,42.01,1.0,57.658
warehouse_large,2,largest_gap,1,19.0,19,solo_large,0,0.4211,6,8,1.6,Heavy,0,692.1,93.1,87.2,4.18,861.7,36.42,1.0,30.687
warehouse_large,2,largest_gap,3,12.33,37,multi,2,0.2162,8,4,1.6,Light,2,882.1,56.1,107.1,8.37,430.0,23.84,1.0,75.416
warehouse_large,2,largest_gap,1,12.0,12,solo_small,1,0.5833,3,3,1.3,Light,2,468.7,85.1,86.5,6.31,570.6,39.06,1.0,32.834
warehouse_large,2,largest_gap,2,11.0,22,multi,2,0.5,7,2,1.3,Moderate,1,578.1,70.1,105.1,8.87,405.9,26.28,1.0,69.952
warehouse_large,2,largest_gap,2,5.5,11,multi,2,0.6364,5,1,1.3,Light,2,330.1,43.1,98.0,16.36,220.0,30.01,1.0,57.774
warehouse_large,2,largest_gap,1,14.0,14,solo_small,1,0.5,2,2,1.3,Light,2,422.1,56.1,97.9,6.41,561.7,30.15,1.0,42.118
warehouse_large,2,largest_gap,3,9.67,29,multi,2,0.3448,3,7,1.0,Light,2,746.1,76.1,105.1,10.22,352.2,25.73,1.0,70.454
warehouse_large,2,largest_gap,1,30.0,30,solo_large,0,0.3333,7,10,1.0,Light,2,696.1,92.1,113.3,3.49,1030.0,23.2,1.0,84.515
warehouse_large,2,largest_gap,3,7.67,23,multi,2,0.3913,10,8,1.3,Heavy,0,622.1,39.1,99.7,12.51,287.8,27.05,1.0,57.908
warehouse_large,2,largest_gap,1,16.0,16,solo_large,0,0.5,8,10,1.3,Moderate,1,498.1,58.1,94.9,5.5,655.1,31.13,1.0,37.614
warehouse_large,2,largest_gap,1,26.0,26,solo_large,0,0.3462,10,1,1.6,Moderate,1,630.1,85.1,110.9,3.93,915.1,24.23,1.0,58.676
warehouse_large,2,largest_gap,1,30.0,30,solo_large,0,0.3,5,2,1.6,Heavy,0,770.1,49.1,102.8,3.3,1091.7,25.67,1.0,51.192
warehouse_large,2,largest_gap,3,9.33,28,multi,2,0.3214,6,8,1.0,Heavy,0,852.1,82.1,94.9,9.56,376.7,30.43,1.0,56.483
warehouse_large,2,largest_gap,3,5.0,15,multi,2,0.5333,8,9,1.3,Heavy,0,434.1,72.1,102.5,18.41,195.6,28.94,1.0,60.37
warehouse_large,2,largest_gap,2,4.5,9,multi,2,0.6667,2,9,1.6,Light,2,328.1,64.1,91.3,17.63,204.2,36.45,1.0,47.979
warehouse_large,2,largest_gap,3,1.0,3,multi,2,0.3333,8,10,1.3,Heavy,0,80.0,24.0,117.8,96.72,37.2,26.67,1.0,214.964
warehouse_large,2,largest_gap,3,6.67,20,multi,2,0.45,2,3,1.3,Heavy,0,514.1,38.1,103.3,14.83,242.8,25.7,1.0,70.353
warehouse_large,2,largest_gap,1,28.0,28,solo_large,0,0.3214,1,7,1.3,Light,2,756.1,36.1,98.8,3.43,1050.1,27.0,1.0,66.25
warehouse_large,2,largest_gap,1,19.0,19,solo_large,0,0.4737,8,10,1.0,Light,2,614.1,70.1,92.6,4.52,796.7,32.32,1.0,35.214
warehouse_large,2,largest_gap,3,5.67,17,multi,2,0.5882,10,7,1.0,Light,2,506.1,45.1,95.7,15.96,225.6,29.77,1.0,56.13
warehouse_large,2,largest_gap,3,11.67,35,multi,2,0.2857,1,6,1.3,Light,2,902.1,39.1,101.3,8.46,425.6,25.77,1.0,63.896
warehouse_large,2,largest_gap,3,8.67,26,multi,2,0.2692,1,6,1.3,Moderate,1,764.1,89.1,98.3,10.52,342.2,29.39,1.0,60.346
warehouse_large,2,largest_gap,2,8.5,17,multi,2,0.4118,1,5,1.3,Heavy,0,572.1,69.1,90.8,9.84,365.9,33.65,1.0,41.751
warehouse_large,2,largest_gap,2,8.0,16,multi,2,0.375,6,6,1.6,Light,2,496.1,59.1,95.3,11.02,326.7,31.0,1.0,44.826
warehouse_large,2,largest_gap,1,18.0,18,solo_large,0,0.4444,9,2,1.0,Moderate,1,582.1,34.1,89.2,4.77,755.1,32.34,1.0,45.981
warehouse_large,2,largest_gap,1,12.0,12,solo_small,1,0.6667,9,1,1.0,Heavy,0,392.1,42.1,91.6,7.1,506.7,32.67,1.0,37.317
warehouse_large,2,largest_gap,1,24.0,24,solo_large,0,0.2917,4,8,1.0,Light,2,826.1,47.1,85.6,3.43,1048.4,34.42,1.0,23.601
warehouse_large,2,largest_gap,2,9.5,19,multi,2,0.3684,10,8,1.0,Light,2,540.1,77.1,102.0,9.8,367.5,28.42,1.0,50.987
warehouse_large,2,largest_gap,1,24.0,24,solo_large,0,0.375,5,2,1.3,Moderate,1,704.1,47.1,95.2,3.8,946.7,29.34,1.0,52.402
warehouse_large,2,largest_gap,3,4.0,12,multi,2,0.6667,6,9,1.6,Heavy,0,442.1,67.1,87.7,19.69,182.8,36.84,1.0,44.752
warehouse_large,2,largest_gap,3,7.0,21,multi,2,0.4286,1,2,1.6,Moderate,1,678.1,82.1,93.1,12.27,293.4,32.29,1.0,44.179
warehouse_large,2,largest_gap,1,10.0,10,solo_small,1,0.7,1,1,1.6,Moderate,1,478.1,84.1,75.3,6.56,548.4,47.81,1.0,28.493
warehouse_large,2,largest_gap,2,8.5,17,multi,2,0.5294,5,10,1.0,Light,2,596.1,48.1,86.0,9.58,375.9,35.06,1.0,38.421
warehouse_large,2,largest_gap,2,3.0,6,multi,2,1.0,8,10,1.3,Heavy,0,244.3,70.1,91.8,24.53,146.8,40.71,1.0,71.477
warehouse_large,2,largest_gap,1,10.0,10,solo_small,1,0.4,8,8,1.6,Heavy,0,228.2,21.2,111.6,10.58,340.2,22.82,1.0,47.081
warehouse_large,2,largest_gap,2,7.5,15,multi,2,0.4667,7,8,1.3,Light,2,508.1,84.1,93.4,11.1,324.2,33.87,1.0,41.779
warehouse_large,2,largest_gap,3,6.0,18,multi,2,0.5,3,8,1.6,Moderate,1,578.1,74.1,93.9,14.37,250.6,32.11,1.0,52.518
warehouse_large,2,largest_gap,2,7.0,14,multi,2,0.5714,1,4,1.6,Heavy,0,406.1,47.1,99.0,13.13,274.2,29.0,1.0,53.114
warehouse_large,2,largest_gap,1,3.0,3,solo_small,1,0.6667,2,4,1.0,Light,2,162.8,74.2,90.9,19.92,180.7,54.28,1.0,55.174
warehouse_large,2,largest_gap,1,17.0,17,solo_large,0,0.5294,10,7,1.3,Heavy,0,410.1,56.1,111.3,6.03,596.7,24.12,1.0,59.416
warehouse_large,2,largest_gap,1,3.0,3,solo_small,1,1.0,4,6,1.3,Moderate,1,192.4,71.1,73.9,17.53,205.4,64.14,1.0,46.477
warehouse_large,2,largest_gap,1,5.0,5,solo_small,1,1.0,3,9,1.6,Heavy,0,250.1,71.1,80.3,12.7,283.4,50.01,1.0,38.866
warehouse_large,2,largest_gap,1,2.0,2,solo_small,1,1.0,8,10,1.0,Heavy,0,116.5,58.1,91.6,28.34,127.0,58.23,1.0,69.974
warehouse_large,2,largest_gap,1,7.0,7,solo_small,1,0.7143,7,8,1.3,Light,2,236.2,16.2,87.4,11.93,301.8,33.74,1.0,36.694
warehouse_large,2,largest_gap,3,12.0,36,multi,2,0.2778,9,2,1.6,Light,2,760.1,61.1,115.5,9.2,391.1,21.11,1.0,92.628
warehouse_large,2,largest_gap,2,10.0,20,multi,2,0.4,7,7,1.3,Heavy,0,566.1,57.1,99.4,9.33,385.9,28.3,1.0,64.225
warehouse_large,2,largest_gap,1,12.0,12,solo_small,1,0.4167,2,8,1.6,Heavy,0,422.1,59.1,89.5,6.77,531.7,35.17,1.0,40.02
warehouse_large,2,largest_gap,1,12.0,12,solo_small,1,0.5833,1,2,1.6,Moderate,1,408.1,73.1,94.1,6.92,520.1,34.01,1.0,49.622
warehouse_large,2,largest_gap,1,10.0,10,solo_small,1,0.6,3,8,1.3,Heavy,0,370.1,73.1,90.6,7.85,458.4,37.01,1.0,41.365
warehouse_large,2,largest_gap,2,3.0,6,multi,2,0.5,4,4,1.3,Heavy,0,226.1,55.1,92.9,25.86,139.2,37.68,1.0,67.646
warehouse_large,2,largest_gap,1,19.0,19,solo_large,0,0.5263,9,1,1.3,Heavy,0,628.1,69.1,91.1,4.45,808.4,33.06,1.0,28.415
warehouse_large,2,largest_gap,2,2.0,4,multi,2,0.75,1,1,1.6,Heavy,0,152.3,20.3,84.7,38.52,93.5,38.08,1.0,87.484
warehouse_large,2,largest_gap,3,9.67,29,multi,2,0.3793,6,2,1.0,Light,2,624.1,54.1,114.7,11.31,318.4,21.52,1.0,89.292
warehouse_large,2,largest_gap,1,8.0,8,solo_small,1,0.625,4,5,1.3,Light,2,358.1,29.1,73.1,8.6,418.4,44.76,1.0,29.381
warehouse_large,2,largest_gap,1,17.0,17,solo_large,0,0.5882,3,4,1.0,Moderate,1,470.1,40.1,99.8,5.57,646.7,27.65,1.0,51.761
warehouse_large,2,largest_gap,1,4.0,4,solo_small,1,1.0,9,4,1.6,Heavy,0,192.4,46.1,79.1,16.34,220.3,48.1,1.0,42.082
warehouse_large,2,largest_gap,2,8.0,16,multi,2,0.5625,4,7,1.3,Moderate,1,472.7,67.1,99.7,11.36,316.9,29.54,1.0,70.928
warehouse_large,2,largest_gap,2,7.5,15,multi,2,0.4667,8,7,1.0,Moderate,1,388.1,31.1,103.3,13.13,274.2,25.87,1.0,88.83
warehouse_large,2,largest_gap,3,6.33,19,multi,2,0.4211,9,7,1.0,Moderate,1,474.1,43.1,106.2,15.88,226.7,24.95,1.0,68.492
warehouse_large,2,largest_gap,1,24.0,24,solo_large,0,0.375,10,3,1.6,Heavy,0,778.1,57.1,89.9,3.57,1008.4,32.42,1.0,32.829
warehouse_large,2,largest_gap,1,12.0,12,solo_small,1,0.5,2,5,1.0,Light,2,376.1,72.1,99.7,7.3,493.4,31.34,1.0,42.617
warehouse_large,2,largest_gap,3,11.0,33,multi,2,0.2727,5,7,1.6,Heavy,0,742.1,50.1,110.9,9.7,371.1,22.49,1.0,89.443
warehouse_large,2,largest_gap,3,6.33,19,multi,2,0.4737,1,3,1.0,Heavy,0,438.1,39.1,110.8,16.61,216.7,23.06,1.0,72.649
warehouse_large,2,largest_gap,1,16.0,16,solo_large,0,0.5,7,10,1.6,Light,2,534.1,62.1,90.9,5.26,685.1,33.38,1.0,38.725
warehouse_large,2,largest_gap,1,17.0,17,solo_large,0,0.4118,5,9,1.0,Heavy,0,510.1,60.1,97.1,5.29,680.1,30.0,1.0,44.371
warehouse_large,2,largest_gap,3,6.0,18,multi,2,0.4444,2,4,1.0,Heavy,0,498.1,43.1,99.8,15.77,228.4,27.67,1.0,55.739
warehouse_large,2,largest_gap,2,11.5,23,multi,2,0.3478,7,8,1.0,Light,2,694.1,47.1,93.6,7.8,461.7,30.18,1.0,50.853
warehouse_large,2,largest_gap,1,27.0,27,solo_large,0,0.3704,6,1,1.0,Heavy,0,770.1,82.1,99.4,3.44,1046.7,28.52,1.0,44.365
warehouse_large,2,largest_gap,2,6.5,13,multi,2,0.6154,6,8,1.3,Light,2,392.1,84.1,103.6,13.8,260.9,30.16,1.0,55.497
warehouse_large,2,largest_gap,1,12.0,12,solo_small,1,0.6667,2,1,1.3,Light,2,392.1,99.1,101.8,7.1,506.7,32.67,1.0,46.796
warehouse_large,2,largest_gap,2,8.0,16,multi,2,0.5,4,10,1.0,Heavy,0,484.1,73.1,98.9,11.19,321.7,30.25,1.0,55.221
warehouse_large,2,largest_gap,2,4.5,9,multi,2,0.4444,5,10,1.3,Moderate,1,316.1,62.1,93.5,18.07,199.2,35.12,1.0,58.939
warehouse_large,2,largest_gap,3,6.0,18,multi,2,0.3889,9,9,1.6,Heavy,0,558.1,73.1,96.1,14.69,245.0,31.01,1.0,49.193
warehouse_large,2,largest_gap,1,18.0,18,solo_large,0,0.5,1,5,1.3,Heavy,0,522.1,80.1,101.5,5.11,705.1,29.0,1.0,49.058
warehouse_large,2,largest_gap,3,8.33,25,multi,2,0.48,2,8,1.3,Heavy,0,594.1,70.1,110.9,12.41,290.0,23.76,1.0,63.943
warehouse_large,2,largest_gap,1,10.0,10,solo_small,1,0.6,7,4,1.6,Light,2,322.1,45.1,94.5,8.6,418.4,32.21,1.0,40.659
warehouse_large,2,largest_gap,1,23.0,23,solo_large,0,0.3478,2,8,1.6,Moderate,1,686.1,51.1,94.7,3.93,916.7,29.83,1.0,42.165
warehouse_large,2,largest_gap,2,3.5,7,multi,2,0.7143,1,6,1.6,Light,2,280.1,36.1,81.7,21.28,169.2,40.02,1.0,54.771
warehouse_large,2,largest_gap,3,8.67,26,multi,2,0.4231,4,9,1.6,Heavy,0,602.1,67.1,112.0,12.11,297.2,23.16,1.0,70.828
warehouse_large,2,largest_gap,1,4.0,4,solo_small,1,0.75,9,2,1.6,Heavy,0,144.1,18.1,87.3,19.99,180.1,36.03,1.0,49.574
warehouse_large,2,largest_gap,3,9.33,28,multi,2,0.3571,4,7,1.0,Moderate,1,858.1,92.1,95.2,9.51,378.4,30.64,1.0,58.643
warehouse_large,2,largest_gap,1,19.0,19,solo_large,0,0.5263,3,8,1.0,Moderate,1,628.1,69.1,91.1,4.45,808.4,33.06,1.0,30.448
warehouse_large,2,largest_gap,2,6.0,12,multi,2,0.5,2,5,1.3,Light,2,342.7,58.1,103.6,15.46,232.8,28.56,1.0,54.595
warehouse_large,2,largest_gap,2,10.5,21,multi,2,0.4762,1,1,1.6,Heavy,0,794.1,65.1,82.0,7.37,488.4,37.81,1.0,36.343
warehouse_large,2,largest_gap,1,21.0,21,solo_large,0,0.381,9,2,1.0,Light,2,560.1,93.1,107.4,4.61,781.7,26.67,1.0,52.619
warehouse_large,2,largest_gap,1,8.0,8,solo_small,1,0.625,2,7,1.0,Heavy,0,310.1,90.1,94.9,9.51,378.4,38.76,1.0,47.094
warehouse_large,2,largest_gap,2,3.0,6,multi,2,1.0,5,7,1.0,Heavy,0,282.3,70.1,80.9,22.14,162.6,47.05,1.0,51.803
warehouse_large,2,largest_gap,2,3.5,7,multi,2,0.7143,4,2,1.6,Moderate,1,224.7,42.1,98.0,24.64,146.1,32.1,1.0,59.076
warehouse_large,2,largest_gap,1,13.0,13,solo_small,1,0.6154,4,5,1.0,Moderate,1,454.1,69.1,90.7,6.28,573.4,34.93,1.0,41.615
warehouse_large,2,largest_gap,1,2.0,2,solo_small,1,1.0,6,5,1.0,Moderate,1,190.2,46.1,48.0,19.1,188.5,95.08,1.0,41.629
warehouse_large,2,largest_gap,1,13.0,13,solo_small,1,0.6154,10,1,1.0,Heavy,0,348.1,66.1,108.8,7.42,485.1,26.77,1.0,54.8
warehouse_large,2,largest_gap,1,21.0,21,solo_large,0,0.381,5,1,1.3,Moderate,1,650.1,49.1,92.7,4.2,856.7,30.96,1.0,42.741
warehouse_large,2,largest_gap,1,4.0,4,solo_small,1,1.0,5,4,1.3,Heavy,0,180.1,35.1,79.6,17.14,210.1,45.02,1.0,45.317
warehouse_large,2,largest_gap,2,10.0,20,multi,2,0.45,1,6,1.3,Moderate,1,618.1,99.1,98.3,8.83,407.5,30.9,1.0,49.281
warehouse_large,2,largest_gap,1,25.0,25,solo_large,0,0.4,6,10,1.0,Heavy,0,690.1,96.1,103.4,3.79,950.0,27.6,1.0,51.773
warehouse_large,2,largest_gap,2,7.5,15,multi,2,0.6667,4,9,1.0,Light,2,356.1,34.1,109.5,13.8,260.9,23.74,1.0,66.438
warehouse_large,2,largest_gap,1,2.0,2,solo_small,1,1.0,5,2,1.6,Light,2,132.1,48.1,72.0,25.71,140.1,66.03,1.0,57.659
warehouse_large,2,largest_gap,3,5.33,16,multi,2,0.375,2,8,1.6,Moderate,1,510.1,31.1,90.1,16.24,221.7,31.88,1.0,90.738
warehouse_large,2,largest_gap,1,23.0,23,solo_large,0,0.3478,6,8,1.0,Moderate,1,656.1,45.1,96.9,4.04,891.7,28.52,1.0,45.599
warehouse_large,2,largest_gap,1,9.0,9,solo_small,1,0.6667,4,4,1.6,Moderate,1,388.1,72.1,81.3,7.85,458.4,43.12,1.0,31.46
warehouse_large,2,largest_gap,1,21.0,21,solo_large,0,0.4762,9,7,1.3,Light,2,528.1,57.1,106.9,4.77,755.1,25.15,1.0,51.632
warehouse_large,2,largest_gap,1,3.0,3,solo_small,1,1.0,3,2,1.6,Moderate,1,164.3,57.3,80.5,19.79,181.9,54.77,1.0,49.743
warehouse_large,2,largest_gap,3,13.33,40,multi,2,0.275,1,8,1.3,Light,2,938.1,74.1,109.1,7.82,460.6,23.45,1.0,91.73
warehouse_large,2,largest_gap,3,6.33,19,multi,2,0.4211,3,3,1.6,Moderate,1,624.1,74.1,92.0,13.42,268.4,32.85,1.0,41.68
warehouse_large,2,largest_gap,3,11.0,33,multi,2,0.3333,2,4,1.6,Heavy,0,880.1,43.1,99.6,8.79,409.5,26.67,1.0,54.846
warehouse_large,2,largest_gap,2,6.5,13,multi,2,0.6154,5,2,1.6,Heavy,0,398.1,46.1,95.8,13.67,263.4,30.62,1.0,47.728
warehouse_large,2,largest_gap,2,7.0,14,multi,2,0.5,7,10,1.6,Moderate,1,438.1,36.1,92.5,12.52,287.5,31.29,1.0,42.502
warehouse_large,2,largest_gap,2,10.0,20,multi,2,0.4,4,5,1.3,Light,2,606.1,77.1,97.2,8.94,402.5,30.3,1.0,48.862
warehouse_large,2,largest_gap,3,10.33,31,multi,2,0.3226,10,8,1.0,Moderate,1,808.1,64.1,102.9,9.49,379.5,26.07,1.0,56.289
warehouse_large,2,largest_gap,3,4.67,14,multi,2,0.4286,2,3,1.3,Light,2,326.1,55.1,115.6,22.42,160.6,23.29,1.0,67.958
warehouse_large,2,largest_gap,2,12.0,24,multi,2,0.2917,8,9,1.0,Heavy,0,590.1,80.1,110.1,8.45,425.9,24.59,1.0,65.201
warehouse_large,2,largest_gap,3,7.33,22,multi,2,0.4545,8,3,1.3,Heavy,0,606.1,47.1,99.5,12.93,278.4,27.55,1.0,60.217
warehouse_large,2,largest_gap,2,10.5,21,multi,2,0.3333,6,9,1.3,Moderate,1,482.1,39.1,110.5,10.05,358.4,22.96,1.0,63.119
warehouse_large,2,largest_gap,3,8.67,26,multi,2,0.3846,4,10,1.3,Moderate,1,822.1,100.1,94.4,10.05,358.4,31.62,1.0,47.437
warehouse_large,2,largest_gap,1,4.0,4,solo_small,1,1.0,5,8,1.0,Heavy,0,212.1,91.1,89.5,15.21,236.7,53.02,1.0,48.215
warehouse_large,2,largest_gap,3,9.33,28,multi,2,0.3214,9,9,1.0,Moderate,1,622.1,76.1,115.2,11.51,312.8,22.22,1.0,84.063
warehouse_large,2,largest_gap,3,10.33,31,multi,2,0.2903,5,7,1.3,Light,2,756.1,83.1,108.8,9.86,365.0,24.39,1.0,74.147
warehouse_large,2,largest_gap,2,7.5,15,multi,2,0.5333,5,5,1.3,Light,2,630.1,73.1,78.4,9.6,375.0,42.0,1.0,28.199
warehouse_large,2,largest_gap,2,3.0,6,multi,2,0.8333,8,6,1.3,Moderate,1,192.1,68.1,111.7,28.79,125.1,32.02,1.0,78.701
warehouse_large,2,largest_gap,3,5.33,16,multi,2,0.4375,1,10,1.6,Heavy,0,456.1,62.1,101.3,17.42,206.7,28.5,1.0,70.239
warehouse_large,2,largest_gap,1,16.0,16,solo_large,0,0.4375,5,9,1.6,Moderate,1,388.1,82.1,116.4,6.39,563.4,24.25,1.0,64.093
warehouse_large,2,largest_gap,1,12.0,12,solo_small,1,0.6667,7,6,1.3,Heavy,0,452.1,53.1,84.3,6.47,556.7,37.67,1.0,30.569
warehouse_large,2,largest_gap,2,5.0,10,multi,2,0.6,2,7,1.3,Heavy,0,304.1,75.1,105.6,17.85,201.7,30.41,1.0,63.21
warehouse_large,2,largest_gap,1,5.0,5,solo_small,1,0.6,9,8,1.6,Light,2,222.7,70.1,89.0,13.81,260.6,44.55,1.0,43.001
warehouse_large,2,largest_gap,3,5.67,17,multi,2,0.4706,8,4,1.0,Moderate,1,480.1,30.1,97.1,16.49,218.4,28.24,1.0,56.527
warehouse_large,2,largest_gap,1,1.0,1,solo_small,1,1.0,7,2,1.6,Moderate,1,39.2,19.6,114.9,75.5,47.7,39.22,1.0,127.111
warehouse_large,2,largest_gap,1,4.0,4,solo_small,1,1.0,6,4,1.6,Heavy,0,224.7,71.1,76.6,14.56,247.3,56.19,1.0,41.509
warehouse_large,2,largest_gap,1,23.0,23,solo_large,0,0.3913,3,4,1.6,Light,2,544.1,64.1,111.1,4.51,798.4,23.65,1.0,72.685
warehouse_large,2,largest_gap,2,8.5,17,multi,2,0.4706,1,3,1.6,Moderate,1,478.1,49.1,99.9,11.02,326.7,28.12,1.0,57.669
warehouse_large,2,largest_gap,3,7.67,23,multi,2,0.3913,6,6,1.0,Moderate,1,700.1,77.1,95.8,11.63,309.5,30.44,1.0,54.691
warehouse_large,2,largest_gap,3,10.67,32,multi,2,0.3438,6,3,1.6,Light,2,802.1,63.1,105.1,9.4,382.8,25.06,1.0,63.87
warehouse_large,2,largest_gap,2,11.0,22,multi,2,0.3182,8,5,1.3,Light,2,656.1,92.1,99.0,8.21,438.4,29.82,1.0,54.283
warehouse_large,2,largest_gap,1,14.0,14,solo_small,1,0.6429,4,1,1.6,Heavy,0,398.1,48.1,100.5,6.65,541.7,28.43,1.0,45.93
warehouse_large,2,largest_gap,1,9.0,9,solo_small,1,0.7778,7,1,1.0,Heavy,0,308.1,67.1,96.5,9.19,391.7,34.23,1.0,40.812
warehouse_large,2,largest_gap,1,9.0,9,solo_small,1,0.7778,7,10,1.0,Light,2,354.1,87.1,90.6,8.37,430.1,39.34,1.0,35.987
warehouse_large,2,largest_gap,1,2.0,2,solo_small,1,1.0,10,2,1.0,Light,2,146.7,58.1,69.3,23.65,152.2,73.34,1.0,55.671
warehouse_large,2,largest_gap,1,1.0,1,solo_small,1,1.0,5,9,1.6,Moderate,1,56.6,28.3,93.3,57.88,62.2,56.64,1.0,107.922
warehouse_large,2,largest_gap,2,9.5,19,multi,2,0.4737,10,6,1.0,Light,2,494.1,67.1,106.7,10.33,348.4,26.0,1.0,68.12
warehouse_large,2,largest_gap,3,11.0,33,multi,2,0.3333,5,6,1.3,Light,2,736.1,70.1,113.1,9.74,369.5,22.31,1.0,94.662
warehouse_large,2,largest_gap,2,7.0,14,multi,2,0.4286,1,8,1.3,Light,2,566.1,98.1,84.0,10.56,340.9,40.43,1.0,38.482
warehouse_large,2,largest_gap,1,20.0,20,solo_large,0,0.45,6,5,1.3,Light,2,694.1,73.1,88.1,4.1,878.4,34.7,1.0,32.035
warehouse_large,2,largest_gap,1,27.0,27,solo_large,0,0.3704,10,7,1.3,Light,2,830.1,69.1,93.5,3.28,1096.7,30.74,1.0,38.57
warehouse_large,2,largest_gap,1,25.0,25,solo_large,0,0.36,5,4,1.3,Heavy,0,642.1,66.1,105.3,3.96,910.0,25.68,1.0,51.64
warehouse_large,2,largest_gap,1,25.0,25,solo_large,0,0.36,6,2,1.0,Moderate,1,688.1,43.1,98.6,3.8,948.4,27.52,1.0,42.544
warehouse_large,2,largest_gap,2,2.5,5,multi,2,0.8,10,6,1.3,Heavy,0,252.3,53.1,74.7,25.24,142.6,50.46,1.0,52.159
warehouse_large,2,largest_gap,3,5.0,15,multi,2,0.5333,1,8,1.3,Heavy,0,430.1,70.1,102.9,18.51,194.5,28.67,1.0,61.988
warehouse_large,2,largest_gap,2,6.5,13,multi,2,0.5385,4,2,1.3,Light,2,352.1,59.1,106.6,14.74,244.2,27.08,1.0,61.401
warehouse_large,2,largest_gap,1,8.0,8,solo_small,1,0.625,9,5,1.6,Moderate,1,326.1,66.1,85.5,9.19,391.7,40.76,1.0,37.815
warehouse_large,2,largest_gap,2,6.0,12,multi,2,0.5833,7,1,1.6,Heavy,0,380.1,49.1,94.8,14.5,248.4,31.67,1.0,55.529
warehouse_large,2,largest_gap,1,5.0,5,solo_small,1,0.6,5,4,1.6,Moderate,1,176.2,51.2,100.5,16.23,221.9,35.24,1.0,49.325
warehouse_large,2,largest_gap,3,9.67,29,multi,2,0.3448,1,6,1.0,Heavy,0,784.1,100.1,103.9,9.92,362.8,27.04,1.0,63.65
warehouse_large,2,largest_gap,3,6.33,19,multi,2,0.4211,7,9,1.0,Heavy,0,468.1,60.1,109.4,16.0,225.0,24.63,1.0,64.353
warehouse_large,2,largest_gap,1,30.0,30,solo_large,0,0.3333,2,4,1.3,Moderate,1,976.1,68.1,89.5,2.85,1263.4,32.54,1.0,32.703
warehouse_large,2,largest_gap,1,23.0,23,solo_large,0,0.3478,7,3,1.3,Heavy,0,782.1,79.1,89.0,3.61,996.7,34.0,1.0,28.143
warehouse_large,2,largest_gap,2,7.0,14,multi,2,0.5714,7,7,1.0,Light,2,634.1,73.1,74.4,9.75,369.2,45.29,1.0,24.644
warehouse_large,2,largest_gap,3,6.67,20,multi,2,0.4,7,2,1.0,Moderate,1,514.1,67.1,107.1,14.83,242.8,25.7,1.0,60.55
warehouse_large,2,largest_gap,1,12.0,12,solo_small,1,0.6667,6,9,1.0,Heavy,0,410.1,35.1,87.7,6.9,521.7,34.17,1.0,30.952
warehouse_large,2,largest_gap,1,10.0,10,solo_small,1,0.6,8,1,1.0,Heavy,0,244.1,32.1,110.2,10.19,353.4,24.41,1.0,54.435
warehouse_large,2,largest_gap,1,8.0,8,solo_small,1,0.5,6,6,1.6,Light,2,230.7,28.1,99.7,11.53,312.3,28.84,1.0,44.433
warehouse_large,2,largest_gap,2,14.0,28,multi,2,0.3214,10,6,1.6,Heavy,0,704.1,66.1,105.9,7.15,503.4,25.15,1.0,68.096
warehouse_large,2,largest_gap,1,3.0,3,solo_small,1,1.0,1,9,1.6,Moderate,1,210.1,49.1,60.3,16.36,220.1,70.04,1.0,39.209
warehouse_large,2,largest_gap,2,10.0,20,multi,2,0.4,7,7,1.0,Light,2,624.1,95.1,97.2,8.78,410.0,31.2,1.0,56.947
warehouse_large,2,largest_gap,1,27.0,27,solo_large,0,0.3704,7,2,1.3,Moderate,1,770.1,82.1,99.4,3.44,1046.7,28.52,1.0,43.415
warehouse_large,2,largest_gap,2,9.0,18,multi,2,0.5,2,9,1.6,Heavy,0,592.7,68.1,91.6,9.43,381.9,32.93,1.0,42.138
warehouse_large,2,largest_gap,3,10.67,32,multi,2,0.3125,8,4,1.0,Moderate,1,980.1,62.1,92.5,8.33,432.2,30.63,1.0,45.566
warehouse_large,2,random,1,1.0,1,solo_small,1,1.0,7,10,1.3,Light,2,80.6,40.3,74.1,43.8,82.2,80.64,1.0,90.518
warehouse_large,2,random,1,11.0,11,solo_small,1,0.6364,10,2,1.0,Light,2,462.1,76.1,81.4,6.54,550.1,42.01,1.0,25.875
warehouse_large,2,random,2,3.5,7,multi,2,0.7143,6,3,1.0,Light,2,326.4,14.3,69.0,19.1,188.5,46.63,1.0,36.573
warehouse_large,2,random,1,3.0,3,solo_small,1,0.6667,4,7,1.6,Moderate,1,144.4,27.2,75.7,21.77,165.4,48.15,1.0,47.157
warehouse_large,2,random,1,6.0,6,solo_small,1,0.8333,10,2,1.3,Heavy,0,294.6,68.6,77.6,10.73,335.5,49.1,1.0,35.737
warehouse_large,2,random,2,11.0,22,multi,2,0.4545,6,8,1.0,Moderate,1,854.1,69.1,80.5,6.91,520.9,38.82,1.0,21.861
warehouse_large,2,random,2,6.0,12,multi,2,0.5833,2,6,1.6,Heavy,0,512.1,52.0,76.7,11.87,303.4,42.68,1.0,32.442
warehouse_large,2,random,3,11.33,34,multi,2,0.2941,2,3,1.6,Moderate,1,1310.0,56.0,78.7,6.74,533.9,38.53,1.0,20.899
warehouse_large,2,random,3,1.33,4,multi,2,0.75,10,9,1.3,Light,2,316.2,95.1,59.0,33.39,107.8,79.04,1.0,75.081
warehouse_large,2,random,2,13.0,26,multi,2,0.3077,10,4,1.0,Light,2,978.3,46.2,80.2,5.97,602.6,37.63,1.0,13.972
warehouse_large,2,random,1,19.0,19,solo_large,0,0.4211,8,2,1.0,Light,2,654.1,86.1,90.2,4.34,830.1,34.42,1.0,39.26
warehouse_large,2,random,1,12.0,12,solo_small,1,0.75,2,3,1.0,Light,2,620.2,92.1,69.7,5.17,696.9,51.69,1.0,21.93
warehouse_large,2,random,3,7.0,21,multi,2,0.381,7,8,1.0,Moderate,1,896.7,101.1,77.3,10.17,354.1,42.7,1.0,24.99
warehouse_large,2,random,2,10.5,21,multi,2,0.4286,9,4,1.6,Moderate,1,964.3,64.0,71.0,6.44,559.3,45.92,1.0,6.361
warehouse_large,2,random,3,8.0,24,multi,2,0.3333,6,10,1.3,Heavy,0,836.1,46.1,84.8,10.22,352.2,34.84,1.0,28.482
warehouse_large,2,random,2,10.5,21,multi,2,0.4762,5,2,1.0,Moderate,1,820.4,15.2,76.7,7.21,499.3,39.07,1.0,16.746
warehouse_large,2,random,3,7.67,23,multi,2,0.3913,3,6,1.3,Light,2,842.9,43.6,81.9,10.31,349.1,36.65,1.0,31.237
warehouse_large,2,random,2,13.0,26,multi,2,0.3846,5,3,1.0,Moderate,1,1102.3,75.2,75.1,5.5,654.3,42.4,1.0,14.907
warehouse_large,2,random,3,12.0,36,multi,2,0.25,6,4,1.3,Light,2,1096.7,9.6,89.6,7.43,484.7,30.46,1.0,36.312
warehouse_large,2,random,2,5.0,10,multi,2,0.5,4,7,1.3,Moderate,1,292.4,38.2,99.5,18.29,196.8,29.24,1.0,53.24
warehouse_large,2,random,2,8.0,16,multi,2,0.4375,3,6,1.3,Light,2,658.5,70.3,78.9,9.13,394.4,41.16,1.0,31.634
warehouse_large,2,random,3,11.33,34,multi,2,0.2647,7,2,1.0,Heavy,0,1216.9,38.6,82.0,7.09,508.0,35.79,1.0,15.729
warehouse_large,2,random,1,28.0,28,solo_large,0,0.2857,5,10,1.6,Light,2,910.3,50.2,88.7,3.05,1178.6,32.51,1.0,22.915
warehouse_large,2,random,3,9.67,29,multi,2,0.3793,2,8,1.0,Moderate,1,1112.2,23.1,77.8,7.93,453.9,38.35,1.0,9.999
warehouse_large,2,random,3,10.0,30,multi,2,0.3333,4,2,1.6,Light,2,1134.8,43.2,79.4,7.74,465.2,37.83,1.0,25.844
warehouse_large,2,random,3,5.67,17,multi,2,0.4706,6,7,1.6,Moderate,1,584.6,63.0,88.7,14.55,247.4,34.39,1.0,45.806
warehouse_large,2,random,3,5.67,17,multi,2,0.3529,7,7,1.3,Moderate,1,551.2,38.6,89.7,15.12,238.1,32.42,1.0,42.104
warehouse_large,2,random,1,7.0,7,solo_small,1,0.7143,8,1,1.0,Heavy,0,364.2,63.0,70.8,8.81,408.5,52.03,1.0,27.13
warehouse_large,2,random,3,3.67,11,multi,2,0.4545,8,10,1.0,Moderate,1,438.2,30.0,78.4,20.37,176.7,39.83,1.0,69.173
warehouse_large,2,random,3,5.67,17,multi,2,0.4706,9,2,1.0,Moderate,1,640.2,96.1,86.4,13.7,262.8,37.66,1.0,37.51
warehouse_large,2,random,2,3.0,6,multi,2,0.6667,1,7,1.6,Light,2,422.2,85.1,58.2,16.3,220.9,70.36,1.0,32.218
warehouse_large,2,random,1,24.0,24,solo_large,0,0.375,2,2,1.6,Light,2,860.8,66.6,84.6,3.34,1077.3,35.87,1.0,22.066
warehouse_large,2,random,1,13.0,13,solo_small,1,0.5385,8,8,1.0,Light,2,702.7,46.6,63.1,4.61,780.6,54.05,1.0,4.643
warehouse_large,2,random,1,13.0,13,solo_small,1,0.4615,3,3,1.3,Moderate,1,544.3,68.3,79.1,5.55,648.6,41.87,1.0,26.811
warehouse_large,2,random,2,9.5,19,multi,2,0.5263,10,6,1.0,Moderate,1,744.2,92.1,82.6,7.95,452.6,39.17,1.0,26.405
warehouse_large,2,random,3,7.67,23,multi,2,0.4783,8,8,1.3,Heavy,0,944.1,68.0,77.0,9.54,377.2,41.05,1.0,17.468
warehouse_large,2,random,2,5.5,11,multi,2,0.7273,10,8,1.3,Heavy,0,466.0,24.0,74.2,13.01,276.7,42.36,1.0,28.077
warehouse_large,2,random,1,11.0,11,solo_small,1,0.4545,8,1,1.0,Heavy,0,411.2,16.6,80.2,7.09,507.7,37.38,1.0,26.878
warehouse_large,2,random,2,7.0,14,multi,2,0.5,7,8,1.0,Heavy,0,570.4,72.1,80.6,10.51,342.7,40.74,1.0,35.202
warehouse_large,2,random,1,24.0,24,solo_large,0,0.375,4,10,1.6,Moderate,1,844.8,55.2,84.9,3.38,1064.0,35.2,1.0,25.08
warehouse_large,2,random,2,8.5,17,multi,2,0.5294,7,9,1.6,Moderate,1,606.3,16.2,82.0,9.47,380.1,35.66,1.0,30.598
warehouse_large,2,random,1,9.0,9,solo_small,1,0.6667,8,8,1.6,Moderate,1,366.6,52.0,81.6,8.17,440.5,40.73,1.0,32.803
warehouse_large,2,random,2,11.5,23,multi,2,0.4348,5,4,1.6,Heavy,0,727.2,8.6,87.7,7.57,475.5,31.62,1.0,38.07
warehouse_large,2,random,3,4.67,14,multi,2,0.5,5,9,1.0,Heavy,0,546.3,37.1,79.5,16.24,221.7,39.02,1.0,38.112
warehouse_large,2,random,3,6.0,18,multi,2,0.3333,1,3,1.0,Heavy,0,588.6,55.3,90.7,14.2,253.5,32.7,1.0,47.058
warehouse_large,2,random,1,30.0,30,solo_large,0,0.3333,4,2,1.0,Light,2,1155.2,59.6,79.2,2.55,1412.7,38.51,1.0,9.818
warehouse_large,2,random,1,5.0,5,solo_small,1,0.8,10,5,1.0,Light,2,262.1,68.1,76.1,12.27,293.4,52.42,1.0,36.024
warehouse_large,2,random,1,6.0,6,solo_small,1,0.6667,4,6,1.0,Moderate,1,240.4,28.2,80.9,12.4,290.4,40.07,1.0,38.239
warehouse_large,2,random,3,7.67,23,multi,2,0.3478,9,8,1.6,Moderate,1,848.3,74.2,83.6,10.27,350.6,36.88,1.0,26.398
warehouse_large,2,random,1,13.0,13,solo_small,1,0.6154,7,8,1.0,Light,2,582.8,54.2,73.6,5.29,680.7,44.83,1.0,15.963
warehouse_large,2,random,3,7.0,21,multi,2,0.381,10,10,1.6,Moderate,1,904.8,32.6,72.6,10.1,356.3,43.09,1.0,5.215
warehouse_large,2,random,1,21.0,21,solo_large,0,0.381,10,9,1.3,Moderate,1,780.1,62.0,82.8,3.73,965.1,37.15,1.0,20.647
warehouse_large,2,random,1,14.0,14,solo_small,1,0.5714,8,5,1.6,Heavy,0,626.4,52.1,73.2,4.92,732.0,44.74,1.0,17.282
warehouse_large,2,random,2,2.0,4,multi,2,0.75,5,2,1.0,Light,2,236.3,43.2,65.2,28.02,128.5,59.09,1.0,51.62
warehouse_large,2,random,3,5.0,15,multi,2,0.6,5,7,1.6,Heavy,0,528.4,73.2,89.4,16.23,221.8,35.23,1.0,47.273
warehouse_large,2,random,1,5.0,5,solo_small,1,0.8,10,2,1.3,Light,2,184.8,43.6,93.4,15.72,229.0,36.96,1.0,43.969
warehouse_large,2,random,1,13.0,13,solo_small,1,0.6154,9,5,1.0,Heavy,0,604.1,63.0,72.5,5.15,698.4,46.47,1.0,19.467
warehouse_large,2,random,1,10.0,10,solo_small,1,0.7,1,1,1.6,Light,2,466.1,88.1,77.4,6.69,538.4,46.61,1.0,27.825
warehouse_large,2,random,3,3.0,9,multi,2,0.5556,7,2,1.0,Heavy,0,418.2,33.2,71.1,22.34,161.2,46.47,1.0,39.489
warehouse_large,2,random,1,7.0,7,solo_small,1,0.7143,10,5,1.6,Light,2,192.2,22.0,102.1,13.58,265.2,27.46,1.0,47.291
warehouse_large,2,random,3,6.0,18,multi,2,0.3889,10,3,1.0,Moderate,1,676.0,43.0,81.3,12.96,277.8,37.56,1.0,26.329
warehouse_large,2,random,2,5.0,10,multi,2,0.5,1,4,1.0,Light,2,406.9,17.3,75.8,14.72,244.6,40.69,1.0,33.076
warehouse_large,2,random,1,4.0,4,solo_small,1,0.75,7,10,1.0,Moderate,1,160.6,38.6,89.1,18.57,193.8,40.15,1.0,46.452
warehouse_large,2,random,1,8.0,8,solo_small,1,0.75,7,4,1.0,Moderate,1,348.2,36.1,75.8,8.78,410.2,43.53,1.0,32.062
warehouse_large,2,random,1,4.0,4,solo_small,1,1.0,7,3,1.0,Light,2,164.9,20.3,79.8,18.23,197.4,41.23,1.0,43.041
warehouse_large,2,random,3,10.0,30,multi,2,0.3,8,6,1.3,Moderate,1,1276.6,60.0,73.8,7.13,504.6,42.55,1.0,7.486
warehouse_large,2,random,3,5.67,17,multi,2,0.4706,8,9,1.0,Moderate,1,560.6,38.0,88.6,14.95,240.7,32.98,1.0,44.884
warehouse_large,2,random,1,10.0,10,solo_small,1,0.4,4,8,1.3,Light,2,410.2,24.2,76.3,7.32,491.9,41.02,1.0,24.29
warehouse_large,2,random,1,6.0,6,solo_small,1,0.6667,5,10,1.0,Heavy,0,324.3,38.1,65.8,9.99,360.2,54.05,1.0,28.089
warehouse_large,2,random,2,7.5,15,multi,2,0.5333,8,3,1.6,Light,2,744.4,33.3,66.0,8.52,422.7,49.63,1.0,9.986
warehouse_large,2,random,1,1.0,1,solo_small,1,1.0,6,5,1.0,Light,2,18.0,9.0,160.0,120.0,30.0,18.0,1.0,133.34
warehouse_large,2,random,1,17.0,17,solo_large,0,0.3529,3,4,1.0,Light,2,490.8,9.6,93.3,5.42,664.0,28.87,1.0,45.21
warehouse_large,2,random,3,7.0,21,multi,2,0.381,9,8,1.0,Light,2,752.0,31.0,82.5,11.47,313.9,35.81,1.0,38.626
warehouse_large,2,random,2,6.5,13,multi,2,0.3846,8,8,1.3,Heavy,0,412.6,20.6,89.7,13.36,269.4,31.74,1.0,40.967
warehouse_large,2,random,3,12.67,38,multi,2,0.2895,2,9,1.3,Moderate,1,1310.1,49.1,84.4,6.5,553.9,34.48,1.0,23.792
warehouse_large,2,random,3,5.33,16,multi,2,0.5,1,4,1.0,Heavy,0,584.5,75.2,86.7,14.85,242.4,36.53,1.0,44.285
warehouse_large,2,random,1,21.0,21,solo_large,0,0.4762,10,4,1.6,Light,2,700.7,64.1,89.4,4.0,898.9,33.37,1.0,34.775
warehouse_large,2,random,1,19.0,19,solo_large,0,0.4737,7,4,1.0,Moderate,1,696.8,20.2,80.6,4.16,865.7,36.68,1.0,21.336
warehouse_large,2,random,1,3.0,3,solo_small,1,1.0,10,9,1.0,Light,2,166.3,38.3,71.2,19.61,183.6,55.44,1.0,44.608
warehouse_large,2,random,2,10.0,20,multi,2,0.35,3,7,1.6,Heavy,0,784.7,67.1,80.2,7.55,476.9,39.23,1.0,29.769
warehouse_large,2,random,3,3.67,11,multi,2,0.5455,1,8,1.3,Light,2,393.2,59.6,89.4,21.92,164.2,35.75,1.0,51.921
warehouse_large,2,random,3,12.0,36,multi,2,0.3056,5,3,1.6,Light,2,1224.8,66.2,86.1,6.92,520.2,34.02,1.0,29.694
warehouse_large,2,random,3,4.33,13,multi,2,0.5385,8,10,1.6,Moderate,1,620.6,23.0,67.5,15.16,237.4,47.74,1.0,20.418
warehouse_large,2,random,1,7.0,7,solo_small,1,0.7143,4,4,1.3,Light,2,250.2,36.1,88.9,11.48,313.5,35.74,1.0,39.311
warehouse_large,2,random,3,10.0,30,multi,2,0.3333,8,5,1.6,Light,2,1176.4,49.3,77.7,7.55,476.8,39.21,1.0,6.53
warehouse_large,2,random,2,13.5,27,multi,2,0.4074,6,5,1.0,Heavy,0,1032.3,73.1,80.7,5.69,632.6,38.23,1.0,20.946
warehouse_large,2,random,1,16.0,16,solo_large,0,0.5,1,4,1.0,Heavy,0,658.5,68.2,78.7,4.56,788.8,41.16,1.0,24.229
warehouse_large,2,random,1,2.0,2,solo_small,1,1.0,7,4,1.0,Moderate,1,150.3,23.2,53.0,23.19,155.2,75.15,1.0,45.144
warehouse_large,2,random,3,8.67,26,multi,2,0.3846,9,4,1.3,Light,2,1046.8,51.2,76.7,8.56,420.8,40.26,1.0,12.265
warehouse_large,2,random,3,10.67,32,multi,2,0.2812,8,2,1.6,Heavy,0,1280.7,61.6,77.0,6.98,515.7,40.02,1.0,6.582
warehouse_large,2,random,3,10.67,32,multi,2,0.2812,3,9,1.0,Heavy,0,1192.1,95.1,82.6,7.33,491.1,37.25,1.0,29.938
warehouse_large,2,random,2,7.5,15,multi,2,0.5333,3,7,1.0,Moderate,1,506.9,11.3,84.6,11.12,323.7,33.8,1.0,41.034
warehouse_large,2,random,1,14.0,14,solo_small,1,0.5,6,3,1.6,Heavy,0,420.8,59.6,98.6,6.42,560.6,30.06,1.0,43.647
warehouse_large,2,random,1,7.0,7,solo_small,1,0.7143,10,2,1.0,Moderate,1,308.2,67.1,82.4,9.95,361.8,44.03,1.0,36.276
warehouse_large,2,random,3,10.67,32,multi,2,0.3125,1,1,1.3,Light,2,1416.2,46.1,71.0,6.51,553.4,44.26,1.0,-7.173
warehouse_large,2,random,2,8.0,16,multi,2,0.375,10,3,1.0,Heavy,0,508.2,43.0,91.8,10.85,331.8,31.76,1.0,45.32
warehouse_large,2,random,1,26.0,26,solo_large,0,0.3846,4,4,1.6,Heavy,0,1126.4,78.1,74.1,2.71,1328.6,43.32,1.0,7.933
warehouse_large,2,random,1,4.0,4,solo_small,1,0.75,1,5,1.6,Light,2,250.2,82.1,72.0,13.41,268.5,62.54,1.0,41.442
warehouse_large,2,random,3,6.33,19,multi,2,0.5263,2,4,1.3,Light,2,798.1,44.0,74.9,11.37,316.7,42.0,1.0,25.437
warehouse_large,2,random,3,10.67,32,multi,2,0.3438,2,10,1.3,Moderate,1,1252.7,36.1,77.1,7.09,508.0,39.15,1.0,7.344
warehouse_large,2,random,2,1.0,2,multi,2,1.0,4,8,1.3,Heavy,0,132.1,66.1,84.6,51.39,70.1,66.06,1.0,125.277
warehouse_large,2,random,1,8.0,8,solo_small,1,0.625,7,1,1.6,Moderate,1,260.4,17.3,89.3,10.68,337.0,32.56,1.0,36.036
warehouse_large,2,random,3,7.0,21,multi,2,0.4762,7,8,1.3,Light,2,664.4,32.1,89.8,12.43,289.6,31.64,1.0,40.426
warehouse_large,2,random,3,8.67,26,multi,2,0.3077,2,4,1.0,Heavy,0,904.1,31.0,83.8,9.45,381.1,34.77,1.0,33.272
warehouse_large,2,random,2,7.5,15,multi,2,0.4667,2,9,1.6,Moderate,1,554.2,77.1,86.7,10.48,343.4,36.95,1.0,44.367
warehouse_large,2,random,3,4.67,14,multi,2,0.4286,4,6,1.0,Moderate,1,604.6,42.0,74.2,15.13,237.9,43.19,1.0,27.884
warehouse_large,2,random,1,11.0,11,solo_small,1,0.5455,6,6,1.0,Light,2,404.8,25.6,82.3,7.17,502.3,36.8,1.0,32.051
warehouse_large,2,random,1,20.0,20,solo_large,0,0.3,7,10,1.3,Moderate,1,682.7,59.6,87.9,4.14,868.9,34.13,1.0,28.369
warehouse_large,2,random,2,6.0,12,multi,2,0.8333,9,4,1.3,Heavy,0,638.3,56.2,65.0,10.11,355.9,53.19,1.0,16.572
warehouse_large,2,random,1,24.0,24,solo_large,0,0.375,1,2,1.6,Heavy,0,888.4,44.1,81.2,3.27,1100.4,37.02,1.0,19.829
warehouse_large,2,random,2,7.5,15,multi,2,0.4,2,7,1.6,Moderate,1,522.9,37.6,85.8,10.9,330.4,34.86,1.0,34.801
warehouse_large,2,random,3,6.67,20,multi,2,0.45,8,2,1.3,Moderate,1,784.3,27.2,77.3,11.33,317.9,39.21,1.0,22.855
warehouse_large,2,random,3,6.0,18,multi,2,0.4444,10,3,1.6,Heavy,0,600.2,46.1,88.6,14.02,256.7,33.34,1.0,39.756
warehouse_large,2,random,1,26.0,26,solo_large,0,0.3846,10,6,1.3,Heavy,0,1354.6,64.0,63.9,2.37,1518.8,52.1,1.0,-26.41
warehouse_large,2,random,3,6.33,19,multi,2,0.4737,9,9,1.6,Moderate,1,704.2,40.2,81.6,12.39,290.6,37.06,1.0,25.838
warehouse_large,2,random,3,7.33,22,multi,2,0.4091,1,4,1.0,Heavy,0,830.4,51.1,80.9,10.57,340.7,37.74,1.0,32.468
warehouse_large,2,random,1,21.0,21,solo_large,0,0.4762,8,7,1.3,Heavy,0,838.9,55.6,78.1,3.55,1014.1,39.95,1.0,10.087
warehouse_large,2,random,2,10.5,21,multi,2,0.4286,7,10,1.6,Light,2,816.0,29.0,77.9,7.24,497.5,38.86,1.0,19.411
warehouse_large,2,random,3,8.0,24,multi,2,0.375,2,8,1.6,Heavy,0,842.2,54.1,85.0,10.17,353.9,35.09,1.0,38.767
warehouse_large,2,random,1,3.0,3,solo_small,1,0.6667,10,5,1.6,Heavy,0,138.2,52.0,92.5,22.48,160.1,46.06,1.0,54.854
warehouse_large,2,random,3,9.0,27,multi,2,0.3704,1,7,1.6,Moderate,1,1228.2,51.2,70.1,7.56,476.2,45.49,1.0,-0.827
warehouse_large,2,random,1,25.0,25,solo_large,0,0.4,10,9,1.6,Light,2,1004.1,65.0,77.8,2.97,1211.7,40.16,1.0,-0.454
warehouse_large,2,random,1,14.0,14,solo_small,1,0.5714,7,3,1.0,Light,2,594.3,100.1,81.0,5.1,705.2,42.45,1.0,29.89
warehouse_large,2,random,2,7.5,15,multi,2,0.6667,5,3,1.3,Heavy,0,642.1,69.1,76.9,9.47,380.0,42.8,1.0,27.362
warehouse_large,2,random,3,2.67,8,multi,2,0.625,7,3,1.6,Moderate,1,383.2,22.6,68.5,24.58,146.5,47.9,1.0,68.087
warehouse_large,2,random,1,29.0,29,solo_large,0,0.3793,5,4,1.0,Moderate,1,1112.7,32.6,78.2,2.64,1362.3,38.37,1.0,9.645
warehouse_large,2,random,3,5.33,16,multi,2,0.5,8,1,1.0,Heavy,0,678.4,58.3,76.1,13.41,268.4,42.4,1.0,22.191
warehouse_large,2,random,2,4.5,9,multi,2,0.8889,4,10,1.0,Light,2,446.1,28.0,67.0,14.21,253.4,49.56,1.0,25.637
warehouse_large,2,random,2,5.0,10,multi,2,0.7,8,5,1.0,Light,2,514.4,57.2,67.8,12.44,289.3,51.44,1.0,23.974
warehouse_large,2,random,1,25.0,25,solo_large,0,0.36,5,8,1.6,Light,2,1054.5,63.3,74.9,2.87,1253.8,42.18,1.0,3.195
warehouse_large,2,random,2,3.0,6,multi,2,0.6667,2,10,1.3,Moderate,1,224.6,42.0,89.2,25.98,138.6,37.44,1.0,72.614
warehouse_large,2,random,1,28.0,28,solo_large,0,0.3214,5,3,1.0,Light,2,1086.8,58.2,78.9,2.72,1325.7,38.82,1.0,10.207
warehouse_large,2,random,1,10.0,10,solo_small,1,0.7,3,5,1.3,Heavy,0,422.3,14.0,73.4,7.17,501.9,42.23,1.0,27.5
warehouse_large,2,random,3,9.67,29,multi,2,0.3103,9,2,1.3,Heavy,0,1086.4,77.1,81.8,8.06,446.8,37.46,1.0,21.036
warehouse_large,2,random,2,7.0,14,multi,2,0.5,5,6,1.3,Heavy,0,692.2,57.0,68.2,9.15,393.4,49.44,1.0,14.895
warehouse_large,2,random,2,4.5,9,multi,2,0.8889,10,6,1.6,Light,2,404.1,45.1,74.6,15.26,235.9,44.9,1.0,34.28
warehouse_large,2,random,2,6.0,12,multi,2,0.5833,4,1,1.3,Light,2,494.7,92.1,83.8,12.16,296.1,41.22,1.0,41.693
warehouse_large,2,random,2,12.0,24,multi,2,0.375,6,1,1.6,Moderate,1,856.7,21.6,81.8,6.7,537.0,35.7,1.0,24.374
warehouse_large,2,random,1,5.0,5,solo_small,1,0.6,1,9,1.3,Light,2,238.5,16.2,69.2,13.15,273.7,47.7,1.0,37.019
warehouse_large,2,random,3,10.67,32,multi,2,0.2812,4,7,1.3,Heavy,0,1040.7,57.1,88.6,8.02,449.1,32.52,1.0,36.509
warehouse_large,2,random,1,3.0,3,solo_small,1,1.0,3,7,1.3,Light,2,142.8,37.6,81.4,21.95,164.0,47.61,1.0,51.28
warehouse_large,2,random,3,8.33,25,multi,2,0.32,3,4,1.6,Moderate,1,930.8,15.6,79.1,9.39,383.6,37.23,1.0,26.603
warehouse_large,2,random,1,17.0,17,solo_large,0,0.5882,4,6,1.3,Heavy,0,766.8,76.2,73.7,4.03,894.0,45.1,1.0,13.238
warehouse_large,2,random,1,7.0,7,solo_small,1,0.5714,6,10,1.3,Heavy,0,252.4,52.1,92.7,11.41,315.4,36.06,1.0,41.176
warehouse_large,2,random,2,4.0,8,multi,2,0.875,3,8,1.3,Heavy,0,326.2,52.1,82.7,18.37,195.9,40.78,1.0,45.012
warehouse_large,2,random,3,10.67,32,multi,2,0.2812,5,6,1.0,Heavy,0,1190.5,61.3,81.1,7.34,490.7,37.2,1.0,17.105
warehouse_large,2,random,2,10.5,21,multi,2,0.4286,2,10,1.6,Light,2,938.8,40.6,71.1,6.56,548.7,44.71,1.0,4.285
warehouse_large,2,random,3,6.33,19,multi,2,0.4737,8,1,1.6,Light,2,782.1,55.0,76.8,11.53,312.2,41.16,1.0,23.777
warehouse_large,2,random,1,24.0,24,solo_large,0,0.25,6,1,1.0,Light,2,744.6,70.6,93.7,3.67,980.5,31.03,1.0,36.961
warehouse_large,2,random,3,10.0,30,multi,2,0.3333,1,1,1.0,Light,2,1184.1,49.1,77.4,7.52,478.9,39.47,1.0,15.334
warehouse_large,2,random,2,8.0,16,multi,2,0.5625,4,7,1.3,Light,2,650.6,22.0,75.4,9.21,391.1,40.66,1.0,25.458
warehouse_large,2,random,1,16.0,16,solo_large,0,0.5,9,9,1.3,Moderate,1,608.8,27.2,79.5,4.82,747.3,38.05,1.0,28.289
warehouse_large,2,random,2,13.5,27,multi,2,0.3333,5,6,1.0,Light,2,1016.3,45.1,80.0,5.75,626.0,37.64,1.0,22.544
warehouse_large,2,random,1,28.0,28,solo_large,0,0.3929,9,3,1.3,Light,2,1028.1,28.0,80.4,2.82,1276.7,36.72,1.0,9.902
warehouse_large,2,random,1,8.0,8,solo_small,1,0.625,7,7,1.3,Heavy,0,312.3,19.0,79.0,9.47,380.3,39.04,1.0,33.218
warehouse_large,2,random,3,6.33,19,multi,2,0.4211,3,7,1.6,Moderate,1,722.4,63.1,82.0,12.18,295.7,38.02,1.0,40.142
warehouse_large,2,random,2,8.5,17,multi,2,0.4118,8,7,1.6,Moderate,1,596.4,36.2,84.8,9.57,376.0,35.08,1.0,30.552
warehouse_large,2,random,3,8.0,24,multi,2,0.4167,6,2,1.6,Heavy,0,1010.2,69.2,75.5,8.99,400.6,42.09,1.0,17.046
warehouse_large,2,random,1,9.0,9,solo_small,1,0.6667,2,6,1.0,Light,2,416.5,57.3,74.6,7.47,482.1,46.28,1.0,27.305
warehouse_large,2,random,3,5.67,17,multi,2,0.3529,6,1,1.3,Heavy,0,682.9,37.3,77.2,13.11,274.7,40.17,1.0,24.105
warehouse_large,2,random,1,30.0,30,solo_large,0,0.2667,6,10,1.6,Heavy,0,1006.4,21.2,85.0,2.79,1288.6,33.55,1.0,19.321
warehouse_large,2,random,3,8.67,26,multi,2,0.3077,3,4,1.6,Heavy,0,972.2,26.1,79.4,9.0,400.1,37.39,1.0,20.621
warehouse_large,2,random,1,12.0,12,solo_small,1,0.5,6,4,1.0,Heavy,0,506.8,56.2,77.8,5.98,602.3,42.23,1.0,24.191
warehouse_large,2,random,2,2.0,4,multi,2,0.75,1,10,1.0,Light,2,158.2,52.2,97.1,37.54,95.9,39.54,1.0,77.144
warehouse_large,2,random,1,4.0,4,solo_small,1,1.0,6,5,1.3,Heavy,0,236.2,79.2,75.4,14.02,256.9,59.06,1.0,40.751
warehouse_large,2,random,3,5.67,17,multi,2,0.4706,3,7,1.6,Light,2,644.1,41.0,80.8,13.64,263.9,37.89,1.0,31.414
warehouse_large,2,random,1,24.0,24,solo_large,0,0.4167,7,5,1.3,Moderate,1,934.4,75.2,80.3,3.16,1138.6,38.93,1.0,17.576
warehouse_large,2,random,2,1.0,2,multi,2,1.0,8,8,1.3,Light,2,180.1,87.1,66.9,39.97,90.1,90.07,1.0,92.266
warehouse_large,2,random,1,9.0,9,solo_small,1,0.7778,7,3,1.6,Light,2,456.2,26.1,65.7,6.99,515.2,50.69,1.0,18.385
warehouse_large,2,random,1,7.0,7,solo_small,1,0.8571,7,6,1.3,Heavy,0,298.7,33.1,77.2,10.17,353.9,42.67,1.0,33.526
warehouse_large,2,random,2,6.5,13,multi,2,0.4615,7,10,1.0,Heavy,0,428.2,11.0,86.2,13.05,275.9,32.94,1.0,43.917
warehouse_large,2,random,1,17.0,17,solo_large,0,0.5294,7,4,1.3,Light,2,734.2,61.2,75.0,4.15,866.9,43.19,1.0,11.095
warehouse_large,2,random,3,6.67,20,multi,2,0.4,5,2,1.3,Light,2,830.3,47.1,75.6,10.89,330.6,41.51,1.0,21.376
warehouse_large,2,random,1,8.0,8,solo_small,1,0.625,1,9,1.6,Heavy,0,362.3,33.3,73.1,8.53,421.9,45.29,1.0,27.42
warehouse_large,2,random,2,12.0,24,multi,2,0.4167,2,8,1.3,Heavy,0,904.1,34.0,79.6,6.47,556.7,37.67,1.0,23.902
warehouse_large,2,random,3,5.67,17,multi,2,0.4118,9,3,1.3,Moderate,1,522.6,12.6,90.0,15.64,230.2,30.74,1.0,45.053
warehouse_large,2,random,1,15.0,15,solo_small,1,0.6,2,1,1.6,Moderate,1,606.4,66.1,80.0,4.93,730.3,40.42,1.0,24.303
warehouse_large,2,random,1,5.0,5,solo_small,1,1.0,4,5,1.0,Heavy,0,330.1,94.1,66.2,10.28,350.1,66.03,1.0,31.772
warehouse_large,2,random,3,3.67,11,multi,2,0.7273,2,1,1.6,Light,2,386.7,30.1,85.7,22.17,162.4,35.15,1.0,53.891
warehouse_large,2,random,3,7.0,21,multi,2,0.4286,10,8,1.6,Heavy,0,736.8,53.2,85.5,11.63,309.7,35.09,1.0,32.492
warehouse_large,2,random,3,9.33,28,multi,2,0.3929,8,1,1.0,Moderate,1,1170.1,70.1,75.4,7.74,465.0,41.79,1.0,8.054
warehouse_large,2,random,3,5.67,17,multi,2,0.4706,4,9,1.6,Light,2,818.3,16.3,66.3,11.53,312.3,48.14,1.0,16.315
warehouse_large,2,random,2,9.0,18,multi,2,0.3333,7,6,1.3,Heavy,0,700.2,40.0,79.0,8.44,426.7,38.9,1.0,25.21
warehouse_large,2,random,2,5.0,10,multi,2,0.7,9,10,1.6,Moderate,1,310.7,15.6,90.9,17.61,204.5,31.07,1.0,56.693
warehouse_large,2,random,3,6.0,18,multi,2,0.4444,6,9,1.0,Heavy,0,644.8,66.6,86.2,13.38,269.1,35.82,1.0,43.722
warehouse_large,2,random,1,2.0,2,solo_small,1,1.0,9,5,1.3,Heavy,0,130.9,36.3,66.2,25.88,139.1,65.47,1.0,53.357
warehouse_large,2,random,3,3.33,10,multi,2,0.5,10,9,1.3,Heavy,0,326.9,34.3,91.4,25.57,140.8,32.69,1.0,55.899
warehouse_large,2,random,3,4.67,14,multi,2,0.5,7,9,1.0,Heavy,0,542.3,48.2,81.1,16.32,220.6,38.74,1.0,40.073
warehouse_large,2,random,2,8.5,17,multi,2,0.3529,3,6,1.6,Moderate,1,646.4,31.2,79.7,9.07,396.8,38.03,1.0,27.708
warehouse_large,2,random,2,4.0,8,multi,2,0.75,8,7,1.6,Heavy,0,360.1,51.0,76.3,17.14,210.1,45.02,1.0,39.002
warehouse_large,2,random,2,8.5,17,multi,2,0.4706,2,9,1.3,Light,2,706.5,18.3,73.9,8.53,421.9,41.56,1.0,17.395
warehouse_large,2,random,3,5.0,15,multi,2,0.5333,3,7,1.0,Moderate,1,612.4,20.3,75.2,14.69,245.1,40.83,1.0,28.949
warehouse_large,2,random,1,2.0,2,solo_small,1,1.0,7,2,1.6,Moderate,1,176.1,59.0,56.4,20.37,176.7,88.03,1.0,47.324
warehouse_large,2,random,3,3.67,11,multi,2,0.5455,10,5,1.6,Heavy,0,451.2,65.6,81.4,19.96,180.3,41.02,1.0,49.798
warehouse_large,2,random,2,7.5,15,multi,2,0.6,2,5,1.0,Light,2,594.1,75.1,82.1,10.0,360.1,39.61,1.0,33.115
warehouse_large,2,random,3,3.33,10,multi,2,0.6,1,1,1.0,Moderate,1,322.3,57.0,97.0,25.8,139.5,32.23,1.0,152.752
warehouse_large,2,random,2,3.5,7,multi,2,0.8571,8,10,1.6,Moderate,1,370.3,42.0,66.6,17.41,206.8,52.9,1.0,33.641
warehouse_large,2,random,2,13.0,26,multi,2,0.3846,6,8,1.6,Moderate,1,1126.1,11.0,70.9,5.42,664.2,43.31,1.0,-0.436
warehouse_large,2,random,3,10.33,31,multi,2,0.2903,8,5,1.3,Heavy,0,1306.4,59.2,74.2,6.95,517.9,42.14,1.0,-4.195
warehouse_large,2,random,2,13.0,26,multi,2,0.3462,10,2,1.6,Heavy,0,976.6,17.0,78.7,5.98,601.9,37.56,1.0,12.119
warehouse_large,2,random,1,6.0,6,solo_small,1,0.8333,2,9,1.0,Moderate,1,280.1,52.0,77.1,11.13,323.4,46.68,1.0,34.425
warehouse_large,2,random,3,5.67,17,multi,2,0.4118,10,4,1.3,Light,2,808.2,50.1,69.0,11.63,309.5,47.54,1.0,21.701
warehouse_large,2,random,3,9.67,29,multi,2,0.3448,6,3,1.3,Light,2,1066.7,26.1,80.2,8.16,441.3,36.78,1.0,21.435
warehouse_large,2,random,1,9.0,9,solo_small,1,0.3333,9,2,1.0,Light,2,248.6,29.6,102.0,10.52,342.2,27.62,1.0,45.06
warehouse_large,2,random,3,7.33,22,multi,2,0.4091,6,9,1.0,Heavy,0,908.7,58.6,76.3,9.93,362.4,41.3,1.0,15.22
warehouse_large,2,random,1,11.0,11,solo_small,1,0.4545,4,7,1.6,Heavy,0,400.5,51.2,86.8,7.22,498.7,36.41,1.0,34.01
warehouse_large,2,random,1,9.0,9,solo_small,1,0.5556,6,1,1.3,Heavy,0,305.2,32.6,89.5,9.25,389.4,33.91,1.0,35.594
warehouse_large,2,random,2,5.5,11,multi,2,0.7273,6,7,1.0,Heavy,0,454.3,17.3,74.8,13.25,271.8,41.3,1.0,28.693
warehouse_large,2,random,1,9.0,9,solo_small,1,0.4444,9,1,1.0,Light,2,354.1,50.1,83.4,8.37,430.1,39.34,1.0,30.56
warehouse_large,2,random,1,22.0,22,solo_large,0,0.4091,8,8,1.6,Moderate,1,912.7,69.6,76.7,3.3,1090.6,41.48,1.0,10.223
warehouse_large,2,random,3,6.0,18,multi,2,0.5556,5,10,1.0,Heavy,0,778.1,48.1,73.8,11.76,306.1,43.23,1.0,16.464
warehouse_large,2,random,1,26.0,26,solo_large,0,0.3462,9,8,1.0,Moderate,1,1128.3,64.1,73.3,2.71,1330.2,43.4,1.0,-5.586
warehouse_large,2,random,1,27.0,27,solo_large,0,0.3333,10,6,1.3,Heavy,0,1116.7,66.6,75.9,2.7,1335.6,41.36,1.0,2.359
warehouse_large,2,random,1,29.0,29,solo_large,0,0.3793,9,1,1.0,Light,2,1080.3,68.2,81.7,2.7,1335.2,37.25,1.0,16.164
warehouse_large,2,random,2,4.5,9,multi,2,0.4444,5,2,1.0,Moderate,1,396.3,32.3,73.9,15.47,232.6,44.04,1.0,38.12
warehouse_large,2,random,1,1.0,1,solo_small,1,1.0,6,4,1.3,Light,2,128.3,64.1,52.6,29.54,121.9,128.26,1.0,70.4
warehouse_large,2,random,1,1.0,1,solo_small,1,1.0,4,7,1.6,Light,2,81.2,40.6,73.7,43.54,82.7,81.22,1.0,90.288
warehouse_large,2,random,2,11.5,23,multi,2,0.3913,7,8,1.0,Light,2,872.7,79.1,82.3,6.71,536.1,37.94,1.0,22.878
warehouse_large,2,random,1,30.0,30,solo_large,0,0.3333,4,4,1.0,Moderate,1,1076.2,62.2,83.4,2.67,1346.8,35.87,1.0,26.292
warehouse_large,2,random,2,7.5,15,multi,2,0.4667,4,1,1.0,Light,2,718.3,78.1,71.2,8.74,411.8,47.89,1.0,17.361
warehouse_large,2,random,3,12.0,36,multi,2,0.2778,7,8,1.0,Light,2,1240.3,56.0,84.9,6.86,524.5,34.45,1.0,29.784
warehouse_large,2,random,3,8.0,24,multi,2,0.4583,8,5,1.3,Moderate,1,1054.4,37.3,71.5,8.72,412.9,43.93,1.0,2.258
warehouse_large,2,random,2,6.5,13,multi,2,0.5385,7,2,1.0,Moderate,1,444.1,70.1,92.4,12.74,282.5,34.16,1.0,44.99
warehouse_large,2,random,1,12.0,12,solo_small,1,0.6667,9,1,1.0,Moderate,1,512.2,62.1,77.8,5.93,606.8,42.68,1.0,23.9
warehouse_large,2,random,2,2.0,4,multi,2,1.0,4,5,1.6,Moderate,1,170.2,12.0,75.1,35.67,100.9,42.55,1.0,102.157
warehouse_large,2,random,2,6.0,12,multi,2,0.6667,7,7,1.0,Moderate,1,426.4,25.2,84.0,13.45,267.6,35.53,1.0,36.575
warehouse_large,2,random,1,5.0,5,solo_small,1,0.8,3,10,1.0,Moderate,1,200.7,22.6,80.6,14.86,242.2,40.13,1.0,38.737
warehouse_large,2,random,2,13.5,27,multi,2,0.2963,2,3,1.6,Light,2,1034.3,39.3,78.8,5.68,633.5,38.31,1.0,21.419
warehouse_large,2,random,1,10.0,10,solo_small,1,0.8,5,4,1.0,Heavy,0,406.1,36.1,78.5,7.37,488.4,40.61,1.0,32.182
warehouse_large,2,random,2,3.5,7,multi,2,0.5714,10,6,1.6,Heavy,0,326.6,59.0,76.8,19.09,188.6,46.66,1.0,41.609
warehouse_large,2,random,2,6.0,12,multi,2,0.5,9,7,1.6,Moderate,1,546.7,34.6,71.2,11.33,317.8,45.56,1.0,24.076
warehouse_large,2,random,3,1.0,3,multi,2,0.6667,5,6,1.3,Heavy,0,314.1,101.1,48.5,35.21,102.3,104.71,1.0,82.666
warehouse_large,2,random,2,5.5,11,multi,2,0.3636,8,7,1.0,Light,2,368.5,49.3,91.9,15.25,236.1,33.5,1.0,44.653
warehouse_large,2,random,2,7.0,14,multi,2,0.5,4,5,1.0,Heavy,0,544.0,9.0,76.8,10.85,331.7,38.86,1.0,26.695
warehouse_large,2,random,1,22.0,22,solo_large,0,0.3182,3,10,1.3,Light,2,832.9,46.3,80.4,3.52,1024.1,37.86,1.0,17.016
warehouse_large,2,random,2,9.5,19,multi,2,0.5263,10,9,1.6,Heavy,0,830.4,21.2,71.3,7.37,488.5,43.71,1.0,4.119
warehouse_large,2,random,1,5.0,5,solo_small,1,0.6,6,7,1.6,Moderate,1,281.2,20.6,61.6,11.64,309.4,56.24,1.0,27.805
warehouse_large,2,random,3,4.67,14,multi,2,0.3571,1,4,1.6,Light,2,496.8,60.6,87.9,17.31,208.0,35.48,1.0,44.7
warehouse_large,2,random,1,21.0,21,solo_large,0,0.3333,2,8,1.6,Heavy,0,858.2,64.0,77.4,3.49,1030.1,40.87,1.0,15.462
warehouse_large,2,random,3,3.33,10,multi,2,0.6,5,1,1.6,Moderate,1,472.1,53.0,72.1,19.87,181.1,47.21,1.0,43.311
warehouse_large,2,random,2,8.0,16,multi,2,0.4375,5,9,1.6,Light,2,498.1,30.0,91.4,10.99,327.6,31.13,1.0,37.135
warehouse_large,2,random,1,27.0,27,solo_large,0,0.3704,10,3,1.0,Moderate,1,1044.5,46.1,78.6,2.82,1275.4,38.68,1.0,10.34
warehouse_large,2,random,2,7.0,14,multi,2,0.5714,10,9,1.6,Heavy,0,540.5,17.2,78.0,10.9,330.2,38.61,1.0,73.437
warehouse_large,2,random,1,1.0,1,solo_small,1,1.0,2,4,1.3,Light,2,131.2,65.6,51.7,28.95,124.4,131.22,1.0,69.672
warehouse_large,2,random,1,15.0,15,solo_small,1,0.6667,4,10,1.6,Light,2,722.7,11.6,66.1,4.35,827.2,48.18,1.0,5.545
warehouse_large,2,random,3,3.33,10,multi,2,0.5,1,1,1.0,Heavy,0,356.3,43.0,87.6,24.16,149.0,35.63,1.0,56.829
warehouse_large,2,random,3,6.0,18,multi,2,0.3889,4,2,1.6,Heavy,0,604.2,35.2,87.1,13.96,257.8,33.57,1.0,42.195
warehouse_large,2,random,2,6.5,13,multi,2,0.4615,8,8,1.0,Heavy,0,414.4,74.1,97.8,13.33,270.2,31.88,1.0,52.719
warehouse_large,2,random,2,10.5,21,multi,2,0.381,6,3,1.0,Light,2,686.6,44.6,88.9,8.12,443.6,32.7,1.0,37.219
warehouse_large,2,random,3,5.33,16,multi,2,0.4375,3,10,1.6,Light,2,644.8,19.2,75.7,13.89,259.1,40.3,1.0,43.147
warehouse_large,2,random,2,3.5,7,multi,2,0.7143,2,1,1.0,Light,2,266.6,43.3,86.6,22.0,163.6,38.09,1.0,143.358
warehouse_large,2,random,1,24.0,24,solo_large,0,0.375,4,9,1.3,Moderate,1,780.7,19.1,86.9,3.56,1010.6,32.53,1.0,30.33
warehouse_large,2,random,3,9.33,28,multi,2,0.3571,2,1,1.6,Heavy,0,1106.5,22.1,76.2,8.05,447.3,39.52,1.0,19.598
warehouse_large,2,random,3,6.0,18,multi,2,0.4444,9,8,1.0,Light,2,648.1,82.1,87.4,13.33,270.0,36.0,1.0,40.361
warehouse_large,2,random,2,7.5,15,multi,2,0.5333,6,2,1.6,Light,2,618.3,37.0,76.1,9.73,370.1,41.22,1.0,34.567
warehouse_large,2,random,1,4.0,4,solo_small,1,1.0,10,1,1.0,Moderate,1,164.4,28.3,83.0,18.27,197.0,41.1,1.0,45.075
warehouse_large,2,random,1,4.0,4,solo_small,1,0.75,4,5,1.0,Heavy,0,146.4,12.3,83.8,19.78,182.0,36.61,1.0,45.923
warehouse_large,2,random,1,1.0,1,solo_small,1,1.0,9,6,1.6,Heavy,0,62.3,31.2,87.9,53.77,67.0,62.34,1.0,103.016
warehouse_large,2,random,1,5.0,5,solo_small,1,0.8,5,8,1.0,Light,2,176.4,43.1,96.7,16.21,222.0,35.29,1.0,50.204
warehouse_large,2,random,1,14.0,14,solo_small,1,0.6429,5,10,1.0,Light,2,732.2,79.1,66.8,4.39,820.2,52.3,1.0,8.033
warehouse_large,2,random,2,5.0,10,multi,2,0.7,7,1,1.6,Moderate,1,378.6,15.6,79.6,15.47,232.8,37.86,1.0,42.157
warehouse_large,2,random,1,5.0,5,solo_small,1,0.4,6,10,1.3,Heavy,0,156.3,24.3,97.3,17.54,205.3,31.26,1.0,46.966
warehouse_large,2,random,3,7.33,22,multi,2,0.4091,5,9,1.0,Light,2,852.5,33.3,78.2,10.38,346.8,38.75,1.0,21.045
warehouse_large,2,random,2,2.5,5,multi,2,0.8,10,3,1.0,Moderate,1,288.4,28.3,61.7,22.83,157.7,57.69,1.0,41.252
warehouse_large,2,random,3,9.33,28,multi,2,0.3571,1,4,1.0,Moderate,1,1134.3,63.2,76.8,7.91,455.1,40.51,1.0,16.304
warehouse_large,2,random,1,12.0,12,solo_small,1,0.6667,7,4,1.3,Heavy,0,481.2,70.6,82.7,6.2,581.0,40.1,1.0,35.523
warehouse_large,2,random,1,23.0,23,solo_large,0,0.3043,8,3,1.0,Light,2,742.5,54.2,90.1,3.74,963.7,32.28,1.0,37.801
warehouse_large,2,random,3,2.67,8,multi,2,0.5,4,2,1.3,Moderate,1,290.4,41.3,87.9,29.83,120.7,36.3,1.0,56.285
warehouse_large,2,random,1,30.0,30,solo_large,0,0.3333,7,9,1.6,Light,2,1240.5,76.2,76.0,2.43,1483.7,41.35,1.0,4.391
warehouse_large,2,random,3,2.67,8,multi,2,0.75,7,7,1.0,Light,2,332.8,33.2,77.9,27.18,132.4,41.6,1.0,59.221
warehouse_large,2,random,2,8.5,17,multi,2,0.5882,2,7,1.3,Heavy,0,632.3,68.2,84.4,9.21,391.0,37.2,1.0,36.821
warehouse_large,2,random,1,7.0,7,solo_small,1,0.7143,8,3,1.3,Heavy,0,300.7,60.6,82.6,10.12,355.6,42.96,1.0,36.039
warehouse_large,2,random,3,6.33,19,multi,2,0.4211,9,3,1.3,Heavy,0,644.2,34.1,86.2,13.14,274.0,33.91,1.0,36.005
warehouse_large,2,random,1,27.0,27,solo_large,0,0.3704,3,10,1.6,Light,2,1088.8,37.2,75.9,2.74,1312.4,40.33,1.0,3.351
warehouse_large,2,random,2,8.0,16,multi,2,0.625,9,7,1.6,Light,2,596.9,16.6,79.6,9.76,368.7,37.31,1.0,26.66
warehouse_large,2,random,1,13.0,13,solo_small,1,0.6923,1,7,1.0,Light,2,522.5,63.3,81.0,5.71,630.5,40.2,1.0,28.959
warehouse_large,2,random,2,10.0,20,multi,2,0.25,6,2,1.6,Moderate,1,744.1,46.1,81.7,7.83,460.1,37.21,1.0,30.779
warehouse_large,2,random,1,3.0,3,solo_small,1,0.6667,4,3,1.3,Light,2,164.3,43.1,74.0,19.79,181.9,54.75,1.0,46.368
warehouse_large,2,random,3,10.33,31,multi,2,0.3548,5,6,1.3,Moderate,1,1054.6,33.0,84.8,8.04,447.9,34.02,1.0,26.782
warehouse_large,2,random,3,6.0,18,multi,2,0.3889,10,4,1.0,Light,2,568.9,36.3,90.8,14.51,248.0,31.61,1.0,42.342
warehouse_large,2,random,1,3.0,3,solo_small,1,1.0,9,7,1.6,Heavy,0,168.3,38.2,70.4,19.43,185.3,56.12,1.0,44.562
warehouse_large,2,random,2,6.0,12,multi,2,0.5,2,3,1.3,Moderate,1,405.2,12.6,85.2,13.91,258.8,33.77,1.0,38.102
warehouse_large,2,random,3,9.33,28,multi,2,0.2857,6,2,1.3,Light,2,1122.2,67.0,77.6,7.97,451.7,40.08,1.0,14.41
warehouse_large,2,random,2,9.5,19,multi,2,0.3684,6,5,1.3,Moderate,1,802.8,23.2,73.2,7.55,477.0,42.25,1.0,15.922
warehouse_large,2,random,3,9.0,27,multi,2,0.3333,3,1,1.0,Light,2,920.3,65.2,87.0,9.22,390.7,34.09,1.0,37.347
warehouse_large,2,random,2,9.0,18,multi,2,0.4444,5,10,1.0,Heavy,0,706.1,34.0,78.1,8.39,429.2,39.23,1.0,22.447
warehouse_large,2,random,2,6.0,12,multi,2,0.5,5,10,1.3,Moderate,1,408.4,9.3,84.3,13.84,260.2,34.03,1.0,33.198
warehouse_large,2,random,1,7.0,7,solo_small,1,0.7143,3,7,1.3,Moderate,1,324.2,55.2,76.5,9.59,375.2,46.32,1.0,33.273
warehouse_large,2,random,2,8.0,16,multi,2,0.5,9,10,1.6,Heavy,0,676.7,96.1,79.6,8.96,401.9,42.29,1.0,27.379
warehouse_large,2,random,2,9.5,19,multi,2,0.4211,9,7,1.0,Moderate,1,630.1,34.1,87.5,8.89,405.1,33.16,1.0,32.172
warehouse_large,2,random,1,24.0,24,solo_large,0,0.4167,9,6,1.0,Heavy,0,972.2,73.1,77.9,3.08,1170.2,40.51,1.0,12.143
warehouse_large,2,random,1,28.0,28,solo_large,0,0.3214,7,6,1.0,Light,2,964.1,65.0,86.2,2.94,1223.4,34.43,1.0,23.212
warehouse_large,2,random,3,4.33,13,multi,2,0.3846,10,5,1.6,Moderate,1,454.3,23.3,84.5,18.83,191.2,34.95,1.0,43.655
warehouse_large,2,random,1,23.0,23,solo_large,0,0.4783,6,1,1.0,Moderate,1,866.2,65.2,81.8,3.37,1066.9,37.66,1.0,21.261
warehouse_large,2,random,1,1.0,1,solo_small,1,1.0,9,10,1.3,Moderate,1,30.6,15.3,129.7,88.82,40.5,30.64,1.0,132.056
warehouse_large,2,random,1,2.0,2,solo_small,1,1.0,5,9,1.6,Light,2,146.7,56.1,68.2,23.65,152.2,73.34,1.0,55.044
warehouse_large,2,random,1,8.0,8,solo_small,1,0.625,7,7,1.3,Heavy,0,384.1,77.1,76.6,8.18,440.1,48.01,1.0,28.643
warehouse_large,2,random,2,4.5,9,multi,2,0.5556,7,4,1.3,Moderate,1,326.5,23.3,83.6,17.69,203.6,36.28,1.0,39.607
warehouse_large,2,random,1,21.0,21,solo_large,0,0.4286,9,5,1.6,Light,2,674.7,56.1,91.0,4.1,877.2,32.13,1.0,35.937
warehouse_large,2,random,3,4.67,14,multi,2,0.5714,2,9,1.0,Light,2,526.4,50.1,83.0,16.65,216.2,37.6,1.0,56.796
