image_name,box_index,xtl,ytl,xbr,ybr,occlusion_level
cam12__frame_00001.jpg,0,600.3,480.83,637.63,574.68,low
cam12__frame_00001.jpg,1,566.2,396.58,604.41,534.45,low
cam12__frame_00001.jpg,2,562.9,418.4,574.65,432.62,high
cam12__frame_00001.jpg,3,560.1,437.9,571.85,449.1,high
cam12__frame_00001.jpg,4,560.5,449.6,567.15,465.73,high
cam12__frame_00001.jpg,5,557.45,421.7,567.14,435.45,high
cam12__frame_00001.jpg,6,553.08,438.0,562.77,448.27,high
cam12__frame_00001.jpg,7,551.8,448.89,561.2,462.95,high
cam12__frame_00001.jpg,8,558.7,465.45,566.52,481.7,high
cam12__frame_00001.jpg,9,551.45,462.93,558.43,474.63,high
cam12__frame_00001.jpg,10,548.65,421.91,558.08,437.8,high
cam12__frame_00001.jpg,11,548.48,437.62,553.02,452.46,high
cam12__frame_00001.jpg,12,570.82,392.41,576.93,406.2,high
cam12__frame_00001.jpg,13,567.33,403.24,576.76,416.33,high
cam12__frame_00001.jpg,14,532.05,396.21,563.14,418.9,high
cam12__frame_00001.jpg,15,527.7,414.02,553.14,436.54,high
cam12__frame_00001.jpg,16,520.12,426.85,549.85,451.71,high
cam12__frame_00001.jpg,17,505.5,356.1,552.3,434.31,medium
cam12__frame_00001.jpg,18,491.31,341.15,509.0,398.01,medium
cam12__frame_00001.jpg,19,472.45,354.61,501.36,382.83,medium
cam12__frame_00001.jpg,20,481.64,331.5,494.45,354.35,medium
cam12__frame_00001.jpg,21,461.84,338.81,480.88,368.92,medium
cam12__frame_00001.jpg,22,463.92,307.01,479.85,338.86,medium
cam12__frame_00001.jpg,23,412.32,267.92,460.81,335.0,low
cam12__frame_00001.jpg,24,454.29,270.09,464.67,321.33,high
cam12__frame_00001.jpg,25,440.44,275.28,452.91,287.37,high
cam12__frame_00001.jpg,26,438.02,264.86,454.29,274.94,high
cam12__frame_00001.jpg,27,424.17,252.06,438.37,272.83,high
cam12__frame_00001.jpg,28,406.62,234.76,410.03,241.68,medium
cam12__frame_00001.jpg,29,403.3,234.7,406.57,241.63,medium
cam12__frame_00001.jpg,30,399.64,234.54,402.9,241.46,medium
cam12__frame_00001.jpg,31,406.82,241.71,410.23,248.64,medium
cam12__frame_00001.jpg,32,403.15,242.05,406.56,248.97,medium
cam12__frame_00001.jpg,33,399.65,241.71,403.06,248.64,medium
cam12__frame_00001.jpg,34,406.86,248.85,410.54,253.36,high
cam12__frame_00001.jpg,35,403.02,248.85,406.86,254.19,high
cam12__frame_00001.jpg,36,399.18,248.52,402.69,253.86,high
cam12__frame_00001.jpg,37,406.75,253.31,410.17,262.1,medium
cam12__frame_00001.jpg,38,403.58,254.6,406.99,262.8,medium
cam12__frame_00001.jpg,39,399.4,254.17,402.81,261.09,medium
cam12__frame_00001.jpg,40,394.83,257.92,398.09,264.84,medium
cam12__frame_00001.jpg,41,394.64,264.48,397.9,271.41,medium
cam12__frame_00001.jpg,42,397.0,232.96,399.48,240.47,high
cam12__frame_00001.jpg,43,396.58,240.72,399.07,248.23,high
cam12__frame_00001.jpg,44,396.58,248.07,399.07,255.58,high
cam12__frame_00001.jpg,45,387.05,245.71,391.15,254.33,medium
cam12__frame_00001.jpg,46,385.97,253.69,389.53,262.31,medium
cam12__frame_00001.jpg,47,382.96,245.28,387.05,253.04,medium
cam12__frame_00001.jpg,48,382.0,252.8,386.08,259.72,medium
cam12__frame_00001.jpg,49,358.15,208.13,377.28,262.98,low
cam12__frame_00001.jpg,50,349.46,199.63,358.35,232.66,medium
cam12__frame_00001.jpg,51,339.22,193.64,348.3,219.91,medium
cam12__frame_00001.jpg,52,609.2,238.66,640.0,271.89,medium
cam12__frame_00001.jpg,53,573.59,173.19,618.82,194.01,low
cam12__frame_00001.jpg,54,572.05,181.52,617.27,202.34,low
cam12__frame_00001.jpg,55,562.8,187.08,609.75,207.89,low
cam12__frame_00001.jpg,56,559.62,195.16,608.86,217.2,low
cam12__frame_00001.jpg,57,557.83,203.53,607.25,225.64,low
cam12__frame_00001.jpg,58,555.73,212.21,605.44,234.39,low
cam12__frame_00001.jpg,59,554.38,220.81,604.09,242.99,low
cam12__frame_00001.jpg,60,555.31,229.48,604.1,248.63,low
cam12__frame_00001.jpg,61,608.86,200.79,616.94,206.18,high
cam12__frame_00001.jpg,62,608.41,205.87,616.49,211.26,high
cam12__frame_00001.jpg,63,608.11,211.55,616.19,216.94,high
cam12__frame_00001.jpg,64,607.81,217.54,615.89,222.92,high
cam12__frame_00001.jpg,65,607.81,223.22,615.89,228.61,high
cam12__frame_00001.jpg,66,607.21,229.21,615.29,234.59,high
cam12__frame_00001.jpg,67,607.81,234.89,615.89,240.28,high
cam12__frame_00001.jpg,68,533.03,160.58,574.34,185.34,medium
cam12__frame_00001.jpg,69,530.7,169.38,566.99,191.92,medium
cam12__frame_00001.jpg,70,530.07,179.38,563.58,200.68,medium
cam12__frame_00001.jpg,71,529.02,189.39,561.29,209.77,medium
cam12__frame_00001.jpg,72,527.82,197.61,558.9,217.11,medium
cam12__frame_00001.jpg,73,528.09,206.46,559.49,226.2,medium
cam12__frame_00001.jpg,74,484.48,163.69,530.67,191.43,low
cam12__frame_00001.jpg,75,481.86,169.81,527.62,196.65,medium
cam12__frame_00001.jpg,76,479.93,175.9,525.14,201.62,medium
cam12__frame_00001.jpg,77,479.49,181.27,524.71,207.02,medium
cam12__frame_00001.jpg,78,477.56,186.1,522.78,211.85,medium
cam12__frame_00001.jpg,79,587.4,349.7,632.2,389.89,low
cam12__frame_00001.jpg,80,553.58,272.99,600.54,322.37,low
cam12__frame_00001.jpg,81,564.5,312.4,609.37,329.28,low
cam12__frame_00001.jpg,82,565.03,328.45,609.9,345.33,medium
cam12__frame_00001.jpg,83,564.86,345.27,609.74,362.15,medium
cam12__frame_00001.jpg,84,532.79,292.79,558.3,318.3,high
cam12__frame_00001.jpg,85,531.68,310.17,548.93,327.34,high
cam12__frame_00001.jpg,86,512.75,272.73,530.76,290.66,medium
cam12__frame_00001.jpg,87,510.72,283.27,529.62,302.1,medium
cam12__frame_00001.jpg,88,509.8,295.23,529.49,314.83,medium
cam12__frame_00001.jpg,89,547.12,277.08,559.94,295.1,high
cam12__frame_00001.jpg,90,507.16,283.7,514.91,298.06,high
cam12__frame_00001.jpg,91,520.93,259.17,543.04,271.13,high
cam12__frame_00001.jpg,92,484.46,241.17,489.15,274.25,medium
cam12__frame_00001.jpg,93,479.2,241.16,483.89,274.24,medium
cam12__frame_00001.jpg,94,465.1,240.71,479.2,273.79,medium
cam12__frame_00001.jpg,95,472.17,230.2,490.72,241.17,medium
cam12__frame_00001.jpg,96,471.69,220.42,490.96,231.11,medium
cam12__frame_00001.jpg,97,472.05,210.12,491.45,221.48,medium
cam12__frame_00001.jpg,98,471.91,201.32,491.16,211.53,medium
cam12__frame_00001.jpg,99,465.91,196.25,471.5,205.19,high
cam12__frame_00001.jpg,100,465.0,205.4,471.27,214.6,high
cam12__frame_00001.jpg,101,465.0,214.78,471.55,225.9,high
cam12__frame_00001.jpg,102,464.1,226.18,470.55,236.8,high
cam12__frame_00001.jpg,103,471.65,184.77,479.59,192.7,high
cam12__frame_00001.jpg,104,465.59,182.6,471.36,193.71,high
cam12__frame_00001.jpg,105,452.6,175.25,458.66,182.6,high
cam12__frame_00001.jpg,106,445.39,174.09,452.32,182.6,high
cam12__frame_00001.jpg,107,452.21,251.03,465.17,263.77,high
cam12__frame_00001.jpg,108,438.6,213.93,456.23,221.1,medium
cam12__frame_00001.jpg,109,438.26,221.29,455.9,228.46,medium
cam12__frame_00001.jpg,110,437.59,228.0,455.23,235.17,medium
cam12__frame_00001.jpg,111,437.37,234.92,455.0,242.1,medium
cam12__frame_00001.jpg,112,437.14,241.85,454.78,249.03,medium
cam12__frame_00001.jpg,113,437.14,246.32,454.78,253.5,high
cam12__frame_00001.jpg,114,440.34,199.86,457.69,211.75,low
cam12__frame_00001.jpg,115,427.2,207.62,439.07,213.56,medium
cam12__frame_00001.jpg,116,426.15,213.18,438.02,219.13,medium
cam12__frame_00001.jpg,117,426.15,219.13,438.02,225.08,medium
cam12__frame_00001.jpg,118,425.63,224.3,437.51,230.25,medium
cam12__frame_00001.jpg,119,425.63,229.89,437.5,235.84,medium
cam12__frame_00001.jpg,120,425.49,236.24,437.36,242.19,medium
cam12__frame_00001.jpg,121,427.1,241.58,436.78,246.9,high
cam12__frame_00001.jpg,122,424.73,178.42,439.92,189.27,low
cam12__frame_00001.jpg,123,424.39,189.44,441.59,196.12,medium
cam12__frame_00001.jpg,124,423.81,196.28,441.0,202.96,medium
cam12__frame_00001.jpg,125,422.47,202.96,439.67,209.64,high
cam12__frame_00001.jpg,126,422.3,208.63,426.98,215.31,high
cam12__frame_00001.jpg,127,422.23,215.26,426.91,221.94,high
cam12__frame_00001.jpg,128,421.98,222.12,426.66,227.17,high
cam12__frame_00001.jpg,129,414.47,204.26,420.08,213.86,high
cam12__frame_00001.jpg,130,416.34,213.61,420.96,219.72,high
cam12__frame_00001.jpg,131,412.1,183.93,420.33,203.01,high
cam12__frame_00001.jpg,132,395.41,193.97,410.09,210.44,low
cam12__frame_00001.jpg,133,397.26,211.37,413.35,221.34,low
cam12__frame_00001.jpg,134,391.03,206.88,403.37,214.36,high
cam12__frame_00001.jpg,135,407.53,173.94,416.13,183.84,high
cam12__frame_00001.jpg,136,396.2,179.2,405.83,187.44,medium
cam12__frame_00001.jpg,137,396.13,187.64,406.13,195.14,medium
cam12__frame_00001.jpg,138,379.4,175.64,394.33,184.8,medium
cam12__frame_00001.jpg,139,379.67,184.76,394.6,193.92,medium
cam12__frame_00001.jpg,140,379.37,193.86,394.3,203.02,medium
cam12__frame_00001.jpg,141,379.17,202.86,394.1,211.1,medium
cam12__frame_00001.jpg,142,368.28,167.46,377.72,174.32,medium
cam12__frame_00001.jpg,143,368.03,174.35,377.48,181.22,medium
cam12__frame_00001.jpg,144,368.61,181.18,378.06,188.04,medium
cam12__frame_00001.jpg,145,368.61,186.27,378.06,193.13,high
cam12__frame_00001.jpg,146,359.04,160.56,368.69,189.71,medium
cam12__frame_00001.jpg,147,350.61,166.57,358.98,187.5,medium
cam12__frame_00001.jpg,148,558.5,593.3,615.53,639.54,high
cam12__frame_00001.jpg,149,565.73,571.64,584.17,594.47,high
cam12__frame_00001.jpg,150,560.03,540.48,598.32,571.47,high
cam12__frame_00001.jpg,151,471.71,397.89,500.35,426.54,medium
cam12__frame_00001.jpg,152,441.77,371.11,456.8,397.97,medium
cam12__frame_00001.jpg,153,434.79,362.11,444.63,391.62,medium
cam12__frame_00001.jpg,154,426.53,352.66,439.12,377.06,medium
cam12__frame_00001.jpg,155,416.37,346.09,428.97,370.49,medium
cam12__frame_00001.jpg,156,404.58,310.2,416.21,352.09,high
cam12__frame_00001.jpg,157,0.0,597.27,23.23,638.98,high
cam12__frame_00001.jpg,158,0.0,537.96,35.74,572.71,medium
cam12__frame_00001.jpg,159,0.98,499.0,21.84,539.34,high
cam12__frame_00001.jpg,160,14.39,487.81,40.06,542.3,medium
cam12__frame_00001.jpg,161,26.63,478.74,52.31,533.23,low
cam12__frame_00001.jpg,162,19.98,474.0,33.89,487.44,high
cam12__frame_00001.jpg,163,47.79,460.1,69.57,492.08,low
cam12__frame_00001.jpg,164,46.86,433.2,61.69,461.95,medium
cam12__frame_00001.jpg,165,33.44,449.9,48.27,478.66,medium
cam12__frame_00001.jpg,166,70.5,416.54,84.4,448.51,medium
cam12__frame_00001.jpg,167,64.94,398.46,76.52,418.39,high
cam12__frame_00001.jpg,168,82.55,391.51,91.81,424.88,medium
cam12__frame_00001.jpg,169,84.4,381.78,100.16,410.51,medium
cam12__frame_00001.jpg,170,80.69,363.71,96.45,379.0,medium
cam12__frame_00001.jpg,171,103.89,345.64,113.15,379.01,medium
cam12__frame_00001.jpg,172,109.45,326.18,118.72,359.55,high
cam12__frame_00001.jpg,173,123.35,307.64,132.62,341.01,medium
cam12__frame_00001.jpg,174,90.01,347.95,102.98,360.46,high
cam12__frame_00001.jpg,175,133.57,289.09,153.03,326.63,medium
cam12__frame_00001.jpg,176,139.08,280.29,160.86,309.49,high
cam12__frame_00001.jpg,177,149.28,266.39,161.33,282.14,high
cam12__frame_00001.jpg,178,158.55,246.0,170.13,275.19,high
cam12__frame_00001.jpg,179,169.21,243.68,186.35,262.68,high
cam12__frame_00001.jpg,180,181.26,220.04,199.79,236.73,high
cam12__frame_00001.jpg,181,0.0,381.08,10.5,459.88,high
cam12__frame_00001.jpg,182,23.48,362.0,39.85,391.49,low
cam12__frame_00001.jpg,183,11.13,364.91,22.94,389.34,medium
cam12__frame_00001.jpg,184,5.76,338.6,19.18,364.1,medium
cam12__frame_00001.jpg,185,50.6,358.77,77.1,389.08,low
cam12__frame_00001.jpg,186,49.64,337.12,81.39,360.69,medium
cam12__frame_00001.jpg,187,34.71,334.62,49.56,357.63,medium
cam12__frame_00001.jpg,188,34.16,357.26,49.0,380.27,high
cam12__frame_00001.jpg,189,16.34,312.35,37.87,335.54,medium
cam12__frame_00001.jpg,190,16.72,334.99,35.83,355.03,high
cam12__frame_00001.jpg,191,58.28,295.84,74.05,332.39,high
cam12__frame_00001.jpg,192,40.42,277.97,65.75,302.38,high
cam12__frame_00001.jpg,193,74.24,288.42,85.18,319.96,high
cam12__frame_00001.jpg,194,76.46,320.33,85.2,339.4,high
cam12__frame_00001.jpg,195,86.44,294.68,103.77,309.94,low
cam12__frame_00001.jpg,196,86.96,308.64,104.8,316.66,low
cam12__frame_00001.jpg,197,87.74,316.4,104.54,325.2,high
cam12__frame_00001.jpg,198,87.99,262.36,108.94,294.16,medium
cam12__frame_00001.jpg,199,73.0,255.38,86.44,286.15,medium
cam12__frame_00001.jpg,200,87.25,247.07,98.65,263.16,high
cam12__frame_00001.jpg,201,98.65,240.14,109.16,261.15,high
cam12__frame_00001.jpg,202,110.27,251.76,117.87,292.66,high
cam12__frame_00001.jpg,203,120.33,256.68,132.85,271.65,medium
cam12__frame_00001.jpg,204,119.88,222.49,132.62,256.9,medium
cam12__frame_00001.jpg,205,109.38,222.04,117.65,251.32,high
cam12__frame_00001.jpg,206,132.39,226.7,149.46,255.92,medium
cam12__frame_00001.jpg,207,128.51,215.84,147.91,226.7,high
cam12__frame_00001.jpg,208,133.43,202.91,145.3,214.29,high
cam12__frame_00001.jpg,209,150.49,220.75,158.25,259.02,high
cam12__frame_00001.jpg,210,158.77,193.6,167.56,233.42,medium
cam12__frame_00001.jpg,211,176.76,179.81,195.11,200.58,medium
cam12__frame_00001.jpg,212,185.76,176.0,201.0,196.43,high
cam12__frame_00001.jpg,213,16.32,220.37,33.01,270.88,low
cam12__frame_00001.jpg,214,19.1,205.54,26.52,219.91,high
cam12__frame_00001.jpg,215,25.71,206.06,34.39,219.82,high
cam12__frame_00001.jpg,216,32.59,228.5,52.9,254.5,medium
cam12__frame_00001.jpg,217,34.62,201.2,51.5,228.82,medium
cam12__frame_00001.jpg,218,52.78,217.47,70.94,253.04,low
cam12__frame_00001.jpg,219,52.78,202.7,65.08,216.9,low
cam12__frame_00001.jpg,220,86.8,184.57,99.41,221.54,medium
cam12__frame_00001.jpg,221,73.76,185.18,86.37,222.15,medium
cam12__frame_00001.jpg,222,77.35,171.89,94.67,185.06,medium
cam12__frame_00001.jpg,223,103.68,175.48,113.85,204.8,medium
cam12__frame_00001.jpg,224,122.5,188.95,133.87,203.01,low
cam12__frame_00001.jpg,225,129.98,168.9,144.34,199.42,medium
cam12__frame_00001.jpg,226,162.05,155.0,171.03,179.19,medium
cam12__frame_00001.jpg,227,38.7,507.8,122.4,640.0,low
cam12__frame_00001.jpg,228,112.18,606.0,169.55,640.0,low
cam12__frame_00001.jpg,229,124.43,583.9,175.0,605.53,medium
cam12__frame_00001.jpg,230,121.19,480.02,205.59,598.06,low
cam12__frame_00001.jpg,231,195.7,476.44,266.15,639.51,low
cam12__frame_00001.jpg,232,273.04,540.0,308.02,632.6,low
cam12__frame_00001.jpg,233,270.09,606.93,297.67,640.0,high
cam12__frame_00001.jpg,234,288.83,566.09,324.74,640.0,medium
cam12__frame_00001.jpg,235,317.87,590.48,351.63,640.0,medium
cam12__frame_00001.jpg,236,345.46,582.8,429.69,640.0,medium
cam12__frame_00001.jpg,237,317.87,434.6,421.8,587.77,low
cam12__frame_00001.jpg,238,446.86,417.05,541.58,538.78,low
cam12__frame_00001.jpg,239,484.31,418.02,575.96,537.77,low
cam12__frame_00001.jpg,240,69.2,465.17,139.72,524.52,medium
cam12__frame_00001.jpg,241,100.94,445.12,150.4,468.2,medium
cam12__frame_00001.jpg,242,109.51,415.44,157.66,445.78,medium
cam12__frame_00001.jpg,243,118.09,396.32,159.63,420.06,medium
cam12__frame_00001.jpg,244,126.0,371.26,162.93,398.95,medium
cam12__frame_00001.jpg,245,172.12,448.04,202.9,510.74,high
cam12__frame_00001.jpg,246,163.58,391.62,198.34,446.9,medium
cam12__frame_00001.jpg,247,198.34,392.76,234.25,458.3,medium
cam12__frame_00001.jpg,248,137.93,357.42,173.26,376.8,medium
cam12__frame_00001.jpg,249,141.35,340.32,176.69,359.7,medium
cam12__frame_00001.jpg,250,145.34,328.4,180.67,343.17,medium
cam12__frame_00001.jpg,251,178.96,344.88,224.56,396.75,medium
cam12__frame_00001.jpg,252,237.67,364.8,328.87,553.49,low
cam12__frame_00001.jpg,253,427.2,397.2,466.89,426.0,medium
cam12__frame_00001.jpg,254,378.38,402.0,438.86,430.0,medium
cam12__frame_00001.jpg,255,365.56,417.99,380.38,433.61,high
cam12__frame_00001.jpg,256,369.56,393.16,421.23,417.99,high
cam12__frame_00001.jpg,257,307.48,318.66,366.36,437.21,low
cam12__frame_00001.jpg,258,340.32,305.04,399.2,349.5,medium
cam12__frame_00001.jpg,259,227.38,331.07,260.62,366.72,low
cam12__frame_00001.jpg,260,228.18,378.74,260.22,392.75,medium
cam12__frame_00001.jpg,261,226.99,364.51,259.04,378.53,medium
cam12__frame_00001.jpg,262,159.69,311.05,180.91,327.87,high
cam12__frame_00001.jpg,263,263.42,348.3,277.44,365.52,high
cam12__frame_00001.jpg,264,261.42,319.46,279.04,347.89,low
cam12__frame_00001.jpg,265,182.8,255.89,232.5,344.81,low
cam12__frame_00001.jpg,266,231.3,268.71,258.54,326.79,medium
cam12__frame_00001.jpg,267,293.74,268.96,332.3,364.94,medium
cam12__frame_00001.jpg,268,257.11,293.03,276.52,320.95,high
cam12__frame_00001.jpg,269,255.75,277.71,277.88,293.71,high
cam12__frame_00001.jpg,270,247.23,262.08,278.22,277.71,medium
cam12__frame_00001.jpg,271,243.5,230.72,273.11,262.08,low
cam12__frame_00001.jpg,272,375.74,280.34,389.86,304.95,high
cam12__frame_00001.jpg,273,283.0,246.22,308.28,301.84,medium
cam12__frame_00001.jpg,274,333.82,268.57,375.36,305.61,medium
cam12__frame_00001.jpg,275,330.71,256.45,372.25,278.26,high
cam12__frame_00001.jpg,276,217.85,244.68,244.51,268.91,high
cam12__frame_00001.jpg,277,198.82,229.8,214.05,241.22,high
cam12__frame_00001.jpg,278,216.82,222.18,232.74,246.41,medium
cam12__frame_00001.jpg,279,234.12,221.14,248.32,245.03,medium
cam12__frame_00001.jpg,280,276.01,223.91,298.17,272.38,medium
cam12__frame_00001.jpg,281,303.01,228.07,339.71,244.68,medium
cam12__frame_00001.jpg,282,218.89,189.3,251.43,220.8,medium
cam12__frame_00001.jpg,283,252.73,201.9,275.16,225.93,medium
cam12__frame_00001.jpg,284,273.96,199.9,300.79,225.53,medium
cam12__frame_00001.jpg,285,300.4,202.72,324.73,229.32,medium
cam12__frame_00001.jpg,286,324.92,198.0,334.92,228.56,medium
cam12__frame_00001.jpg,287,325.11,173.67,334.54,197.62,medium
cam12__frame_00001.jpg,288,440.63,590.42,496.0,640.0,medium
cam12__frame_00001.jpg,289,497.88,592.29,537.3,640.0,medium
cam12__frame_00002.jpg,0,609.2,238.66,640.0,271.89,medium
cam12__frame_00002.jpg,1,573.59,173.19,618.82,194.01,low
cam12__frame_00002.jpg,2,572.05,181.52,617.27,202.34,low
cam12__frame_00002.jpg,3,608.86,200.79,616.94,206.18,high
cam12__frame_00002.jpg,4,608.41,205.87,616.49,211.26,high
cam12__frame_00002.jpg,5,608.11,211.55,616.19,216.94,high
cam12__frame_00002.jpg,6,607.81,217.54,615.89,222.92,high
cam12__frame_00002.jpg,7,607.81,223.22,615.89,228.61,high
cam12__frame_00002.jpg,8,607.21,229.21,615.29,234.59,high
cam12__frame_00002.jpg,9,607.81,234.89,615.89,240.28,high
cam12__frame_00002.jpg,10,562.8,187.08,609.75,207.89,low
cam12__frame_00002.jpg,11,559.62,195.16,608.86,217.2,low
cam12__frame_00002.jpg,12,557.83,203.53,607.25,225.64,low
cam12__frame_00002.jpg,13,555.73,212.21,605.44,234.39,low
cam12__frame_00002.jpg,14,554.38,220.81,604.09,242.99,low
cam12__frame_00002.jpg,15,555.31,229.48,604.1,248.63,low
cam12__frame_00002.jpg,16,533.03,160.58,574.34,185.34,medium
cam12__frame_00002.jpg,17,530.7,169.38,566.99,191.92,medium
cam12__frame_00002.jpg,18,530.07,179.38,563.58,200.68,medium
cam12__frame_00002.jpg,19,529.02,189.39,561.29,209.77,medium
cam12__frame_00002.jpg,20,527.82,197.61,558.9,217.11,medium
cam12__frame_00002.jpg,21,528.09,206.46,559.49,226.2,medium
cam12__frame_00002.jpg,22,484.48,163.69,530.67,191.43,low
cam12__frame_00002.jpg,23,481.86,169.81,527.62,196.65,medium
cam12__frame_00002.jpg,24,479.93,175.9,525.14,201.62,medium
cam12__frame_00002.jpg,25,479.49,181.27,524.71,207.02,medium
cam12__frame_00002.jpg,26,477.56,186.1,522.78,211.85,medium
cam12__frame_00002.jpg,27,471.65,184.77,479.59,192.7,high
cam12__frame_00002.jpg,28,465.59,182.6,471.36,193.71,high
cam12__frame_00002.jpg,29,452.6,175.25,458.66,182.6,high
cam12__frame_00002.jpg,30,445.39,174.09,452.32,182.6,high
cam12__frame_00002.jpg,31,587.4,349.7,632.2,389.89,low
cam12__frame_00002.jpg,32,564.86,345.27,609.74,362.15,medium
cam12__frame_00002.jpg,33,565.03,328.45,609.9,345.33,medium
cam12__frame_00002.jpg,34,564.5,312.4,609.37,329.28,low
cam12__frame_00002.jpg,35,553.58,272.99,600.54,322.37,low
cam12__frame_00002.jpg,36,547.12,277.08,559.94,295.1,high
cam12__frame_00002.jpg,37,531.41,292.79,558.3,319.66,high
cam12__frame_00002.jpg,38,520.93,259.17,543.04,271.13,high
cam12__frame_00002.jpg,39,512.75,272.73,530.76,290.66,medium
cam12__frame_00002.jpg,40,510.72,283.27,529.62,302.1,medium
cam12__frame_00002.jpg,41,509.8,295.23,529.49,314.83,medium
cam12__frame_00002.jpg,42,507.16,283.7,514.91,298.06,high
cam12__frame_00002.jpg,43,471.91,201.32,491.16,211.53,medium
cam12__frame_00002.jpg,44,472.05,210.12,491.45,221.48,medium
cam12__frame_00002.jpg,45,471.69,220.42,490.96,231.11,medium
cam12__frame_00002.jpg,46,472.17,230.2,490.72,241.17,medium
cam12__frame_00002.jpg,47,484.46,241.17,489.15,274.25,medium
cam12__frame_00002.jpg,48,479.2,241.16,483.89,274.24,medium
cam12__frame_00002.jpg,49,465.1,240.71,479.2,273.79,medium
cam12__frame_00002.jpg,50,464.1,226.18,470.55,236.8,high
cam12__frame_00002.jpg,51,465.0,214.78,471.55,225.9,high
cam12__frame_00002.jpg,52,465.0,205.4,471.27,214.6,high
cam12__frame_00002.jpg,53,465.91,196.25,471.5,205.19,high
cam12__frame_00002.jpg,54,440.34,199.86,457.69,211.75,low
cam12__frame_00002.jpg,55,438.6,213.93,456.23,221.1,medium
cam12__frame_00002.jpg,56,438.26,221.29,455.9,228.46,medium
cam12__frame_00002.jpg,57,437.59,228.0,455.23,235.17,medium
cam12__frame_00002.jpg,58,437.37,234.92,455.0,242.1,medium
cam12__frame_00002.jpg,59,437.14,241.85,454.78,249.03,medium
cam12__frame_00002.jpg,60,437.14,246.32,454.78,253.5,high
cam12__frame_00002.jpg,61,424.73,178.42,439.92,189.27,low
cam12__frame_00002.jpg,62,424.39,189.44,441.59,196.12,medium
cam12__frame_00002.jpg,63,423.81,196.28,441.0,202.96,medium
cam12__frame_00002.jpg,64,422.47,202.96,439.67,209.64,high
cam12__frame_00002.jpg,65,427.2,207.62,439.07,213.56,medium
cam12__frame_00002.jpg,66,426.15,213.18,438.02,219.13,medium
cam12__frame_00002.jpg,67,422.3,208.63,426.98,215.31,high
cam12__frame_00002.jpg,68,422.23,215.26,426.91,221.94,high
cam12__frame_00002.jpg,69,426.15,219.13,438.02,225.08,medium
cam12__frame_00002.jpg,70,425.63,224.3,437.51,230.25,medium
cam12__frame_00002.jpg,71,425.63,229.89,437.5,235.84,medium
cam12__frame_00002.jpg,72,425.49,236.24,437.36,242.19,medium
cam12__frame_00002.jpg,73,427.1,241.58,436.78,246.9,high
cam12__frame_00002.jpg,74,407.53,173.94,416.13,183.84,high
cam12__frame_00002.jpg,75,412.1,183.93,420.33,203.01,high
cam12__frame_00002.jpg,76,414.47,204.26,420.08,213.86,high
cam12__frame_00002.jpg,77,416.34,213.61,420.96,219.72,high
cam12__frame_00002.jpg,78,396.2,179.2,405.83,187.44,medium
cam12__frame_00002.jpg,79,396.13,187.64,406.13,195.14,medium
cam12__frame_00002.jpg,80,395.41,193.97,410.09,210.44,low
cam12__frame_00002.jpg,81,391.03,206.88,403.37,214.36,high
cam12__frame_00002.jpg,82,397.26,211.37,413.35,221.34,low
cam12__frame_00002.jpg,83,379.4,175.64,394.33,184.8,medium
cam12__frame_00002.jpg,84,379.67,184.76,394.6,193.92,medium
cam12__frame_00002.jpg,85,379.37,193.86,394.3,203.02,medium
cam12__frame_00002.jpg,86,379.17,202.86,394.1,211.1,medium
cam12__frame_00002.jpg,87,368.28,167.46,377.72,174.32,medium
cam12__frame_00002.jpg,88,368.03,174.35,377.48,181.22,medium
cam12__frame_00002.jpg,89,368.61,181.18,378.06,188.04,medium
cam12__frame_00002.jpg,90,368.61,186.27,378.06,193.13,high
cam12__frame_00002.jpg,91,359.04,160.56,368.69,189.71,medium
cam12__frame_00002.jpg,92,350.61,166.57,358.98,187.5,medium
cam12__frame_00002.jpg,93,600.3,480.83,637.63,574.68,low
cam12__frame_00002.jpg,94,566.2,396.58,604.41,534.45,low
cam12__frame_00002.jpg,95,570.82,392.41,576.93,406.2,high
cam12__frame_00002.jpg,96,567.33,403.24,576.76,416.33,high
cam12__frame_00002.jpg,97,562.9,418.4,574.65,432.62,high
cam12__frame_00002.jpg,98,557.45,421.7,567.14,435.45,high
cam12__frame_00002.jpg,99,560.1,437.9,571.85,449.1,high
cam12__frame_00002.jpg,100,548.65,421.91,558.08,437.8,high
cam12__frame_00002.jpg,101,553.08,438.0,562.77,448.27,high
cam12__frame_00002.jpg,102,551.8,448.89,561.2,462.95,high
cam12__frame_00002.jpg,103,560.5,449.6,567.15,465.73,high
cam12__frame_00002.jpg,104,558.7,465.45,566.52,481.7,high
cam12__frame_00002.jpg,105,551.45,462.93,558.43,474.63,high
cam12__frame_00002.jpg,106,532.05,396.21,563.14,418.9,high
cam12__frame_00002.jpg,107,527.7,414.02,553.14,436.54,high
cam12__frame_00002.jpg,108,520.12,426.85,549.85,451.71,high
cam12__frame_00002.jpg,109,505.5,356.1,552.3,434.31,medium
cam12__frame_00002.jpg,110,491.31,341.15,509.0,398.01,medium
cam12__frame_00002.jpg,111,472.45,354.61,501.36,382.83,medium
cam12__frame_00002.jpg,112,481.64,331.5,494.45,354.35,medium
cam12__frame_00002.jpg,113,463.92,307.01,479.85,338.86,medium
cam12__frame_00002.jpg,114,461.84,338.81,480.88,368.92,medium
cam12__frame_00002.jpg,115,454.29,270.09,464.67,321.33,high
cam12__frame_00002.jpg,116,412.32,267.92,460.81,335.0,low
cam12__frame_00002.jpg,117,438.02,264.86,454.29,274.94,high
cam12__frame_00002.jpg,118,440.44,275.28,452.91,287.37,high
cam12__frame_00002.jpg,119,424.17,252.06,438.37,272.83,high
cam12__frame_00002.jpg,120,406.62,234.76,410.03,241.68,medium
cam12__frame_00002.jpg,121,403.3,234.7,406.57,241.63,medium
cam12__frame_00002.jpg,122,399.64,234.54,402.9,241.46,medium
cam12__frame_00002.jpg,123,397.0,232.96,399.48,240.47,high
cam12__frame_00002.jpg,124,406.82,241.71,410.23,248.64,medium
cam12__frame_00002.jpg,125,403.15,242.05,406.56,248.97,medium
cam12__frame_00002.jpg,126,399.65,241.71,403.06,248.64,medium
cam12__frame_00002.jpg,127,396.58,240.72,399.07,248.23,high
cam12__frame_00002.jpg,128,406.86,248.85,410.54,253.36,high
cam12__frame_00002.jpg,129,403.02,248.85,406.86,254.19,high
cam12__frame_00002.jpg,130,399.18,248.52,402.69,253.86,high
cam12__frame_00002.jpg,131,396.58,248.07,399.07,255.58,high
cam12__frame_00002.jpg,132,406.75,253.31,410.17,262.1,medium
cam12__frame_00002.jpg,133,403.58,254.6,406.99,262.8,medium
cam12__frame_00002.jpg,134,399.4,254.17,402.81,261.09,medium
cam12__frame_00002.jpg,135,394.83,257.92,398.09,264.84,medium
cam12__frame_00002.jpg,136,394.64,264.48,397.9,271.41,medium
cam12__frame_00002.jpg,137,387.05,245.71,391.15,254.33,medium
cam12__frame_00002.jpg,138,385.97,253.69,389.53,262.31,medium
cam12__frame_00002.jpg,139,382.96,245.28,387.05,253.04,medium
cam12__frame_00002.jpg,140,382.0,252.8,386.08,259.72,medium
cam12__frame_00002.jpg,141,358.15,208.13,377.28,262.98,low
cam12__frame_00002.jpg,142,349.46,199.63,358.35,232.66,medium
cam12__frame_00002.jpg,143,339.22,193.64,348.3,219.91,medium
cam12__frame_00002.jpg,144,558.5,593.3,615.53,639.54,high
cam12__frame_00002.jpg,145,565.73,571.64,584.17,594.47,high
cam12__frame_00002.jpg,146,560.03,540.48,598.32,571.47,high
cam12__frame_00002.jpg,147,471.71,397.89,500.35,426.54,medium
cam12__frame_00002.jpg,148,441.77,371.11,456.8,397.97,medium
cam12__frame_00002.jpg,149,434.79,362.11,444.63,391.62,medium
cam12__frame_00002.jpg,150,426.53,352.66,439.12,377.06,medium
cam12__frame_00002.jpg,151,416.37,346.09,428.97,370.49,medium
cam12__frame_00002.jpg,152,404.58,310.2,416.21,352.09,high
cam12__frame_00002.jpg,153,375.74,280.34,389.86,304.95,high
cam12__frame_00002.jpg,154,16.32,220.37,33.01,270.88,low
cam12__frame_00002.jpg,155,19.1,205.54,26.52,219.91,high
cam12__frame_00002.jpg,156,25.71,206.06,34.39,219.82,high
cam12__frame_00002.jpg,157,34.62,201.2,51.5,228.82,medium
cam12__frame_00002.jpg,158,32.59,228.5,52.9,254.5,medium
cam12__frame_00002.jpg,159,52.78,202.7,65.08,216.9,low
cam12__frame_00002.jpg,160,52.78,217.47,70.94,253.04,low
cam12__frame_00002.jpg,161,73.76,185.18,86.37,222.15,medium
cam12__frame_00002.jpg,162,77.35,171.89,94.67,185.06,medium
cam12__frame_00002.jpg,163,86.8,184.57,99.41,221.54,medium
cam12__frame_00002.jpg,164,103.68,175.48,113.85,204.8,medium
cam12__frame_00002.jpg,165,122.5,188.95,133.87,203.01,low
cam12__frame_00002.jpg,166,129.98,168.9,144.34,199.42,medium
cam12__frame_00002.jpg,167,162.05,155.0,171.03,179.19,medium
cam12__frame_00002.jpg,168,0.0,381.08,10.5,459.88,high
cam12__frame_00002.jpg,169,5.76,338.6,19.18,364.1,medium
cam12__frame_00002.jpg,170,11.13,364.91,22.94,389.34,medium
cam12__frame_00002.jpg,171,23.48,362.0,39.85,391.49,low
cam12__frame_00002.jpg,172,16.72,334.99,35.83,355.03,high
cam12__frame_00002.jpg,173,16.34,312.35,37.87,335.54,medium
cam12__frame_00002.jpg,174,34.71,334.62,49.56,357.63,medium
cam12__frame_00002.jpg,175,34.16,357.26,49.0,380.27,high
cam12__frame_00002.jpg,176,50.6,358.77,77.1,389.08,low
cam12__frame_00002.jpg,177,49.64,337.12,81.39,360.69,medium
cam12__frame_00002.jpg,178,58.28,295.84,74.05,332.39,high
cam12__frame_00002.jpg,179,40.42,277.97,65.75,302.38,high
cam12__frame_00002.jpg,180,76.46,320.33,85.2,339.4,high
cam12__frame_00002.jpg,181,74.24,288.42,85.18,319.96,high
cam12__frame_00002.jpg,182,73.0,255.38,86.44,286.15,medium
cam12__frame_00002.jpg,183,87.25,247.07,98.65,263.16,high
cam12__frame_00002.jpg,184,87.99,262.36,108.94,294.16,medium
cam12__frame_00002.jpg,185,86.44,294.68,103.77,309.94,low
cam12__frame_00002.jpg,186,86.96,308.64,104.8,316.66,low
cam12__frame_00002.jpg,187,87.74,316.4,104.54,325.2,high
cam12__frame_00002.jpg,188,98.65,240.14,109.16,261.15,high
cam12__frame_00002.jpg,189,110.27,251.76,117.87,292.66,high
cam12__frame_00002.jpg,190,109.38,222.04,117.65,251.32,high
cam12__frame_00002.jpg,191,119.88,222.49,132.62,256.9,medium
cam12__frame_00002.jpg,192,120.33,256.68,132.85,271.65,medium
cam12__frame_00002.jpg,193,133.43,202.91,145.3,214.29,high
cam12__frame_00002.jpg,194,128.51,215.84,147.91,226.7,high
cam12__frame_00002.jpg,195,132.39,226.7,149.46,255.92,medium
cam12__frame_00002.jpg,196,150.49,220.75,158.25,259.02,high
cam12__frame_00002.jpg,197,158.77,193.6,167.56,233.42,medium
cam12__frame_00002.jpg,198,176.76,179.81,195.11,200.58,medium
cam12__frame_00002.jpg,199,185.76,176.0,201.0,196.43,high
cam12__frame_00002.jpg,200,0.0,597.27,23.23,638.98,high
cam12__frame_00002.jpg,201,0.0,537.96,35.74,572.71,medium
cam12__frame_00002.jpg,202,0.98,499.0,21.84,539.34,high
cam12__frame_00002.jpg,203,14.39,487.81,40.06,542.3,medium
cam12__frame_00002.jpg,204,26.63,478.74,52.31,533.23,low
cam12__frame_00002.jpg,205,19.98,474.0,33.89,487.44,high
cam12__frame_00002.jpg,206,47.79,460.1,69.57,492.08,low
cam12__frame_00002.jpg,207,33.44,449.9,48.27,478.66,medium
cam12__frame_00002.jpg,208,46.86,433.2,61.69,461.95,medium
cam12__frame_00002.jpg,209,70.5,416.54,84.4,448.51,medium
cam12__frame_00002.jpg,210,64.94,398.46,76.52,418.39,high
cam12__frame_00002.jpg,211,82.55,391.51,91.81,424.88,medium
cam12__frame_00002.jpg,212,84.4,381.78,100.16,410.51,medium
cam12__frame_00002.jpg,213,80.69,363.71,96.45,379.0,medium
cam12__frame_00002.jpg,214,103.89,345.64,113.15,379.01,medium
cam12__frame_00002.jpg,215,90.01,347.95,102.98,360.46,high
cam12__frame_00002.jpg,216,109.45,326.18,118.72,359.55,high
cam12__frame_00002.jpg,217,123.35,307.64,132.62,341.01,medium
cam12__frame_00002.jpg,218,133.57,289.09,153.03,326.63,medium
cam12__frame_00002.jpg,219,139.08,280.29,160.86,309.49,high
cam12__frame_00002.jpg,220,149.28,266.39,161.33,282.14,high
cam12__frame_00002.jpg,221,158.55,246.0,170.13,275.19,high
cam12__frame_00002.jpg,222,169.21,243.68,186.35,262.68,high
cam12__frame_00002.jpg,223,181.26,220.04,199.79,236.73,high
cam12__frame_00002.jpg,224,38.7,507.8,122.4,640.0,low
cam12__frame_00002.jpg,225,112.18,606.0,169.55,640.0,low
cam12__frame_00002.jpg,226,124.43,583.9,175.0,605.53,medium
cam12__frame_00002.jpg,227,195.7,476.44,266.15,639.51,low
cam12__frame_00002.jpg,228,273.04,540.0,308.02,632.6,low
cam12__frame_00002.jpg,229,288.83,566.09,324.74,640.0,medium
cam12__frame_00002.jpg,230,270.09,606.93,297.67,640.0,high
cam12__frame_00002.jpg,231,317.87,590.48,351.63,640.0,medium
cam12__frame_00002.jpg,232,345.46,582.8,429.69,640.0,medium
cam12__frame_00002.jpg,233,484.31,418.02,575.96,537.77,low
cam12__frame_00002.jpg,234,446.86,417.05,541.58,538.78,low
cam12__frame_00002.jpg,235,314.61,434.6,418.54,587.77,low
cam12__frame_00002.jpg,236,121.19,480.02,205.59,598.06,low
cam12__frame_00002.jpg,237,69.2,465.17,139.72,524.52,medium
cam12__frame_00002.jpg,238,100.94,445.12,150.4,468.2,medium
cam12__frame_00002.jpg,239,109.51,415.44,157.66,445.78,medium
cam12__frame_00002.jpg,240,118.09,396.32,159.63,420.06,medium
cam12__frame_00002.jpg,241,126.0,371.26,162.93,398.95,medium
cam12__frame_00002.jpg,242,137.93,357.42,173.26,376.8,medium
cam12__frame_00002.jpg,243,141.35,340.32,176.69,359.7,medium
cam12__frame_00002.jpg,244,145.34,328.4,180.67,343.17,medium
cam12__frame_00002.jpg,245,159.69,311.05,180.91,327.87,high
cam12__frame_00002.jpg,246,182.8,255.89,232.5,344.81,low
cam12__frame_00002.jpg,247,178.96,344.88,224.56,396.75,medium
cam12__frame_00002.jpg,248,163.58,391.62,198.34,446.9,medium
cam12__frame_00002.jpg,249,198.34,392.76,234.25,458.3,medium
cam12__frame_00002.jpg,250,172.12,448.04,202.9,510.74,high
cam12__frame_00002.jpg,251,237.67,364.8,328.87,553.49,low
cam12__frame_00002.jpg,252,228.18,378.74,260.22,392.75,medium
cam12__frame_00002.jpg,253,226.99,364.51,259.04,378.53,medium
cam12__frame_00002.jpg,254,227.38,331.07,260.62,366.72,low
cam12__frame_00002.jpg,255,263.42,348.3,277.44,365.52,high
cam12__frame_00002.jpg,256,261.42,319.46,279.04,347.89,low
cam12__frame_00002.jpg,257,231.3,268.71,258.54,326.79,medium
cam12__frame_00002.jpg,258,257.11,293.03,276.52,320.95,high
cam12__frame_00002.jpg,259,255.75,277.71,277.88,293.71,high
cam12__frame_00002.jpg,260,247.23,262.08,278.22,277.71,medium
cam12__frame_00002.jpg,261,243.5,230.72,273.11,262.08,low
cam12__frame_00002.jpg,262,217.85,244.68,244.51,268.91,high
cam12__frame_00002.jpg,263,198.82,229.8,214.05,241.22,high
cam12__frame_00002.jpg,264,216.82,222.18,232.74,246.41,medium
cam12__frame_00002.jpg,265,234.12,221.14,248.32,245.03,medium
cam12__frame_00002.jpg,266,218.89,189.3,251.43,220.8,medium
cam12__frame_00002.jpg,267,252.73,201.9,275.16,225.93,medium
cam12__frame_00002.jpg,268,273.96,199.9,300.79,225.53,medium
cam12__frame_00002.jpg,269,300.4,202.72,324.73,229.32,medium
cam12__frame_00002.jpg,270,325.11,173.67,334.54,197.62,medium
cam12__frame_00002.jpg,271,324.92,198.0,334.92,228.56,medium
cam12__frame_00002.jpg,272,303.01,228.07,339.71,244.68,medium
cam12__frame_00002.jpg,273,276.01,223.91,298.17,272.38,medium
cam12__frame_00002.jpg,274,283.0,246.22,308.28,301.84,medium
cam12__frame_00002.jpg,275,330.71,256.45,372.25,278.26,high
cam12__frame_00002.jpg,276,333.82,268.57,375.36,305.61,medium
cam12__frame_00002.jpg,277,293.74,268.96,332.3,364.94,medium
cam12__frame_00002.jpg,278,340.32,305.04,399.2,349.5,medium
cam12__frame_00002.jpg,279,307.48,318.66,366.36,437.21,low
cam12__frame_00002.jpg,280,369.56,393.16,421.23,417.99,high
cam12__frame_00002.jpg,281,378.38,402.0,438.86,430.0,medium
cam12__frame_00002.jpg,282,427.2,397.2,466.89,426.0,medium
cam12__frame_00002.jpg,283,440.63,590.42,496.0,640.0,medium
cam12__frame_00002.jpg,284,497.88,592.29,537.3,640.0,medium
cam12__frame_00003.jpg,0,609.2,238.66,640.0,271.89,medium
cam12__frame_00003.jpg,1,573.59,173.19,618.82,194.01,low
cam12__frame_00003.jpg,2,572.05,181.52,617.27,202.34,low
cam12__frame_00003.jpg,3,608.86,200.79,616.94,206.18,high
cam12__frame_00003.jpg,4,608.41,205.87,616.49,211.26,high
cam12__frame_00003.jpg,5,608.11,211.55,616.19,216.94,high
cam12__frame_00003.jpg,6,607.81,217.54,615.89,222.92,high
cam12__frame_00003.jpg,7,607.81,223.22,615.89,228.61,high
cam12__frame_00003.jpg,8,607.21,229.21,615.29,234.59,high
cam12__frame_00003.jpg,9,607.81,234.89,615.89,240.28,high
cam12__frame_00003.jpg,10,562.8,187.08,609.75,207.89,low
cam12__frame_00003.jpg,11,559.62,195.16,608.86,217.2,low
cam12__frame_00003.jpg,12,557.83,203.53,607.25,225.64,low
cam12__frame_00003.jpg,13,555.73,212.21,605.44,234.39,low
cam12__frame_00003.jpg,14,554.38,220.81,604.09,242.99,low
cam12__frame_00003.jpg,15,555.31,229.48,604.1,248.63,low
cam12__frame_00003.jpg,16,533.03,160.58,574.34,185.34,medium
cam12__frame_00003.jpg,17,530.7,169.38,566.99,191.92,medium
cam12__frame_00003.jpg,18,530.07,179.38,563.58,200.68,medium
cam12__frame_00003.jpg,19,529.02,189.39,561.29,209.77,medium
cam12__frame_00003.jpg,20,527.82,197.61,558.9,217.11,medium
cam12__frame_00003.jpg,21,528.09,206.46,559.49,226.2,medium
cam12__frame_00003.jpg,22,484.48,163.69,530.67,191.43,low
cam12__frame_00003.jpg,23,481.86,169.81,527.62,196.65,medium
cam12__frame_00003.jpg,24,479.93,175.9,525.14,201.62,medium
cam12__frame_00003.jpg,25,479.49,181.27,524.71,207.02,medium
cam12__frame_00003.jpg,26,477.56,186.1,522.78,211.85,medium
cam12__frame_00003.jpg,27,471.65,184.77,479.59,192.7,high
cam12__frame_00003.jpg,28,465.59,182.6,471.36,193.71,high
cam12__frame_00003.jpg,29,452.6,175.25,458.66,182.6,high
cam12__frame_00003.jpg,30,445.39,174.09,452.32,182.6,high
cam12__frame_00003.jpg,31,587.4,349.7,632.2,389.89,low
cam12__frame_00003.jpg,32,564.86,345.27,609.74,362.15,medium
cam12__frame_00003.jpg,33,565.03,328.45,609.9,345.33,medium
cam12__frame_00003.jpg,34,564.5,312.4,609.37,329.28,low
cam12__frame_00003.jpg,35,553.58,272.99,600.54,322.37,low
cam12__frame_00003.jpg,36,547.12,277.08,559.94,295.1,high
cam12__frame_00003.jpg,37,532.79,292.79,558.3,318.3,high
cam12__frame_00003.jpg,38,520.93,259.17,543.04,271.13,high
cam12__frame_00003.jpg,39,512.75,272.73,530.76,290.66,medium
cam12__frame_00003.jpg,40,510.72,283.27,529.62,302.1,medium
cam12__frame_00003.jpg,41,509.8,295.23,529.49,314.83,medium
cam12__frame_00003.jpg,42,507.16,283.7,514.91,298.06,high
cam12__frame_00003.jpg,43,471.91,201.32,491.16,211.53,medium
cam12__frame_00003.jpg,44,472.05,210.12,491.45,221.48,medium
cam12__frame_00003.jpg,45,471.69,220.42,490.96,231.11,medium
cam12__frame_00003.jpg,46,472.17,230.2,490.72,241.17,medium
cam12__frame_00003.jpg,47,484.46,241.17,489.15,274.25,medium
cam12__frame_00003.jpg,48,479.2,241.16,483.89,274.24,medium
cam12__frame_00003.jpg,49,465.1,240.71,479.2,273.79,medium
cam12__frame_00003.jpg,50,464.1,226.18,470.55,236.8,high
cam12__frame_00003.jpg,51,465.0,214.78,471.55,225.9,high
cam12__frame_00003.jpg,52,465.0,205.4,471.27,214.6,high
cam12__frame_00003.jpg,53,465.91,196.25,471.5,205.19,high
cam12__frame_00003.jpg,54,440.34,199.86,457.69,211.75,low
cam12__frame_00003.jpg,55,438.6,213.93,456.23,221.1,medium
cam12__frame_00003.jpg,56,438.26,221.29,455.9,228.46,medium
cam12__frame_00003.jpg,57,437.59,228.0,455.23,235.17,medium
cam12__frame_00003.jpg,58,437.37,234.92,455.0,242.1,medium
cam12__frame_00003.jpg,59,437.14,241.85,454.78,249.03,medium
cam12__frame_00003.jpg,60,437.14,246.32,454.78,253.5,high
cam12__frame_00003.jpg,61,424.73,178.42,439.92,189.27,low
cam12__frame_00003.jpg,62,424.39,189.44,441.59,196.12,medium
cam12__frame_00003.jpg,63,423.81,196.28,441.0,202.96,medium
cam12__frame_00003.jpg,64,422.47,202.96,439.67,209.64,high
cam12__frame_00003.jpg,65,427.2,207.62,439.07,213.56,medium
cam12__frame_00003.jpg,66,426.15,213.18,438.02,219.13,medium
cam12__frame_00003.jpg,67,422.3,208.63,426.98,215.31,high
cam12__frame_00003.jpg,68,422.23,215.26,426.91,221.94,high
cam12__frame_00003.jpg,69,426.15,219.13,438.02,225.08,medium
cam12__frame_00003.jpg,70,425.63,224.3,437.51,230.25,medium
cam12__frame_00003.jpg,71,425.63,229.89,437.5,235.84,medium
cam12__frame_00003.jpg,72,425.49,236.24,437.36,242.19,medium
cam12__frame_00003.jpg,73,427.1,241.58,436.78,246.9,high
cam12__frame_00003.jpg,74,407.53,173.94,416.13,183.84,high
cam12__frame_00003.jpg,75,412.1,183.93,420.33,203.01,high
cam12__frame_00003.jpg,76,414.47,204.26,420.08,213.86,high
cam12__frame_00003.jpg,77,416.34,213.61,420.96,219.72,high
cam12__frame_00003.jpg,78,396.2,179.2,405.83,187.44,medium
cam12__frame_00003.jpg,79,396.13,187.64,406.13,195.14,medium
cam12__frame_00003.jpg,80,395.41,193.97,410.09,210.44,low
cam12__frame_00003.jpg,81,391.03,206.88,403.37,214.36,high
cam12__frame_00003.jpg,82,397.26,211.37,413.35,221.34,low
cam12__frame_00003.jpg,83,379.4,175.64,394.33,184.8,medium
cam12__frame_00003.jpg,84,379.67,184.76,394.6,193.92,medium
cam12__frame_00003.jpg,85,379.37,193.86,394.3,203.02,medium
cam12__frame_00003.jpg,86,379.17,202.86,394.1,211.1,medium
cam12__frame_00003.jpg,87,368.28,167.46,377.72,174.32,medium
cam12__frame_00003.jpg,88,368.03,174.35,377.48,181.22,medium
cam12__frame_00003.jpg,89,368.61,181.18,378.06,188.04,medium
cam12__frame_00003.jpg,90,368.61,186.27,378.06,193.13,high
cam12__frame_00003.jpg,91,359.04,160.56,368.69,189.71,medium
cam12__frame_00003.jpg,92,350.61,166.57,358.98,187.5,medium
cam12__frame_00003.jpg,93,600.3,480.83,637.63,574.68,low
cam12__frame_00003.jpg,94,566.2,396.58,604.41,534.45,low
cam12__frame_00003.jpg,95,570.82,392.41,576.93,406.2,high
cam12__frame_00003.jpg,96,567.33,403.24,576.76,416.33,high
cam12__frame_00003.jpg,97,562.9,418.4,574.65,432.62,high
cam12__frame_00003.jpg,98,557.45,421.7,567.14,435.45,high
cam12__frame_00003.jpg,99,560.1,437.9,571.85,449.1,high
cam12__frame_00003.jpg,100,548.65,421.91,558.08,437.8,high
cam12__frame_00003.jpg,101,553.08,438.0,562.77,448.27,high
cam12__frame_00003.jpg,102,551.8,448.89,561.2,462.95,high
cam12__frame_00003.jpg,103,560.5,449.6,567.15,465.73,high
cam12__frame_00003.jpg,104,558.7,465.45,566.52,481.7,high
cam12__frame_00003.jpg,105,551.45,462.93,558.43,474.63,high
cam12__frame_00003.jpg,106,532.05,396.21,563.14,418.9,high
cam12__frame_00003.jpg,107,527.7,414.02,553.14,436.54,high
cam12__frame_00003.jpg,108,520.12,426.85,549.85,451.71,high
cam12__frame_00003.jpg,109,505.5,356.1,552.3,434.31,medium
cam12__frame_00003.jpg,110,491.31,341.15,509.0,398.01,medium
cam12__frame_00003.jpg,111,472.45,354.61,501.36,382.83,medium
cam12__frame_00003.jpg,112,481.64,331.5,494.45,354.35,medium
cam12__frame_00003.jpg,113,463.92,307.01,479.85,338.86,medium
cam12__frame_00003.jpg,114,461.84,338.81,480.88,368.92,medium
cam12__frame_00003.jpg,115,454.29,270.09,464.67,321.33,high
cam12__frame_00003.jpg,116,412.32,267.92,460.81,335.0,low
cam12__frame_00003.jpg,117,438.02,264.86,454.29,274.94,high
cam12__frame_00003.jpg,118,440.44,275.28,452.91,287.37,high
cam12__frame_00003.jpg,119,424.17,252.06,438.37,272.83,high
cam12__frame_00003.jpg,120,406.62,234.76,410.03,241.68,medium
cam12__frame_00003.jpg,121,403.3,234.7,406.57,241.63,medium
cam12__frame_00003.jpg,122,399.64,234.54,402.9,241.46,medium
cam12__frame_00003.jpg,123,397.0,232.96,399.48,240.47,high
cam12__frame_00003.jpg,124,406.82,241.71,410.23,248.64,medium
cam12__frame_00003.jpg,125,403.15,242.05,406.56,248.97,medium
cam12__frame_00003.jpg,126,399.65,241.71,403.06,248.64,medium
cam12__frame_00003.jpg,127,396.58,240.72,399.07,248.23,high
cam12__frame_00003.jpg,128,406.86,248.85,410.54,253.36,high
cam12__frame_00003.jpg,129,403.02,248.85,406.86,254.19,high
cam12__frame_00003.jpg,130,399.18,248.52,402.69,253.86,high
cam12__frame_00003.jpg,131,396.58,248.07,399.07,255.58,high
cam12__frame_00003.jpg,132,406.75,253.31,410.17,262.1,medium
cam12__frame_00003.jpg,133,403.58,254.6,406.99,262.8,medium
cam12__frame_00003.jpg,134,399.4,254.17,402.81,261.09,medium
cam12__frame_00003.jpg,135,394.83,257.92,398.09,264.84,medium
cam12__frame_00003.jpg,136,394.64,264.48,397.9,271.41,medium
cam12__frame_00003.jpg,137,387.05,245.71,391.15,254.33,medium
cam12__frame_00003.jpg,138,385.97,253.69,389.53,262.31,medium
cam12__frame_00003.jpg,139,382.96,245.28,387.05,253.04,medium
cam12__frame_00003.jpg,140,382.0,252.8,386.08,259.72,medium
cam12__frame_00003.jpg,141,358.15,208.13,377.28,262.98,low
cam12__frame_00003.jpg,142,349.46,199.63,358.35,232.66,medium
cam12__frame_00003.jpg,143,339.22,193.64,348.3,219.91,medium
cam12__frame_00003.jpg,144,558.5,593.3,615.53,639.54,high
cam12__frame_00003.jpg,145,565.73,571.64,584.17,594.47,high
cam12__frame_00003.jpg,146,560.03,540.48,598.32,571.47,high
cam12__frame_00003.jpg,147,471.71,397.89,500.35,426.54,medium
cam12__frame_00003.jpg,148,441.77,371.11,456.8,397.97,medium
cam12__frame_00003.jpg,149,434.79,362.11,444.63,391.62,medium
cam12__frame_00003.jpg,150,426.53,352.66,439.12,377.06,medium
cam12__frame_00003.jpg,151,416.37,346.09,428.97,370.49,medium
cam12__frame_00003.jpg,152,404.58,310.2,416.21,352.09,high
cam12__frame_00003.jpg,153,375.74,280.34,389.86,304.95,high
cam12__frame_00003.jpg,154,16.32,220.37,33.01,270.88,low
cam12__frame_00003.jpg,155,19.1,205.54,26.52,219.91,high
cam12__frame_00003.jpg,156,25.71,206.06,34.39,219.82,high
cam12__frame_00003.jpg,157,34.62,201.2,51.5,228.82,medium
cam12__frame_00003.jpg,158,32.59,228.5,52.9,254.5,medium
cam12__frame_00003.jpg,159,52.78,202.7,65.08,216.9,low
cam12__frame_00003.jpg,160,52.78,217.47,70.94,253.04,low
cam12__frame_00003.jpg,161,73.76,185.18,86.37,222.15,medium
cam12__frame_00003.jpg,162,77.35,171.89,94.67,185.06,medium
cam12__frame_00003.jpg,163,86.8,184.57,99.41,221.54,medium
cam12__frame_00003.jpg,164,103.68,175.48,113.85,204.8,medium
cam12__frame_00003.jpg,165,122.5,188.95,133.87,203.01,low
cam12__frame_00003.jpg,166,129.98,168.9,144.34,199.42,medium
cam12__frame_00003.jpg,167,162.05,155.0,171.03,179.19,medium
cam12__frame_00003.jpg,168,0.0,381.08,10.5,459.88,high
cam12__frame_00003.jpg,169,5.76,338.6,19.18,364.1,medium
cam12__frame_00003.jpg,170,11.13,364.91,22.94,389.34,medium
cam12__frame_00003.jpg,171,23.48,362.0,39.85,391.49,low
cam12__frame_00003.jpg,172,16.72,334.99,35.83,355.03,high
cam12__frame_00003.jpg,173,16.34,312.35,37.87,335.54,medium
cam12__frame_00003.jpg,174,34.71,334.62,49.56,357.63,medium
cam12__frame_00003.jpg,175,34.16,357.26,49.0,380.27,high
cam12__frame_00003.jpg,176,50.6,358.77,77.1,389.08,low
cam12__frame_00003.jpg,177,49.64,337.12,81.39,360.69,medium
cam12__frame_00003.jpg,178,58.28,295.84,74.05,332.39,high
cam12__frame_00003.jpg,179,40.42,277.97,65.75,302.38,high
cam12__frame_00003.jpg,180,76.46,320.33,85.2,339.4,high
cam12__frame_00003.jpg,181,74.24,288.42,85.18,319.96,high
cam12__frame_00003.jpg,182,73.0,255.38,86.44,286.15,medium
cam12__frame_00003.jpg,183,87.25,247.07,98.65,263.16,high
cam12__frame_00003.jpg,184,87.99,262.36,108.94,294.16,medium
cam12__frame_00003.jpg,185,86.44,294.68,103.77,309.94,low
cam12__frame_00003.jpg,186,86.96,308.64,104.8,316.66,low
cam12__frame_00003.jpg,187,87.74,316.4,104.54,325.2,high
cam12__frame_00003.jpg,188,98.65,240.14,109.16,261.15,high
cam12__frame_00003.jpg,189,110.27,251.76,117.87,292.66,high
cam12__frame_00003.jpg,190,109.38,222.04,117.65,251.32,high
cam12__frame_00003.jpg,191,119.88,222.49,132.62,256.9,medium
cam12__frame_00003.jpg,192,120.33,256.68,132.85,271.65,medium
cam12__frame_00003.jpg,193,133.43,202.91,145.3,214.29,high
cam12__frame_00003.jpg,194,128.51,215.84,147.91,226.7,high
cam12__frame_00003.jpg,195,132.39,226.7,149.46,255.92,medium
cam12__frame_00003.jpg,196,150.49,220.75,158.25,259.02,high
cam12__frame_00003.jpg,197,158.77,193.6,167.56,233.42,medium
cam12__frame_00003.jpg,198,176.76,179.81,195.11,200.58,medium
cam12__frame_00003.jpg,199,185.76,176.0,201.0,196.43,high
cam12__frame_00003.jpg,200,0.0,597.27,23.23,638.98,high
cam12__frame_00003.jpg,201,0.0,537.96,35.74,572.71,medium
cam12__frame_00003.jpg,202,0.98,499.0,21.84,539.34,high
cam12__frame_00003.jpg,203,14.39,487.81,40.06,542.3,medium
cam12__frame_00003.jpg,204,26.63,478.74,52.31,533.23,low
cam12__frame_00003.jpg,205,19.98,474.0,33.89,487.44,high
cam12__frame_00003.jpg,206,47.79,460.1,69.57,492.08,low
cam12__frame_00003.jpg,207,33.44,449.9,48.27,478.66,medium
cam12__frame_00003.jpg,208,46.86,433.2,61.69,461.95,medium
cam12__frame_00003.jpg,209,70.5,416.54,84.4,448.51,medium
cam12__frame_00003.jpg,210,64.94,398.46,76.52,418.39,high
cam12__frame_00003.jpg,211,82.55,391.51,91.81,424.88,medium
cam12__frame_00003.jpg,212,84.4,381.78,100.16,410.51,medium
cam12__frame_00003.jpg,213,80.69,363.71,96.45,379.0,medium
cam12__frame_00003.jpg,214,103.89,345.64,113.15,379.01,medium
cam12__frame_00003.jpg,215,90.01,347.95,102.98,360.46,high
cam12__frame_00003.jpg,216,109.45,326.18,118.72,359.55,high
cam12__frame_00003.jpg,217,123.35,307.64,132.62,341.01,medium
cam12__frame_00003.jpg,218,133.57,289.09,153.03,326.63,medium
cam12__frame_00003.jpg,219,139.08,280.29,160.86,309.49,high
cam12__frame_00003.jpg,220,149.28,266.39,161.33,282.14,high
cam12__frame_00003.jpg,221,158.55,246.0,170.13,275.19,high
cam12__frame_00003.jpg,222,169.21,243.68,186.35,262.68,high
cam12__frame_00003.jpg,223,181.26,220.04,199.79,236.73,high
cam12__frame_00003.jpg,224,38.7,507.8,122.4,640.0,low
cam12__frame_00003.jpg,225,112.18,606.0,169.55,640.0,low
cam12__frame_00003.jpg,226,124.43,583.9,175.0,605.53,medium
cam12__frame_00003.jpg,227,195.7,476.44,266.15,639.51,low
cam12__frame_00003.jpg,228,273.04,540.0,308.02,632.6,low
cam12__frame_00003.jpg,229,288.83,566.09,324.74,640.0,medium
cam12__frame_00003.jpg,230,270.09,606.93,297.67,640.0,high
cam12__frame_00003.jpg,231,317.87,590.48,351.63,640.0,medium
cam12__frame_00003.jpg,232,345.46,582.8,429.69,640.0,medium
cam12__frame_00003.jpg,233,484.31,418.02,575.96,537.77,low
cam12__frame_00003.jpg,234,446.86,417.05,541.58,538.78,low
cam12__frame_00003.jpg,235,317.87,434.6,421.8,587.77,low
cam12__frame_00003.jpg,236,121.19,480.02,205.59,598.06,low
cam12__frame_00003.jpg,237,69.2,465.17,139.72,524.52,medium
cam12__frame_00003.jpg,238,100.94,445.12,150.4,468.2,medium
cam12__frame_00003.jpg,239,109.51,415.44,157.66,445.78,medium
cam12__frame_00003.jpg,240,118.09,396.32,159.63,420.06,medium
cam12__frame_00003.jpg,241,126.0,371.26,162.93,398.95,medium
cam12__frame_00003.jpg,242,137.93,357.42,173.26,376.8,medium
cam12__frame_00003.jpg,243,141.35,340.32,176.69,359.7,medium
cam12__frame_00003.jpg,244,145.34,328.4,180.67,343.17,medium
cam12__frame_00003.jpg,245,159.69,311.05,180.91,327.87,high
cam12__frame_00003.jpg,246,182.8,255.89,232.5,344.81,low
cam12__frame_00003.jpg,247,178.96,344.88,224.56,396.75,medium
cam12__frame_00003.jpg,248,163.58,391.62,198.34,446.9,medium
cam12__frame_00003.jpg,249,198.34,392.76,234.25,458.3,medium
cam12__frame_00003.jpg,250,172.12,448.04,202.9,510.74,high
cam12__frame_00003.jpg,251,237.67,364.8,328.87,553.49,low
cam12__frame_00003.jpg,252,228.18,378.74,260.22,392.75,medium
cam12__frame_00003.jpg,253,226.99,364.51,259.04,378.53,medium
cam12__frame_00003.jpg,254,227.38,331.07,260.62,366.72,low
cam12__frame_00003.jpg,255,263.42,348.3,277.44,365.52,high
cam12__frame_00003.jpg,256,261.42,319.46,279.04,347.89,low
cam12__frame_00003.jpg,257,231.3,268.71,258.54,326.79,medium
cam12__frame_00003.jpg,258,257.11,293.03,276.52,320.95,high
cam12__frame_00003.jpg,259,255.75,277.71,277.88,293.71,high
cam12__frame_00003.jpg,260,247.23,262.08,278.22,277.71,medium
cam12__frame_00003.jpg,261,243.5,230.72,273.11,262.08,low
cam12__frame_00003.jpg,262,217.85,244.68,244.51,268.91,high
cam12__frame_00003.jpg,263,198.82,229.8,214.05,241.22,high
cam12__frame_00003.jpg,264,216.82,222.18,232.74,246.41,medium
cam12__frame_00003.jpg,265,234.12,221.14,248.32,245.03,medium
cam12__frame_00003.jpg,266,218.89,189.3,251.43,220.8,medium
cam12__frame_00003.jpg,267,252.73,201.9,275.16,225.93,medium
cam12__frame_00003.jpg,268,273.96,199.9,300.79,225.53,medium
cam12__frame_00003.jpg,269,300.4,202.72,324.73,229.32,medium
cam12__frame_00003.jpg,270,324.92,198.0,334.92,228.56,medium
cam12__frame_00003.jpg,271,303.01,228.07,339.71,244.68,medium
cam12__frame_00003.jpg,272,276.01,223.91,298.17,272.38,medium
cam12__frame_00003.jpg,273,283.0,246.22,308.28,301.84,medium
cam12__frame_00003.jpg,274,330.71,256.45,372.25,278.26,high
cam12__frame_00003.jpg,275,333.82,268.57,375.36,305.61,medium
cam12__frame_00003.jpg,276,293.74,268.96,332.3,364.94,medium
cam12__frame_00003.jpg,277,340.32,305.04,399.2,349.5,medium
cam12__frame_00003.jpg,278,307.48,318.66,366.36,437.21,low
cam12__frame_00003.jpg,279,369.56,393.16,421.23,417.99,high
cam12__frame_00003.jpg,280,378.38,402.0,438.86,430.0,medium
cam12__frame_00003.jpg,281,427.2,397.2,466.89,426.0,medium
cam12__frame_00003.jpg,282,440.63,590.42,496.0,640.0,medium
cam12__frame_00003.jpg,283,497.88,592.29,537.3,640.0,medium
cam12__frame_00003.jpg,284,39.43,559.91,113.57,613.41,low
cam12__frame_00004.jpg,0,609.2,238.66,640.0,271.89,medium
cam12__frame_00004.jpg,1,573.59,173.19,618.82,194.01,low
cam12__frame_00004.jpg,2,572.05,181.52,617.27,202.34,low
cam12__frame_00004.jpg,3,608.86,200.79,616.94,206.18,high
cam12__frame_00004.jpg,4,608.41,205.87,616.49,211.26,high
cam12__frame_00004.jpg,5,608.11,211.55,616.19,216.94,high
cam12__frame_00004.jpg,6,607.81,217.54,615.89,222.92,high
cam12__frame_00004.jpg,7,607.81,223.22,615.89,228.61,high
cam12__frame_00004.jpg,8,607.21,229.21,615.29,234.59,high
cam12__frame_00004.jpg,9,607.81,234.89,615.89,240.28,high
cam12__frame_00004.jpg,10,562.8,187.08,609.75,207.89,low
cam12__frame_00004.jpg,11,559.62,195.16,608.86,217.2,low
cam12__frame_00004.jpg,12,557.83,203.53,607.25,225.64,low
cam12__frame_00004.jpg,13,555.73,212.21,605.44,234.39,low
cam12__frame_00004.jpg,14,554.38,220.81,604.09,242.99,low
cam12__frame_00004.jpg,15,555.31,229.48,604.1,248.63,low
cam12__frame_00004.jpg,16,533.03,160.58,574.34,185.34,medium
cam12__frame_00004.jpg,17,530.7,169.38,566.99,191.92,medium
cam12__frame_00004.jpg,18,530.07,179.38,563.58,200.68,medium
cam12__frame_00004.jpg,19,529.02,189.39,561.29,209.77,medium
cam12__frame_00004.jpg,20,527.82,197.61,558.9,217.11,medium
cam12__frame_00004.jpg,21,528.09,206.46,559.49,226.2,medium
cam12__frame_00004.jpg,22,484.48,163.69,530.67,191.43,low
cam12__frame_00004.jpg,23,481.86,169.81,527.62,196.65,medium
cam12__frame_00004.jpg,24,479.93,175.9,525.14,201.62,medium
cam12__frame_00004.jpg,25,479.49,181.27,524.71,207.02,medium
cam12__frame_00004.jpg,26,477.56,186.1,522.78,211.85,medium
cam12__frame_00004.jpg,27,471.65,184.77,479.59,192.7,high
cam12__frame_00004.jpg,28,465.59,182.6,471.36,193.71,high
cam12__frame_00004.jpg,29,452.6,175.25,458.66,182.6,high
cam12__frame_00004.jpg,30,445.39,174.09,452.32,182.6,high
cam12__frame_00004.jpg,31,587.4,349.7,632.2,389.89,low
cam12__frame_00004.jpg,32,564.86,345.27,609.74,362.15,medium
cam12__frame_00004.jpg,33,565.03,328.45,609.9,345.33,medium
cam12__frame_00004.jpg,34,564.5,312.4,609.37,329.28,low
cam12__frame_00004.jpg,35,553.58,272.99,600.54,322.37,low
cam12__frame_00004.jpg,36,547.12,277.08,559.94,295.1,high
cam12__frame_00004.jpg,37,532.79,292.79,558.3,318.3,high
cam12__frame_00004.jpg,38,520.93,259.17,543.04,271.13,high
cam12__frame_00004.jpg,39,512.75,272.73,530.76,290.66,medium
cam12__frame_00004.jpg,40,510.72,283.27,529.62,302.1,medium
cam12__frame_00004.jpg,41,509.8,295.23,529.49,314.83,medium
cam12__frame_00004.jpg,42,507.16,283.7,514.91,298.06,high
cam12__frame_00004.jpg,43,471.91,201.32,491.16,211.53,medium
cam12__frame_00004.jpg,44,472.05,210.12,491.45,221.48,medium
cam12__frame_00004.jpg,45,471.69,220.42,490.96,231.11,medium
cam12__frame_00004.jpg,46,472.17,230.2,490.72,241.17,medium
cam12__frame_00004.jpg,47,484.46,241.17,489.15,274.25,medium
cam12__frame_00004.jpg,48,479.2,241.16,483.89,274.24,medium
cam12__frame_00004.jpg,49,465.1,240.71,479.2,273.79,medium
cam12__frame_00004.jpg,50,464.1,226.18,470.55,236.8,high
cam12__frame_00004.jpg,51,465.0,214.78,471.55,225.9,high
cam12__frame_00004.jpg,52,465.0,205.4,471.27,214.6,high
cam12__frame_00004.jpg,53,465.91,196.25,471.5,205.19,high
cam12__frame_00004.jpg,54,440.34,199.86,457.69,211.75,low
cam12__frame_00004.jpg,55,438.6,213.93,456.23,221.1,medium
cam12__frame_00004.jpg,56,438.26,221.29,455.9,228.46,medium
cam12__frame_00004.jpg,57,437.59,228.0,455.23,235.17,medium
cam12__frame_00004.jpg,58,437.37,234.92,455.0,242.1,medium
cam12__frame_00004.jpg,59,437.14,241.85,454.78,249.03,medium
cam12__frame_00004.jpg,60,437.14,246.32,454.78,253.5,high
cam12__frame_00004.jpg,61,424.73,178.42,439.92,189.27,low
cam12__frame_00004.jpg,62,424.39,189.44,441.59,196.12,medium
cam12__frame_00004.jpg,63,423.81,196.28,441.0,202.96,medium
cam12__frame_00004.jpg,64,422.47,202.96,439.67,209.64,high
cam12__frame_00004.jpg,65,427.2,207.62,439.07,213.56,medium
cam12__frame_00004.jpg,66,426.15,213.18,438.02,219.13,medium
cam12__frame_00004.jpg,67,422.3,208.63,426.98,215.31,high
cam12__frame_00004.jpg,68,422.23,215.26,426.91,221.94,high
cam12__frame_00004.jpg,69,426.15,219.13,438.02,225.08,medium
cam12__frame_00004.jpg,70,425.63,224.3,437.51,230.25,medium
cam12__frame_00004.jpg,71,425.63,229.89,437.5,235.84,medium
cam12__frame_00004.jpg,72,425.49,236.24,437.36,242.19,medium
cam12__frame_00004.jpg,73,427.1,241.58,436.78,246.9,high
cam12__frame_00004.jpg,74,407.53,173.94,416.13,183.84,high
cam12__frame_00004.jpg,75,412.1,183.93,420.33,203.01,high
cam12__frame_00004.jpg,76,414.47,204.26,420.08,213.86,high
cam12__frame_00004.jpg,77,416.34,213.61,420.96,219.72,high
cam12__frame_00004.jpg,78,396.2,179.2,405.83,187.44,medium
cam12__frame_00004.jpg,79,396.13,187.64,406.13,195.14,medium
cam12__frame_00004.jpg,80,395.41,193.97,410.09,210.44,low
cam12__frame_00004.jpg,81,391.03,206.88,403.37,214.36,high
cam12__frame_00004.jpg,82,397.26,211.37,413.35,221.34,low
cam12__frame_00004.jpg,83,379.4,175.64,394.33,184.8,medium
cam12__frame_00004.jpg,84,379.67,184.76,394.6,193.92,medium
cam12__frame_00004.jpg,85,379.37,193.86,394.3,203.02,medium
cam12__frame_00004.jpg,86,379.17,202.86,394.1,211.1,medium
cam12__frame_00004.jpg,87,368.28,167.46,377.72,174.32,medium
cam12__frame_00004.jpg,88,368.03,174.35,377.48,181.22,medium
cam12__frame_00004.jpg,89,368.61,181.18,378.06,188.04,medium
cam12__frame_00004.jpg,90,368.61,186.27,378.06,193.13,high
cam12__frame_00004.jpg,91,359.04,160.56,368.69,189.71,medium
cam12__frame_00004.jpg,92,350.61,166.57,358.98,187.5,medium
cam12__frame_00004.jpg,93,600.3,480.83,637.63,574.68,low
cam12__frame_00004.jpg,94,566.2,396.58,604.41,534.45,low
cam12__frame_00004.jpg,95,570.82,392.41,576.93,406.2,high
cam12__frame_00004.jpg,96,567.33,403.24,576.76,416.33,high
cam12__frame_00004.jpg,97,562.9,418.4,574.65,432.62,high
cam12__frame_00004.jpg,98,557.45,421.7,567.14,435.45,high
cam12__frame_00004.jpg,99,560.1,437.9,571.85,449.1,high
cam12__frame_00004.jpg,100,548.65,421.91,558.08,437.8,high
cam12__frame_00004.jpg,101,553.08,438.0,562.77,448.27,high
cam12__frame_00004.jpg,102,551.8,448.89,561.2,462.95,high
cam12__frame_00004.jpg,103,560.5,449.6,567.15,465.73,high
cam12__frame_00004.jpg,104,558.7,465.45,566.52,481.7,high
cam12__frame_00004.jpg,105,551.45,462.93,558.43,474.63,high
cam12__frame_00004.jpg,106,532.05,396.21,563.14,418.9,high
cam12__frame_00004.jpg,107,527.7,414.02,553.14,436.54,high
cam12__frame_00004.jpg,108,520.12,426.85,549.85,451.71,high
cam12__frame_00004.jpg,109,505.5,356.1,552.3,434.31,medium
cam12__frame_00004.jpg,110,491.31,341.15,509.0,398.01,medium
cam12__frame_00004.jpg,111,472.45,354.61,501.36,382.83,medium
cam12__frame_00004.jpg,112,481.64,331.5,494.45,354.35,medium
cam12__frame_00004.jpg,113,463.92,307.01,479.85,338.86,medium
cam12__frame_00004.jpg,114,461.84,338.81,480.88,368.92,medium
cam12__frame_00004.jpg,115,454.29,270.09,464.67,321.33,high
cam12__frame_00004.jpg,116,412.32,267.92,460.81,335.0,low
cam12__frame_00004.jpg,117,438.02,264.86,454.29,274.94,high
cam12__frame_00004.jpg,118,440.44,275.28,452.91,287.37,high
cam12__frame_00004.jpg,119,424.17,252.06,438.37,272.83,high
cam12__frame_00004.jpg,120,406.62,234.76,410.03,241.68,medium
cam12__frame_00004.jpg,121,403.3,234.7,406.57,241.63,medium
cam12__frame_00004.jpg,122,399.64,234.54,402.9,241.46,medium
cam12__frame_00004.jpg,123,397.0,232.96,399.48,240.47,high
cam12__frame_00004.jpg,124,406.82,241.71,410.23,248.64,medium
cam12__frame_00004.jpg,125,403.15,242.05,406.56,248.97,medium
cam12__frame_00004.jpg,126,399.65,241.71,403.06,248.64,medium
cam12__frame_00004.jpg,127,396.58,240.72,399.07,248.23,high
cam12__frame_00004.jpg,128,406.86,248.85,410.54,253.36,high
cam12__frame_00004.jpg,129,403.02,248.85,406.86,254.19,high
cam12__frame_00004.jpg,130,399.18,248.52,402.69,253.86,high
cam12__frame_00004.jpg,131,396.58,248.07,399.07,255.58,high
cam12__frame_00004.jpg,132,406.75,253.31,410.17,262.1,medium
cam12__frame_00004.jpg,133,403.58,254.6,406.99,262.8,medium
cam12__frame_00004.jpg,134,399.4,254.17,402.81,261.09,medium
cam12__frame_00004.jpg,135,394.83,257.92,398.09,264.84,medium
cam12__frame_00004.jpg,136,394.64,264.48,397.9,271.41,medium
cam12__frame_00004.jpg,137,387.05,245.71,391.15,254.33,medium
cam12__frame_00004.jpg,138,385.97,253.69,389.53,262.31,medium
cam12__frame_00004.jpg,139,382.96,245.28,387.05,253.04,medium
cam12__frame_00004.jpg,140,382.0,252.8,386.08,259.72,medium
cam12__frame_00004.jpg,141,358.15,208.13,377.28,262.98,low
cam12__frame_00004.jpg,142,349.46,199.63,358.35,232.66,medium
cam12__frame_00004.jpg,143,339.22,193.64,348.3,219.91,medium
cam12__frame_00004.jpg,144,558.5,593.3,615.53,639.54,high
cam12__frame_00004.jpg,145,565.73,571.64,584.17,594.47,high
cam12__frame_00004.jpg,146,560.03,540.48,598.32,571.47,high
cam12__frame_00004.jpg,147,471.71,397.89,500.35,426.54,medium
cam12__frame_00004.jpg,148,441.77,371.11,456.8,397.97,medium
cam12__frame_00004.jpg,149,434.79,362.11,444.63,391.62,medium
cam12__frame_00004.jpg,150,426.53,352.66,439.12,377.06,medium
cam12__frame_00004.jpg,151,416.37,346.09,428.97,370.49,medium
cam12__frame_00004.jpg,152,404.58,310.2,416.21,352.09,high
cam12__frame_00004.jpg,153,375.74,280.34,389.86,304.95,high
cam12__frame_00004.jpg,154,16.32,220.37,33.01,270.88,low
cam12__frame_00004.jpg,155,19.1,205.54,26.52,219.91,high
cam12__frame_00004.jpg,156,25.71,206.06,34.39,219.82,high
cam12__frame_00004.jpg,157,34.62,201.2,51.5,228.82,medium
cam12__frame_00004.jpg,158,32.59,228.5,52.9,254.5,medium
cam12__frame_00004.jpg,159,52.78,202.7,65.08,216.9,low
cam12__frame_00004.jpg,160,52.78,217.47,70.94,253.04,low
cam12__frame_00004.jpg,161,73.76,185.18,86.37,222.15,medium
cam12__frame_00004.jpg,162,77.35,171.89,94.67,185.06,medium
cam12__frame_00004.jpg,163,86.8,184.57,99.41,221.54,medium
cam12__frame_00004.jpg,164,103.68,175.48,113.85,204.8,medium
cam12__frame_00004.jpg,165,122.5,188.95,133.87,203.01,low
cam12__frame_00004.jpg,166,129.98,168.9,144.34,199.42,medium
cam12__frame_00004.jpg,167,162.05,155.0,171.03,179.19,medium
cam12__frame_00004.jpg,168,0.0,381.08,10.5,459.88,high
cam12__frame_00004.jpg,169,5.76,338.6,19.18,364.1,medium
cam12__frame_00004.jpg,170,11.13,364.91,22.94,389.34,medium
cam12__frame_00004.jpg,171,23.48,362.0,39.85,391.49,low
cam12__frame_00004.jpg,172,16.72,334.99,35.83,355.03,high
cam12__frame_00004.jpg,173,16.34,312.35,37.87,335.54,medium
cam12__frame_00004.jpg,174,34.71,334.62,49.56,357.63,medium
cam12__frame_00004.jpg,175,34.16,357.26,49.0,380.27,high
cam12__frame_00004.jpg,176,50.6,358.77,77.1,389.08,low
cam12__frame_00004.jpg,177,49.64,337.12,81.39,360.69,medium
cam12__frame_00004.jpg,178,58.28,295.84,74.05,332.39,high
cam12__frame_00004.jpg,179,40.42,277.97,65.75,302.38,high
cam12__frame_00004.jpg,180,76.46,320.33,85.2,339.4,high
cam12__frame_00004.jpg,181,74.24,288.42,85.18,319.96,high
cam12__frame_00004.jpg,182,73.0,255.38,86.44,286.15,medium
cam12__frame_00004.jpg,183,87.25,247.07,98.65,263.16,high
cam12__frame_00004.jpg,184,87.99,262.36,108.94,294.16,medium
cam12__frame_00004.jpg,185,86.44,294.68,103.77,309.94,low
cam12__frame_00004.jpg,186,86.96,308.64,104.8,316.66,low
cam12__frame_00004.jpg,187,87.74,316.4,104.54,325.2,high
cam12__frame_00004.jpg,188,98.65,240.14,109.16,261.15,high
cam12__frame_00004.jpg,189,110.27,251.76,117.87,292.66,high
cam12__frame_00004.jpg,190,109.38,222.04,117.65,251.32,high
cam12__frame_00004.jpg,191,119.88,222.49,132.62,256.9,medium
cam12__frame_00004.jpg,192,120.33,256.68,132.85,271.65,medium
cam12__frame_00004.jpg,193,133.43,202.91,145.3,214.29,high
cam12__frame_00004.jpg,194,128.51,215.84,147.91,226.7,high
cam12__frame_00004.jpg,195,132.39,226.7,149.46,255.92,medium
cam12__frame_00004.jpg,196,150.49,220.75,158.25,259.02,high
cam12__frame_00004.jpg,197,158.77,193.6,167.56,233.42,medium
cam12__frame_00004.jpg,198,176.76,179.81,195.11,200.58,medium
cam12__frame_00004.jpg,199,0.0,597.27,23.23,638.98,high
cam12__frame_00004.jpg,200,0.0,537.96,35.74,572.71,medium
cam12__frame_00004.jpg,201,0.98,499.0,21.84,539.34,high
cam12__frame_00004.jpg,202,14.39,487.81,40.06,542.3,medium
cam12__frame_00004.jpg,203,26.63,478.74,52.31,533.23,low
cam12__frame_00004.jpg,204,19.98,474.0,33.89,487.44,high
cam12__frame_00004.jpg,205,47.79,460.1,69.57,492.08,low
cam12__frame_00004.jpg,206,33.44,449.9,48.27,478.66,medium
cam12__frame_00004.jpg,207,46.86,433.2,61.69,461.95,medium
cam12__frame_00004.jpg,208,70.5,416.54,84.4,448.51,medium
cam12__frame_00004.jpg,209,64.94,398.46,76.52,418.39,high
cam12__frame_00004.jpg,210,82.55,391.51,91.81,424.88,medium
cam12__frame_00004.jpg,211,84.4,381.78,100.16,410.51,medium
cam12__frame_00004.jpg,212,80.69,363.71,96.45,379.0,medium
cam12__frame_00004.jpg,213,103.89,345.64,113.15,379.01,medium
cam12__frame_00004.jpg,214,90.01,347.95,102.98,360.46,high
cam12__frame_00004.jpg,215,109.45,326.18,118.72,359.55,high
cam12__frame_00004.jpg,216,123.35,307.64,132.62,341.01,medium
cam12__frame_00004.jpg,217,133.57,289.09,153.03,326.63,medium
cam12__frame_00004.jpg,218,139.08,280.29,160.86,309.49,high
cam12__frame_00004.jpg,219,149.28,266.39,161.33,282.14,high
cam12__frame_00004.jpg,220,158.55,246.0,170.13,275.19,high
cam12__frame_00004.jpg,221,169.21,243.68,186.35,262.68,high
cam12__frame_00004.jpg,222,181.26,220.04,199.79,236.73,high
cam12__frame_00004.jpg,223,38.7,507.8,122.4,640.0,low
cam12__frame_00004.jpg,224,112.18,606.0,169.55,640.0,low
cam12__frame_00004.jpg,225,124.43,583.9,175.0,605.53,medium
cam12__frame_00004.jpg,226,195.7,476.44,266.15,639.51,low
cam12__frame_00004.jpg,227,273.04,540.0,308.02,632.6,low
cam12__frame_00004.jpg,228,288.83,566.09,324.74,640.0,medium
cam12__frame_00004.jpg,229,270.09,606.93,297.67,640.0,high
cam12__frame_00004.jpg,230,317.87,590.48,351.63,640.0,medium
cam12__frame_00004.jpg,231,345.46,582.8,429.69,640.0,medium
cam12__frame_00004.jpg,232,484.31,418.02,575.96,537.77,low
cam12__frame_00004.jpg,233,446.86,417.05,541.58,538.78,low
cam12__frame_00004.jpg,234,317.87,434.6,421.8,587.77,low
cam12__frame_00004.jpg,235,121.19,480.02,205.59,598.06,low
cam12__frame_00004.jpg,236,69.2,465.17,139.72,524.52,medium
cam12__frame_00004.jpg,237,100.94,445.12,150.4,468.2,medium
cam12__frame_00004.jpg,238,109.51,415.44,157.66,445.78,medium
cam12__frame_00004.jpg,239,118.09,396.32,159.63,420.06,medium
cam12__frame_00004.jpg,240,126.0,371.26,162.93,398.95,medium
cam12__frame_00004.jpg,241,137.93,357.42,173.26,376.8,medium
cam12__frame_00004.jpg,242,141.35,340.32,176.69,359.7,medium
cam12__frame_00004.jpg,243,145.34,328.4,180.67,343.17,medium
cam12__frame_00004.jpg,244,159.69,311.05,180.91,327.87,high
cam12__frame_00004.jpg,245,182.8,255.89,232.5,344.81,low
cam12__frame_00004.jpg,246,178.96,344.88,224.56,396.75,medium
cam12__frame_00004.jpg,247,163.58,391.62,198.34,446.9,medium
cam12__frame_00004.jpg,248,198.34,392.76,234.25,458.3,medium
cam12__frame_00004.jpg,249,172.12,448.04,202.9,510.74,high
cam12__frame_00004.jpg,250,237.67,364.8,328.87,553.49,low
cam12__frame_00004.jpg,251,228.18,378.74,260.22,392.75,medium
cam12__frame_00004.jpg,252,226.99,364.51,259.04,378.53,medium
cam12__frame_00004.jpg,253,227.38,331.07,260.62,366.72,low
cam12__frame_00004.jpg,254,263.42,348.3,277.44,365.52,high
cam12__frame_00004.jpg,255,261.42,319.46,279.04,347.89,low
cam12__frame_00004.jpg,256,231.3,268.71,258.54,326.79,medium
cam12__frame_00004.jpg,257,257.11,293.03,276.52,320.95,high
cam12__frame_00004.jpg,258,255.75,277.71,277.88,293.71,high
cam12__frame_00004.jpg,259,247.23,262.08,278.22,277.71,medium
cam12__frame_00004.jpg,260,243.5,230.72,273.11,262.08,low
cam12__frame_00004.jpg,261,217.85,244.68,244.51,268.91,high
cam12__frame_00004.jpg,262,198.82,229.8,214.05,241.22,high
cam12__frame_00004.jpg,263,216.82,222.18,232.74,246.41,medium
cam12__frame_00004.jpg,264,234.12,221.14,248.32,245.03,medium
cam12__frame_00004.jpg,265,218.89,189.3,251.43,220.8,medium
cam12__frame_00004.jpg,266,252.73,201.9,275.16,225.93,medium
cam12__frame_00004.jpg,267,273.96,199.9,300.79,225.53,medium
cam12__frame_00004.jpg,268,300.4,202.72,324.73,229.32,medium
cam12__frame_00004.jpg,269,325.11,173.67,334.54,197.62,medium
cam12__frame_00004.jpg,270,324.92,198.0,334.92,228.56,medium
cam12__frame_00004.jpg,271,303.01,228.07,339.71,244.68,medium
cam12__frame_00004.jpg,272,276.01,223.91,298.17,272.38,medium
cam12__frame_00004.jpg,273,283.0,246.22,308.28,301.84,medium
cam12__frame_00004.jpg,274,330.71,256.45,372.25,278.26,high
cam12__frame_00004.jpg,275,333.82,268.57,375.36,305.61,medium
cam12__frame_00004.jpg,276,293.74,268.96,332.3,364.94,medium
cam12__frame_00004.jpg,277,340.32,305.04,399.2,349.5,medium
cam12__frame_00004.jpg,278,307.48,318.66,366.36,437.21,low
cam12__frame_00004.jpg,279,369.56,393.16,421.23,417.99,high
cam12__frame_00004.jpg,280,378.38,402.0,438.86,430.0,medium
cam12__frame_00004.jpg,281,427.2,397.2,466.89,426.0,medium
cam12__frame_00004.jpg,282,440.63,590.42,496.0,640.0,medium
cam12__frame_00004.jpg,283,497.88,592.29,537.3,640.0,medium
cam12__frame_00005.jpg,0,609.2,238.66,640.0,271.89,medium
cam12__frame_00005.jpg,1,573.59,173.19,618.82,194.01,low
cam12__frame_00005.jpg,2,572.05,181.52,617.27,202.34,low
cam12__frame_00005.jpg,3,608.86,200.79,616.94,206.18,high
cam12__frame_00005.jpg,4,608.41,205.87,616.49,211.26,high
cam12__frame_00005.jpg,5,608.11,211.55,616.19,216.94,high
cam12__frame_00005.jpg,6,607.81,217.54,615.89,222.92,high
cam12__frame_00005.jpg,7,607.81,223.22,615.89,228.61,high
cam12__frame_00005.jpg,8,607.21,229.21,615.29,234.59,high
cam12__frame_00005.jpg,9,607.81,234.89,615.89,240.28,high
cam12__frame_00005.jpg,10,562.8,187.08,609.75,207.89,low
cam12__frame_00005.jpg,11,559.62,195.16,608.86,217.2,low
cam12__frame_00005.jpg,12,557.83,203.53,607.25,225.64,low
cam12__frame_00005.jpg,13,555.73,212.21,605.44,234.39,low
cam12__frame_00005.jpg,14,554.38,220.81,604.09,242.99,low
cam12__frame_00005.jpg,15,555.31,229.48,604.1,248.63,low
cam12__frame_00005.jpg,16,533.03,160.58,574.34,185.34,medium
cam12__frame_00005.jpg,17,530.7,169.38,566.99,191.92,medium
cam12__frame_00005.jpg,18,530.07,179.38,563.58,200.68,medium
cam12__frame_00005.jpg,19,529.02,189.39,561.29,209.77,medium
cam12__frame_00005.jpg,20,527.82,197.61,558.9,217.11,medium
cam12__frame_00005.jpg,21,528.09,206.46,559.49,226.2,medium
cam12__frame_00005.jpg,22,484.48,163.69,530.67,191.43,low
cam12__frame_00005.jpg,23,481.86,169.81,527.62,196.65,medium
cam12__frame_00005.jpg,24,479.93,175.9,525.14,201.62,medium
cam12__frame_00005.jpg,25,479.49,181.27,524.71,207.02,medium
cam12__frame_00005.jpg,26,477.56,186.1,522.78,211.85,medium
cam12__frame_00005.jpg,27,471.65,184.77,479.59,192.7,high
cam12__frame_00005.jpg,28,465.59,182.6,471.36,193.71,high
cam12__frame_00005.jpg,29,452.6,175.25,458.66,182.6,high
cam12__frame_00005.jpg,30,445.39,174.09,452.32,182.6,high
cam12__frame_00005.jpg,31,587.4,349.7,632.2,389.89,low
cam12__frame_00005.jpg,32,564.86,345.27,609.74,362.15,medium
cam12__frame_00005.jpg,33,565.03,328.45,609.9,345.33,medium
cam12__frame_00005.jpg,34,564.5,312.4,609.37,329.28,low
cam12__frame_00005.jpg,35,553.58,272.99,600.54,322.37,low
cam12__frame_00005.jpg,36,547.12,277.08,559.94,295.1,high
cam12__frame_00005.jpg,37,532.79,292.79,558.3,318.3,high
cam12__frame_00005.jpg,38,520.93,259.17,543.04,271.13,high
cam12__frame_00005.jpg,39,512.75,272.73,530.76,290.66,medium
cam12__frame_00005.jpg,40,510.72,283.27,529.62,302.1,medium
cam12__frame_00005.jpg,41,509.8,295.23,529.49,314.83,medium
cam12__frame_00005.jpg,42,507.16,283.7,514.91,298.06,high
cam12__frame_00005.jpg,43,471.91,201.32,491.16,211.53,medium
cam12__frame_00005.jpg,44,472.05,210.12,491.45,221.48,medium
cam12__frame_00005.jpg,45,471.69,220.42,490.96,231.11,medium
cam12__frame_00005.jpg,46,472.17,230.2,490.72,241.17,medium
cam12__frame_00005.jpg,47,484.46,241.17,489.15,274.25,medium
cam12__frame_00005.jpg,48,479.2,241.16,483.89,274.24,medium
cam12__frame_00005.jpg,49,465.1,240.71,479.2,273.79,medium
cam12__frame_00005.jpg,50,464.1,226.18,470.55,236.8,high
cam12__frame_00005.jpg,51,465.0,214.78,471.55,225.9,high
cam12__frame_00005.jpg,52,465.0,205.4,471.27,214.6,high
cam12__frame_00005.jpg,53,465.91,196.25,471.5,205.19,high
cam12__frame_00005.jpg,54,440.34,199.86,457.69,211.75,low
cam12__frame_00005.jpg,55,438.6,213.93,456.23,221.1,medium
cam12__frame_00005.jpg,56,438.26,221.29,455.9,228.46,medium
cam12__frame_00005.jpg,57,437.59,228.0,455.23,235.17,medium
cam12__frame_00005.jpg,58,437.37,234.92,455.0,242.1,medium
cam12__frame_00005.jpg,59,437.14,241.85,454.78,249.03,medium
cam12__frame_00005.jpg,60,437.14,246.32,454.78,253.5,high
cam12__frame_00005.jpg,61,424.73,178.42,439.92,189.27,low
cam12__frame_00005.jpg,62,424.39,189.44,441.59,196.12,medium
cam12__frame_00005.jpg,63,423.81,196.28,441.0,202.96,medium
cam12__frame_00005.jpg,64,422.47,202.96,439.67,209.64,high
cam12__frame_00005.jpg,65,427.2,207.62,439.07,213.56,medium
cam12__frame_00005.jpg,66,426.15,213.18,438.02,219.13,medium
cam12__frame_00005.jpg,67,422.3,208.63,426.98,215.31,high
cam12__frame_00005.jpg,68,422.23,215.26,426.91,221.94,high
cam12__frame_00005.jpg,69,426.15,219.13,438.02,225.08,medium
cam12__frame_00005.jpg,70,425.63,224.3,437.51,230.25,medium
cam12__frame_00005.jpg,71,425.63,229.89,437.5,235.84,medium
cam12__frame_00005.jpg,72,425.49,236.24,437.36,242.19,medium
cam12__frame_00005.jpg,73,427.1,241.58,436.78,246.9,high
cam12__frame_00005.jpg,74,407.53,173.94,416.13,183.84,high
cam12__frame_00005.jpg,75,412.1,183.93,420.33,203.01,high
cam12__frame_00005.jpg,76,414.47,204.26,420.08,213.86,high
cam12__frame_00005.jpg,77,416.34,213.61,420.96,219.72,high
cam12__frame_00005.jpg,78,396.2,179.2,405.83,187.44,medium
cam12__frame_00005.jpg,79,396.13,187.64,406.13,195.14,medium
cam12__frame_00005.jpg,80,395.41,193.97,410.09,210.44,low
cam12__frame_00005.jpg,81,391.03,206.88,403.37,214.36,high
cam12__frame_00005.jpg,82,397.26,211.37,413.35,221.34,low
cam12__frame_00005.jpg,83,379.4,175.64,394.33,184.8,medium
cam12__frame_00005.jpg,84,379.67,184.76,394.6,193.92,medium
cam12__frame_00005.jpg,85,379.37,193.86,394.3,203.02,medium
cam12__frame_00005.jpg,86,379.17,202.86,394.1,211.1,medium
cam12__frame_00005.jpg,87,368.28,167.46,377.72,174.32,medium
cam12__frame_00005.jpg,88,368.03,174.35,377.48,181.22,medium
cam12__frame_00005.jpg,89,368.61,181.18,378.06,188.04,medium
cam12__frame_00005.jpg,90,368.61,186.27,378.06,193.13,high
cam12__frame_00005.jpg,91,359.04,160.56,368.69,189.71,medium
cam12__frame_00005.jpg,92,350.61,166.57,358.98,187.5,medium
cam12__frame_00005.jpg,93,600.3,480.83,637.63,574.68,low
cam12__frame_00005.jpg,94,566.2,396.58,604.41,534.45,low
cam12__frame_00005.jpg,95,570.82,392.41,576.93,406.2,high
cam12__frame_00005.jpg,96,567.33,403.24,576.76,416.33,high
cam12__frame_00005.jpg,97,562.9,418.4,574.65,432.62,high
cam12__frame_00005.jpg,98,557.45,421.7,567.14,435.45,high
cam12__frame_00005.jpg,99,560.1,437.9,571.85,449.1,high
cam12__frame_00005.jpg,100,548.65,421.91,558.08,437.8,high
cam12__frame_00005.jpg,101,553.08,438.0,562.77,448.27,high
cam12__frame_00005.jpg,102,551.8,448.89,561.2,462.95,high
cam12__frame_00005.jpg,103,560.5,449.6,567.15,465.73,high
cam12__frame_00005.jpg,104,558.7,465.45,566.52,481.7,high
cam12__frame_00005.jpg,105,551.45,462.93,558.43,474.63,high
cam12__frame_00005.jpg,106,532.05,396.21,563.14,418.9,high
cam12__frame_00005.jpg,107,527.7,414.02,553.14,436.54,high
cam12__frame_00005.jpg,108,520.12,426.85,549.85,451.71,high
cam12__frame_00005.jpg,109,505.5,356.1,552.3,434.31,medium
cam12__frame_00005.jpg,110,491.31,341.15,509.0,398.01,medium
cam12__frame_00005.jpg,111,472.45,354.61,501.36,382.83,medium
cam12__frame_00005.jpg,112,481.64,331.5,494.45,354.35,medium
cam12__frame_00005.jpg,113,463.92,307.01,479.85,338.86,medium
cam12__frame_00005.jpg,114,461.84,338.81,480.88,368.92,medium
cam12__frame_00005.jpg,115,454.29,270.09,464.67,321.33,high
cam12__frame_00005.jpg,116,412.32,267.92,460.81,335.0,low
cam12__frame_00005.jpg,117,438.02,264.86,454.29,274.94,high
cam12__frame_00005.jpg,118,440.44,275.28,452.91,287.37,high
cam12__frame_00005.jpg,119,424.17,252.06,438.37,272.83,high
cam12__frame_00005.jpg,120,406.62,234.76,410.03,241.68,medium
cam12__frame_00005.jpg,121,403.3,234.7,406.57,241.63,medium
cam12__frame_00005.jpg,122,399.64,234.54,402.9,241.46,medium
cam12__frame_00005.jpg,123,397.0,232.96,399.48,240.47,high
cam12__frame_00005.jpg,124,406.82,241.71,410.23,248.64,medium
cam12__frame_00005.jpg,125,403.15,242.05,406.56,248.97,medium
cam12__frame_00005.jpg,126,399.65,241.71,403.06,248.64,medium
cam12__frame_00005.jpg,127,396.58,240.72,399.07,248.23,high
cam12__frame_00005.jpg,128,406.86,248.85,410.54,253.36,high
cam12__frame_00005.jpg,129,403.02,248.85,406.86,254.19,high
cam12__frame_00005.jpg,130,399.18,248.52,402.69,253.86,high
cam12__frame_00005.jpg,131,396.58,248.07,399.07,255.58,high
cam12__frame_00005.jpg,132,406.75,253.31,410.17,262.1,medium
cam12__frame_00005.jpg,133,403.58,254.6,406.99,262.8,medium
cam12__frame_00005.jpg,134,399.4,254.17,402.81,261.09,medium
cam12__frame_00005.jpg,135,394.83,257.92,398.09,264.84,medium
cam12__frame_00005.jpg,136,394.64,264.48,397.9,271.41,medium
cam12__frame_00005.jpg,137,387.05,245.71,391.15,254.33,medium
cam12__frame_00005.jpg,138,385.97,253.69,389.53,262.31,medium
cam12__frame_00005.jpg,139,382.96,245.28,387.05,253.04,medium
cam12__frame_00005.jpg,140,382.0,252.8,386.08,259.72,medium
cam12__frame_00005.jpg,141,358.15,208.13,377.28,262.98,low
cam12__frame_00005.jpg,142,349.46,199.63,358.35,232.66,medium
cam12__frame_00005.jpg,143,339.22,193.64,348.3,219.91,medium
cam12__frame_00005.jpg,144,558.5,593.3,615.53,639.54,high
cam12__frame_00005.jpg,145,565.73,571.64,584.17,594.47,high
cam12__frame_00005.jpg,146,560.03,540.48,598.32,571.47,high
cam12__frame_00005.jpg,147,471.71,397.89,500.35,426.54,medium
cam12__frame_00005.jpg,148,441.77,371.11,456.8,397.97,medium
cam12__frame_00005.jpg,149,434.79,362.11,444.63,391.62,medium
cam12__frame_00005.jpg,150,426.53,352.66,439.12,377.06,medium
cam12__frame_00005.jpg,151,416.37,346.09,428.97,370.49,medium
cam12__frame_00005.jpg,152,404.58,310.2,416.21,352.09,high
cam12__frame_00005.jpg,153,375.74,280.34,389.86,304.95,high
cam12__frame_00005.jpg,154,16.32,220.37,33.01,270.88,low
cam12__frame_00005.jpg,155,19.1,205.54,26.52,219.91,high
cam12__frame_00005.jpg,156,25.71,206.06,34.39,219.82,high
cam12__frame_00005.jpg,157,34.62,201.2,51.5,228.82,medium
cam12__frame_00005.jpg,158,32.59,228.5,52.9,254.5,medium
cam12__frame_00005.jpg,159,52.78,202.7,65.08,216.9,low
cam12__frame_00005.jpg,160,52.78,217.47,70.94,253.04,low
cam12__frame_00005.jpg,161,73.76,185.18,86.37,222.15,medium
cam12__frame_00005.jpg,162,77.35,171.89,94.67,185.06,medium
cam12__frame_00005.jpg,163,86.8,184.57,99.41,221.54,medium
cam12__frame_00005.jpg,164,103.68,175.48,113.85,204.8,medium
cam12__frame_00005.jpg,165,122.5,188.95,133.87,203.01,low
cam12__frame_00005.jpg,166,129.98,168.9,144.34,199.42,medium
cam12__frame_00005.jpg,167,162.05,155.0,171.03,179.19,medium
cam12__frame_00005.jpg,168,0.0,381.08,10.5,459.88,high
cam12__frame_00005.jpg,169,5.76,338.6,19.18,364.1,medium
cam12__frame_00005.jpg,170,11.13,364.91,22.94,389.34,medium
cam12__frame_00005.jpg,171,23.48,362.0,39.85,391.49,low
cam12__frame_00005.jpg,172,16.72,334.99,35.83,355.03,high
cam12__frame_00005.jpg,173,16.34,312.35,37.87,335.54,medium
cam12__frame_00005.jpg,174,34.71,334.62,49.56,357.63,medium
cam12__frame_00005.jpg,175,34.16,357.26,49.0,380.27,high
cam12__frame_00005.jpg,176,50.6,358.77,77.1,389.08,low
cam12__frame_00005.jpg,177,49.64,337.12,81.39,360.69,medium
cam12__frame_00005.jpg,178,58.28,295.84,74.05,332.39,high
cam12__frame_00005.jpg,179,40.42,277.97,65.75,302.38,high
cam12__frame_00005.jpg,180,76.46,320.33,85.2,339.4,high
cam12__frame_00005.jpg,181,74.24,288.42,85.18,319.96,high
cam12__frame_00005.jpg,182,73.0,255.38,86.44,286.15,medium
cam12__frame_00005.jpg,183,87.25,247.07,98.65,263.16,high
cam12__frame_00005.jpg,184,87.99,262.36,108.94,294.16,medium
cam12__frame_00005.jpg,185,86.44,294.68,103.77,309.94,low
cam12__frame_00005.jpg,186,86.96,308.64,104.8,316.66,low
cam12__frame_00005.jpg,187,87.74,316.4,104.54,325.2,high
cam12__frame_00005.jpg,188,98.65,240.14,109.16,261.15,high
cam12__frame_00005.jpg,189,110.27,251.76,117.87,292.66,high
cam12__frame_00005.jpg,190,109.38,222.04,117.65,251.32,high
cam12__frame_00005.jpg,191,119.88,222.49,132.62,256.9,medium
cam12__frame_00005.jpg,192,120.33,256.68,132.85,271.65,medium
cam12__frame_00005.jpg,193,133.43,202.91,145.3,214.29,high
cam12__frame_00005.jpg,194,128.51,215.84,147.91,226.7,high
cam12__frame_00005.jpg,195,132.39,226.7,149.46,255.92,medium
cam12__frame_00005.jpg,196,150.49,220.75,158.25,259.02,high
cam12__frame_00005.jpg,197,158.77,193.6,167.56,233.42,medium
cam12__frame_00005.jpg,198,176.76,179.81,195.11,200.58,medium
cam12__frame_00005.jpg,199,185.76,176.0,201.0,196.43,high
cam12__frame_00005.jpg,200,0.0,597.27,23.23,638.98,high
cam12__frame_00005.jpg,201,0.0,537.96,35.74,572.71,medium
cam12__frame_00005.jpg,202,0.98,499.0,21.84,539.34,high
cam12__frame_00005.jpg,203,14.39,487.81,40.06,542.3,medium
cam12__frame_00005.jpg,204,26.63,478.74,52.31,533.23,low
cam12__frame_00005.jpg,205,19.98,474.0,33.89,487.44,high
cam12__frame_00005.jpg,206,47.79,460.1,69.57,492.08,low
cam12__frame_00005.jpg,207,33.44,449.9,48.27,478.66,medium
cam12__frame_00005.jpg,208,46.86,433.2,61.69,461.95,medium
cam12__frame_00005.jpg,209,70.5,416.54,84.4,448.51,medium
cam12__frame_00005.jpg,210,64.94,398.46,76.52,418.39,high
cam12__frame_00005.jpg,211,82.55,391.51,91.81,424.88,medium
cam12__frame_00005.jpg,212,84.4,381.78,100.16,410.51,medium
cam12__frame_00005.jpg,213,80.69,363.71,96.45,379.0,medium
cam12__frame_00005.jpg,214,103.89,345.64,113.15,379.01,medium
cam12__frame_00005.jpg,215,90.01,347.95,102.98,360.46,high
cam12__frame_00005.jpg,216,109.45,326.18,118.72,359.55,high
cam12__frame_00005.jpg,217,123.35,307.64,132.62,341.01,medium
cam12__frame_00005.jpg,218,133.57,289.09,153.03,326.63,medium
cam12__frame_00005.jpg,219,139.08,280.29,160.86,309.49,high
cam12__frame_00005.jpg,220,149.28,266.39,161.33,282.14,high
cam12__frame_00005.jpg,221,158.55,246.0,170.13,275.19,high
cam12__frame_00005.jpg,222,169.21,243.68,186.35,262.68,high
cam12__frame_00005.jpg,223,181.26,220.04,199.79,236.73,high
cam12__frame_00005.jpg,224,38.7,507.8,122.4,640.0,low
cam12__frame_00005.jpg,225,112.18,606.0,169.55,640.0,low
cam12__frame_00005.jpg,226,124.43,583.9,175.0,605.53,medium
cam12__frame_00005.jpg,227,195.7,476.44,266.15,639.51,low
cam12__frame_00005.jpg,228,273.04,540.0,308.02,632.6,low
cam12__frame_00005.jpg,229,288.83,566.09,324.74,640.0,medium
cam12__frame_00005.jpg,230,270.09,606.93,297.67,640.0,high
cam12__frame_00005.jpg,231,317.87,590.48,351.63,640.0,medium
cam12__frame_00005.jpg,232,345.46,582.8,429.69,640.0,medium
cam12__frame_00005.jpg,233,484.31,418.02,575.96,537.77,low
cam12__frame_00005.jpg,234,446.86,417.05,541.58,538.78,low
cam12__frame_00005.jpg,235,317.87,434.6,421.8,587.77,low
cam12__frame_00005.jpg,236,121.19,480.02,205.59,598.06,low
cam12__frame_00005.jpg,237,69.2,465.17,139.72,524.52,medium
cam12__frame_00005.jpg,238,100.94,445.12,150.4,468.2,medium
cam12__frame_00005.jpg,239,109.51,415.44,157.66,445.78,medium
cam12__frame_00005.jpg,240,118.09,396.32,159.63,420.06,medium
cam12__frame_00005.jpg,241,126.0,371.26,162.93,398.95,medium
cam12__frame_00005.jpg,242,137.93,357.42,173.26,376.8,medium
cam12__frame_00005.jpg,243,141.35,340.32,176.69,359.7,medium
cam12__frame_00005.jpg,244,145.34,328.4,180.67,343.17,medium
cam12__frame_00005.jpg,245,159.69,311.05,180.91,327.87,high
cam12__frame_00005.jpg,246,182.8,255.89,232.5,344.81,low
cam12__frame_00005.jpg,247,178.96,344.88,224.56,396.75,medium
cam12__frame_00005.jpg,248,163.58,391.62,198.34,446.9,medium
cam12__frame_00005.jpg,249,198.34,392.76,234.25,458.3,medium
cam12__frame_00005.jpg,250,172.12,448.04,202.9,510.74,high
cam12__frame_00005.jpg,251,237.67,364.8,328.87,553.49,low
cam12__frame_00005.jpg,252,228.18,378.74,260.22,392.75,medium
cam12__frame_00005.jpg,253,226.99,364.51,259.04,378.53,medium
cam12__frame_00005.jpg,254,227.38,331.07,260.62,366.72,low
cam12__frame_00005.jpg,255,263.42,348.3,277.44,365.52,high
cam12__frame_00005.jpg,256,261.42,319.46,279.04,347.89,low
cam12__frame_00005.jpg,257,231.3,268.71,258.54,326.79,medium
cam12__frame_00005.jpg,258,257.11,293.03,276.52,320.95,high
cam12__frame_00005.jpg,259,255.75,277.71,277.88,293.71,high
cam12__frame_00005.jpg,260,247.23,262.08,278.22,277.71,medium
cam12__frame_00005.jpg,261,243.5,230.72,273.11,262.08,low
cam12__frame_00005.jpg,262,217.85,244.68,244.51,268.91,high
cam12__frame_00005.jpg,263,198.82,229.8,214.05,241.22,high
cam12__frame_00005.jpg,264,216.82,222.18,232.74,246.41,medium
cam12__frame_00005.jpg,265,234.12,221.14,248.32,245.03,medium
cam12__frame_00005.jpg,266,218.89,189.3,251.43,220.8,medium
cam12__frame_00005.jpg,267,252.73,201.9,275.16,225.93,medium
cam12__frame_00005.jpg,268,273.96,199.9,300.79,225.53,medium
cam12__frame_00005.jpg,269,300.4,202.72,324.73,229.32,medium
cam12__frame_00005.jpg,270,325.11,173.67,334.54,197.62,medium
cam12__frame_00005.jpg,271,324.92,198.0,334.92,228.56,medium
cam12__frame_00005.jpg,272,303.01,228.07,339.71,244.68,medium
cam12__frame_00005.jpg,273,276.01,223.91,298.17,272.38,medium
cam12__frame_00005.jpg,274,283.0,246.22,308.28,301.84,medium
cam12__frame_00005.jpg,275,330.71,256.45,372.25,278.26,high
cam12__frame_00005.jpg,276,333.82,268.57,375.36,305.61,medium
cam12__frame_00005.jpg,277,293.74,268.96,332.3,364.94,medium
cam12__frame_00005.jpg,278,340.32,305.04,399.2,349.5,medium
cam12__frame_00005.jpg,279,307.48,318.66,366.36,437.21,low
cam12__frame_00005.jpg,280,369.56,393.16,421.23,417.99,high
cam12__frame_00005.jpg,281,378.38,402.0,438.86,430.0,medium
cam12__frame_00005.jpg,282,427.2,397.2,466.89,426.0,medium
cam12__frame_00005.jpg,283,440.63,590.42,496.0,640.0,medium
cam12__frame_00005.jpg,284,497.88,592.29,537.3,640.0,medium
cam12__frame_00006.jpg,0,609.2,238.66,640.0,271.89,medium
cam12__frame_00006.jpg,1,573.59,173.19,618.82,194.01,low
cam12__frame_00006.jpg,2,572.05,181.52,617.27,202.34,low
cam12__frame_00006.jpg,3,608.86,200.79,616.94,206.18,high
cam12__frame_00006.jpg,4,608.41,205.87,616.49,211.26,high
cam12__frame_00006.jpg,5,608.11,211.55,616.19,216.94,high
cam12__frame_00006.jpg,6,607.81,217.54,615.89,222.92,high
cam12__frame_00006.jpg,7,607.81,223.22,615.89,228.61,high
cam12__frame_00006.jpg,8,607.21,229.21,615.29,234.59,high
cam12__frame_00006.jpg,9,607.81,234.89,615.89,240.28,high
cam12__frame_00006.jpg,10,562.8,187.08,609.75,207.89,low
cam12__frame_00006.jpg,11,559.62,195.16,608.86,217.2,low
cam12__frame_00006.jpg,12,557.83,203.53,607.25,225.64,low
cam12__frame_00006.jpg,13,555.73,212.21,605.44,234.39,low
cam12__frame_00006.jpg,14,554.38,220.81,604.09,242.99,low
cam12__frame_00006.jpg,15,555.31,229.48,604.1,248.63,low
cam12__frame_00006.jpg,16,533.03,160.58,574.34,185.34,medium
cam12__frame_00006.jpg,17,530.7,169.38,566.99,191.92,medium
cam12__frame_00006.jpg,18,530.07,179.38,563.58,200.68,medium
cam12__frame_00006.jpg,19,529.02,189.39,561.29,209.77,medium
cam12__frame_00006.jpg,20,527.82,197.61,558.9,217.11,medium
cam12__frame_00006.jpg,21,528.09,206.46,559.49,226.2,medium
cam12__frame_00006.jpg,22,484.48,163.69,530.67,191.43,low
cam12__frame_00006.jpg,23,481.86,169.81,527.62,196.65,medium
cam12__frame_00006.jpg,24,479.93,175.9,525.14,201.62,medium
cam12__frame_00006.jpg,25,479.49,181.27,524.71,207.02,medium
cam12__frame_00006.jpg,26,477.56,186.1,522.78,211.85,medium
cam12__frame_00006.jpg,27,471.65,184.77,479.59,192.7,high
cam12__frame_00006.jpg,28,465.59,182.6,471.36,193.71,high
cam12__frame_00006.jpg,29,452.6,175.25,458.66,182.6,high
cam12__frame_00006.jpg,30,445.39,174.09,452.32,182.6,high
cam12__frame_00006.jpg,31,587.4,349.7,632.2,389.89,low
cam12__frame_00006.jpg,32,564.86,345.27,609.74,362.15,medium
cam12__frame_00006.jpg,33,565.03,328.45,609.9,345.33,medium
cam12__frame_00006.jpg,34,564.5,312.4,609.37,329.28,low
cam12__frame_00006.jpg,35,553.58,272.99,600.54,322.37,low
cam12__frame_00006.jpg,36,547.12,277.08,559.94,295.1,high
cam12__frame_00006.jpg,37,532.79,292.79,558.3,318.3,high
cam12__frame_00006.jpg,38,520.93,259.17,543.04,271.13,high
cam12__frame_00006.jpg,39,512.75,272.73,530.76,290.66,medium
cam12__frame_00006.jpg,40,510.72,283.27,529.62,302.1,medium
cam12__frame_00006.jpg,41,509.8,295.23,529.49,314.83,medium
cam12__frame_00006.jpg,42,507.16,283.7,514.91,298.06,high
cam12__frame_00006.jpg,43,471.91,201.32,491.16,211.53,medium
cam12__frame_00006.jpg,44,472.05,210.12,491.45,221.48,medium
cam12__frame_00006.jpg,45,471.69,220.42,490.96,231.11,medium
cam12__frame_00006.jpg,46,472.17,230.2,490.72,241.17,medium
cam12__frame_00006.jpg,47,484.46,241.17,489.15,274.25,medium
cam12__frame_00006.jpg,48,479.2,241.16,483.89,274.24,medium
cam12__frame_00006.jpg,49,465.1,240.71,479.2,273.79,medium
cam12__frame_00006.jpg,50,464.1,226.18,470.55,236.8,high
cam12__frame_00006.jpg,51,465.0,214.78,471.55,225.9,high
cam12__frame_00006.jpg,52,465.0,205.4,471.27,214.6,high
cam12__frame_00006.jpg,53,465.91,196.25,471.5,205.19,high
cam12__frame_00006.jpg,54,440.34,199.86,457.69,211.75,low
cam12__frame_00006.jpg,55,438.6,213.93,456.23,221.1,medium
cam12__frame_00006.jpg,56,438.26,221.29,455.9,228.46,medium
cam12__frame_00006.jpg,57,437.59,228.0,455.23,235.17,medium
cam12__frame_00006.jpg,58,437.37,234.92,455.0,242.1,medium
cam12__frame_00006.jpg,59,437.14,241.85,454.78,249.03,medium
cam12__frame_00006.jpg,60,437.14,246.32,454.78,253.5,high
cam12__frame_00006.jpg,61,424.73,178.42,439.92,189.27,low
cam12__frame_00006.jpg,62,424.39,189.44,441.59,196.12,medium
cam12__frame_00006.jpg,63,423.81,196.28,441.0,202.96,medium
cam12__frame_00006.jpg,64,422.47,202.96,439.67,209.64,high
cam12__frame_00006.jpg,65,427.2,207.62,439.07,213.56,medium
cam12__frame_00006.jpg,66,426.15,213.18,438.02,219.13,medium
cam12__frame_00006.jpg,67,422.3,208.63,426.98,215.31,high
cam12__frame_00006.jpg,68,422.23,215.26,426.91,221.94,high
cam12__frame_00006.jpg,69,426.15,219.13,438.02,225.08,medium
cam12__frame_00006.jpg,70,425.63,224.3,437.51,230.25,medium
cam12__frame_00006.jpg,71,425.63,229.89,437.5,235.84,medium
cam12__frame_00006.jpg,72,425.49,236.24,437.36,242.19,medium
cam12__frame_00006.jpg,73,427.1,241.58,436.78,246.9,high
cam12__frame_00006.jpg,74,407.53,173.94,416.13,183.84,high
cam12__frame_00006.jpg,75,412.1,183.93,420.33,203.01,high
cam12__frame_00006.jpg,76,414.47,204.26,420.08,213.86,high
cam12__frame_00006.jpg,77,416.34,213.61,420.96,219.72,high
cam12__frame_00006.jpg,78,396.2,179.2,405.83,187.44,medium
cam12__frame_00006.jpg,79,396.13,187.64,406.13,195.14,medium
cam12__frame_00006.jpg,80,395.41,193.97,410.09,210.44,low
cam12__frame_00006.jpg,81,391.03,206.88,403.37,214.36,high
cam12__frame_00006.jpg,82,397.26,211.37,413.35,221.34,low
cam12__frame_00006.jpg,83,379.4,175.64,394.33,184.8,medium
cam12__frame_00006.jpg,84,379.67,184.76,394.6,193.92,medium
cam12__frame_00006.jpg,85,379.37,193.86,394.3,203.02,medium
cam12__frame_00006.jpg,86,379.17,202.86,394.1,211.1,medium
cam12__frame_00006.jpg,87,368.28,167.46,377.72,174.32,medium
cam12__frame_00006.jpg,88,368.03,174.35,377.48,181.22,medium
cam12__frame_00006.jpg,89,368.61,181.18,378.06,188.04,medium
cam12__frame_00006.jpg,90,368.61,186.27,378.06,193.13,high
cam12__frame_00006.jpg,91,359.04,160.56,368.69,189.71,medium
cam12__frame_00006.jpg,92,350.61,166.57,358.98,187.5,medium
cam12__frame_00006.jpg,93,600.3,480.83,637.63,574.68,low
cam12__frame_00006.jpg,94,566.2,396.58,604.41,534.45,low
cam12__frame_00006.jpg,95,570.82,392.41,576.93,406.2,high
cam12__frame_00006.jpg,96,567.33,403.24,576.76,416.33,high
cam12__frame_00006.jpg,97,562.9,418.4,574.65,432.62,high
cam12__frame_00006.jpg,98,557.45,421.7,567.14,435.45,high
cam12__frame_00006.jpg,99,560.1,437.9,571.85,449.1,high
cam12__frame_00006.jpg,100,548.65,421.91,558.08,437.8,high
cam12__frame_00006.jpg,101,553.08,438.0,562.77,448.27,high
cam12__frame_00006.jpg,102,551.8,448.89,561.2,462.95,high
cam12__frame_00006.jpg,103,560.5,449.6,567.15,465.73,high
cam12__frame_00006.jpg,104,558.7,465.45,566.52,481.7,high
cam12__frame_00006.jpg,105,551.45,462.93,558.43,474.63,high
cam12__frame_00006.jpg,106,532.05,396.21,563.14,418.9,high
cam12__frame_00006.jpg,107,527.7,414.02,553.14,436.54,high
cam12__frame_00006.jpg,108,520.12,426.85,549.85,451.71,high
cam12__frame_00006.jpg,109,505.5,356.1,552.3,434.31,medium
cam12__frame_00006.jpg,110,491.31,341.15,509.0,398.01,medium
cam12__frame_00006.jpg,111,472.45,354.61,501.36,382.83,medium
cam12__frame_00006.jpg,112,481.64,331.5,494.45,354.35,medium
cam12__frame_00006.jpg,113,463.92,307.01,479.85,338.86,medium
cam12__frame_00006.jpg,114,461.84,338.81,480.88,368.92,medium
cam12__frame_00006.jpg,115,454.29,270.09,464.67,321.33,high
cam12__frame_00006.jpg,116,412.32,267.92,460.81,335.0,low
cam12__frame_00006.jpg,117,438.02,264.86,454.29,274.94,high
cam12__frame_00006.jpg,118,440.44,275.28,452.91,287.37,high
cam12__frame_00006.jpg,119,424.17,252.06,438.37,272.83,high
cam12__frame_00006.jpg,120,406.62,234.76,410.03,241.68,medium
cam12__frame_00006.jpg,121,403.3,234.7,406.57,241.63,medium
cam12__frame_00006.jpg,122,399.64,234.54,402.9,241.46,medium
cam12__frame_00006.jpg,123,397.0,232.96,399.48,240.47,high
cam12__frame_00006.jpg,124,406.82,241.71,410.23,248.64,medium
cam12__frame_00006.jpg,125,403.15,242.05,406.56,248.97,medium
cam12__frame_00006.jpg,126,399.65,241.71,403.06,248.64,medium
cam12__frame_00006.jpg,127,396.58,240.72,399.07,248.23,high
cam12__frame_00006.jpg,128,406.86,248.85,410.54,253.36,high
cam12__frame_00006.jpg,129,403.02,248.85,406.86,254.19,high
cam12__frame_00006.jpg,130,399.18,248.52,402.69,253.86,high
cam12__frame_00006.jpg,131,396.58,248.07,399.07,255.58,high
cam12__frame_00006.jpg,132,406.75,253.31,410.17,262.1,medium
cam12__frame_00006.jpg,133,403.58,254.6,406.99,262.8,medium
cam12__frame_00006.jpg,134,399.4,254.17,402.81,261.09,medium
cam12__frame_00006.jpg,135,394.83,257.92,398.09,264.84,medium
cam12__frame_00006.jpg,136,394.64,264.48,397.9,271.41,medium
cam12__frame_00006.jpg,137,387.05,245.71,391.15,254.33,medium
cam12__frame_00006.jpg,138,385.97,253.69,389.53,262.31,medium
cam12__frame_00006.jpg,139,382.96,245.28,387.05,253.04,medium
cam12__frame_00006.jpg,140,382.0,252.8,386.08,259.72,medium
cam12__frame_00006.jpg,141,358.15,208.13,377.28,262.98,low
cam12__frame_00006.jpg,142,349.46,199.63,358.35,232.66,medium
cam12__frame_00006.jpg,143,339.22,193.64,348.3,219.91,medium
cam12__frame_00006.jpg,144,558.5,593.3,615.53,639.54,high
cam12__frame_00006.jpg,145,565.73,571.64,584.17,594.47,high
cam12__frame_00006.jpg,146,560.03,540.48,598.32,571.47,high
cam12__frame_00006.jpg,147,471.71,397.89,500.35,426.54,medium
cam12__frame_00006.jpg,148,441.77,371.11,456.8,397.97,medium
cam12__frame_00006.jpg,149,434.79,362.11,444.63,391.62,medium
cam12__frame_00006.jpg,150,426.53,352.66,439.12,377.06,medium
cam12__frame_00006.jpg,151,416.37,346.09,428.97,370.49,medium
cam12__frame_00006.jpg,152,404.58,310.2,416.21,352.09,high
cam12__frame_00006.jpg,153,375.74,280.34,389.86,304.95,high
cam12__frame_00006.jpg,154,16.32,220.37,33.01,270.88,low
cam12__frame_00006.jpg,155,19.1,205.54,26.52,219.91,high
cam12__frame_00006.jpg,156,25.71,206.06,34.39,219.82,high
cam12__frame_00006.jpg,157,34.62,201.2,51.5,228.82,medium
cam12__frame_00006.jpg,158,32.59,228.5,52.9,254.5,medium
cam12__frame_00006.jpg,159,52.78,202.7,65.08,216.9,low
cam12__frame_00006.jpg,160,52.78,217.47,70.94,253.04,low
cam12__frame_00006.jpg,161,73.76,185.18,86.37,222.15,medium
cam12__frame_00006.jpg,162,77.35,171.89,94.67,185.06,medium
cam12__frame_00006.jpg,163,86.8,184.57,99.41,221.54,medium
cam12__frame_00006.jpg,164,103.68,175.48,113.85,204.8,medium
cam12__frame_00006.jpg,165,122.5,188.95,133.87,203.01,low
cam12__frame_00006.jpg,166,129.98,168.9,144.34,199.42,medium
cam12__frame_00006.jpg,167,162.05,155.0,171.03,179.19,medium
cam12__frame_00006.jpg,168,0.0,381.08,10.5,459.88,high
cam12__frame_00006.jpg,169,5.76,338.6,19.18,364.1,medium
cam12__frame_00006.jpg,170,11.13,364.91,22.94,389.34,medium
cam12__frame_00006.jpg,171,23.48,362.0,39.85,391.49,low
cam12__frame_00006.jpg,172,16.72,334.99,35.83,355.03,high
cam12__frame_00006.jpg,173,16.34,312.35,37.87,335.54,medium
cam12__frame_00006.jpg,174,34.71,334.62,49.56,357.63,medium
cam12__frame_00006.jpg,175,34.16,357.26,49.0,380.27,high
cam12__frame_00006.jpg,176,50.6,358.77,77.1,389.08,low
cam12__frame_00006.jpg,177,49.64,337.12,81.39,360.69,medium
cam12__frame_00006.jpg,178,58.28,295.84,74.05,332.39,high
cam12__frame_00006.jpg,179,40.42,277.97,65.75,302.38,high
cam12__frame_00006.jpg,180,76.46,320.33,85.2,339.4,high
cam12__frame_00006.jpg,181,74.24,288.42,85.18,319.96,high
cam12__frame_00006.jpg,182,73.0,255.38,86.44,286.15,medium
cam12__frame_00006.jpg,183,87.25,247.07,98.65,263.16,high
cam12__frame_00006.jpg,184,87.99,262.36,108.94,294.16,medium
cam12__frame_00006.jpg,185,98.65,240.14,109.16,261.15,high
cam12__frame_00006.jpg,186,110.27,251.76,117.87,292.66,high
cam12__frame_00006.jpg,187,109.38,222.04,117.65,251.32,high
cam12__frame_00006.jpg,188,119.88,222.49,132.62,256.9,medium
cam12__frame_00006.jpg,189,120.33,256.68,132.85,271.65,medium
cam12__frame_00006.jpg,190,133.43,202.91,145.3,214.29,high
cam12__frame_00006.jpg,191,128.51,215.84,147.91,226.7,high
cam12__frame_00006.jpg,192,132.39,226.7,149.46,255.92,medium
cam12__frame_00006.jpg,193,150.49,220.75,158.25,259.02,high
cam12__frame_00006.jpg,194,158.77,193.6,167.56,233.42,medium
cam12__frame_00006.jpg,195,176.76,179.81,195.11,200.58,medium
cam12__frame_00006.jpg,196,185.77,176.0,196.7,196.43,high
cam12__frame_00006.jpg,197,0.0,597.27,23.23,638.98,high
cam12__frame_00006.jpg,198,0.0,537.96,35.74,572.71,medium
cam12__frame_00006.jpg,199,0.98,499.0,21.84,539.34,high
cam12__frame_00006.jpg,200,14.39,487.81,40.06,542.3,medium
cam12__frame_00006.jpg,201,26.63,478.74,52.31,533.23,low
cam12__frame_00006.jpg,202,19.98,474.0,33.89,487.44,high
cam12__frame_00006.jpg,203,47.79,460.1,69.57,492.08,low
cam12__frame_00006.jpg,204,33.44,449.9,48.27,478.66,medium
cam12__frame_00006.jpg,205,46.86,433.2,61.69,461.95,medium
cam12__frame_00006.jpg,206,70.5,416.54,84.4,448.51,medium
cam12__frame_00006.jpg,207,64.94,398.46,76.52,418.39,high
cam12__frame_00006.jpg,208,82.55,391.51,91.81,424.88,medium
cam12__frame_00006.jpg,209,84.4,381.78,100.16,410.51,medium
cam12__frame_00006.jpg,210,80.69,363.71,96.45,379.0,medium
cam12__frame_00006.jpg,211,103.89,345.64,113.15,379.01,medium
cam12__frame_00006.jpg,212,90.01,347.95,102.98,360.46,high
cam12__frame_00006.jpg,213,109.45,326.18,118.72,359.55,high
cam12__frame_00006.jpg,214,123.35,307.64,132.62,341.01,medium
cam12__frame_00006.jpg,215,133.57,289.09,153.03,326.63,medium
cam12__frame_00006.jpg,216,139.08,280.29,160.86,309.49,high
cam12__frame_00006.jpg,217,149.28,266.39,161.33,282.14,high
cam12__frame_00006.jpg,218,158.55,246.0,170.13,275.19,high
cam12__frame_00006.jpg,219,169.21,243.68,186.35,262.68,high
cam12__frame_00006.jpg,220,181.26,220.04,199.79,236.73,high
cam12__frame_00006.jpg,221,38.7,507.8,122.4,640.0,low
cam12__frame_00006.jpg,222,112.18,606.0,169.55,640.0,low
cam12__frame_00006.jpg,223,124.43,583.9,175.0,605.53,medium
cam12__frame_00006.jpg,224,195.7,476.44,266.15,639.51,low
cam12__frame_00006.jpg,225,273.04,540.0,308.02,632.6,low
cam12__frame_00006.jpg,226,288.83,566.09,324.74,640.0,medium
cam12__frame_00006.jpg,227,270.09,606.93,297.67,640.0,high
cam12__frame_00006.jpg,228,317.87,590.48,351.63,640.0,medium
cam12__frame_00006.jpg,229,345.46,582.8,429.69,640.0,medium
cam12__frame_00006.jpg,230,484.31,418.02,575.96,537.77,low
cam12__frame_00006.jpg,231,446.86,417.05,541.58,538.78,low
cam12__frame_00006.jpg,232,317.87,434.6,421.8,587.77,low
cam12__frame_00006.jpg,233,121.19,480.02,205.59,598.06,low
cam12__frame_00006.jpg,234,69.2,465.17,139.72,524.52,medium
cam12__frame_00006.jpg,235,100.94,445.12,150.4,468.2,medium
cam12__frame_00006.jpg,236,109.51,415.44,157.66,445.78,medium
cam12__frame_00006.jpg,237,118.09,396.32,159.63,420.06,medium
cam12__frame_00006.jpg,238,126.0,371.26,162.93,398.95,medium
cam12__frame_00006.jpg,239,137.93,357.42,173.26,376.8,medium
cam12__frame_00006.jpg,240,141.35,340.32,176.69,359.7,medium
cam12__frame_00006.jpg,241,145.34,328.4,180.67,343.17,medium
cam12__frame_00006.jpg,242,159.69,311.05,180.91,327.87,high
cam12__frame_00006.jpg,243,182.8,255.89,232.5,344.81,low
cam12__frame_00006.jpg,244,178.96,344.88,224.56,396.75,medium
cam12__frame_00006.jpg,245,163.58,391.62,198.34,446.9,medium
cam12__frame_00006.jpg,246,198.34,392.76,234.25,458.3,medium
cam12__frame_00006.jpg,247,172.12,448.04,202.9,510.74,high
cam12__frame_00006.jpg,248,237.67,364.8,328.87,553.49,low
cam12__frame_00006.jpg,249,228.18,378.74,260.22,392.75,medium
cam12__frame_00006.jpg,250,226.99,364.51,259.04,378.53,medium
cam12__frame_00006.jpg,251,227.38,331.07,260.62,366.72,low
cam12__frame_00006.jpg,252,263.42,348.3,277.44,365.52,high
cam12__frame_00006.jpg,253,261.42,319.46,279.04,347.89,low
cam12__frame_00006.jpg,254,231.3,268.71,258.54,326.79,medium
cam12__frame_00006.jpg,255,257.11,293.03,276.52,320.95,high
cam12__frame_00006.jpg,256,255.75,277.71,277.88,293.71,high
cam12__frame_00006.jpg,257,247.23,262.08,278.22,277.71,medium
cam12__frame_00006.jpg,258,243.5,230.72,273.11,262.08,low
cam12__frame_00006.jpg,259,217.85,244.68,244.51,268.91,high
cam12__frame_00006.jpg,260,198.82,229.8,214.05,241.22,high
cam12__frame_00006.jpg,261,216.82,222.18,232.74,246.41,medium
cam12__frame_00006.jpg,262,234.12,221.14,248.32,245.03,medium
cam12__frame_00006.jpg,263,218.89,189.3,251.43,220.8,medium
cam12__frame_00006.jpg,264,252.73,201.9,275.16,225.93,medium
cam12__frame_00006.jpg,265,273.96,199.9,300.79,225.53,medium
cam12__frame_00006.jpg,266,300.4,202.72,324.73,229.32,medium
cam12__frame_00006.jpg,267,325.11,173.67,334.54,197.62,medium
cam12__frame_00006.jpg,268,324.92,198.0,334.92,228.56,medium
cam12__frame_00006.jpg,269,303.01,228.07,339.71,244.68,medium
cam12__frame_00006.jpg,270,276.01,223.91,298.17,272.38,medium
cam12__frame_00006.jpg,271,283.0,246.22,308.28,301.84,medium
cam12__frame_00006.jpg,272,330.71,256.45,372.25,278.26,high
cam12__frame_00006.jpg,273,333.82,268.57,375.36,305.61,medium
cam12__frame_00006.jpg,274,293.74,268.96,332.3,364.94,medium
cam12__frame_00006.jpg,275,340.32,305.04,399.2,349.5,medium
cam12__frame_00006.jpg,276,307.48,318.66,366.36,437.21,low
cam12__frame_00006.jpg,277,369.56,393.16,421.23,417.99,high
cam12__frame_00006.jpg,278,378.38,402.0,438.86,430.0,medium
cam12__frame_00006.jpg,279,427.2,397.2,466.89,426.0,medium
cam12__frame_00006.jpg,280,440.63,590.42,496.0,640.0,medium
cam12__frame_00006.jpg,281,497.88,592.29,537.3,640.0,medium
cam12__frame_00007.jpg,0,609.2,238.66,640.0,271.89,medium
cam12__frame_00007.jpg,1,573.59,173.19,618.82,194.01,low
cam12__frame_00007.jpg,2,572.05,181.52,617.27,202.34,low
cam12__frame_00007.jpg,3,608.86,200.79,616.94,206.18,high
cam12__frame_00007.jpg,4,608.41,205.87,616.49,211.26,high
cam12__frame_00007.jpg,5,608.11,211.55,616.19,216.94,high
cam12__frame_00007.jpg,6,607.81,217.54,615.89,222.92,high
cam12__frame_00007.jpg,7,607.81,223.22,615.89,228.61,high
cam12__frame_00007.jpg,8,607.21,229.21,615.29,234.59,high
cam12__frame_00007.jpg,9,607.81,234.89,615.89,240.28,high
cam12__frame_00007.jpg,10,562.8,187.08,609.75,207.89,low
cam12__frame_00007.jpg,11,559.62,195.16,608.86,217.2,low
cam12__frame_00007.jpg,12,557.83,203.53,607.25,225.64,low
cam12__frame_00007.jpg,13,555.73,212.21,605.44,234.39,low
cam12__frame_00007.jpg,14,554.38,220.81,604.09,242.99,low
cam12__frame_00007.jpg,15,555.31,229.48,604.1,248.63,low
cam12__frame_00007.jpg,16,533.03,160.58,574.34,185.34,medium
cam12__frame_00007.jpg,17,530.7,169.38,566.99,191.92,medium
cam12__frame_00007.jpg,18,530.07,179.38,563.58,200.68,medium
cam12__frame_00007.jpg,19,529.02,189.39,561.29,209.77,medium
cam12__frame_00007.jpg,20,527.82,197.61,558.9,217.11,medium
cam12__frame_00007.jpg,21,528.09,206.46,559.49,226.2,medium
cam12__frame_00007.jpg,22,484.48,163.69,530.67,191.43,low
cam12__frame_00007.jpg,23,481.86,169.81,527.62,196.65,medium
cam12__frame_00007.jpg,24,479.93,175.9,525.14,201.62,medium
cam12__frame_00007.jpg,25,479.49,181.27,524.71,207.02,medium
cam12__frame_00007.jpg,26,477.56,186.1,522.78,211.85,medium
cam12__frame_00007.jpg,27,471.65,184.77,479.59,192.7,high
cam12__frame_00007.jpg,28,465.59,182.6,471.36,193.71,high
cam12__frame_00007.jpg,29,452.6,175.25,458.66,182.6,high
cam12__frame_00007.jpg,30,445.39,174.09,452.32,182.6,high
cam12__frame_00007.jpg,31,587.4,349.7,632.2,389.89,low
cam12__frame_00007.jpg,32,564.86,345.27,609.74,362.15,medium
cam12__frame_00007.jpg,33,565.03,328.45,609.9,345.33,medium
cam12__frame_00007.jpg,34,564.5,312.4,609.37,329.28,low
cam12__frame_00007.jpg,35,553.58,272.99,600.54,322.37,low
cam12__frame_00007.jpg,36,547.12,277.08,559.94,295.1,high
cam12__frame_00007.jpg,37,532.79,292.79,558.3,318.3,high
cam12__frame_00007.jpg,38,520.93,259.17,543.04,271.13,high
cam12__frame_00007.jpg,39,512.75,272.73,530.76,290.66,medium
cam12__frame_00007.jpg,40,510.72,283.27,529.62,302.1,medium
cam12__frame_00007.jpg,41,509.8,295.23,529.49,314.83,medium
cam12__frame_00007.jpg,42,507.16,283.7,514.91,298.06,high
cam12__frame_00007.jpg,43,471.91,201.32,491.16,211.53,medium
cam12__frame_00007.jpg,44,472.05,210.12,491.45,221.48,medium
cam12__frame_00007.jpg,45,471.69,220.42,490.96,231.11,medium
cam12__frame_00007.jpg,46,472.17,230.2,490.72,241.17,medium
cam12__frame_00007.jpg,47,484.46,241.17,489.15,274.25,medium
cam12__frame_00007.jpg,48,479.2,241.16,483.89,274.24,medium
cam12__frame_00007.jpg,49,465.1,240.71,479.2,273.79,medium
cam12__frame_00007.jpg,50,464.1,226.18,470.55,236.8,high
cam12__frame_00007.jpg,51,465.0,214.78,471.55,225.9,high
cam12__frame_00007.jpg,52,465.0,205.4,471.27,214.6,high
cam12__frame_00007.jpg,53,465.91,196.25,471.5,205.19,high
cam12__frame_00007.jpg,54,440.34,199.86,457.69,211.75,low
cam12__frame_00007.jpg,55,438.6,213.93,456.23,221.1,medium
cam12__frame_00007.jpg,56,438.26,221.29,455.9,228.46,medium
cam12__frame_00007.jpg,57,437.59,228.0,455.23,235.17,medium
cam12__frame_00007.jpg,58,437.37,234.92,455.0,242.1,medium
cam12__frame_00007.jpg,59,437.14,241.85,454.78,249.03,medium
cam12__frame_00007.jpg,60,437.14,246.32,454.78,253.5,high
cam12__frame_00007.jpg,61,424.73,178.42,439.92,189.27,low
cam12__frame_00007.jpg,62,424.39,189.44,441.59,196.12,medium
cam12__frame_00007.jpg,63,423.81,196.28,441.0,202.96,medium
cam12__frame_00007.jpg,64,422.47,202.96,439.67,209.64,high
cam12__frame_00007.jpg,65,427.2,207.62,439.07,213.56,medium
cam12__frame_00007.jpg,66,426.15,213.18,438.02,219.13,medium
cam12__frame_00007.jpg,67,422.3,208.63,426.98,215.31,high
cam12__frame_00007.jpg,68,422.23,215.26,426.91,221.94,high
cam12__frame_00007.jpg,69,426.15,219.13,438.02,225.08,medium
cam12__frame_00007.jpg,70,425.63,224.3,437.51,230.25,medium
cam12__frame_00007.jpg,71,425.63,229.89,437.5,235.84,medium
cam12__frame_00007.jpg,72,425.49,236.24,437.36,242.19,medium
cam12__frame_00007.jpg,73,427.1,241.58,436.78,246.9,high
cam12__frame_00007.jpg,74,407.53,173.94,416.13,183.84,high
cam12__frame_00007.jpg,75,412.1,183.93,420.33,203.01,high
cam12__frame_00007.jpg,76,414.47,204.26,420.08,213.86,high
cam12__frame_00007.jpg,77,416.34,213.61,420.96,219.72,high
cam12__frame_00007.jpg,78,396.2,179.2,405.83,187.44,medium
cam12__frame_00007.jpg,79,396.13,187.64,406.13,195.14,medium
cam12__frame_00007.jpg,80,395.41,193.97,410.09,210.44,low
cam12__frame_00007.jpg,81,391.03,206.88,403.37,214.36,high
cam12__frame_00007.jpg,82,397.26,211.37,413.35,221.34,low
cam12__frame_00007.jpg,83,379.4,175.64,394.33,184.8,medium
cam12__frame_00007.jpg,84,379.67,184.76,394.6,193.92,medium
cam12__frame_00007.jpg,85,379.37,193.86,394.3,203.02,medium
cam12__frame_00007.jpg,86,379.17,202.86,394.1,211.1,medium
cam12__frame_00007.jpg,87,368.28,167.46,377.72,174.32,medium
cam12__frame_00007.jpg,88,368.03,174.35,377.48,181.22,medium
cam12__frame_00007.jpg,89,368.61,181.18,378.06,188.04,medium
cam12__frame_00007.jpg,90,368.61,186.27,378.06,193.13,high
cam12__frame_00007.jpg,91,359.04,160.56,368.69,189.71,medium
cam12__frame_00007.jpg,92,350.61,166.57,358.98,187.5,medium
cam12__frame_00007.jpg,93,600.3,480.83,637.63,574.68,low
cam12__frame_00007.jpg,94,566.2,396.58,604.41,534.45,low
cam12__frame_00007.jpg,95,570.82,392.41,576.93,406.2,high
cam12__frame_00007.jpg,96,567.33,403.24,576.76,416.33,high
cam12__frame_00007.jpg,97,562.9,418.4,574.65,432.62,high
cam12__frame_00007.jpg,98,557.45,421.7,567.14,435.45,high
cam12__frame_00007.jpg,99,560.1,437.9,571.85,449.1,high
cam12__frame_00007.jpg,100,548.65,421.91,558.08,437.8,high
cam12__frame_00007.jpg,101,553.08,438.0,562.77,448.27,high
cam12__frame_00007.jpg,102,551.8,448.89,561.2,462.95,high
cam12__frame_00007.jpg,103,560.5,449.6,567.15,465.73,high
cam12__frame_00007.jpg,104,558.7,465.45,566.52,481.7,high
cam12__frame_00007.jpg,105,551.45,462.93,558.43,474.63,high
cam12__frame_00007.jpg,106,532.05,396.21,563.14,418.9,high
cam12__frame_00007.jpg,107,527.7,414.02,553.14,436.54,high
cam12__frame_00007.jpg,108,520.12,426.85,549.85,451.71,high
cam12__frame_00007.jpg,109,505.5,356.1,552.3,434.31,medium
cam12__frame_00007.jpg,110,491.31,341.15,509.0,398.01,medium
cam12__frame_00007.jpg,111,472.45,354.61,501.36,382.83,medium
cam12__frame_00007.jpg,112,481.64,331.5,494.45,354.35,medium
cam12__frame_00007.jpg,113,463.92,307.01,479.85,338.86,medium
cam12__frame_00007.jpg,114,461.84,338.81,480.88,368.92,medium
cam12__frame_00007.jpg,115,454.29,270.09,464.67,321.33,high
cam12__frame_00007.jpg,116,412.32,267.92,460.81,335.0,low
cam12__frame_00007.jpg,117,438.02,264.86,454.29,274.94,high
cam12__frame_00007.jpg,118,440.44,275.28,452.91,287.37,high
cam12__frame_00007.jpg,119,424.17,252.06,438.37,272.83,high
cam12__frame_00007.jpg,120,406.62,234.76,410.03,241.68,medium
cam12__frame_00007.jpg,121,403.3,234.7,406.57,241.63,medium
cam12__frame_00007.jpg,122,399.64,234.54,402.9,241.46,medium
cam12__frame_00007.jpg,123,397.0,232.96,399.48,240.47,high
cam12__frame_00007.jpg,124,406.82,241.71,410.23,248.64,medium
cam12__frame_00007.jpg,125,403.15,242.05,406.56,248.97,medium
cam12__frame_00007.jpg,126,399.65,241.71,403.06,248.64,medium
cam12__frame_00007.jpg,127,396.58,240.72,399.07,248.23,high
cam12__frame_00007.jpg,128,406.86,248.85,410.54,253.36,high
cam12__frame_00007.jpg,129,403.02,248.85,406.86,254.19,high
cam12__frame_00007.jpg,130,399.18,248.52,402.69,253.86,high
cam12__frame_00007.jpg,131,396.58,248.07,399.07,255.58,high
cam12__frame_00007.jpg,132,406.75,253.31,410.17,262.1,medium
cam12__frame_00007.jpg,133,403.58,254.6,406.99,262.8,medium
cam12__frame_00007.jpg,134,399.4,254.17,402.81,261.09,medium
cam12__frame_00007.jpg,135,394.83,257.92,398.09,264.84,medium
cam12__frame_00007.jpg,136,394.64,264.48,397.9,271.41,medium
cam12__frame_00007.jpg,137,387.05,245.71,391.15,254.33,medium
cam12__frame_00007.jpg,138,385.97,253.69,389.53,262.31,medium
cam12__frame_00007.jpg,139,382.96,245.28,387.05,253.04,medium
cam12__frame_00007.jpg,140,382.0,252.8,386.08,259.72,medium
cam12__frame_00007.jpg,141,358.15,208.13,377.28,262.98,low
cam12__frame_00007.jpg,142,349.46,199.63,358.35,232.66,medium
cam12__frame_00007.jpg,143,339.22,193.64,348.3,219.91,medium
cam12__frame_00007.jpg,144,558.5,593.3,615.53,639.54,high
cam12__frame_00007.jpg,145,565.73,571.64,584.17,594.47,high
cam12__frame_00007.jpg,146,560.03,540.48,598.32,571.47,high
cam12__frame_00007.jpg,147,471.71,397.89,500.35,426.54,medium
cam12__frame_00007.jpg,148,441.77,371.11,456.8,397.97,medium
cam12__frame_00007.jpg,149,434.79,362.11,444.63,391.62,medium
cam12__frame_00007.jpg,150,426.53,352.66,439.12,377.06,medium
cam12__frame_00007.jpg,151,416.37,346.09,428.97,370.49,medium
cam12__frame_00007.jpg,152,404.58,310.2,416.21,352.09,high
cam12__frame_00007.jpg,153,375.74,280.34,389.86,304.95,high
cam12__frame_00007.jpg,154,16.32,220.37,33.01,270.88,low
cam12__frame_00007.jpg,155,19.1,205.54,26.52,219.91,high
cam12__frame_00007.jpg,156,25.71,206.06,34.39,219.82,high
cam12__frame_00007.jpg,157,34.62,201.2,51.5,228.82,medium
cam12__frame_00007.jpg,158,32.59,228.5,52.9,254.5,medium
cam12__frame_00007.jpg,159,52.78,202.7,65.08,216.9,low
cam12__frame_00007.jpg,160,52.78,217.47,70.94,253.04,low
cam12__frame_00007.jpg,161,73.76,185.18,86.37,222.15,medium
cam12__frame_00007.jpg,162,77.35,171.89,94.67,185.06,medium
cam12__frame_00007.jpg,163,86.8,184.57,99.41,221.54,medium
cam12__frame_00007.jpg,164,103.68,175.48,113.85,204.8,medium
cam12__frame_00007.jpg,165,122.5,188.95,133.87,203.01,low
cam12__frame_00007.jpg,166,129.98,168.9,144.34,199.42,medium
cam12__frame_00007.jpg,167,162.05,155.0,171.03,179.19,medium
cam12__frame_00007.jpg,168,0.0,381.08,10.5,459.88,high
cam12__frame_00007.jpg,169,5.76,338.6,19.18,364.1,medium
cam12__frame_00007.jpg,170,11.13,364.91,22.94,389.34,medium
cam12__frame_00007.jpg,171,23.48,362.0,39.85,391.49,low
cam12__frame_00007.jpg,172,16.72,334.99,35.83,355.03,high
cam12__frame_00007.jpg,173,16.34,312.35,37.87,335.54,medium
cam12__frame_00007.jpg,174,34.71,334.62,49.56,357.63,medium
cam12__frame_00007.jpg,175,34.16,357.26,49.0,380.27,high
cam12__frame_00007.jpg,176,50.6,358.77,77.1,389.08,low
cam12__frame_00007.jpg,177,49.64,337.12,81.39,360.69,medium
cam12__frame_00007.jpg,178,58.28,295.84,74.05,332.39,high
cam12__frame_00007.jpg,179,40.42,277.97,65.75,302.38,high
cam12__frame_00007.jpg,180,76.46,320.33,85.2,339.4,high
cam12__frame_00007.jpg,181,74.24,288.42,85.18,319.96,high
cam12__frame_00007.jpg,182,73.0,255.38,86.44,286.15,medium
cam12__frame_00007.jpg,183,87.25,247.07,98.65,263.16,high
cam12__frame_00007.jpg,184,87.99,262.36,108.94,294.16,medium
cam12__frame_00007.jpg,185,98.65,240.14,109.16,261.15,high
cam12__frame_00007.jpg,186,110.27,251.76,117.87,292.66,high
cam12__frame_00007.jpg,187,109.38,222.04,117.65,251.32,high
cam12__frame_00007.jpg,188,119.88,222.49,132.62,256.9,medium
cam12__frame_00007.jpg,189,120.33,256.68,132.85,271.65,medium
cam12__frame_00007.jpg,190,133.43,202.91,145.3,214.29,high
cam12__frame_00007.jpg,191,128.51,215.84,147.91,226.7,high
cam12__frame_00007.jpg,192,132.39,226.7,149.46,255.92,medium
cam12__frame_00007.jpg,193,150.49,220.75,158.25,259.02,high
cam12__frame_00007.jpg,194,158.77,193.6,167.56,233.42,medium
cam12__frame_00007.jpg,195,176.76,179.81,195.11,200.58,medium
cam12__frame_00007.jpg,196,0.0,597.27,23.23,638.98,high
cam12__frame_00007.jpg,197,0.0,537.96,35.74,572.71,medium
cam12__frame_00007.jpg,198,0.98,499.0,21.84,539.34,high
cam12__frame_00007.jpg,199,14.39,487.81,40.06,542.3,medium
cam12__frame_00007.jpg,200,26.63,478.74,52.31,533.23,low
cam12__frame_00007.jpg,201,19.98,474.0,33.89,487.44,high
cam12__frame_00007.jpg,202,47.79,460.1,69.57,492.08,low
cam12__frame_00007.jpg,203,33.44,449.9,48.27,478.66,medium
cam12__frame_00007.jpg,204,46.86,433.2,61.69,461.95,medium
cam12__frame_00007.jpg,205,70.5,416.54,84.4,448.51,medium
cam12__frame_00007.jpg,206,64.94,398.46,76.52,418.39,high
cam12__frame_00007.jpg,207,82.55,391.51,91.81,424.88,medium
cam12__frame_00007.jpg,208,84.4,381.78,100.16,410.51,medium
cam12__frame_00007.jpg,209,80.69,363.71,96.45,379.0,medium
cam12__frame_00007.jpg,210,103.89,345.64,113.15,379.01,medium
cam12__frame_00007.jpg,211,90.01,347.95,102.98,360.46,high
cam12__frame_00007.jpg,212,109.45,326.18,118.72,359.55,high
cam12__frame_00007.jpg,213,123.35,307.64,132.62,341.01,medium
cam12__frame_00007.jpg,214,133.57,289.09,153.03,326.63,medium
cam12__frame_00007.jpg,215,139.08,280.29,160.86,309.49,high
cam12__frame_00007.jpg,216,149.28,266.39,161.33,282.14,high
cam12__frame_00007.jpg,217,158.55,246.0,170.13,275.19,high
cam12__frame_00007.jpg,218,169.21,243.68,186.35,262.68,high
cam12__frame_00007.jpg,219,181.26,220.04,199.79,236.73,high
cam12__frame_00007.jpg,220,38.7,507.8,122.4,640.0,low
cam12__frame_00007.jpg,221,112.18,606.0,169.55,640.0,low
cam12__frame_00007.jpg,222,124.43,583.9,175.0,605.53,medium
cam12__frame_00007.jpg,223,195.7,476.44,266.15,639.51,low
cam12__frame_00007.jpg,224,273.04,540.0,308.02,632.6,low
cam12__frame_00007.jpg,225,288.83,566.09,324.74,640.0,medium
cam12__frame_00007.jpg,226,270.09,606.93,297.67,640.0,high
cam12__frame_00007.jpg,227,317.87,590.48,351.63,640.0,medium
cam12__frame_00007.jpg,228,345.46,582.8,429.69,640.0,medium
cam12__frame_00007.jpg,229,484.31,418.02,575.96,537.77,low
cam12__frame_00007.jpg,230,446.86,417.05,541.58,538.78,low
cam12__frame_00007.jpg,231,317.87,434.6,421.8,587.77,low
cam12__frame_00007.jpg,232,121.19,480.02,205.59,598.06,low
cam12__frame_00007.jpg,233,69.2,465.17,139.72,524.52,medium
cam12__frame_00007.jpg,234,100.94,445.12,150.4,468.2,medium
cam12__frame_00007.jpg,235,109.51,415.44,157.66,445.78,medium
cam12__frame_00007.jpg,236,118.09,396.32,159.63,420.06,medium
cam12__frame_00007.jpg,237,126.0,371.26,162.93,398.95,medium
cam12__frame_00007.jpg,238,137.93,357.42,173.26,376.8,medium
cam12__frame_00007.jpg,239,141.35,340.32,176.69,359.7,medium
cam12__frame_00007.jpg,240,145.34,328.4,180.67,343.17,medium
cam12__frame_00007.jpg,241,159.69,311.05,180.91,327.87,high
cam12__frame_00007.jpg,242,182.8,255.89,232.5,344.81,low
cam12__frame_00007.jpg,243,178.96,344.88,224.56,396.75,medium
cam12__frame_00007.jpg,244,163.58,391.62,198.34,446.9,medium
cam12__frame_00007.jpg,245,198.34,392.76,234.25,458.3,medium
cam12__frame_00007.jpg,246,172.12,448.04,202.9,510.74,high
cam12__frame_00007.jpg,247,237.67,364.8,328.87,553.49,low
cam12__frame_00007.jpg,248,228.18,378.74,260.22,392.75,medium
cam12__frame_00007.jpg,249,226.99,364.51,259.04,378.53,medium
cam12__frame_00007.jpg,250,227.38,331.07,260.62,366.72,low
cam12__frame_00007.jpg,251,263.42,348.3,277.44,365.52,high
cam12__frame_00007.jpg,252,261.42,319.46,279.04,347.89,low
cam12__frame_00007.jpg,253,231.3,268.71,258.54,326.79,medium
cam12__frame_00007.jpg,254,257.11,293.03,276.52,320.95,high
cam12__frame_00007.jpg,255,255.75,277.71,277.88,293.71,high
cam12__frame_00007.jpg,256,247.23,262.08,278.22,277.71,medium
cam12__frame_00007.jpg,257,243.5,230.72,273.11,262.08,low
cam12__frame_00007.jpg,258,217.85,244.68,244.51,268.91,high
cam12__frame_00007.jpg,259,198.82,229.8,214.05,241.22,high
cam12__frame_00007.jpg,260,216.82,222.18,232.74,246.41,medium
cam12__frame_00007.jpg,261,234.12,221.14,248.32,245.03,medium
cam12__frame_00007.jpg,262,218.89,189.3,251.43,220.8,medium
cam12__frame_00007.jpg,263,252.73,201.9,275.16,225.93,medium
cam12__frame_00007.jpg,264,273.96,199.9,300.79,225.53,medium
cam12__frame_00007.jpg,265,300.4,202.72,324.73,229.32,medium
cam12__frame_00007.jpg,266,325.11,173.67,334.54,197.62,medium
cam12__frame_00007.jpg,267,324.92,198.0,334.92,228.56,medium
cam12__frame_00007.jpg,268,303.01,228.07,339.71,244.68,medium
cam12__frame_00007.jpg,269,276.01,223.91,298.17,272.38,medium
cam12__frame_00007.jpg,270,283.0,246.22,308.28,301.84,medium
cam12__frame_00007.jpg,271,330.71,256.45,372.25,278.26,high
cam12__frame_00007.jpg,272,333.82,268.57,375.36,305.61,medium
cam12__frame_00007.jpg,273,293.74,268.96,332.3,364.94,medium
cam12__frame_00007.jpg,274,340.32,305.04,399.2,349.5,medium
cam12__frame_00007.jpg,275,307.48,318.66,366.36,437.21,low
cam12__frame_00007.jpg,276,369.56,393.16,421.23,417.99,high
cam12__frame_00007.jpg,277,378.38,402.0,438.86,430.0,medium
cam12__frame_00007.jpg,278,427.2,397.2,466.89,426.0,medium
cam12__frame_00007.jpg,279,440.63,590.42,496.0,640.0,medium
cam12__frame_00007.jpg,280,497.88,592.29,537.3,640.0,medium
cam12__frame_00008.jpg,0,609.2,238.66,640.0,271.89,medium
cam12__frame_00008.jpg,1,573.59,173.19,618.82,194.01,low
cam12__frame_00008.jpg,2,572.05,181.52,617.27,202.34,low
cam12__frame_00008.jpg,3,608.86,200.79,616.94,206.18,high
cam12__frame_00008.jpg,4,608.41,205.87,616.49,211.26,high
cam12__frame_00008.jpg,5,608.11,211.55,616.19,216.94,high
cam12__frame_00008.jpg,6,607.81,217.54,615.89,222.92,high
cam12__frame_00008.jpg,7,607.81,223.22,615.89,228.61,high
cam12__frame_00008.jpg,8,607.21,229.21,615.29,234.59,high
cam12__frame_00008.jpg,9,607.81,234.89,615.89,240.28,high
cam12__frame_00008.jpg,10,562.8,187.08,609.75,207.89,low
cam12__frame_00008.jpg,11,559.62,195.16,608.86,217.2,low
cam12__frame_00008.jpg,12,557.83,203.53,607.25,225.64,low
cam12__frame_00008.jpg,13,555.73,212.21,605.44,234.39,low
cam12__frame_00008.jpg,14,554.38,220.81,604.09,242.99,low
cam12__frame_00008.jpg,15,555.31,229.48,604.1,248.63,low
cam12__frame_00008.jpg,16,533.03,160.58,574.34,185.34,medium
cam12__frame_00008.jpg,17,530.7,169.38,566.99,191.92,medium
cam12__frame_00008.jpg,18,530.07,179.38,563.58,200.68,medium
cam12__frame_00008.jpg,19,529.02,189.39,561.29,209.77,medium
cam12__frame_00008.jpg,20,527.82,197.61,558.9,217.11,medium
cam12__frame_00008.jpg,21,528.09,206.46,559.49,226.2,medium
cam12__frame_00008.jpg,22,484.48,163.69,530.67,191.43,low
cam12__frame_00008.jpg,23,481.86,169.81,527.62,196.65,medium
cam12__frame_00008.jpg,24,479.93,175.9,525.14,201.62,medium
cam12__frame_00008.jpg,25,479.49,181.27,524.71,207.02,medium
cam12__frame_00008.jpg,26,477.56,186.1,522.78,211.85,medium
cam12__frame_00008.jpg,27,471.65,184.77,479.59,192.7,high
cam12__frame_00008.jpg,28,465.59,182.6,471.36,193.71,high
cam12__frame_00008.jpg,29,452.6,175.25,458.66,182.6,high
cam12__frame_00008.jpg,30,445.39,174.09,452.32,182.6,high
cam12__frame_00008.jpg,31,587.4,349.7,632.2,389.89,low
cam12__frame_00008.jpg,32,564.86,345.27,609.74,362.15,medium
cam12__frame_00008.jpg,33,565.03,328.45,609.9,345.33,medium
cam12__frame_00008.jpg,34,564.5,312.4,609.37,329.28,low
cam12__frame_00008.jpg,35,553.58,272.99,600.54,322.37,low
cam12__frame_00008.jpg,36,547.12,277.08,559.94,295.1,high
cam12__frame_00008.jpg,37,532.79,292.79,558.3,318.3,high
cam12__frame_00008.jpg,38,520.93,259.17,543.04,271.13,high
cam12__frame_00008.jpg,39,512.75,272.73,530.76,290.66,medium
cam12__frame_00008.jpg,40,510.72,283.27,529.62,302.1,medium
cam12__frame_00008.jpg,41,509.8,295.23,529.49,314.83,medium
cam12__frame_00008.jpg,42,507.16,283.7,514.91,298.06,high
cam12__frame_00008.jpg,43,471.91,201.32,491.16,211.53,medium
cam12__frame_00008.jpg,44,472.05,210.12,491.45,221.48,medium
cam12__frame_00008.jpg,45,471.69,220.42,490.96,231.11,medium
cam12__frame_00008.jpg,46,472.17,230.2,490.72,241.17,medium
cam12__frame_00008.jpg,47,484.46,241.17,489.15,274.25,medium
cam12__frame_00008.jpg,48,479.2,241.16,483.89,274.24,medium
cam12__frame_00008.jpg,49,465.1,240.71,479.2,273.79,medium
cam12__frame_00008.jpg,50,464.1,226.18,470.55,236.8,high
cam12__frame_00008.jpg,51,465.0,214.78,471.55,225.9,high
cam12__frame_00008.jpg,52,465.0,205.4,471.27,214.6,high
cam12__frame_00008.jpg,53,465.91,196.25,471.5,205.19,high
cam12__frame_00008.jpg,54,440.34,199.86,457.69,211.75,low
cam12__frame_00008.jpg,55,438.6,213.93,456.23,221.1,medium
cam12__frame_00008.jpg,56,438.26,221.29,455.9,228.46,medium
cam12__frame_00008.jpg,57,437.59,228.0,455.23,235.17,medium
cam12__frame_00008.jpg,58,437.37,234.92,455.0,242.1,medium
cam12__frame_00008.jpg,59,437.14,241.85,454.78,249.03,medium
cam12__frame_00008.jpg,60,437.14,246.32,454.78,253.5,high
cam12__frame_00008.jpg,61,424.73,178.42,439.92,189.27,low
cam12__frame_00008.jpg,62,424.39,189.44,441.59,196.12,medium
cam12__frame_00008.jpg,63,423.81,196.28,441.0,202.96,medium
cam12__frame_00008.jpg,64,422.47,202.96,439.67,209.64,high
cam12__frame_00008.jpg,65,427.2,207.62,439.07,213.56,medium
cam12__frame_00008.jpg,66,426.15,213.18,438.02,219.13,medium
cam12__frame_00008.jpg,67,422.3,208.63,426.98,215.31,high
cam12__frame_00008.jpg,68,422.23,215.26,426.91,221.94,high
cam12__frame_00008.jpg,69,426.15,219.13,438.02,225.08,medium
cam12__frame_00008.jpg,70,425.63,224.3,437.51,230.25,medium
cam12__frame_00008.jpg,71,425.63,229.89,437.5,235.84,medium
cam12__frame_00008.jpg,72,425.49,236.24,437.36,242.19,medium
cam12__frame_00008.jpg,73,427.1,241.58,436.78,246.9,high
cam12__frame_00008.jpg,74,407.53,173.94,416.13,183.84,high
cam12__frame_00008.jpg,75,412.1,183.93,420.33,203.01,high
cam12__frame_00008.jpg,76,414.47,204.26,420.08,213.86,high
cam12__frame_00008.jpg,77,416.34,213.61,420.96,219.72,high
cam12__frame_00008.jpg,78,396.2,179.2,405.83,187.44,medium
cam12__frame_00008.jpg,79,396.13,187.64,406.13,195.14,medium
cam12__frame_00008.jpg,80,395.41,193.97,410.09,210.44,low
cam12__frame_00008.jpg,81,391.03,206.88,403.37,214.36,high
cam12__frame_00008.jpg,82,397.26,211.37,413.35,221.34,low
cam12__frame_00008.jpg,83,379.4,175.64,394.33,184.8,medium
cam12__frame_00008.jpg,84,379.67,184.76,394.6,193.92,medium
cam12__frame_00008.jpg,85,379.37,193.86,394.3,203.02,medium
cam12__frame_00008.jpg,86,379.17,202.86,394.1,211.1,medium
cam12__frame_00008.jpg,87,368.28,167.46,377.72,174.32,medium
cam12__frame_00008.jpg,88,368.03,174.35,377.48,181.22,medium
cam12__frame_00008.jpg,89,368.61,181.18,378.06,188.04,medium
cam12__frame_00008.jpg,90,368.61,186.27,378.06,193.13,high
cam12__frame_00008.jpg,91,359.04,160.56,368.69,189.71,medium
cam12__frame_00008.jpg,92,350.61,166.57,358.98,187.5,medium
cam12__frame_00008.jpg,93,600.3,480.83,637.63,574.68,low
cam12__frame_00008.jpg,94,566.2,396.58,604.41,534.45,low
cam12__frame_00008.jpg,95,570.82,392.41,576.93,406.2,high
cam12__frame_00008.jpg,96,567.33,403.24,576.76,416.33,high
cam12__frame_00008.jpg,97,562.9,418.4,574.65,432.62,high
cam12__frame_00008.jpg,98,557.45,421.7,567.14,435.45,high
cam12__frame_00008.jpg,99,560.1,437.9,571.85,449.1,high
cam12__frame_00008.jpg,100,548.65,421.91,558.08,437.8,high
cam12__frame_00008.jpg,101,553.08,438.0,562.77,448.27,high
cam12__frame_00008.jpg,102,551.8,448.89,561.2,462.95,high
cam12__frame_00008.jpg,103,560.5,449.6,567.15,465.73,high
cam12__frame_00008.jpg,104,558.7,465.45,566.52,481.7,high
cam12__frame_00008.jpg,105,551.45,462.93,558.43,474.63,high
cam12__frame_00008.jpg,106,532.05,396.21,563.14,418.9,high
cam12__frame_00008.jpg,107,527.7,414.02,553.14,436.54,high
cam12__frame_00008.jpg,108,520.12,426.85,549.85,451.71,high
cam12__frame_00008.jpg,109,505.5,356.1,552.3,434.31,medium
cam12__frame_00008.jpg,110,491.31,341.15,509.0,398.01,medium
cam12__frame_00008.jpg,111,472.45,354.61,501.36,382.83,medium
cam12__frame_00008.jpg,112,481.64,331.5,494.45,354.35,medium
cam12__frame_00008.jpg,113,463.92,307.01,479.85,338.86,medium
cam12__frame_00008.jpg,114,461.84,338.81,480.88,368.92,medium
cam12__frame_00008.jpg,115,454.29,270.09,464.67,321.33,high
cam12__frame_00008.jpg,116,412.32,267.92,460.81,335.0,low
cam12__frame_00008.jpg,117,438.02,264.86,454.29,274.94,high
cam12__frame_00008.jpg,118,440.44,275.28,452.91,287.37,high
cam12__frame_00008.jpg,119,424.17,252.06,438.37,272.83,high
cam12__frame_00008.jpg,120,406.62,234.76,410.03,241.68,medium
cam12__frame_00008.jpg,121,403.3,234.7,406.57,241.63,medium
cam12__frame_00008.jpg,122,399.64,234.54,402.9,241.46,medium
cam12__frame_00008.jpg,123,397.0,232.96,399.48,240.47,high
cam12__frame_00008.jpg,124,406.82,241.71,410.23,248.64,medium
cam12__frame_00008.jpg,125,403.15,242.05,406.56,248.97,medium
cam12__frame_00008.jpg,126,399.65,241.71,403.06,248.64,medium
cam12__frame_00008.jpg,127,396.58,240.72,399.07,248.23,high
cam12__frame_00008.jpg,128,406.86,248.85,410.54,253.36,high
cam12__frame_00008.jpg,129,403.02,248.85,406.86,254.19,high
cam12__frame_00008.jpg,130,399.18,248.52,402.69,253.86,high
cam12__frame_00008.jpg,131,396.58,248.07,399.07,255.58,high
cam12__frame_00008.jpg,132,406.75,253.31,410.17,262.1,medium
cam12__frame_00008.jpg,133,403.58,254.6,406.99,262.8,medium
cam12__frame_00008.jpg,134,399.4,254.17,402.81,261.09,medium
cam12__frame_00008.jpg,135,394.83,257.92,398.09,264.84,medium
cam12__frame_00008.jpg,136,394.64,264.48,397.9,271.41,medium
cam12__frame_00008.jpg,137,387.05,245.71,391.15,254.33,medium
cam12__frame_00008.jpg,138,385.97,253.69,389.53,262.31,medium
cam12__frame_00008.jpg,139,382.96,245.28,387.05,253.04,medium
cam12__frame_00008.jpg,140,382.0,252.8,386.08,259.72,medium
cam12__frame_00008.jpg,141,358.15,208.13,377.28,262.98,low
cam12__frame_00008.jpg,142,349.46,199.63,358.35,232.66,medium
cam12__frame_00008.jpg,143,339.22,193.64,348.3,219.91,medium
cam12__frame_00008.jpg,144,558.5,593.3,615.53,639.54,high
cam12__frame_00008.jpg,145,565.73,571.64,584.17,594.47,high
cam12__frame_00008.jpg,146,560.03,540.48,598.32,571.47,high
cam12__frame_00008.jpg,147,471.71,397.89,500.35,426.54,medium
cam12__frame_00008.jpg,148,441.77,371.11,456.8,397.97,medium
cam12__frame_00008.jpg,149,434.79,362.11,444.63,391.62,medium
cam12__frame_00008.jpg,150,426.53,352.66,439.12,377.06,medium
cam12__frame_00008.jpg,151,416.37,346.09,428.97,370.49,medium
cam12__frame_00008.jpg,152,404.58,310.2,416.21,352.09,high
cam12__frame_00008.jpg,153,375.74,280.34,389.86,304.95,high
cam12__frame_00008.jpg,154,16.32,220.37,33.01,270.88,low
cam12__frame_00008.jpg,155,19.1,205.54,26.52,219.91,high
cam12__frame_00008.jpg,156,25.71,206.06,34.39,219.82,high
cam12__frame_00008.jpg,157,34.62,201.2,51.5,228.82,medium
cam12__frame_00008.jpg,158,32.59,228.5,52.9,254.5,medium
cam12__frame_00008.jpg,159,52.78,202.7,65.08,216.9,low
cam12__frame_00008.jpg,160,52.78,217.47,70.94,253.04,low
cam12__frame_00008.jpg,161,73.76,185.18,86.37,222.15,medium
cam12__frame_00008.jpg,162,77.35,171.89,94.67,185.06,medium
cam12__frame_00008.jpg,163,86.8,184.57,99.41,221.54,medium
cam12__frame_00008.jpg,164,103.68,175.48,113.85,204.8,medium
cam12__frame_00008.jpg,165,122.5,188.95,133.87,203.01,low
cam12__frame_00008.jpg,166,129.98,168.9,144.34,199.42,medium
cam12__frame_00008.jpg,167,162.05,155.0,171.03,179.19,medium
cam12__frame_00008.jpg,168,0.0,381.08,10.5,459.88,high
cam12__frame_00008.jpg,169,5.76,338.6,19.18,364.1,medium
cam12__frame_00008.jpg,170,11.13,364.91,22.94,389.34,medium
cam12__frame_00008.jpg,171,23.48,362.0,39.85,391.49,low
cam12__frame_00008.jpg,172,16.72,334.99,35.83,355.03,high
cam12__frame_00008.jpg,173,16.34,312.35,37.87,335.54,medium
cam12__frame_00008.jpg,174,34.71,334.62,49.56,357.63,medium
cam12__frame_00008.jpg,175,34.16,357.26,49.0,380.27,high
cam12__frame_00008.jpg,176,50.6,358.77,77.1,389.08,low
cam12__frame_00008.jpg,177,49.64,337.12,81.39,360.69,medium
cam12__frame_00008.jpg,178,58.28,295.84,74.05,332.39,high
cam12__frame_00008.jpg,179,40.42,277.97,65.75,302.38,high
cam12__frame_00008.jpg,180,76.46,320.33,85.2,339.4,high
cam12__frame_00008.jpg,181,74.24,288.42,85.18,319.96,high
cam12__frame_00008.jpg,182,73.0,255.38,86.44,286.15,medium
cam12__frame_00008.jpg,183,87.25,247.07,98.65,263.16,high
cam12__frame_00008.jpg,184,87.99,262.36,108.94,294.16,medium
cam12__frame_00008.jpg,185,98.65,240.14,109.16,261.15,high
cam12__frame_00008.jpg,186,110.27,251.76,117.87,292.66,high
cam12__frame_00008.jpg,187,109.38,222.04,117.65,251.32,high
cam12__frame_00008.jpg,188,119.88,222.49,132.62,256.9,medium
cam12__frame_00008.jpg,189,120.33,256.68,132.85,271.65,medium
cam12__frame_00008.jpg,190,133.43,202.91,145.3,214.29,high
cam12__frame_00008.jpg,191,128.51,215.84,147.91,226.7,high
cam12__frame_00008.jpg,192,132.39,226.7,149.46,255.92,medium
cam12__frame_00008.jpg,193,150.49,220.75,158.25,259.02,high
cam12__frame_00008.jpg,194,158.77,193.6,167.56,233.42,medium
cam12__frame_00008.jpg,195,0.0,597.27,23.23,638.98,high
cam12__frame_00008.jpg,196,0.0,537.96,35.74,572.71,medium
cam12__frame_00008.jpg,197,0.98,499.0,21.84,539.34,high
cam12__frame_00008.jpg,198,14.39,487.81,40.06,542.3,medium
cam12__frame_00008.jpg,199,26.63,478.74,52.31,533.23,low
cam12__frame_00008.jpg,200,19.98,474.0,33.89,487.44,high
cam12__frame_00008.jpg,201,47.79,460.1,69.57,492.08,low
cam12__frame_00008.jpg,202,33.44,449.9,48.27,478.66,medium
cam12__frame_00008.jpg,203,46.86,433.2,61.69,461.95,medium
cam12__frame_00008.jpg,204,70.5,416.54,84.4,448.51,medium
cam12__frame_00008.jpg,205,64.94,398.46,76.52,418.39,high
cam12__frame_00008.jpg,206,82.55,391.51,91.81,424.88,medium
cam12__frame_00008.jpg,207,84.4,381.78,100.16,410.51,medium
cam12__frame_00008.jpg,208,80.69,363.71,96.45,379.0,medium
cam12__frame_00008.jpg,209,103.89,345.64,113.15,379.01,medium
cam12__frame_00008.jpg,210,90.01,347.95,102.98,360.46,high
cam12__frame_00008.jpg,211,109.45,326.18,118.72,359.55,high
cam12__frame_00008.jpg,212,123.35,307.64,132.62,341.01,medium
cam12__frame_00008.jpg,213,133.57,289.09,153.03,326.63,medium
cam12__frame_00008.jpg,214,139.08,280.29,160.86,309.49,high
cam12__frame_00008.jpg,215,149.28,266.39,161.33,282.14,high
cam12__frame_00008.jpg,216,158.55,246.0,170.13,275.19,high
cam12__frame_00008.jpg,217,169.21,243.68,186.35,262.68,high
cam12__frame_00008.jpg,218,181.26,220.04,199.79,236.73,high
cam12__frame_00008.jpg,219,38.7,507.8,122.4,640.0,low
cam12__frame_00008.jpg,220,112.18,606.0,169.55,640.0,low
cam12__frame_00008.jpg,221,124.43,583.9,175.0,605.53,medium
cam12__frame_00008.jpg,222,195.7,476.44,266.15,639.51,low
cam12__frame_00008.jpg,223,273.04,540.0,308.02,632.6,low
cam12__frame_00008.jpg,224,288.83,566.09,324.74,640.0,medium
cam12__frame_00008.jpg,225,270.09,606.93,297.67,640.0,high
cam12__frame_00008.jpg,226,317.87,590.48,351.63,640.0,medium
cam12__frame_00008.jpg,227,345.46,582.8,429.69,640.0,medium
cam12__frame_00008.jpg,228,484.31,418.02,575.96,537.77,low
cam12__frame_00008.jpg,229,446.86,417.05,541.58,538.78,low
cam12__frame_00008.jpg,230,317.87,434.6,421.8,587.77,low
cam12__frame_00008.jpg,231,121.19,480.02,205.59,598.06,low
cam12__frame_00008.jpg,232,69.2,465.17,139.72,524.52,medium
cam12__frame_00008.jpg,233,100.94,445.12,150.4,468.2,medium
cam12__frame_00008.jpg,234,109.51,415.44,157.66,445.78,medium
cam12__frame_00008.jpg,235,118.09,396.32,159.63,420.06,medium
cam12__frame_00008.jpg,236,126.0,371.26,162.93,398.95,medium
cam12__frame_00008.jpg,237,137.93,357.42,173.26,376.8,medium
cam12__frame_00008.jpg,238,141.35,340.32,176.69,359.7,medium
cam12__frame_00008.jpg,239,145.34,328.4,180.67,343.17,medium
cam12__frame_00008.jpg,240,159.69,311.05,180.91,327.87,high
cam12__frame_00008.jpg,241,182.8,255.89,232.5,344.81,low
cam12__frame_00008.jpg,242,178.96,344.88,224.56,396.75,medium
cam12__frame_00008.jpg,243,163.58,391.62,198.34,446.9,medium
cam12__frame_00008.jpg,244,198.34,392.76,234.25,458.3,medium
cam12__frame_00008.jpg,245,172.12,448.04,202.9,510.74,high
cam12__frame_00008.jpg,246,237.67,364.8,328.87,553.49,low
cam12__frame_00008.jpg,247,228.18,378.74,260.22,392.75,medium
cam12__frame_00008.jpg,248,226.99,364.51,259.04,378.53,medium
cam12__frame_00008.jpg,249,227.38,331.07,260.62,366.72,low
cam12__frame_00008.jpg,250,263.42,348.3,277.44,365.52,high
cam12__frame_00008.jpg,251,261.42,319.46,279.04,347.89,low
cam12__frame_00008.jpg,252,231.3,268.71,258.54,326.79,medium
cam12__frame_00008.jpg,253,257.11,293.03,276.52,320.95,high
cam12__frame_00008.jpg,254,255.75,277.71,277.88,293.71,high
cam12__frame_00008.jpg,255,247.23,262.08,278.22,277.71,medium
cam12__frame_00008.jpg,256,243.5,230.72,273.11,262.08,low
cam12__frame_00008.jpg,257,217.85,244.68,244.51,268.91,high
cam12__frame_00008.jpg,258,198.82,229.8,214.05,241.22,high
cam12__frame_00008.jpg,259,216.82,222.18,232.74,246.41,medium
cam12__frame_00008.jpg,260,234.12,221.14,248.32,245.03,medium
cam12__frame_00008.jpg,261,218.89,189.3,251.43,220.8,medium
cam12__frame_00008.jpg,262,252.73,201.9,275.16,225.93,medium
cam12__frame_00008.jpg,263,273.96,199.9,300.79,225.53,medium
cam12__frame_00008.jpg,264,300.4,202.72,324.73,229.32,medium
cam12__frame_00008.jpg,265,325.11,173.67,334.54,197.62,medium
cam12__frame_00008.jpg,266,324.92,198.0,334.92,228.56,medium
cam12__frame_00008.jpg,267,303.01,228.07,339.71,244.68,medium
cam12__frame_00008.jpg,268,276.01,223.91,298.17,272.38,medium
cam12__frame_00008.jpg,269,283.0,246.22,308.28,301.84,medium
cam12__frame_00008.jpg,270,330.71,256.45,372.25,278.26,high
cam12__frame_00008.jpg,271,333.82,268.57,375.36,305.61,medium
cam12__frame_00008.jpg,272,293.74,268.96,332.3,364.94,medium
cam12__frame_00008.jpg,273,340.32,305.04,399.2,349.5,medium
cam12__frame_00008.jpg,274,307.48,318.66,366.36,437.21,low
cam12__frame_00008.jpg,275,369.56,393.16,421.23,417.99,high
cam12__frame_00008.jpg,276,378.38,402.0,438.86,430.0,medium
cam12__frame_00008.jpg,277,427.2,397.2,466.89,426.0,medium
cam12__frame_00008.jpg,278,440.63,590.42,496.0,640.0,medium
cam12__frame_00008.jpg,279,497.88,592.29,537.3,640.0,medium
cam12__frame_00009.jpg,0,609.2,238.66,640.0,271.89,medium
cam12__frame_00009.jpg,1,573.59,173.19,618.82,194.01,low
cam12__frame_00009.jpg,2,572.05,181.52,617.27,202.34,low
cam12__frame_00009.jpg,3,608.86,200.79,616.94,206.18,high
cam12__frame_00009.jpg,4,608.41,205.87,616.49,211.26,high
cam12__frame_00009.jpg,5,608.11,211.55,616.19,216.94,high
cam12__frame_00009.jpg,6,607.81,217.54,615.89,222.92,high
cam12__frame_00009.jpg,7,607.81,223.22,615.89,228.61,high
cam12__frame_00009.jpg,8,607.21,229.21,615.29,234.59,high
cam12__frame_00009.jpg,9,607.81,234.89,615.89,240.28,high
cam12__frame_00009.jpg,10,562.8,187.08,609.75,207.89,low
cam12__frame_00009.jpg,11,559.62,195.16,608.86,217.2,low
cam12__frame_00009.jpg,12,557.83,203.53,607.25,225.64,low
cam12__frame_00009.jpg,13,555.73,212.21,605.44,234.39,low
cam12__frame_00009.jpg,14,554.38,220.81,604.09,242.99,low
cam12__frame_00009.jpg,15,555.31,229.48,604.1,248.63,low
cam12__frame_00009.jpg,16,533.03,160.58,574.34,185.34,medium
cam12__frame_00009.jpg,17,530.7,169.38,566.99,191.92,medium
cam12__frame_00009.jpg,18,530.07,179.38,563.58,200.68,medium
cam12__frame_00009.jpg,19,529.02,189.39,561.29,209.77,medium
cam12__frame_00009.jpg,20,527.82,197.61,558.9,217.11,medium
cam12__frame_00009.jpg,21,528.09,206.46,559.49,226.2,medium
cam12__frame_00009.jpg,22,484.48,163.69,530.67,191.43,low
cam12__frame_00009.jpg,23,481.86,169.81,527.62,196.65,medium
cam12__frame_00009.jpg,24,479.93,175.9,525.14,201.62,medium
cam12__frame_00009.jpg,25,479.49,181.27,524.71,207.02,medium
cam12__frame_00009.jpg,26,477.56,186.1,522.78,211.85,medium
cam12__frame_00009.jpg,27,471.65,184.77,479.59,192.7,high
cam12__frame_00009.jpg,28,465.59,182.6,471.36,193.71,high
cam12__frame_00009.jpg,29,452.6,175.25,458.66,182.6,high
cam12__frame_00009.jpg,30,445.39,174.09,452.32,182.6,high
cam12__frame_00009.jpg,31,587.4,349.7,632.2,389.89,low
cam12__frame_00009.jpg,32,564.86,345.27,609.74,362.15,medium
cam12__frame_00009.jpg,33,565.03,328.45,609.9,345.33,medium
cam12__frame_00009.jpg,34,564.5,312.4,609.37,329.28,low
cam12__frame_00009.jpg,35,553.58,272.99,600.54,322.37,low
cam12__frame_00009.jpg,36,547.12,277.08,559.94,295.1,high
cam12__frame_00009.jpg,37,532.79,292.79,558.3,318.3,high
cam12__frame_00009.jpg,38,520.93,259.17,543.04,271.13,high
cam12__frame_00009.jpg,39,512.75,272.73,530.76,290.66,medium
cam12__frame_00009.jpg,40,510.72,283.27,529.62,302.1,medium
cam12__frame_00009.jpg,41,509.8,295.23,529.49,314.83,medium
cam12__frame_00009.jpg,42,507.16,283.7,514.91,298.06,high
cam12__frame_00009.jpg,43,471.91,201.32,491.16,211.53,medium
cam12__frame_00009.jpg,44,472.05,210.12,491.45,221.48,medium
cam12__frame_00009.jpg,45,471.69,220.42,490.96,231.11,medium
cam12__frame_00009.jpg,46,472.17,230.2,490.72,241.17,medium
cam12__frame_00009.jpg,47,484.46,241.17,489.15,274.25,medium
cam12__frame_00009.jpg,48,479.2,241.16,483.89,274.24,medium
cam12__frame_00009.jpg,49,465.1,240.71,479.2,273.79,medium
cam12__frame_00009.jpg,50,464.1,226.18,470.55,236.8,high
cam12__frame_00009.jpg,51,465.0,214.78,471.55,225.9,high
cam12__frame_00009.jpg,52,465.0,205.4,471.27,214.6,high
cam12__frame_00009.jpg,53,465.91,196.25,471.5,205.19,high
cam12__frame_00009.jpg,54,440.34,199.86,457.69,211.75,low
cam12__frame_00009.jpg,55,438.6,213.93,456.23,221.1,medium
cam12__frame_00009.jpg,56,438.26,221.29,455.9,228.46,medium
cam12__frame_00009.jpg,57,437.59,228.0,455.23,235.17,medium
cam12__frame_00009.jpg,58,437.37,234.92,455.0,242.1,medium
cam12__frame_00009.jpg,59,437.14,241.85,454.78,249.03,medium
cam12__frame_00009.jpg,60,437.14,246.32,454.78,253.5,high
cam12__frame_00009.jpg,61,424.73,178.42,439.92,189.27,low
cam12__frame_00009.jpg,62,424.39,189.44,441.59,196.12,medium
cam12__frame_00009.jpg,63,423.81,196.28,441.0,202.96,medium
cam12__frame_00009.jpg,64,422.47,202.96,439.67,209.64,high
cam12__frame_00009.jpg,65,427.2,207.62,439.07,213.56,medium
cam12__frame_00009.jpg,66,426.15,213.18,438.02,219.13,medium
cam12__frame_00009.jpg,67,422.3,208.63,426.98,215.31,high
cam12__frame_00009.jpg,68,422.23,215.26,426.91,221.94,high
cam12__frame_00009.jpg,69,426.15,219.13,438.02,225.08,medium
cam12__frame_00009.jpg,70,425.63,224.3,437.51,230.25,medium
cam12__frame_00009.jpg,71,425.63,229.89,437.5,235.84,medium
cam12__frame_00009.jpg,72,425.49,236.24,437.36,242.19,medium
cam12__frame_00009.jpg,73,427.1,241.58,436.78,246.9,high
cam12__frame_00009.jpg,74,407.53,173.94,416.13,183.84,high
cam12__frame_00009.jpg,75,412.1,183.93,420.33,203.01,high
cam12__frame_00009.jpg,76,414.47,204.26,420.08,213.86,high
cam12__frame_00009.jpg,77,416.34,213.61,420.96,219.72,high
cam12__frame_00009.jpg,78,396.2,179.2,405.83,187.44,medium
cam12__frame_00009.jpg,79,396.13,187.64,406.13,195.14,medium
cam12__frame_00009.jpg,80,395.41,193.97,410.09,210.44,low
cam12__frame_00009.jpg,81,391.03,206.88,403.37,214.36,high
cam12__frame_00009.jpg,82,397.26,211.37,413.35,221.34,low
cam12__frame_00009.jpg,83,379.4,175.64,394.33,184.8,medium
cam12__frame_00009.jpg,84,379.67,184.76,394.6,193.92,medium
cam12__frame_00009.jpg,85,379.37,193.86,394.3,203.02,medium
cam12__frame_00009.jpg,86,379.17,202.86,394.1,211.1,medium
cam12__frame_00009.jpg,87,368.28,167.46,377.72,174.32,medium
cam12__frame_00009.jpg,88,368.03,174.35,377.48,181.22,medium
cam12__frame_00009.jpg,89,368.61,181.18,378.06,188.04,medium
cam12__frame_00009.jpg,90,368.61,186.27,378.06,193.13,high
cam12__frame_00009.jpg,91,359.04,160.56,368.69,189.71,medium
cam12__frame_00009.jpg,92,350.61,166.57,358.98,187.5,medium
cam12__frame_00009.jpg,93,600.3,480.83,637.63,574.68,low
cam12__frame_00009.jpg,94,566.2,396.58,604.41,534.45,low
cam12__frame_00009.jpg,95,570.82,392.41,576.93,406.2,high
cam12__frame_00009.jpg,96,567.33,403.24,576.76,416.33,high
cam12__frame_00009.jpg,97,562.9,418.4,574.65,432.62,high
cam12__frame_00009.jpg,98,557.45,421.7,567.14,435.45,high
cam12__frame_00009.jpg,99,560.1,437.9,571.85,449.1,high
cam12__frame_00009.jpg,100,548.65,421.91,558.08,437.8,high
cam12__frame_00009.jpg,101,553.08,438.0,562.77,448.27,high
cam12__frame_00009.jpg,102,551.8,448.89,561.2,462.95,high
cam12__frame_00009.jpg,103,560.5,449.6,567.15,465.73,high
cam12__frame_00009.jpg,104,558.7,465.45,566.52,481.7,high
cam12__frame_00009.jpg,105,551.45,462.93,558.43,474.63,high
cam12__frame_00009.jpg,106,532.05,396.21,563.14,418.9,high
cam12__frame_00009.jpg,107,527.7,414.02,553.14,436.54,high
cam12__frame_00009.jpg,108,520.12,426.85,549.85,451.71,high
cam12__frame_00009.jpg,109,505.5,356.1,552.3,434.31,medium
cam12__frame_00009.jpg,110,491.31,341.15,509.0,398.01,medium
cam12__frame_00009.jpg,111,472.45,354.61,501.36,382.83,medium
cam12__frame_00009.jpg,112,481.64,331.5,494.45,354.35,medium
cam12__frame_00009.jpg,113,463.92,307.01,479.85,338.86,medium
cam12__frame_00009.jpg,114,461.84,338.81,480.88,368.92,medium
cam12__frame_00009.jpg,115,454.29,270.09,464.67,321.33,high
cam12__frame_00009.jpg,116,412.32,267.92,460.81,335.0,low
cam12__frame_00009.jpg,117,438.02,264.86,454.29,274.94,high
cam12__frame_00009.jpg,118,440.44,275.28,452.91,287.37,high
cam12__frame_00009.jpg,119,424.17,252.06,438.37,272.83,high
cam12__frame_00009.jpg,120,406.62,234.76,410.03,241.68,medium
cam12__frame_00009.jpg,121,403.3,234.7,406.57,241.63,medium
cam12__frame_00009.jpg,122,399.64,234.54,402.9,241.46,medium
cam12__frame_00009.jpg,123,397.0,232.96,399.48,240.47,high
cam12__frame_00009.jpg,124,406.82,241.71,410.23,248.64,medium
cam12__frame_00009.jpg,125,403.15,242.05,406.56,248.97,medium
cam12__frame_00009.jpg,126,399.65,241.71,403.06,248.64,medium
cam12__frame_00009.jpg,127,396.58,240.72,399.07,248.23,high
cam12__frame_00009.jpg,128,406.86,248.85,410.54,253.36,high
cam12__frame_00009.jpg,129,403.02,248.85,406.86,254.19,high
cam12__frame_00009.jpg,130,399.18,248.52,402.69,253.86,high
cam12__frame_00009.jpg,131,396.58,248.07,399.07,255.58,high
cam12__frame_00009.jpg,132,406.75,253.31,410.17,262.1,medium
cam12__frame_00009.jpg,133,403.58,254.6,406.99,262.8,medium
cam12__frame_00009.jpg,134,399.4,254.17,402.81,261.09,medium
cam12__frame_00009.jpg,135,394.83,257.92,398.09,264.84,medium
cam12__frame_00009.jpg,136,394.64,264.48,397.9,271.41,medium
cam12__frame_00009.jpg,137,387.05,245.71,391.15,254.33,medium
cam12__frame_00009.jpg,138,385.97,253.69,389.53,262.31,medium
cam12__frame_00009.jpg,139,382.96,245.28,387.05,253.04,medium
cam12__frame_00009.jpg,140,382.0,252.8,386.08,259.72,medium
cam12__frame_00009.jpg,141,358.15,208.13,377.28,262.98,low
cam12__frame_00009.jpg,142,349.46,199.63,358.35,232.66,medium
cam12__frame_00009.jpg,143,339.22,193.64,348.3,219.91,medium
cam12__frame_00009.jpg,144,558.5,593.3,615.53,639.54,high
cam12__frame_00009.jpg,145,565.73,571.64,584.17,594.47,high
cam12__frame_00009.jpg,146,560.03,540.48,598.32,571.47,high
cam12__frame_00009.jpg,147,471.71,397.89,500.35,426.54,medium
cam12__frame_00009.jpg,148,441.77,371.11,456.8,397.97,medium
cam12__frame_00009.jpg,149,434.79,362.11,444.63,391.62,medium
cam12__frame_00009.jpg,150,426.53,352.66,439.12,377.06,medium
cam12__frame_00009.jpg,151,416.37,346.09,428.97,370.49,medium
cam12__frame_00009.jpg,152,404.58,310.2,416.21,352.09,high
cam12__frame_00009.jpg,153,375.74,280.34,389.86,304.95,high
cam12__frame_00009.jpg,154,16.32,220.37,33.01,270.88,low
cam12__frame_00009.jpg,155,19.1,205.54,26.52,219.91,high
cam12__frame_00009.jpg,156,25.71,206.06,34.39,219.82,high
cam12__frame_00009.jpg,157,34.62,201.2,51.5,228.82,medium
cam12__frame_00009.jpg,158,32.59,228.5,52.9,254.5,medium
cam12__frame_00009.jpg,159,52.78,202.7,65.08,216.9,low
cam12__frame_00009.jpg,160,52.78,217.47,70.94,253.04,low
cam12__frame_00009.jpg,161,73.76,185.18,86.37,222.15,medium
cam12__frame_00009.jpg,162,77.35,171.89,94.67,185.06,medium
cam12__frame_00009.jpg,163,86.8,184.57,99.41,221.54,medium
cam12__frame_00009.jpg,164,103.68,175.48,113.85,204.8,medium
cam12__frame_00009.jpg,165,122.5,188.95,133.87,203.01,low
cam12__frame_00009.jpg,166,129.98,168.9,144.34,199.42,medium
cam12__frame_00009.jpg,167,162.05,155.0,171.03,179.19,medium
cam12__frame_00009.jpg,168,0.0,381.08,10.5,459.88,high
cam12__frame_00009.jpg,169,5.76,338.6,19.18,364.1,medium
cam12__frame_00009.jpg,170,11.13,364.91,22.94,389.34,medium
cam12__frame_00009.jpg,171,23.48,362.0,39.85,391.49,low
cam12__frame_00009.jpg,172,16.72,334.99,35.83,355.03,high
cam12__frame_00009.jpg,173,16.34,312.35,37.87,335.54,medium
cam12__frame_00009.jpg,174,34.71,334.62,49.56,357.63,medium
cam12__frame_00009.jpg,175,34.16,357.26,49.0,380.27,high
cam12__frame_00009.jpg,176,50.6,358.77,77.1,389.08,low
cam12__frame_00009.jpg,177,49.64,337.12,81.39,360.69,medium
cam12__frame_00009.jpg,178,58.28,295.84,74.05,332.39,high
cam12__frame_00009.jpg,179,40.42,277.97,65.75,302.38,high
cam12__frame_00009.jpg,180,76.46,320.33,85.2,339.4,high
cam12__frame_00009.jpg,181,74.24,288.42,85.18,319.96,high
cam12__frame_00009.jpg,182,73.0,255.38,86.44,286.15,medium
cam12__frame_00009.jpg,183,87.25,247.07,98.65,263.16,high
cam12__frame_00009.jpg,184,87.99,262.36,108.94,294.16,medium
cam12__frame_00009.jpg,185,98.65,240.14,109.16,261.15,high
cam12__frame_00009.jpg,186,110.27,251.76,117.87,292.66,high
cam12__frame_00009.jpg,187,109.38,222.04,117.65,251.32,high
cam12__frame_00009.jpg,188,119.88,222.49,132.62,256.9,medium
cam12__frame_00009.jpg,189,120.33,256.68,132.85,271.65,medium
cam12__frame_00009.jpg,190,133.43,202.91,145.3,214.29,high
cam12__frame_00009.jpg,191,128.51,215.84,147.91,226.7,high
cam12__frame_00009.jpg,192,132.39,226.7,149.46,255.92,medium
cam12__frame_00009.jpg,193,150.49,220.75,158.25,259.02,high
cam12__frame_00009.jpg,194,158.77,193.6,167.56,233.42,medium
cam12__frame_00009.jpg,195,176.76,179.81,195.11,200.58,medium
cam12__frame_00009.jpg,196,185.76,176.0,201.0,196.43,high
cam12__frame_00009.jpg,197,0.0,597.27,23.23,638.98,high
cam12__frame_00009.jpg,198,0.0,537.96,35.74,572.71,medium
cam12__frame_00009.jpg,199,0.98,499.0,21.84,539.34,high
cam12__frame_00009.jpg,200,14.39,487.81,40.06,542.3,medium
cam12__frame_00009.jpg,201,26.63,478.74,52.31,533.23,low
cam12__frame_00009.jpg,202,19.98,474.0,33.89,487.44,high
cam12__frame_00009.jpg,203,47.79,460.1,69.57,492.08,low
cam12__frame_00009.jpg,204,33.44,449.9,48.27,478.66,medium
cam12__frame_00009.jpg,205,46.86,433.2,61.69,461.95,medium
cam12__frame_00009.jpg,206,70.5,416.54,84.4,448.51,medium
cam12__frame_00009.jpg,207,64.94,398.46,76.52,418.39,high
cam12__frame_00009.jpg,208,82.55,391.51,91.81,424.88,medium
cam12__frame_00009.jpg,209,84.4,381.78,100.16,410.51,medium
cam12__frame_00009.jpg,210,80.69,363.71,96.45,379.0,medium
cam12__frame_00009.jpg,211,103.89,345.64,113.15,379.01,medium
cam12__frame_00009.jpg,212,90.01,347.95,102.98,360.46,high
cam12__frame_00009.jpg,213,109.45,326.18,118.72,359.55,high
cam12__frame_00009.jpg,214,123.35,307.64,132.62,341.01,medium
cam12__frame_00009.jpg,215,133.57,289.09,153.03,326.63,medium
cam12__frame_00009.jpg,216,139.08,280.29,160.86,309.49,high
cam12__frame_00009.jpg,217,149.28,266.39,161.33,282.14,high
cam12__frame_00009.jpg,218,158.55,246.0,170.13,275.19,high
cam12__frame_00009.jpg,219,169.21,243.68,186.35,262.68,high
cam12__frame_00009.jpg,220,181.26,220.04,199.79,236.73,high
cam12__frame_00009.jpg,221,38.7,507.8,122.4,640.0,low
cam12__frame_00009.jpg,222,112.18,606.0,169.55,640.0,low
cam12__frame_00009.jpg,223,124.43,583.9,175.0,605.53,medium
cam12__frame_00009.jpg,224,195.7,476.44,266.15,639.51,low
cam12__frame_00009.jpg,225,273.04,540.0,308.02,632.6,low
cam12__frame_00009.jpg,226,288.83,566.09,324.74,640.0,medium
cam12__frame_00009.jpg,227,270.09,606.93,297.67,640.0,high
cam12__frame_00009.jpg,228,317.87,590.48,351.63,640.0,medium
cam12__frame_00009.jpg,229,345.46,582.8,429.69,640.0,medium
cam12__frame_00009.jpg,230,484.31,418.02,575.96,537.77,low
cam12__frame_00009.jpg,231,446.86,417.05,541.58,538.78,low
cam12__frame_00009.jpg,232,317.87,434.6,421.8,587.77,low
cam12__frame_00009.jpg,233,121.19,480.02,205.59,598.06,low
cam12__frame_00009.jpg,234,69.2,465.17,139.72,524.52,medium
cam12__frame_00009.jpg,235,100.94,445.12,150.4,468.2,medium
cam12__frame_00009.jpg,236,109.51,415.44,157.66,445.78,medium
cam12__frame_00009.jpg,237,118.09,396.32,159.63,420.06,medium
cam12__frame_00009.jpg,238,126.0,371.26,162.93,398.95,medium
cam12__frame_00009.jpg,239,137.93,357.42,173.26,376.8,medium
cam12__frame_00009.jpg,240,141.35,340.32,176.69,359.7,medium
cam12__frame_00009.jpg,241,145.34,328.4,180.67,343.17,medium
cam12__frame_00009.jpg,242,159.69,311.05,180.91,327.87,high
cam12__frame_00009.jpg,243,182.8,255.89,232.5,344.81,low
cam12__frame_00009.jpg,244,178.96,344.88,224.56,396.75,medium
cam12__frame_00009.jpg,245,163.58,391.62,198.34,446.9,medium
cam12__frame_00009.jpg,246,198.34,392.76,234.25,458.3,medium
cam12__frame_00009.jpg,247,172.12,448.04,202.9,510.74,high
cam12__frame_00009.jpg,248,237.67,364.8,328.87,553.49,low
cam12__frame_00009.jpg,249,228.18,378.74,260.22,392.75,medium
cam12__frame_00009.jpg,250,226.99,364.51,259.04,378.53,medium
cam12__frame_00009.jpg,251,227.38,331.07,260.62,366.72,low
cam12__frame_00009.jpg,252,263.42,348.3,277.44,365.52,high
cam12__frame_00009.jpg,253,261.42,319.46,279.04,347.89,low
cam12__frame_00009.jpg,254,231.3,268.71,258.54,326.79,medium
cam12__frame_00009.jpg,255,257.11,293.03,276.52,320.95,high
cam12__frame_00009.jpg,256,255.75,277.71,277.88,293.71,high
cam12__frame_00009.jpg,257,247.23,262.08,278.22,277.71,medium
cam12__frame_00009.jpg,258,243.5,230.72,273.11,262.08,low
cam12__frame_00009.jpg,259,217.85,244.68,244.51,268.91,high
cam12__frame_00009.jpg,260,198.82,229.8,214.05,241.22,high
cam12__frame_00009.jpg,261,216.82,222.18,232.74,246.41,medium
cam12__frame_00009.jpg,262,234.12,221.14,248.32,245.03,medium
cam12__frame_00009.jpg,263,218.89,189.3,251.43,220.8,medium
cam12__frame_00009.jpg,264,252.73,201.9,275.16,225.93,medium
cam12__frame_00009.jpg,265,273.96,199.9,300.79,225.53,medium
cam12__frame_00009.jpg,266,300.4,202.72,324.73,229.32,medium
cam12__frame_00009.jpg,267,325.11,173.67,334.54,197.62,medium
cam12__frame_00009.jpg,268,324.92,198.0,334.92,228.56,medium
cam12__frame_00009.jpg,269,303.01,228.07,339.71,244.68,medium
cam12__frame_00009.jpg,270,276.01,223.91,298.17,272.38,medium
cam12__frame_00009.jpg,271,283.0,246.22,308.28,301.84,medium
cam12__frame_00009.jpg,272,330.71,256.45,372.25,278.26,high
cam12__frame_00009.jpg,273,333.82,268.57,375.36,305.61,medium
cam12__frame_00009.jpg,274,293.74,268.96,332.3,364.94,medium
cam12__frame_00009.jpg,275,340.32,305.04,399.2,349.5,medium
cam12__frame_00009.jpg,276,307.48,318.66,366.36,437.21,low
cam12__frame_00009.jpg,277,369.56,393.16,421.23,417.99,high
cam12__frame_00009.jpg,278,378.38,402.0,438.86,430.0,medium
cam12__frame_00009.jpg,279,427.2,397.2,466.89,426.0,medium
cam12__frame_00009.jpg,280,440.63,590.42,496.0,640.0,medium
cam12__frame_00009.jpg,281,497.88,592.29,537.3,640.0,medium
cam12__frame_00009.jpg,282,449.83,251.36,470.92,264.39,medium
cam12__frame_00010.jpg,0,609.2,238.66,640.0,271.89,medium
cam12__frame_00010.jpg,1,573.59,173.19,618.82,194.01,low
cam12__frame_00010.jpg,2,572.05,181.52,617.27,202.34,low
cam12__frame_00010.jpg,3,608.86,200.79,616.94,206.18,high
cam12__frame_00010.jpg,4,608.41,205.87,616.49,211.26,high
cam12__frame_00010.jpg,5,608.11,211.55,616.19,216.94,high
cam12__frame_00010.jpg,6,607.81,217.54,615.89,222.92,high
cam12__frame_00010.jpg,7,607.81,223.22,615.89,228.61,high
cam12__frame_00010.jpg,8,607.21,229.21,615.29,234.59,high
cam12__frame_00010.jpg,9,607.81,234.89,615.89,240.28,high
cam12__frame_00010.jpg,10,562.8,187.08,609.75,207.89,low
cam12__frame_00010.jpg,11,559.62,195.16,608.86,217.2,low
cam12__frame_00010.jpg,12,557.83,203.53,607.25,225.64,low
cam12__frame_00010.jpg,13,555.73,212.21,605.44,234.39,low
cam12__frame_00010.jpg,14,554.38,220.81,604.09,242.99,low
cam12__frame_00010.jpg,15,555.31,229.48,604.1,248.63,low
cam12__frame_00010.jpg,16,533.03,160.58,574.34,185.34,medium
cam12__frame_00010.jpg,17,530.7,169.38,566.99,191.92,medium
cam12__frame_00010.jpg,18,530.07,179.38,563.58,200.68,medium
cam12__frame_00010.jpg,19,529.02,189.39,561.29,209.77,medium
cam12__frame_00010.jpg,20,527.82,197.61,558.9,217.11,medium
cam12__frame_00010.jpg,21,528.09,206.46,559.49,226.2,medium
cam12__frame_00010.jpg,22,484.48,163.69,530.67,191.43,low
cam12__frame_00010.jpg,23,481.86,169.81,527.62,196.65,medium
cam12__frame_00010.jpg,24,479.93,175.9,525.14,201.62,medium
cam12__frame_00010.jpg,25,479.49,181.27,524.71,207.02,medium
cam12__frame_00010.jpg,26,477.56,186.1,522.78,211.85,medium
cam12__frame_00010.jpg,27,471.65,184.77,479.59,192.7,high
cam12__frame_00010.jpg,28,465.59,182.6,471.36,193.71,high
cam12__frame_00010.jpg,29,452.6,175.25,458.66,182.6,high
cam12__frame_00010.jpg,30,445.39,174.09,452.32,182.6,high
cam12__frame_00010.jpg,31,587.4,349.7,632.2,389.89,low
cam12__frame_00010.jpg,32,564.86,345.27,609.74,362.15,medium
cam12__frame_00010.jpg,33,565.03,328.45,609.9,345.33,medium
cam12__frame_00010.jpg,34,564.5,312.4,609.37,329.28,low
cam12__frame_00010.jpg,35,553.58,272.99,600.54,322.37,low
cam12__frame_00010.jpg,36,547.12,277.08,559.94,295.1,high
cam12__frame_00010.jpg,37,532.79,292.79,558.3,318.3,high
cam12__frame_00010.jpg,38,520.93,259.17,543.04,271.13,high
cam12__frame_00010.jpg,39,512.75,272.73,530.76,290.66,medium
cam12__frame_00010.jpg,40,510.72,283.27,529.62,302.1,medium
cam12__frame_00010.jpg,41,509.8,295.23,529.49,314.83,medium
cam12__frame_00010.jpg,42,507.16,283.7,514.91,298.06,high
cam12__frame_00010.jpg,43,471.91,201.32,491.16,211.53,medium
cam12__frame_00010.jpg,44,472.05,210.12,491.45,221.48,medium
cam12__frame_00010.jpg,45,471.69,220.42,490.96,231.11,medium
cam12__frame_00010.jpg,46,472.17,230.2,490.72,241.17,medium
cam12__frame_00010.jpg,47,484.46,241.17,489.15,274.25,medium
cam12__frame_00010.jpg,48,479.2,241.16,483.89,274.24,medium
cam12__frame_00010.jpg,49,465.1,240.71,479.2,273.79,medium
cam12__frame_00010.jpg,50,464.1,226.18,470.55,236.8,high
cam12__frame_00010.jpg,51,465.0,214.78,471.55,225.9,high
cam12__frame_00010.jpg,52,465.0,205.4,471.27,214.6,high
cam12__frame_00010.jpg,53,465.91,196.25,471.5,205.19,high
cam12__frame_00010.jpg,54,440.34,199.86,457.69,211.75,low
cam12__frame_00010.jpg,55,438.6,213.93,456.23,221.1,medium
cam12__frame_00010.jpg,56,438.26,221.29,455.9,228.46,medium
cam12__frame_00010.jpg,57,437.59,228.0,455.23,235.17,medium
cam12__frame_00010.jpg,58,437.37,234.92,455.0,242.1,medium
cam12__frame_00010.jpg,59,437.14,241.85,454.78,249.03,medium
cam12__frame_00010.jpg,60,437.14,246.32,454.78,253.5,high
cam12__frame_00010.jpg,61,424.73,178.42,439.92,189.27,low
cam12__frame_00010.jpg,62,424.39,189.44,441.59,196.12,medium
cam12__frame_00010.jpg,63,423.81,196.28,441.0,202.96,medium
cam12__frame_00010.jpg,64,422.47,202.96,439.67,209.64,high
cam12__frame_00010.jpg,65,427.2,207.62,439.07,213.56,medium
cam12__frame_00010.jpg,66,426.15,213.18,438.02,219.13,medium
cam12__frame_00010.jpg,67,422.3,208.63,426.98,215.31,high
cam12__frame_00010.jpg,68,422.23,215.26,426.91,221.94,high
cam12__frame_00010.jpg,69,426.15,219.13,438.02,225.08,medium
cam12__frame_00010.jpg,70,425.63,224.3,437.51,230.25,medium
cam12__frame_00010.jpg,71,425.63,229.89,437.5,235.84,medium
cam12__frame_00010.jpg,72,425.49,236.24,437.36,242.19,medium
cam12__frame_00010.jpg,73,427.1,241.58,436.78,246.9,high
cam12__frame_00010.jpg,74,407.53,173.94,416.13,183.84,high
cam12__frame_00010.jpg,75,412.1,183.93,420.33,203.01,high
cam12__frame_00010.jpg,76,414.47,204.26,420.08,213.86,high
cam12__frame_00010.jpg,77,416.34,213.61,420.96,219.72,high
cam12__frame_00010.jpg,78,396.2,179.2,405.83,187.44,medium
cam12__frame_00010.jpg,79,396.13,187.64,406.13,195.14,medium
cam12__frame_00010.jpg,80,395.41,193.97,410.09,210.44,low
cam12__frame_00010.jpg,81,391.03,206.88,403.37,214.36,high
cam12__frame_00010.jpg,82,397.26,211.37,413.35,221.34,low
cam12__frame_00010.jpg,83,379.4,175.64,394.33,184.8,medium
cam12__frame_00010.jpg,84,379.67,184.76,394.6,193.92,medium
cam12__frame_00010.jpg,85,379.37,193.86,394.3,203.02,medium
cam12__frame_00010.jpg,86,379.17,202.86,394.1,211.1,medium
cam12__frame_00010.jpg,87,368.28,167.46,377.72,174.32,medium
cam12__frame_00010.jpg,88,368.03,174.35,377.48,181.22,medium
cam12__frame_00010.jpg,89,368.61,181.18,378.06,188.04,medium
cam12__frame_00010.jpg,90,368.61,186.27,378.06,193.13,high
cam12__frame_00010.jpg,91,359.04,160.56,368.69,189.71,medium
cam12__frame_00010.jpg,92,350.61,166.57,358.98,187.5,medium
cam12__frame_00010.jpg,93,600.3,480.83,620.3,535.3,high
cam12__frame_00010.jpg,94,566.2,396.58,604.41,534.45,low
cam12__frame_00010.jpg,95,570.82,392.41,576.93,406.2,high
cam12__frame_00010.jpg,96,567.33,403.24,576.76,416.33,high
cam12__frame_00010.jpg,97,562.9,418.4,574.65,432.62,high
cam12__frame_00010.jpg,98,557.45,421.7,567.14,435.45,high
cam12__frame_00010.jpg,99,560.1,437.9,571.85,449.1,high
cam12__frame_00010.jpg,100,548.65,421.91,558.08,437.8,high
cam12__frame_00010.jpg,101,553.08,438.0,562.77,448.27,high
cam12__frame_00010.jpg,102,551.8,448.89,561.2,462.95,high
cam12__frame_00010.jpg,103,560.5,449.6,567.15,465.73,high
cam12__frame_00010.jpg,104,558.7,465.45,566.52,481.7,high
cam12__frame_00010.jpg,105,551.45,462.93,558.43,474.63,high
cam12__frame_00010.jpg,106,532.05,396.21,563.14,418.9,high
cam12__frame_00010.jpg,107,527.7,414.02,553.14,436.54,high
cam12__frame_00010.jpg,108,520.12,426.85,549.85,451.71,high
cam12__frame_00010.jpg,109,505.5,356.1,552.3,434.31,medium
cam12__frame_00010.jpg,110,491.31,341.15,509.0,398.01,medium
cam12__frame_00010.jpg,111,472.45,354.61,501.36,382.83,medium
cam12__frame_00010.jpg,112,481.64,331.5,494.45,354.35,medium
cam12__frame_00010.jpg,113,463.92,307.01,479.85,338.86,medium
cam12__frame_00010.jpg,114,461.84,338.81,480.88,368.92,medium
cam12__frame_00010.jpg,115,454.29,270.09,464.67,321.33,high
cam12__frame_00010.jpg,116,412.32,267.92,460.81,335.0,low
cam12__frame_00010.jpg,117,438.02,264.86,454.29,274.94,high
cam12__frame_00010.jpg,118,440.44,275.28,452.91,287.37,high
cam12__frame_00010.jpg,119,424.17,252.06,438.37,272.83,high
cam12__frame_00010.jpg,120,406.62,234.76,410.03,241.68,medium
cam12__frame_00010.jpg,121,403.3,234.7,406.57,241.63,medium
cam12__frame_00010.jpg,122,399.64,234.54,402.9,241.46,medium
cam12__frame_00010.jpg,123,397.0,232.96,399.48,240.47,high
cam12__frame_00010.jpg,124,406.82,241.71,410.23,248.64,medium
cam12__frame_00010.jpg,125,403.15,242.05,406.56,248.97,medium
cam12__frame_00010.jpg,126,399.65,241.71,403.06,248.64,medium
cam12__frame_00010.jpg,127,396.58,240.72,399.07,248.23,high
cam12__frame_00010.jpg,128,406.86,248.85,410.54,253.36,high
cam12__frame_00010.jpg,129,403.02,248.85,406.86,254.19,high
cam12__frame_00010.jpg,130,399.18,248.52,402.69,253.86,high
cam12__frame_00010.jpg,131,396.58,248.07,399.07,255.58,high
cam12__frame_00010.jpg,132,406.75,253.31,410.17,262.1,medium
cam12__frame_00010.jpg,133,403.58,254.6,406.99,262.8,medium
cam12__frame_00010.jpg,134,399.4,254.17,402.81,261.09,medium
cam12__frame_00010.jpg,135,394.83,257.92,398.09,264.84,medium
cam12__frame_00010.jpg,136,394.64,264.48,397.9,271.41,medium
cam12__frame_00010.jpg,137,387.05,245.71,391.15,254.33,medium
cam12__frame_00010.jpg,138,385.97,253.69,389.53,262.31,medium
cam12__frame_00010.jpg,139,382.96,245.28,387.05,253.04,medium
cam12__frame_00010.jpg,140,382.0,252.8,386.08,259.72,medium
cam12__frame_00010.jpg,141,358.15,208.13,377.28,262.98,low
cam12__frame_00010.jpg,142,349.46,199.63,358.35,232.66,medium
cam12__frame_00010.jpg,143,339.22,193.64,348.3,219.91,medium
cam12__frame_00010.jpg,144,563.3,591.38,591.5,636.7,high
cam12__frame_00010.jpg,145,565.73,571.64,584.17,594.47,high
cam12__frame_00010.jpg,146,560.03,540.48,598.32,571.47,high
cam12__frame_00010.jpg,147,471.71,397.89,500.35,426.54,medium
cam12__frame_00010.jpg,148,441.77,371.11,456.8,397.97,medium
cam12__frame_00010.jpg,149,434.79,362.11,444.63,391.62,medium
cam12__frame_00010.jpg,150,426.53,352.66,439.12,377.06,medium
cam12__frame_00010.jpg,151,416.37,346.09,428.97,370.49,medium
cam12__frame_00010.jpg,152,404.58,310.2,416.21,352.09,high
cam12__frame_00010.jpg,153,375.74,280.34,389.86,304.95,high
cam12__frame_00010.jpg,154,16.32,220.37,33.01,270.88,low
cam12__frame_00010.jpg,155,19.1,205.54,26.52,219.91,high
cam12__frame_00010.jpg,156,25.71,206.06,34.39,219.82,high
cam12__frame_00010.jpg,157,34.62,201.2,51.5,228.82,medium
cam12__frame_00010.jpg,158,32.59,228.5,52.9,254.5,medium
cam12__frame_00010.jpg,159,52.78,202.7,65.08,216.9,low
cam12__frame_00010.jpg,160,52.78,217.47,70.94,253.04,low
cam12__frame_00010.jpg,161,73.76,185.18,86.37,222.15,medium
cam12__frame_00010.jpg,162,77.35,171.89,94.67,185.06,medium
cam12__frame_00010.jpg,163,86.8,184.57,99.41,221.54,medium
cam12__frame_00010.jpg,164,103.68,175.48,113.85,204.8,medium
cam12__frame_00010.jpg,165,122.5,188.95,133.87,203.01,low
cam12__frame_00010.jpg,166,129.98,168.9,144.34,199.42,medium
cam12__frame_00010.jpg,167,162.05,155.0,171.03,179.19,medium
cam12__frame_00010.jpg,168,0.0,381.08,10.5,459.88,high
cam12__frame_00010.jpg,169,5.76,338.6,19.18,364.1,medium
cam12__frame_00010.jpg,170,11.13,364.91,22.94,389.34,medium
cam12__frame_00010.jpg,171,23.48,362.0,39.85,391.49,low
cam12__frame_00010.jpg,172,16.72,334.99,35.83,355.03,high
cam12__frame_00010.jpg,173,16.34,312.35,37.87,335.54,medium
cam12__frame_00010.jpg,174,34.71,334.62,49.56,357.63,medium
cam12__frame_00010.jpg,175,34.16,357.26,49.0,380.27,high
cam12__frame_00010.jpg,176,50.6,358.77,77.1,389.08,low
cam12__frame_00010.jpg,177,49.64,337.12,81.39,360.69,medium
cam12__frame_00010.jpg,178,58.28,295.84,74.05,332.39,high
cam12__frame_00010.jpg,179,40.42,277.97,65.75,302.38,high
cam12__frame_00010.jpg,180,76.46,320.33,85.2,339.4,high
cam12__frame_00010.jpg,181,74.24,288.42,85.18,319.96,high
cam12__frame_00010.jpg,182,73.0,255.38,86.44,286.15,medium
cam12__frame_00010.jpg,183,87.25,247.07,98.65,263.16,high
cam12__frame_00010.jpg,184,87.99,262.36,108.94,294.16,medium
cam12__frame_00010.jpg,185,98.65,240.14,109.16,261.15,high
cam12__frame_00010.jpg,186,110.27,251.76,117.87,292.66,high
cam12__frame_00010.jpg,187,109.38,222.04,117.65,251.32,high
cam12__frame_00010.jpg,188,119.88,222.49,132.62,256.9,medium
cam12__frame_00010.jpg,189,120.33,256.68,132.85,271.65,medium
cam12__frame_00010.jpg,190,133.43,202.91,145.3,214.29,high
cam12__frame_00010.jpg,191,128.51,215.84,147.91,226.7,high
cam12__frame_00010.jpg,192,132.39,226.7,149.46,255.92,medium
cam12__frame_00010.jpg,193,150.49,220.75,158.25,259.02,high
cam12__frame_00010.jpg,194,158.77,193.6,167.56,233.42,medium
cam12__frame_00010.jpg,195,176.76,179.81,195.11,200.58,medium
cam12__frame_00010.jpg,196,185.76,176.0,201.0,196.43,high
cam12__frame_00010.jpg,197,0.0,597.27,23.23,638.98,high
cam12__frame_00010.jpg,198,0.0,537.96,35.74,572.71,medium
cam12__frame_00010.jpg,199,0.98,499.0,21.84,539.34,high
cam12__frame_00010.jpg,200,14.39,487.81,40.06,542.3,medium
cam12__frame_00010.jpg,201,26.63,478.74,52.31,533.23,low
cam12__frame_00010.jpg,202,19.98,474.0,33.89,487.44,high
cam12__frame_00010.jpg,203,47.79,460.1,69.57,492.08,low
cam12__frame_00010.jpg,204,33.44,449.9,48.27,478.66,medium
cam12__frame_00010.jpg,205,46.86,433.2,61.69,461.95,medium
cam12__frame_00010.jpg,206,70.5,416.54,84.4,448.51,medium
cam12__frame_00010.jpg,207,64.94,398.46,76.52,418.39,high
cam12__frame_00010.jpg,208,82.55,391.51,91.81,424.88,medium
cam12__frame_00010.jpg,209,84.4,381.78,100.16,410.51,medium
cam12__frame_00010.jpg,210,80.69,363.71,96.45,379.0,medium
cam12__frame_00010.jpg,211,103.89,345.64,113.15,379.01,medium
cam12__frame_00010.jpg,212,90.01,347.95,102.98,360.46,high
cam12__frame_00010.jpg,213,109.45,326.18,118.72,359.55,high
cam12__frame_00010.jpg,214,123.35,307.64,132.62,341.01,medium
cam12__frame_00010.jpg,215,133.57,289.09,153.03,326.63,medium
cam12__frame_00010.jpg,216,139.08,280.29,160.86,309.49,high
cam12__frame_00010.jpg,217,149.28,266.39,161.33,282.14,high
cam12__frame_00010.jpg,218,158.55,246.0,170.13,275.19,high
cam12__frame_00010.jpg,219,169.21,243.68,186.35,262.68,high
cam12__frame_00010.jpg,220,181.26,220.04,199.79,236.73,high
cam12__frame_00010.jpg,221,38.7,507.8,122.4,640.0,low
cam12__frame_00010.jpg,222,112.18,606.0,169.55,640.0,low
cam12__frame_00010.jpg,223,124.43,583.9,175.0,605.53,medium
cam12__frame_00010.jpg,224,195.7,476.44,266.15,639.51,low
cam12__frame_00010.jpg,225,273.04,540.0,308.02,632.6,low
cam12__frame_00010.jpg,226,288.83,566.09,324.74,640.0,medium
cam12__frame_00010.jpg,227,270.09,606.93,297.67,640.0,high
cam12__frame_00010.jpg,228,317.87,590.48,351.63,640.0,medium
cam12__frame_00010.jpg,229,345.46,582.8,429.69,640.0,medium
cam12__frame_00010.jpg,230,484.31,418.02,575.96,537.77,low
cam12__frame_00010.jpg,231,446.86,417.05,541.58,538.78,low
cam12__frame_00010.jpg,232,317.87,434.6,421.8,587.77,low
cam12__frame_00010.jpg,233,121.19,480.02,205.59,598.06,low
cam12__frame_00010.jpg,234,69.2,465.17,139.72,524.52,medium
cam12__frame_00010.jpg,235,100.94,445.12,150.4,468.2,medium
cam12__frame_00010.jpg,236,109.51,415.44,157.66,445.78,medium
cam12__frame_00010.jpg,237,118.09,396.32,159.63,420.06,medium
cam12__frame_00010.jpg,238,126.0,371.26,162.93,398.95,medium
cam12__frame_00010.jpg,239,137.93,357.42,173.26,376.8,medium
cam12__frame_00010.jpg,240,141.35,340.32,176.69,359.7,medium
cam12__frame_00010.jpg,241,145.34,328.4,180.67,343.17,medium
cam12__frame_00010.jpg,242,159.69,311.05,180.91,327.87,high
cam12__frame_00010.jpg,243,182.8,255.89,232.5,344.81,low
cam12__frame_00010.jpg,244,178.96,344.88,224.56,396.75,medium
cam12__frame_00010.jpg,245,163.58,391.62,198.34,446.9,medium
cam12__frame_00010.jpg,246,198.34,392.76,234.25,458.3,medium
cam12__frame_00010.jpg,247,172.12,448.04,202.9,510.74,high
cam12__frame_00010.jpg,248,237.67,364.8,328.87,553.49,low
cam12__frame_00010.jpg,249,228.18,378.74,260.22,392.75,medium
cam12__frame_00010.jpg,250,226.99,364.51,259.04,378.53,medium
cam12__frame_00010.jpg,251,227.38,331.07,260.62,366.72,low
cam12__frame_00010.jpg,252,263.42,348.3,277.44,365.52,high
cam12__frame_00010.jpg,253,261.42,319.46,279.04,347.89,low
cam12__frame_00010.jpg,254,231.3,268.71,258.54,326.79,medium
cam12__frame_00010.jpg,255,257.11,293.03,276.52,320.95,high
cam12__frame_00010.jpg,256,255.75,277.71,277.88,293.71,high
cam12__frame_00010.jpg,257,247.23,262.08,278.22,277.71,medium
cam12__frame_00010.jpg,258,243.5,230.72,273.11,262.08,low
cam12__frame_00010.jpg,259,217.85,244.68,244.51,268.91,high
cam12__frame_00010.jpg,260,198.82,229.8,214.05,241.22,high
cam12__frame_00010.jpg,261,216.82,222.18,232.74,246.41,medium
cam12__frame_00010.jpg,262,234.12,221.14,248.32,245.03,medium
cam12__frame_00010.jpg,263,218.89,189.3,251.43,220.8,medium
cam12__frame_00010.jpg,264,252.73,201.9,275.16,225.93,medium
cam12__frame_00010.jpg,265,273.96,199.9,300.79,225.53,medium
cam12__frame_00010.jpg,266,300.4,202.72,324.73,229.32,medium
cam12__frame_00010.jpg,267,325.11,173.67,334.54,197.62,medium
cam12__frame_00010.jpg,268,324.92,198.0,334.92,228.56,medium
cam12__frame_00010.jpg,269,303.01,228.07,339.71,244.68,medium
cam12__frame_00010.jpg,270,276.01,223.91,298.17,272.38,medium
cam12__frame_00010.jpg,271,283.0,246.22,308.28,301.84,medium
cam12__frame_00010.jpg,272,330.71,256.45,372.25,278.26,high
cam12__frame_00010.jpg,273,333.82,268.57,375.36,305.61,medium
cam12__frame_00010.jpg,274,293.74,268.96,332.3,364.94,medium
cam12__frame_00010.jpg,275,340.32,305.04,399.2,349.5,medium
cam12__frame_00010.jpg,276,307.48,318.66,366.36,437.21,low
cam12__frame_00010.jpg,277,369.56,393.16,421.23,417.99,high
cam12__frame_00010.jpg,278,378.38,402.0,438.86,430.0,medium
cam12__frame_00010.jpg,279,427.2,397.2,466.89,426.0,medium
cam12__frame_00010.jpg,280,440.63,590.42,496.0,640.0,medium
cam12__frame_00010.jpg,281,497.88,592.29,537.3,640.0,medium
cam12__frame_00010.jpg,282,450.07,251.86,465.58,264.26,medium
cam12__frame_00015.jpg,0,609.2,238.66,640.0,271.89,medium
cam12__frame_00015.jpg,1,573.59,173.19,618.82,194.01,low
cam12__frame_00015.jpg,2,572.05,181.52,617.27,202.34,low
cam12__frame_00015.jpg,3,608.86,200.79,616.94,206.18,high
cam12__frame_00015.jpg,4,608.41,205.87,616.49,211.26,high
cam12__frame_00015.jpg,5,608.11,211.55,616.19,216.94,high
cam12__frame_00015.jpg,6,607.81,217.54,615.89,222.92,high
cam12__frame_00015.jpg,7,607.81,223.22,615.89,228.61,high
cam12__frame_00015.jpg,8,607.21,229.21,615.29,234.59,high
cam12__frame_00015.jpg,9,607.81,234.89,615.89,240.28,high
cam12__frame_00015.jpg,10,562.8,187.08,609.75,207.89,low
cam12__frame_00015.jpg,11,559.62,195.16,608.86,217.2,low
cam12__frame_00015.jpg,12,557.83,203.53,607.25,225.64,low
cam12__frame_00015.jpg,13,555.73,212.21,605.44,234.39,low
cam12__frame_00015.jpg,14,554.38,220.81,604.09,242.99,low
cam12__frame_00015.jpg,15,555.31,229.48,604.1,248.63,low
cam12__frame_00015.jpg,16,533.03,160.58,574.34,185.34,medium
cam12__frame_00015.jpg,17,530.7,169.38,566.99,191.92,medium
cam12__frame_00015.jpg,18,530.07,179.38,563.58,200.68,medium
cam12__frame_00015.jpg,19,529.02,189.39,561.29,209.77,medium
cam12__frame_00015.jpg,20,527.82,197.61,558.9,217.11,medium
cam12__frame_00015.jpg,21,528.09,206.46,559.49,226.2,medium
cam12__frame_00015.jpg,22,484.48,163.69,530.67,191.43,low
cam12__frame_00015.jpg,23,481.86,169.81,527.62,196.65,medium
cam12__frame_00015.jpg,24,479.93,175.9,525.14,201.62,medium
cam12__frame_00015.jpg,25,479.49,181.27,524.71,207.02,medium
cam12__frame_00015.jpg,26,477.56,186.1,522.78,211.85,medium
cam12__frame_00015.jpg,27,471.65,184.77,479.59,192.7,high
cam12__frame_00015.jpg,28,465.59,182.6,471.36,193.71,high
cam12__frame_00015.jpg,29,452.6,175.25,458.66,182.6,high
cam12__frame_00015.jpg,30,445.39,174.09,452.32,182.6,high
cam12__frame_00015.jpg,31,587.4,349.7,632.2,389.89,low
cam12__frame_00015.jpg,32,564.86,345.27,609.74,362.15,medium
cam12__frame_00015.jpg,33,565.03,328.45,609.9,345.33,medium
cam12__frame_00015.jpg,34,564.5,312.4,609.37,329.28,low
cam12__frame_00015.jpg,35,553.58,272.99,600.54,322.37,low
cam12__frame_00015.jpg,36,547.12,277.08,559.94,295.1,high
cam12__frame_00015.jpg,37,532.79,292.79,558.3,318.3,high
cam12__frame_00015.jpg,38,520.93,259.17,543.04,271.13,high
cam12__frame_00015.jpg,39,512.75,272.73,530.76,290.66,medium
cam12__frame_00015.jpg,40,510.72,283.27,529.62,302.1,medium
cam12__frame_00015.jpg,41,509.8,295.23,529.49,314.83,medium
cam12__frame_00015.jpg,42,507.16,283.7,514.91,298.06,high
cam12__frame_00015.jpg,43,471.91,201.32,491.16,211.53,medium
cam12__frame_00015.jpg,44,472.05,210.12,491.45,221.48,medium
cam12__frame_00015.jpg,45,471.69,220.42,490.96,231.11,medium
cam12__frame_00015.jpg,46,472.17,230.2,490.72,241.17,medium
cam12__frame_00015.jpg,47,484.46,241.17,489.15,274.25,medium
cam12__frame_00015.jpg,48,479.2,241.16,483.89,274.24,medium
cam12__frame_00015.jpg,49,465.1,240.71,479.2,273.79,medium
cam12__frame_00015.jpg,50,464.1,226.18,470.55,236.8,high
cam12__frame_00015.jpg,51,465.0,214.78,471.55,225.9,high
cam12__frame_00015.jpg,52,465.0,205.4,471.27,214.6,high
cam12__frame_00015.jpg,53,465.91,196.25,471.5,205.19,high
cam12__frame_00015.jpg,54,440.34,199.86,457.69,211.75,low
cam12__frame_00015.jpg,55,438.6,213.93,456.23,221.1,medium
cam12__frame_00015.jpg,56,438.26,221.29,455.9,228.46,medium
cam12__frame_00015.jpg,57,437.59,228.0,455.23,235.17,medium
cam12__frame_00015.jpg,58,437.37,234.92,455.0,242.1,medium
cam12__frame_00015.jpg,59,437.14,241.85,454.78,249.03,medium
cam12__frame_00015.jpg,60,437.14,246.32,454.78,253.5,high
cam12__frame_00015.jpg,61,424.73,178.42,439.92,189.27,low
cam12__frame_00015.jpg,62,424.39,189.44,441.59,196.12,medium
cam12__frame_00015.jpg,63,423.81,196.28,441.0,202.96,medium
cam12__frame_00015.jpg,64,422.47,202.96,439.67,209.64,high
cam12__frame_00015.jpg,65,427.2,207.62,439.07,213.56,medium
cam12__frame_00015.jpg,66,426.15,213.18,438.02,219.13,medium
cam12__frame_00015.jpg,67,422.3,208.63,426.98,215.31,high
cam12__frame_00015.jpg,68,422.23,215.26,426.91,221.94,high
cam12__frame_00015.jpg,69,426.15,219.13,438.02,225.08,medium
cam12__frame_00015.jpg,70,425.63,224.3,437.51,230.25,medium
cam12__frame_00015.jpg,71,425.63,229.89,437.5,235.84,medium
cam12__frame_00015.jpg,72,425.49,236.24,437.36,242.19,medium
cam12__frame_00015.jpg,73,427.1,241.58,436.78,246.9,high
cam12__frame_00015.jpg,74,407.53,173.94,416.13,183.84,high
cam12__frame_00015.jpg,75,412.1,183.93,420.33,203.01,high
cam12__frame_00015.jpg,76,414.47,204.26,420.08,213.86,high
cam12__frame_00015.jpg,77,416.34,213.61,420.96,219.72,high
cam12__frame_00015.jpg,78,396.2,179.2,405.83,187.44,medium
cam12__frame_00015.jpg,79,396.13,187.64,406.13,195.14,medium
cam12__frame_00015.jpg,80,395.66,206.42,408.01,213.9,high
cam12__frame_00015.jpg,81,398.65,216.0,414.74,230.1,low
cam12__frame_00015.jpg,82,379.4,175.64,394.33,184.8,medium
cam12__frame_00015.jpg,83,379.67,184.76,394.6,193.92,medium
cam12__frame_00015.jpg,84,379.37,193.86,394.3,203.02,medium
cam12__frame_00015.jpg,85,379.17,202.86,394.1,211.1,medium
cam12__frame_00015.jpg,86,368.28,167.46,377.72,174.32,medium
cam12__frame_00015.jpg,87,368.03,174.35,377.48,181.22,medium
cam12__frame_00015.jpg,88,368.61,181.18,378.06,188.04,medium
cam12__frame_00015.jpg,89,368.61,186.27,378.06,193.13,high
cam12__frame_00015.jpg,90,359.04,160.56,368.69,189.71,medium
cam12__frame_00015.jpg,91,350.61,166.57,358.98,187.5,medium
cam12__frame_00015.jpg,92,600.3,480.83,637.63,574.68,low
cam12__frame_00015.jpg,93,566.2,396.58,604.41,534.45,low
cam12__frame_00015.jpg,94,570.82,392.41,576.93,406.2,high
cam12__frame_00015.jpg,95,567.33,403.24,576.76,416.33,high
cam12__frame_00015.jpg,96,562.9,418.4,574.65,432.62,high
cam12__frame_00015.jpg,97,557.45,421.7,567.14,435.45,high
cam12__frame_00015.jpg,98,560.1,437.9,571.85,449.1,high
cam12__frame_00015.jpg,99,548.65,421.91,558.08,437.8,high
cam12__frame_00015.jpg,100,553.08,438.0,562.77,448.27,high
cam12__frame_00015.jpg,101,551.8,448.89,561.2,462.95,high
cam12__frame_00015.jpg,102,560.5,449.6,567.15,465.73,high
cam12__frame_00015.jpg,103,558.7,465.45,566.52,481.7,high
cam12__frame_00015.jpg,104,551.45,462.93,558.43,474.63,high
cam12__frame_00015.jpg,105,532.05,396.21,563.14,418.9,high
cam12__frame_00015.jpg,106,527.7,414.02,553.14,436.54,high
cam12__frame_00015.jpg,107,520.12,426.85,549.85,451.71,high
cam12__frame_00015.jpg,108,505.5,356.1,552.3,434.31,medium
cam12__frame_00015.jpg,109,491.31,341.15,509.0,398.01,medium
cam12__frame_00015.jpg,110,472.45,354.61,501.36,382.83,medium
cam12__frame_00015.jpg,111,481.64,331.5,494.45,354.35,medium
cam12__frame_00015.jpg,112,463.92,307.01,479.85,338.86,medium
cam12__frame_00015.jpg,113,461.84,338.81,480.88,368.92,medium
cam12__frame_00015.jpg,114,454.29,270.09,464.67,321.33,high
cam12__frame_00015.jpg,115,412.32,267.92,460.81,335.0,low
cam12__frame_00015.jpg,116,438.02,264.86,454.29,274.94,high
cam12__frame_00015.jpg,117,440.44,275.28,452.91,287.37,high
cam12__frame_00015.jpg,118,424.17,252.06,438.37,272.83,high
cam12__frame_00015.jpg,119,406.62,234.76,410.03,241.68,medium
cam12__frame_00015.jpg,120,403.3,234.7,406.57,241.63,medium
cam12__frame_00015.jpg,121,399.64,234.54,402.9,241.46,medium
cam12__frame_00015.jpg,122,397.0,232.96,399.48,240.47,high
cam12__frame_00015.jpg,123,406.82,241.71,410.23,248.64,medium
cam12__frame_00015.jpg,124,403.15,242.05,406.56,248.97,medium
cam12__frame_00015.jpg,125,399.65,241.71,403.06,248.64,medium
cam12__frame_00015.jpg,126,396.58,240.72,399.07,248.23,high
cam12__frame_00015.jpg,127,406.86,248.85,410.54,253.36,high
cam12__frame_00015.jpg,128,403.02,248.85,406.86,254.19,high
cam12__frame_00015.jpg,129,399.18,248.52,402.69,253.86,high
cam12__frame_00015.jpg,130,396.58,248.07,399.07,255.58,high
cam12__frame_00015.jpg,131,406.75,253.31,410.17,262.1,medium
cam12__frame_00015.jpg,132,403.58,254.6,406.99,262.8,medium
cam12__frame_00015.jpg,133,399.4,254.17,402.81,261.09,medium
cam12__frame_00015.jpg,134,394.83,257.92,398.09,264.84,medium
cam12__frame_00015.jpg,135,394.64,264.48,397.9,271.41,medium
cam12__frame_00015.jpg,136,387.05,245.71,391.15,254.33,medium
cam12__frame_00015.jpg,137,385.97,253.69,389.53,262.31,medium
cam12__frame_00015.jpg,138,382.96,245.28,387.05,253.04,medium
cam12__frame_00015.jpg,139,382.0,252.8,386.08,259.72,medium
cam12__frame_00015.jpg,140,358.15,208.13,377.28,262.98,low
cam12__frame_00015.jpg,141,349.46,199.63,358.35,232.66,medium
cam12__frame_00015.jpg,142,339.22,193.64,348.3,219.91,medium
cam12__frame_00015.jpg,143,558.5,593.3,615.53,639.54,high
cam12__frame_00015.jpg,144,565.73,571.64,584.17,594.47,high
cam12__frame_00015.jpg,145,560.03,540.48,598.32,571.47,high
cam12__frame_00015.jpg,146,471.71,397.89,500.35,426.54,medium
cam12__frame_00015.jpg,147,441.77,371.11,456.8,397.97,medium
cam12__frame_00015.jpg,148,434.79,362.11,444.63,391.62,medium
cam12__frame_00015.jpg,149,426.53,352.66,439.12,377.06,medium
cam12__frame_00015.jpg,150,416.37,346.09,428.97,370.49,medium
cam12__frame_00015.jpg,151,404.58,310.2,416.21,352.09,high
cam12__frame_00015.jpg,152,375.74,280.34,389.86,304.95,high
cam12__frame_00015.jpg,153,16.32,220.37,33.01,270.88,low
cam12__frame_00015.jpg,154,19.1,205.54,26.52,219.91,high
cam12__frame_00015.jpg,155,25.71,206.06,34.39,219.82,high
cam12__frame_00015.jpg,156,34.62,201.2,51.5,228.82,medium
cam12__frame_00015.jpg,157,32.59,228.5,52.9,254.5,medium
cam12__frame_00015.jpg,158,52.78,202.7,65.08,216.9,low
cam12__frame_00015.jpg,159,52.78,217.47,70.94,253.04,low
cam12__frame_00015.jpg,160,73.76,185.18,86.37,222.15,medium
cam12__frame_00015.jpg,161,77.35,171.89,94.67,185.06,medium
cam12__frame_00015.jpg,162,86.8,184.57,99.41,221.54,medium
cam12__frame_00015.jpg,163,103.68,175.48,113.85,204.8,medium
cam12__frame_00015.jpg,164,122.5,188.95,133.87,203.01,low
cam12__frame_00015.jpg,165,129.98,168.9,144.34,199.42,medium
cam12__frame_00015.jpg,166,162.05,155.0,171.03,179.19,medium
cam12__frame_00015.jpg,167,0.0,381.08,10.5,459.88,high
cam12__frame_00015.jpg,168,5.76,338.6,19.18,364.1,medium
cam12__frame_00015.jpg,169,11.13,364.91,22.94,389.34,medium
cam12__frame_00015.jpg,170,23.48,362.0,39.85,391.49,low
cam12__frame_00015.jpg,171,16.72,334.99,35.83,355.03,high
cam12__frame_00015.jpg,172,16.34,312.35,37.87,335.54,medium
cam12__frame_00015.jpg,173,34.71,334.62,49.56,357.63,medium
cam12__frame_00015.jpg,174,34.16,357.26,49.0,380.27,high
cam12__frame_00015.jpg,175,50.6,358.77,77.1,389.08,low
cam12__frame_00015.jpg,176,49.64,337.12,81.39,360.69,medium
cam12__frame_00015.jpg,177,58.28,295.84,74.05,332.39,high
cam12__frame_00015.jpg,178,40.42,277.97,65.75,302.38,high
cam12__frame_00015.jpg,179,76.46,320.33,85.2,339.4,high
cam12__frame_00015.jpg,180,74.24,288.42,85.18,319.96,high
cam12__frame_00015.jpg,181,73.0,255.38,86.44,286.15,medium
cam12__frame_00015.jpg,182,87.25,247.07,98.65,263.16,high
cam12__frame_00015.jpg,183,87.99,262.36,108.94,294.16,medium
cam12__frame_00015.jpg,184,98.65,240.14,109.16,261.15,high
cam12__frame_00015.jpg,185,110.27,251.76,117.87,292.66,high
cam12__frame_00015.jpg,186,109.38,222.04,117.65,251.32,high
cam12__frame_00015.jpg,187,119.88,222.49,132.62,256.9,medium
cam12__frame_00015.jpg,188,120.33,256.68,132.85,271.65,medium
cam12__frame_00015.jpg,189,133.43,202.91,145.3,214.29,high
cam12__frame_00015.jpg,190,128.51,215.84,147.91,226.7,high
cam12__frame_00015.jpg,191,132.39,226.7,149.46,255.92,medium
cam12__frame_00015.jpg,192,150.49,220.75,158.25,259.02,high
cam12__frame_00015.jpg,193,158.77,193.6,167.56,233.42,medium
cam12__frame_00015.jpg,194,176.76,179.81,195.11,200.58,medium
cam12__frame_00015.jpg,195,185.76,176.0,201.0,196.43,high
cam12__frame_00015.jpg,196,0.0,597.27,23.23,638.98,high
cam12__frame_00015.jpg,197,0.0,537.96,35.74,572.71,medium
cam12__frame_00015.jpg,198,0.98,499.0,21.84,539.34,high
cam12__frame_00015.jpg,199,14.39,487.81,40.06,542.3,medium
cam12__frame_00015.jpg,200,26.63,478.74,52.31,533.23,low
cam12__frame_00015.jpg,201,19.98,474.0,33.89,487.44,high
cam12__frame_00015.jpg,202,47.79,460.1,69.57,492.08,low
cam12__frame_00015.jpg,203,33.44,449.9,48.27,478.66,medium
cam12__frame_00015.jpg,204,46.86,433.2,61.69,461.95,medium
cam12__frame_00015.jpg,205,70.5,416.54,84.4,448.51,medium
cam12__frame_00015.jpg,206,64.94,398.46,76.52,418.39,high
cam12__frame_00015.jpg,207,82.55,391.51,91.81,424.88,medium
cam12__frame_00015.jpg,208,84.4,381.78,100.16,410.51,medium
cam12__frame_00015.jpg,209,80.69,363.71,96.45,379.0,medium
cam12__frame_00015.jpg,210,103.89,345.64,113.15,379.01,medium
cam12__frame_00015.jpg,211,90.01,347.95,102.98,360.46,high
cam12__frame_00015.jpg,212,109.45,326.18,118.72,359.55,high
cam12__frame_00015.jpg,213,123.35,307.64,132.62,341.01,medium
cam12__frame_00015.jpg,214,133.57,289.09,153.03,326.63,medium
cam12__frame_00015.jpg,215,139.08,280.29,160.86,309.49,high
cam12__frame_00015.jpg,216,149.28,266.39,161.33,282.14,high
cam12__frame_00015.jpg,217,158.55,246.0,170.13,275.19,high
cam12__frame_00015.jpg,218,169.21,243.68,186.35,262.68,high
cam12__frame_00015.jpg,219,181.26,220.04,199.79,236.73,high
cam12__frame_00015.jpg,220,38.7,507.8,122.4,640.0,low
cam12__frame_00015.jpg,221,112.18,606.0,169.55,640.0,low
cam12__frame_00015.jpg,222,124.43,583.9,175.0,605.53,medium
cam12__frame_00015.jpg,223,195.7,476.44,266.15,639.51,low
cam12__frame_00015.jpg,224,273.04,540.0,308.02,632.6,low
cam12__frame_00015.jpg,225,288.83,566.09,324.74,640.0,medium
cam12__frame_00015.jpg,226,270.09,606.93,297.67,640.0,high
cam12__frame_00015.jpg,227,317.87,590.48,351.63,640.0,medium
cam12__frame_00015.jpg,228,345.46,582.8,429.69,640.0,medium
cam12__frame_00015.jpg,229,484.31,418.02,575.96,537.77,low
cam12__frame_00015.jpg,230,446.86,417.05,541.58,538.78,low
cam12__frame_00015.jpg,231,317.87,434.6,421.8,587.77,low
cam12__frame_00015.jpg,232,121.19,480.02,205.59,598.06,low
cam12__frame_00015.jpg,233,69.2,465.17,139.72,524.52,medium
cam12__frame_00015.jpg,234,100.94,445.12,150.4,468.2,medium
cam12__frame_00015.jpg,235,109.51,415.44,157.66,445.78,medium
cam12__frame_00015.jpg,236,118.09,396.32,159.63,420.06,medium
cam12__frame_00015.jpg,237,126.0,371.26,162.93,398.95,medium
cam12__frame_00015.jpg,238,137.93,357.42,173.26,376.8,medium
cam12__frame_00015.jpg,239,141.35,340.32,176.69,359.7,medium
cam12__frame_00015.jpg,240,145.34,328.4,180.67,343.17,medium
cam12__frame_00015.jpg,241,159.69,311.05,180.91,327.87,high
cam12__frame_00015.jpg,242,182.8,255.89,232.5,344.81,low
cam12__frame_00015.jpg,243,178.96,344.88,224.56,396.75,medium
cam12__frame_00015.jpg,244,163.58,391.62,198.34,446.9,medium
cam12__frame_00015.jpg,245,198.34,392.76,234.25,458.3,medium
cam12__frame_00015.jpg,246,172.12,448.04,202.9,510.74,high
cam12__frame_00015.jpg,247,237.67,364.8,328.87,553.49,low
cam12__frame_00015.jpg,248,228.18,378.74,260.22,392.75,medium
cam12__frame_00015.jpg,249,226.99,364.51,259.04,378.53,medium
cam12__frame_00015.jpg,250,227.38,331.07,260.62,366.72,low
cam12__frame_00015.jpg,251,263.42,348.3,277.44,365.52,high
cam12__frame_00015.jpg,252,261.42,319.46,279.04,347.89,low
cam12__frame_00015.jpg,253,231.3,268.71,258.54,326.79,medium
cam12__frame_00015.jpg,254,257.11,293.03,276.52,320.95,high
cam12__frame_00015.jpg,255,255.75,277.71,277.88,293.71,high
cam12__frame_00015.jpg,256,247.23,262.08,278.22,277.71,medium
cam12__frame_00015.jpg,257,243.5,230.72,273.11,262.08,low
cam12__frame_00015.jpg,258,217.85,244.68,244.51,268.91,high
cam12__frame_00015.jpg,259,198.82,229.8,214.05,241.22,high
cam12__frame_00015.jpg,260,216.82,222.18,232.74,246.41,medium
cam12__frame_00015.jpg,261,234.12,221.14,248.32,245.03,medium
cam12__frame_00015.jpg,262,218.89,189.3,251.43,220.8,medium
cam12__frame_00015.jpg,263,252.73,201.9,275.16,225.93,medium
cam12__frame_00015.jpg,264,273.96,199.9,300.79,225.53,medium
cam12__frame_00015.jpg,265,300.4,202.72,324.73,229.32,medium
cam12__frame_00015.jpg,266,325.11,173.67,334.54,197.62,medium
cam12__frame_00015.jpg,267,324.92,198.0,334.92,228.56,medium
cam12__frame_00015.jpg,268,303.01,228.07,339.71,244.68,medium
cam12__frame_00015.jpg,269,276.01,223.91,298.17,272.38,medium
cam12__frame_00015.jpg,270,283.0,246.22,308.28,301.84,medium
cam12__frame_00015.jpg,271,330.71,256.45,372.25,278.26,high
cam12__frame_00015.jpg,272,333.82,268.57,375.36,305.61,medium
cam12__frame_00015.jpg,273,293.74,268.96,332.3,364.94,medium
cam12__frame_00015.jpg,274,340.32,305.04,399.2,349.5,medium
cam12__frame_00015.jpg,275,307.48,318.66,366.36,437.21,low
cam12__frame_00015.jpg,276,369.56,393.16,421.23,417.99,high
cam12__frame_00015.jpg,277,378.38,402.0,438.86,430.0,medium
cam12__frame_00015.jpg,278,427.2,397.2,466.89,426.0,medium
cam12__frame_00015.jpg,279,440.63,590.42,496.0,640.0,medium
cam12__frame_00015.jpg,280,497.88,592.29,537.3,640.0,medium
cam12__frame_00015.jpg,281,396.13,196.32,411.2,203.82,medium
cam12__frame_00015.jpg,282,448.42,253.36,466.96,264.95,medium
cam12__frame_00016.jpg,0,609.2,238.66,640.0,271.89,medium
cam12__frame_00016.jpg,1,573.59,173.19,618.82,194.01,low
cam12__frame_00016.jpg,2,572.05,181.52,617.27,202.34,low
cam12__frame_00016.jpg,3,608.86,200.79,616.94,206.18,high
cam12__frame_00016.jpg,4,608.41,205.87,616.49,211.26,high
cam12__frame_00016.jpg,5,608.11,211.55,616.19,216.94,high
cam12__frame_00016.jpg,6,607.81,217.54,615.89,222.92,high
cam12__frame_00016.jpg,7,607.81,223.22,615.89,228.61,high
cam12__frame_00016.jpg,8,607.21,229.21,615.29,234.59,high
cam12__frame_00016.jpg,9,607.81,234.89,615.89,240.28,high
cam12__frame_00016.jpg,10,562.8,187.08,609.75,207.89,low
cam12__frame_00016.jpg,11,559.62,195.16,608.86,217.2,low
cam12__frame_00016.jpg,12,557.83,203.53,607.25,225.64,low
cam12__frame_00016.jpg,13,555.73,212.21,605.44,234.39,low
cam12__frame_00016.jpg,14,554.38,220.81,604.09,242.99,low
cam12__frame_00016.jpg,15,555.31,229.48,604.1,248.63,low
cam12__frame_00016.jpg,16,533.03,160.58,574.34,185.34,medium
cam12__frame_00016.jpg,17,530.7,169.38,566.99,191.92,medium
cam12__frame_00016.jpg,18,530.07,179.38,563.58,200.68,medium
cam12__frame_00016.jpg,19,529.02,189.39,561.29,209.77,medium
cam12__frame_00016.jpg,20,527.82,197.61,558.9,217.11,medium
cam12__frame_00016.jpg,21,528.09,206.46,559.49,226.2,medium
cam12__frame_00016.jpg,22,484.48,163.69,530.67,191.43,low
cam12__frame_00016.jpg,23,481.86,169.81,527.62,196.65,medium
cam12__frame_00016.jpg,24,479.93,175.9,525.14,201.62,medium
cam12__frame_00016.jpg,25,479.49,181.27,524.71,207.02,medium
cam12__frame_00016.jpg,26,477.56,186.1,522.78,211.85,medium
cam12__frame_00016.jpg,27,471.65,184.77,479.59,192.7,high
cam12__frame_00016.jpg,28,465.59,182.6,471.36,193.71,high
cam12__frame_00016.jpg,29,587.4,349.7,632.2,389.89,low
cam12__frame_00016.jpg,30,564.86,345.27,609.74,362.15,medium
cam12__frame_00016.jpg,31,565.03,328.45,609.9,345.33,medium
cam12__frame_00016.jpg,32,564.5,312.4,609.37,329.28,low
cam12__frame_00016.jpg,33,537.1,277.08,559.94,295.1,high
cam12__frame_00016.jpg,34,536.8,299.2,562.31,324.7,high
cam12__frame_00016.jpg,35,512.75,272.73,530.76,290.66,medium
cam12__frame_00016.jpg,36,510.72,283.27,529.62,302.1,medium
cam12__frame_00016.jpg,37,509.8,295.23,529.49,314.83,medium
cam12__frame_00016.jpg,38,507.16,283.7,514.91,298.06,high
cam12__frame_00016.jpg,39,471.91,201.32,491.16,211.53,medium
cam12__frame_00016.jpg,40,472.05,210.12,491.45,221.48,medium
cam12__frame_00016.jpg,41,471.69,220.42,490.96,231.11,medium
cam12__frame_00016.jpg,42,472.17,230.2,490.72,241.17,medium
cam12__frame_00016.jpg,43,484.46,241.17,489.15,274.25,medium
cam12__frame_00016.jpg,44,479.2,241.16,483.89,274.24,medium
cam12__frame_00016.jpg,45,465.1,240.71,479.2,273.79,medium
cam12__frame_00016.jpg,46,464.1,226.18,470.55,236.8,high
cam12__frame_00016.jpg,47,465.0,214.78,471.55,225.9,high
cam12__frame_00016.jpg,48,465.0,205.4,471.27,214.6,high
cam12__frame_00016.jpg,49,465.91,196.25,471.5,205.19,high
cam12__frame_00016.jpg,50,438.6,213.93,456.23,221.1,medium
cam12__frame_00016.jpg,51,438.26,221.29,455.9,228.46,medium
cam12__frame_00016.jpg,52,437.59,228.0,455.23,235.17,medium
cam12__frame_00016.jpg,53,437.37,234.92,455.0,242.1,medium
cam12__frame_00016.jpg,54,437.14,241.85,454.78,249.03,medium
cam12__frame_00016.jpg,55,437.14,246.32,454.78,253.5,high
cam12__frame_00016.jpg,56,424.73,178.42,439.92,189.27,low
cam12__frame_00016.jpg,57,424.39,189.44,441.59,196.12,medium
cam12__frame_00016.jpg,58,423.81,196.28,441.0,202.96,medium
cam12__frame_00016.jpg,59,422.47,202.96,439.67,209.64,high
cam12__frame_00016.jpg,60,407.53,173.94,416.13,183.84,high
cam12__frame_00016.jpg,61,412.1,183.93,420.33,203.01,high
cam12__frame_00016.jpg,62,414.47,204.26,420.08,213.86,high
cam12__frame_00016.jpg,63,416.34,213.61,420.96,219.72,high
cam12__frame_00016.jpg,64,402.15,196.01,411.78,204.25,medium
cam12__frame_00016.jpg,65,404.41,204.97,414.41,212.47,medium
cam12__frame_00016.jpg,66,402.66,212.31,415.01,219.79,high
cam12__frame_00016.jpg,67,402.43,220.42,418.52,230.39,low
cam12__frame_00016.jpg,68,600.3,480.83,637.63,574.68,low
cam12__frame_00016.jpg,69,566.2,396.58,604.41,534.45,low
cam12__frame_00016.jpg,70,570.82,392.41,576.93,406.2,high
cam12__frame_00016.jpg,71,567.33,403.24,576.76,416.33,high
cam12__frame_00016.jpg,72,562.9,418.4,574.65,432.62,high
cam12__frame_00016.jpg,73,557.45,421.7,567.14,435.45,high
cam12__frame_00016.jpg,74,560.1,437.9,571.85,449.1,high
cam12__frame_00016.jpg,75,548.65,421.91,558.08,437.8,high
cam12__frame_00016.jpg,76,553.08,438.0,562.77,448.27,high
cam12__frame_00016.jpg,77,551.8,448.89,561.2,462.95,high
cam12__frame_00016.jpg,78,560.5,449.6,567.15,465.73,high
cam12__frame_00016.jpg,79,558.7,465.45,566.52,481.7,high
cam12__frame_00016.jpg,80,551.45,462.93,558.43,474.63,high
cam12__frame_00016.jpg,81,532.05,396.21,563.14,418.9,high
cam12__frame_00016.jpg,82,527.7,414.02,553.14,436.54,high
cam12__frame_00016.jpg,83,520.12,426.85,549.85,451.71,high
cam12__frame_00016.jpg,84,505.5,356.1,552.3,434.31,medium
cam12__frame_00016.jpg,85,491.31,341.15,509.0,398.01,medium
cam12__frame_00016.jpg,86,472.45,354.61,501.36,382.83,medium
cam12__frame_00016.jpg,87,481.64,331.5,494.45,354.35,medium
cam12__frame_00016.jpg,88,463.92,307.01,479.85,338.86,medium
cam12__frame_00016.jpg,89,461.84,338.81,480.88,368.92,medium
cam12__frame_00016.jpg,90,446.3,309.6,463.64,336.21,high
cam12__frame_00016.jpg,91,403.58,254.6,406.99,262.8,medium
cam12__frame_00016.jpg,92,399.4,254.17,402.81,261.09,medium
cam12__frame_00016.jpg,93,385.97,253.69,389.53,262.31,medium
cam12__frame_00016.jpg,94,558.5,593.3,615.53,639.54,high
cam12__frame_00016.jpg,95,565.73,571.64,584.17,594.47,high
cam12__frame_00016.jpg,96,560.03,540.48,598.32,571.47,high
cam12__frame_00016.jpg,97,375.74,280.34,389.86,304.95,high
cam12__frame_00016.jpg,98,16.32,220.37,33.01,270.88,low
cam12__frame_00016.jpg,99,19.1,205.54,26.52,219.91,high
cam12__frame_00016.jpg,100,25.71,206.06,34.39,219.82,high
cam12__frame_00016.jpg,101,34.62,201.2,51.5,228.82,medium
cam12__frame_00016.jpg,102,32.59,228.5,52.9,254.5,medium
cam12__frame_00016.jpg,103,52.78,202.7,65.08,216.9,low
cam12__frame_00016.jpg,104,52.78,217.47,70.94,253.04,low
cam12__frame_00016.jpg,105,73.76,185.18,86.37,222.15,medium
cam12__frame_00016.jpg,106,77.35,171.89,94.67,185.06,medium
cam12__frame_00016.jpg,107,86.8,184.57,99.41,221.54,medium
cam12__frame_00016.jpg,108,103.68,175.48,113.85,204.8,medium
cam12__frame_00016.jpg,109,122.5,188.95,133.87,203.01,low
cam12__frame_00016.jpg,110,129.98,168.9,144.34,199.42,medium
cam12__frame_00016.jpg,111,162.05,155.0,171.03,179.19,medium
cam12__frame_00016.jpg,112,0.0,381.08,10.5,459.88,high
cam12__frame_00016.jpg,113,5.76,338.6,19.18,364.1,medium
cam12__frame_00016.jpg,114,11.13,364.91,22.94,389.34,medium
cam12__frame_00016.jpg,115,23.48,362.0,39.85,391.49,low
cam12__frame_00016.jpg,116,16.72,334.99,35.83,355.03,high
cam12__frame_00016.jpg,117,16.34,312.35,37.87,335.54,medium
cam12__frame_00016.jpg,118,34.71,334.62,49.56,357.63,medium
cam12__frame_00016.jpg,119,34.16,357.26,49.0,380.27,high
cam12__frame_00016.jpg,120,50.6,358.77,77.1,389.08,low
cam12__frame_00016.jpg,121,49.64,337.12,81.39,360.69,medium
cam12__frame_00016.jpg,122,58.28,295.84,74.05,332.39,high
cam12__frame_00016.jpg,123,40.42,277.97,65.75,302.38,high
cam12__frame_00016.jpg,124,76.46,320.33,85.2,339.4,high
cam12__frame_00016.jpg,125,74.24,288.42,85.18,319.96,high
cam12__frame_00016.jpg,126,73.0,255.38,86.44,286.15,medium
cam12__frame_00016.jpg,127,87.25,247.07,98.65,263.16,high
cam12__frame_00016.jpg,128,87.99,262.36,108.94,294.16,medium
cam12__frame_00016.jpg,129,86.44,294.68,103.77,309.94,low
cam12__frame_00016.jpg,130,86.96,308.64,104.8,316.66,low
cam12__frame_00016.jpg,131,87.74,316.4,104.54,325.2,high
cam12__frame_00016.jpg,132,98.65,240.14,109.16,261.15,high
cam12__frame_00016.jpg,133,110.27,251.76,117.87,292.66,high
cam12__frame_00016.jpg,134,109.38,222.04,117.65,251.32,high
cam12__frame_00016.jpg,135,119.88,222.49,132.62,256.9,medium
cam12__frame_00016.jpg,136,120.33,256.68,132.85,271.65,medium
cam12__frame_00016.jpg,137,133.43,202.91,145.3,214.29,high
cam12__frame_00016.jpg,138,128.51,215.84,147.91,226.7,high
cam12__frame_00016.jpg,139,132.39,226.7,149.46,255.92,medium
cam12__frame_00016.jpg,140,150.49,220.75,158.25,259.02,high
cam12__frame_00016.jpg,141,158.77,193.6,167.56,233.42,medium
cam12__frame_00016.jpg,142,0.0,597.27,23.23,638.98,high
cam12__frame_00016.jpg,143,0.0,537.96,35.74,572.71,medium
cam12__frame_00016.jpg,144,0.98,499.0,21.84,539.34,high
cam12__frame_00016.jpg,145,14.39,487.81,40.06,542.3,medium
cam12__frame_00016.jpg,146,26.63,478.74,52.31,533.23,low
cam12__frame_00016.jpg,147,19.98,474.0,33.89,487.44,high
cam12__frame_00016.jpg,148,47.79,460.1,69.57,492.08,low
cam12__frame_00016.jpg,149,33.44,449.9,48.27,478.66,medium
cam12__frame_00016.jpg,150,46.86,433.2,61.69,461.95,medium
cam12__frame_00016.jpg,151,70.5,416.54,84.4,448.51,medium
cam12__frame_00016.jpg,152,64.94,398.46,76.52,418.39,high
cam12__frame_00016.jpg,153,82.55,391.51,91.81,424.88,medium
cam12__frame_00016.jpg,154,84.4,381.78,100.16,410.51,medium
cam12__frame_00016.jpg,155,80.69,363.71,96.45,379.0,medium
cam12__frame_00016.jpg,156,103.89,345.64,113.15,379.01,medium
cam12__frame_00016.jpg,157,90.01,347.95,102.98,360.46,high
cam12__frame_00016.jpg,158,109.45,326.18,118.72,359.55,high
cam12__frame_00016.jpg,159,123.35,307.64,132.62,341.01,medium
cam12__frame_00016.jpg,160,133.57,289.09,153.03,326.63,medium
cam12__frame_00016.jpg,161,139.08,280.29,160.86,309.49,high
cam12__frame_00016.jpg,162,149.28,266.39,161.33,282.14,high
cam12__frame_00016.jpg,163,158.55,246.0,170.13,275.19,high
cam12__frame_00016.jpg,164,38.7,507.8,122.4,640.0,low
cam12__frame_00016.jpg,165,112.18,606.0,169.55,640.0,low
cam12__frame_00016.jpg,166,124.43,583.9,175.0,605.53,medium
cam12__frame_00016.jpg,167,195.7,476.44,266.15,639.51,low
cam12__frame_00016.jpg,168,273.04,540.0,308.02,632.6,low
cam12__frame_00016.jpg,169,288.83,566.09,324.74,640.0,medium
cam12__frame_00016.jpg,170,270.09,606.93,297.67,640.0,high
cam12__frame_00016.jpg,171,317.87,590.48,351.63,640.0,medium
cam12__frame_00016.jpg,172,345.46,582.8,429.69,640.0,medium
cam12__frame_00016.jpg,173,484.31,418.02,575.96,537.77,low
cam12__frame_00016.jpg,174,446.86,417.05,541.58,538.78,low
cam12__frame_00016.jpg,175,317.87,434.6,421.8,587.77,low
cam12__frame_00016.jpg,176,121.19,480.02,205.59,598.06,low
cam12__frame_00016.jpg,177,69.2,465.17,139.72,524.52,medium
cam12__frame_00016.jpg,178,100.94,445.12,150.4,468.2,medium
cam12__frame_00016.jpg,179,109.51,415.44,157.66,445.78,medium
cam12__frame_00016.jpg,180,118.09,396.32,159.63,420.06,medium
cam12__frame_00016.jpg,181,126.0,371.26,162.93,398.95,medium
cam12__frame_00016.jpg,182,137.93,357.42,173.26,376.8,medium
cam12__frame_00016.jpg,183,141.35,340.32,176.69,359.7,medium
cam12__frame_00016.jpg,184,145.34,328.4,180.67,343.17,medium
cam12__frame_00016.jpg,185,159.69,311.05,180.91,327.87,high
cam12__frame_00016.jpg,186,182.8,255.89,232.5,344.81,low
cam12__frame_00016.jpg,187,178.96,344.88,224.56,396.75,medium
cam12__frame_00016.jpg,188,163.58,391.62,198.34,446.9,medium
cam12__frame_00016.jpg,189,198.34,392.76,234.25,458.3,medium
cam12__frame_00016.jpg,190,172.12,448.04,202.9,510.74,high
cam12__frame_00016.jpg,191,237.67,364.8,328.87,553.49,low
cam12__frame_00016.jpg,192,228.18,378.74,260.22,392.75,medium
cam12__frame_00016.jpg,193,226.99,364.51,259.04,378.53,medium
cam12__frame_00016.jpg,194,227.38,331.07,260.62,366.72,low
cam12__frame_00016.jpg,195,263.42,348.3,277.44,365.52,high
cam12__frame_00016.jpg,196,261.42,319.46,279.04,347.89,low
cam12__frame_00016.jpg,197,231.3,268.71,258.54,326.79,medium
cam12__frame_00016.jpg,198,257.11,293.03,276.52,320.95,high
cam12__frame_00016.jpg,199,255.75,277.71,277.88,293.71,high
cam12__frame_00016.jpg,200,247.23,262.08,278.22,277.71,medium
cam12__frame_00016.jpg,201,243.5,238.8,273.11,262.08,low
cam12__frame_00016.jpg,202,217.85,244.68,244.51,268.91,high
cam12__frame_00016.jpg,203,277.1,231.4,298.17,272.38,medium
cam12__frame_00016.jpg,204,283.0,246.22,308.28,301.84,medium
cam12__frame_00016.jpg,205,330.71,256.45,372.25,278.26,high
cam12__frame_00016.jpg,206,333.82,268.57,375.36,305.61,medium
cam12__frame_00016.jpg,207,293.74,268.96,332.3,364.94,medium
cam12__frame_00016.jpg,208,340.32,305.04,399.2,349.5,medium
cam12__frame_00016.jpg,209,307.48,318.66,366.36,437.21,low
cam12__frame_00016.jpg,210,369.56,393.16,421.23,417.99,high
cam12__frame_00016.jpg,211,378.38,402.0,438.86,430.0,medium
cam12__frame_00016.jpg,212,440.63,590.42,496.0,640.0,medium
cam12__frame_00016.jpg,213,497.88,592.29,537.3,640.0,medium
