image_name,box_index,xtl,ytl,xbr,ybr,occlusion_level
cam11__frame_00000.jpg,0,392.04,330.05,405.74,355.65,medium
cam11__frame_00000.jpg,1,139.58,220.48,152.15,230.65,high
cam11__frame_00000.jpg,2,144.97,227.66,153.94,259.38,high
cam11__frame_00000.jpg,3,135.09,232.45,144.97,268.35,high
cam11__frame_00000.jpg,4,130.9,249.5,135.39,276.13,high
cam11__frame_00000.jpg,5,125.52,241.13,130.9,280.62,high
cam11__frame_00000.jpg,6,107.94,242.1,125.09,296.32,medium
cam11__frame_00000.jpg,7,101.92,252.3,107.94,301.42,medium
cam11__frame_00000.jpg,8,89.9,249.05,103.31,314.4,medium
cam11__frame_00000.jpg,9,72.26,259.25,90.33,340.35,medium
cam11__frame_00000.jpg,10,172.37,255.22,175.4,276.16,high
cam11__frame_00000.jpg,11,167.75,262.04,172.0,279.92,high
cam11__frame_00000.jpg,12,160.6,263.61,167.75,288.86,high
cam11__frame_00000.jpg,13,150.77,268.22,160.46,282.76,medium
cam11__frame_00000.jpg,14,145.5,281.81,163.46,312.03,medium
cam11__frame_00000.jpg,15,135.63,303.95,141.91,326.69,high
cam11__frame_00000.jpg,16,123.66,292.88,135.93,321.31,high
cam11__frame_00000.jpg,17,119.47,318.0,129.6,348.83,high
cam11__frame_00000.jpg,18,110.5,323.7,119.77,359.6,high
cam11__frame_00000.jpg,19,86.86,348.83,112.29,367.08,high
cam11__frame_00000.jpg,20,53.87,344.53,84.71,389.79,high
cam11__frame_00000.jpg,21,42.42,368.58,53.84,404.93,high
cam11__frame_00000.jpg,22,21.54,379.54,31.46,385.94,medium
cam11__frame_00000.jpg,23,21.98,384.46,31.91,390.86,medium
cam11__frame_00000.jpg,24,20.64,374.85,30.57,381.25,medium
cam11__frame_00000.jpg,25,20.87,370.38,30.79,376.78,medium
cam11__frame_00000.jpg,26,20.86,365.46,30.8,371.87,medium
cam11__frame_00000.jpg,27,20.64,360.55,30.57,366.95,medium
cam11__frame_00000.jpg,28,20.64,356.08,30.57,362.48,medium
cam11__frame_00000.jpg,29,20.87,351.61,30.79,358.01,medium
cam11__frame_00000.jpg,30,20.2,347.36,30.12,353.76,medium
cam11__frame_00000.jpg,31,20.64,343.11,30.57,349.52,medium
cam11__frame_00000.jpg,32,20.42,339.07,30.36,345.48,medium
cam11__frame_00000.jpg,33,19.25,334.73,29.19,341.14,medium
cam11__frame_00000.jpg,34,18.32,330.48,28.25,336.88,medium
cam11__frame_00000.jpg,35,15.43,318.21,34.86,333.76,low
cam11__frame_00000.jpg,36,145.53,317.62,158.98,354.59,medium
cam11__frame_00000.jpg,37,147.53,377.36,156.92,387.42,medium
cam11__frame_00000.jpg,38,149.32,369.54,156.92,378.03,medium
cam11__frame_00000.jpg,39,137.92,399.66,145.19,411.43,medium
cam11__frame_00000.jpg,40,136.4,360.0,144.22,368.49,high
cam11__frame_00000.jpg,41,136.62,350.17,144.67,359.33,high
cam11__frame_00000.jpg,42,136.18,338.99,145.79,349.94,high
cam11__frame_00000.jpg,43,122.54,354.19,136.4,364.25,high
cam11__frame_00000.jpg,44,117.4,361.34,128.58,368.94,high
cam11__frame_00000.jpg,45,116.28,368.72,131.04,397.77,medium
cam11__frame_00000.jpg,46,111.14,372.07,118.52,384.14,high
cam11__frame_00000.jpg,47,99.97,395.76,122.54,404.7,high
cam11__frame_00000.jpg,48,103.77,415.65,114.5,424.36,high
cam11__frame_00000.jpg,49,94.16,413.19,103.99,422.58,high
cam11__frame_00000.jpg,50,94.15,422.45,108.11,434.86,medium
cam11__frame_00000.jpg,51,94.67,439.0,99.58,447.79,high
cam11__frame_00000.jpg,52,91.3,449.31,96.99,475.97,high
cam11__frame_00000.jpg,53,27.82,456.55,42.68,470.17,medium
cam11__frame_00000.jpg,54,20.41,465.46,41.39,479.38,medium
cam11__frame_00000.jpg,55,22.18,474.03,41.88,489.08,medium
cam11__frame_00000.jpg,56,38.92,486.48,43.93,492.82,high
cam11__frame_00000.jpg,57,13.47,478.55,38.33,498.74,medium
cam11__frame_00000.jpg,58,47.59,504.14,59.8,513.39,high
cam11__frame_00000.jpg,59,36.23,514.44,55.31,527.8,medium
cam11__frame_00000.jpg,60,39.14,490.42,54.66,505.3,medium
cam11__frame_00000.jpg,61,33.42,499.2,49.67,515.46,medium
cam11__frame_00000.jpg,62,9.23,487.17,29.89,503.0,medium
cam11__frame_00000.jpg,63,26.81,497.64,36.7,507.53,medium
cam11__frame_00000.jpg,64,1.46,496.54,13.66,512.13,low
cam11__frame_00000.jpg,65,8.96,500.04,31.09,519.23,medium
cam11__frame_00000.jpg,66,28.97,519.6,40.84,531.9,low
cam11__frame_00000.jpg,67,26.7,510.34,38.54,522.61,low
cam11__frame_00000.jpg,68,396.95,356.17,406.26,367.55,high
cam11__frame_00000.jpg,69,397.47,343.5,405.74,356.95,high
cam11__frame_00000.jpg,70,401.86,358.76,408.33,370.39,high
cam11__frame_00000.jpg,71,402.64,347.64,407.81,358.76,high
cam11__frame_00000.jpg,72,411.17,328.5,424.1,384.33,medium
cam11__frame_00000.jpg,73,421.52,337.81,442.2,399.87,medium
cam11__frame_00000.jpg,74,432.38,352.81,449.18,405.82,high
cam11__frame_00000.jpg,75,435.8,370.65,452.63,434.73,medium
cam11__frame_00000.jpg,76,474.66,385.46,500.7,420.71,high
cam11__frame_00000.jpg,77,448.6,395.48,485.88,453.56,low
cam11__frame_00000.jpg,78,496.7,411.9,515.12,445.14,high
cam11__frame_00000.jpg,79,468.25,426.32,508.71,483.19,medium
cam11__frame_00000.jpg,80,491.89,455.96,515.92,523.65,medium
cam11__frame_00000.jpg,81,513.9,483.59,533.94,548.08,medium
cam11__frame_00000.jpg,82,533.54,499.62,547.96,558.09,high
cam11__frame_00000.jpg,83,154.84,223.17,161.42,253.39,high
cam11__frame_00000.jpg,84,343.6,232.86,351.64,251.63,medium
cam11__frame_00000.jpg,85,381.49,252.75,388.07,288.06,high
cam11__frame_00000.jpg,86,393.14,276.19,419.0,293.93,high
cam11__frame_00000.jpg,87,393.24,289.2,419.59,304.5,high
cam11__frame_00000.jpg,88,410.22,261.71,437.92,280.06,high
cam11__frame_00000.jpg,89,411.95,301.56,428.92,319.56,high
cam11__frame_00000.jpg,90,224.92,352.62,282.35,395.69,medium
cam11__frame_00000.jpg,91,180.55,337.12,223.01,378.78,medium
cam11__frame_00000.jpg,92,224.61,311.89,277.08,348.74,medium
cam11__frame_00000.jpg,93,188.56,289.06,224.21,339.12,medium
cam11__frame_00000.jpg,94,224.76,274.42,271.61,311.62,medium
cam11__frame_00000.jpg,95,203.39,268.93,221.69,288.19,medium
cam11__frame_00000.jpg,96,221.45,257.28,234.77,279.87,medium
cam11__frame_00000.jpg,97,278.07,331.0,320.4,349.46,high
cam11__frame_00000.jpg,98,280.29,279.43,320.4,330.36,low
cam11__frame_00000.jpg,99,283.48,274.34,319.44,285.16,high
cam11__frame_00000.jpg,100,281.62,268.85,316.34,275.02,high
cam11__frame_00000.jpg,101,280.79,262.69,313.46,268.85,high
cam11__frame_00000.jpg,102,278.74,239.65,308.81,262.82,high
cam11__frame_00000.jpg,103,183.6,378.54,218.38,398.46,medium
cam11__frame_00000.jpg,104,176.86,394.1,217.26,425.07,medium
cam11__frame_00000.jpg,105,259.46,401.49,283.56,422.34,medium
cam11__frame_00000.jpg,106,245.16,423.87,266.6,456.58,low
cam11__frame_00000.jpg,107,224.73,430.3,240.33,461.4,medium
cam11__frame_00000.jpg,108,169.04,414.65,214.41,455.03,medium
cam11__frame_00000.jpg,109,162.89,445.86,207.56,485.56,medium
cam11__frame_00000.jpg,110,151.1,479.98,210.04,535.19,medium
cam11__frame_00000.jpg,111,211.28,458.26,278.29,548.84,medium
cam11__frame_00000.jpg,112,593.01,104.2,640.0,163.76,medium
cam11__frame_00000.jpg,113,225.55,566.21,294.42,640.0,high
cam11__frame_00000.jpg,114,312.88,345.77,345.73,398.24,medium
cam11__frame_00000.jpg,115,275.1,382.1,385.04,508.32,low
cam11__frame_00000.jpg,116,286.33,498.95,386.22,567.37,medium
cam11__frame_00000.jpg,117,294.06,565.0,388.96,622.37,medium
cam11__frame_00000.jpg,118,309.9,607.57,398.77,640.0,high
cam11__frame_00000.jpg,119,385.06,474.43,430.3,639.71,medium
cam11__frame_00000.jpg,120,329.49,316.54,353.16,358.6,medium
cam11__frame_00000.jpg,121,352.34,327.96,357.3,347.34,high
cam11__frame_00000.jpg,122,357.56,341.29,366.06,349.34,high
cam11__frame_00000.jpg,123,357.24,329.61,365.96,340.7,high
cam11__frame_00000.jpg,124,366.73,341.29,377.9,353.81,high
cam11__frame_00000.jpg,125,368.96,364.34,377.01,380.87,high
cam11__frame_00000.jpg,126,373.88,355.4,385.72,384.67,medium
cam11__frame_00000.jpg,127,396.23,412.59,432.88,443.43,medium
cam11__frame_00000.jpg,128,407.7,430.8,435.18,470.85,medium
cam11__frame_00000.jpg,129,431.83,434.64,446.58,467.05,medium
cam11__frame_00000.jpg,130,427.47,463.85,446.47,507.88,medium
cam11__frame_00000.jpg,131,450.25,507.2,473.84,535.08,low
cam11__frame_00000.jpg,132,469.02,529.18,501.73,564.03,medium
cam11__frame_00000.jpg,133,516.3,593.45,544.19,638.12,low
cam11__frame_00000.jpg,134,343.35,277.9,350.59,295.48,high
cam11__frame_00000.jpg,135,352.14,274.02,367.65,288.5,high
cam11__frame_00000.jpg,136,350.62,287.79,359.57,309.21,high
cam11__frame_00000.jpg,137,359.84,291.59,368.79,315.71,high
cam11__frame_00000.jpg,138,362.55,310.56,368.79,322.76,high
cam11__frame_00000.jpg,139,570.2,555.57,602.6,628.32,low
cam11__frame_00000.jpg,140,418.88,289.44,443.8,303.98,medium
cam11__frame_00000.jpg,141,424.07,277.0,447.95,290.14,medium
cam11__frame_00000.jpg,142,442.42,288.06,458.34,309.52,medium
cam11__frame_00000.jpg,143,428.57,306.75,449.34,339.64,medium
cam11__frame_00000.jpg,144,447.61,316.41,459.38,328.53,high
cam11__frame_00000.jpg,145,447.95,326.1,457.99,353.8,high
cam11__frame_00000.jpg,146,461.81,304.16,483.03,359.83,high
cam11__frame_00000.jpg,147,471.02,341.81,497.05,381.06,medium
cam11__frame_00000.jpg,148,494.65,355.83,508.67,399.88,high
cam11__frame_00000.jpg,149,508.67,375.05,523.49,417.91,high
cam11__frame_00000.jpg,150,557.74,364.86,573.5,384.79,high
cam11__frame_00000.jpg,151,524.84,376.91,566.55,452.0,low
cam11__frame_00000.jpg,152,561.91,406.11,612.0,488.6,low
cam11__frame_00000.jpg,153,592.04,387.57,623.5,438.55,high
cam11__frame_00000.jpg,154,614.28,430.21,626.33,466.36,high
cam11__frame_00000.jpg,155,606.87,468.67,619.38,497.4,medium
cam11__frame_00000.jpg,156,610.57,484.89,620.31,506.67,high
cam11__frame_00000.jpg,157,339.08,174.34,355.35,214.15,high
cam11__frame_00000.jpg,158,354.66,175.38,370.24,220.04,high
cam11__frame_00000.jpg,159,371.28,176.76,412.13,202.38,low
cam11__frame_00000.jpg,160,369.2,203.1,394.8,231.46,medium
cam11__frame_00000.jpg,161,395.51,203.07,412.47,238.73,high
cam11__frame_00000.jpg,162,419.05,179.88,429.78,249.46,high
cam11__frame_00000.jpg,163,429.36,186.76,446.19,258.46,medium
cam11__frame_00000.jpg,164,440.18,189.16,457.8,230.02,medium
cam11__frame_00000.jpg,165,447.39,232.02,464.61,264.06,medium
cam11__frame_00000.jpg,166,454.6,137.9,501.86,182.36,low
cam11__frame_00000.jpg,167,463.89,234.14,471.5,270.19,high
cam11__frame_00000.jpg,168,465.89,195.29,474.3,234.54,high
cam11__frame_00000.jpg,169,474.3,185.28,507.95,240.55,medium
cam11__frame_00000.jpg,170,471.9,238.55,498.73,280.21,medium
cam11__frame_00000.jpg,171,495.93,241.75,515.96,290.62,high
cam11__frame_00000.jpg,172,508.75,189.69,531.98,250.57,medium
cam11__frame_00000.jpg,173,515.96,253.77,536.38,304.24,high
cam11__frame_00000.jpg,174,539.99,266.19,560.42,317.45,high
cam11__frame_00000.jpg,175,528.77,192.09,587.65,268.59,medium
cam11__frame_00000.jpg,176,560.42,269.39,585.65,334.28,high
cam11__frame_00000.jpg,177,628.38,335.61,635.2,364.15,high
cam11__frame_00000.jpg,178,584.33,298.39,627.76,359.19,medium
cam11__frame_00000.jpg,179,576.95,254.44,640.0,314.44,medium
cam11__frame_00000.jpg,180,590.53,205.33,640.0,265.51,medium
cam11__frame_00000.jpg,181,579.46,156.89,640.0,206.57,medium
cam11__frame_00000.jpg,182,99.0,518.39,228.03,640.0,low
cam11__frame_00000.jpg,183,0.48,514.4,30.08,639.83,medium
cam11__frame_00000.jpg,184,36.6,586.0,53.56,606.74,high
cam11__frame_00000.jpg,185,51.05,531.88,74.09,590.2,high
cam11__frame_00000.jpg,186,31.55,552.6,40.52,563.07,low
cam11__frame_00000.jpg,187,31.29,544.41,40.47,552.63,low
cam11__frame_00000.jpg,188,32.2,533.4,41.24,544.18,low
cam11__frame_00000.jpg,189,35.02,527.97,43.36,533.53,medium
cam11__frame_00000.jpg,190,41.85,532.2,46.02,540.73,medium
cam11__frame_00000.jpg,191,40.64,541.01,47.98,548.04,medium
cam11__frame_00000.jpg,192,22.62,528.2,35.1,541.25,low
cam11__frame_00000.jpg,193,20.07,518.48,32.54,531.51,low
cam11__frame_00000.jpg,194,161.12,220.18,168.6,244.72,high
cam11__frame_00000.jpg,195,172.13,216.16,179.74,238.66,high
cam11__frame_00000.jpg,196,179.08,217.82,191.59,247.94,high
cam11__frame_00000.jpg,197,71.1,202.99,76.2,227.09,high
cam11__frame_00000.jpg,198,70.26,226.02,76.75,247.8,high
cam11__frame_00000.jpg,199,77.22,185.24,87.87,216.29,medium
cam11__frame_00000.jpg,200,77.22,215.36,87.41,244.1,medium
cam11__frame_00000.jpg,201,88.8,184.31,99.46,212.12,medium
cam11__frame_00000.jpg,202,88.34,213.51,95.29,239.0,medium
cam11__frame_00000.jpg,203,95.29,211.19,102.24,233.9,medium
cam11__frame_00000.jpg,204,99.0,183.85,106.41,210.73,medium
cam11__frame_00000.jpg,205,102.2,211.19,108.26,231.58,high
cam11__frame_00000.jpg,206,110.1,180.64,115.3,225.2,medium
cam11__frame_00000.jpg,207,114.59,198.63,123.59,222.25,medium
cam11__frame_00000.jpg,208,116.09,176.89,122.09,199.38,medium
cam11__frame_00000.jpg,209,123.97,196.39,129.22,220.75,high
cam11__frame_00000.jpg,210,128.84,181.39,136.71,217.38,high
cam11__frame_00000.jpg,211,136.71,191.89,142.71,213.63,high
cam11__frame_00000.jpg,212,141.58,177.27,151.7,211.0,medium
cam11__frame_00000.jpg,213,150.95,170.15,162.57,208.75,medium
cam11__frame_00000.jpg,214,163.32,179.52,171.95,203.51,medium
cam11__frame_00000.jpg,215,172.7,178.77,179.44,200.51,medium
cam11__frame_00000.jpg,216,153.18,149.92,165.22,164.47,high
cam11__frame_00000.jpg,217,142.14,148.91,150.67,161.96,high
cam11__frame_00000.jpg,218,127.08,150.92,137.62,159.95,high
cam11__frame_00000.jpg,219,69.38,123.82,79.91,142.39,medium
cam11__frame_00000.jpg,220,69.38,141.39,80.42,158.45,medium
cam11__frame_00000.jpg,221,80.38,138.88,89.41,154.93,medium
cam11__frame_00000.jpg,222,89.38,138.55,96.92,154.07,medium
cam11__frame_00000.jpg,223,79.61,132.09,88.29,139.2,high
cam11__frame_00000.jpg,224,88.46,131.22,97.31,138.33,high
cam11__frame_00000.jpg,225,8.74,124.09,32.48,161.5,low
cam11__frame_00000.jpg,226,57.3,143.16,64.13,158.62,high
cam11__frame_00000.jpg,227,180.92,258.6,195.11,279.37,high
cam11__frame_00000.jpg,228,1.95,236.1,23.76,324.03,medium
cam11__frame_00000.jpg,229,23.76,225.71,38.3,305.68,medium
cam11__frame_00000.jpg,230,38.3,221.9,46.6,298.41,high
cam11__frame_00000.jpg,231,47.7,270.14,55.57,283.12,high
cam11__frame_00000.jpg,232,191.27,222.4,199.68,235.67,high
cam11__frame_00000.jpg,233,86.46,459.9,117.32,502.94,high
cam11__frame_00000.jpg,234,160.6,357.71,180.71,399.45,medium
cam11__frame_00000.jpg,235,152.37,423.15,174.02,435.52,low
cam11__frame_00000.jpg,236,396.7,308.7,405.35,324.66,high
cam11__frame_00000.jpg,237,369.8,313.8,376.35,326.82,low
cam11__frame_00000.jpg,238,378.82,325.22,387.72,343.49,low
cam11__frame_00000.jpg,239,388.16,339.36,392.04,355.91,high
cam11__frame_00000.jpg,240,387.64,331.86,393.33,340.14,medium
cam11__frame_00001.jpg,0,8.74,124.09,32.48,161.5,low
cam11__frame_00001.jpg,1,13.47,478.55,38.33,498.74,medium
cam11__frame_00001.jpg,2,9.23,487.17,29.89,503.0,medium
cam11__frame_00001.jpg,3,1.46,496.54,13.66,512.13,low
cam11__frame_00001.jpg,4,8.96,500.04,31.09,519.23,medium
cam11__frame_00001.jpg,5,38.92,486.48,43.93,492.82,high
cam11__frame_00001.jpg,6,39.14,490.42,54.66,505.3,medium
cam11__frame_00001.jpg,7,33.42,499.2,49.67,515.46,medium
cam11__frame_00001.jpg,8,26.7,510.34,38.54,522.61,low
cam11__frame_00001.jpg,9,20.07,518.48,32.54,531.51,low
cam11__frame_00001.jpg,10,47.59,504.14,59.8,513.39,high
cam11__frame_00001.jpg,11,36.23,514.44,55.31,527.8,medium
cam11__frame_00001.jpg,12,35.02,527.97,43.36,533.53,medium
cam11__frame_00001.jpg,13,32.2,533.4,41.24,544.18,low
cam11__frame_00001.jpg,14,343.6,232.86,351.64,251.63,medium
cam11__frame_00001.jpg,15,381.49,252.75,388.07,288.06,high
cam11__frame_00001.jpg,16,393.24,289.2,419.59,304.5,high
cam11__frame_00001.jpg,17,393.14,276.19,419.0,293.93,high
cam11__frame_00001.jpg,18,410.22,261.71,437.92,280.06,high
cam11__frame_00001.jpg,19,424.07,277.0,447.95,290.14,medium
cam11__frame_00001.jpg,20,418.88,289.44,443.8,303.98,medium
cam11__frame_00001.jpg,21,411.95,301.56,428.92,319.56,high
cam11__frame_00001.jpg,22,442.42,288.06,458.34,309.52,medium
cam11__frame_00001.jpg,23,428.57,306.75,449.34,339.64,medium
cam11__frame_00001.jpg,24,447.61,316.41,459.38,328.53,high
cam11__frame_00001.jpg,25,447.95,326.1,457.99,353.8,high
cam11__frame_00001.jpg,26,461.81,304.16,483.03,359.83,high
cam11__frame_00001.jpg,27,471.02,341.81,497.05,381.06,medium
cam11__frame_00001.jpg,28,494.65,355.83,508.67,399.88,high
cam11__frame_00001.jpg,29,508.67,375.05,523.49,417.91,high
cam11__frame_00001.jpg,30,524.84,376.91,566.55,452.0,low
cam11__frame_00001.jpg,31,557.74,364.86,573.5,384.79,high
cam11__frame_00001.jpg,32,561.91,406.11,612.0,488.6,low
cam11__frame_00001.jpg,33,592.04,387.57,623.5,438.55,high
cam11__frame_00001.jpg,34,614.28,430.21,626.33,466.36,high
cam11__frame_00001.jpg,35,606.87,468.67,619.38,497.4,medium
cam11__frame_00001.jpg,36,610.57,484.89,620.31,506.67,high
cam11__frame_00001.jpg,37,339.08,174.34,355.35,214.15,high
cam11__frame_00001.jpg,38,354.66,175.38,370.24,220.04,high
cam11__frame_00001.jpg,39,369.2,203.1,394.8,231.46,medium
cam11__frame_00001.jpg,40,371.28,176.76,412.13,202.38,low
cam11__frame_00001.jpg,41,395.51,203.07,412.47,238.73,high
cam11__frame_00001.jpg,42,419.05,179.88,429.78,249.46,high
cam11__frame_00001.jpg,43,429.36,186.76,446.19,258.46,medium
cam11__frame_00001.jpg,44,440.18,189.16,457.8,230.02,medium
cam11__frame_00001.jpg,45,447.39,232.02,464.61,264.06,medium
cam11__frame_00001.jpg,46,463.89,234.14,471.5,270.19,high
cam11__frame_00001.jpg,47,465.89,195.29,474.3,234.54,high
cam11__frame_00001.jpg,48,454.6,137.9,501.86,182.36,low
cam11__frame_00001.jpg,49,471.9,238.55,498.73,280.21,medium
cam11__frame_00001.jpg,50,474.3,185.28,507.95,240.55,medium
cam11__frame_00001.jpg,51,495.93,241.75,515.96,290.62,high
cam11__frame_00001.jpg,52,508.75,189.69,531.98,250.57,medium
cam11__frame_00001.jpg,53,515.96,253.77,536.38,304.24,high
cam11__frame_00001.jpg,54,528.77,192.09,587.65,268.59,medium
cam11__frame_00001.jpg,55,539.99,266.19,560.42,317.45,high
cam11__frame_00001.jpg,56,560.42,269.39,585.65,334.28,high
cam11__frame_00001.jpg,57,584.33,298.39,627.76,359.19,medium
cam11__frame_00001.jpg,58,576.95,254.44,640.0,314.44,medium
cam11__frame_00001.jpg,59,590.53,205.33,640.0,265.51,medium
cam11__frame_00001.jpg,60,579.46,156.89,640.0,206.57,medium
cam11__frame_00001.jpg,61,593.01,104.2,640.0,163.76,medium
cam11__frame_00001.jpg,62,22.18,474.03,41.88,489.08,medium
cam11__frame_00001.jpg,63,57.3,143.16,64.13,158.62,high
cam11__frame_00001.jpg,64,69.38,123.82,79.91,142.39,medium
cam11__frame_00001.jpg,65,69.38,141.39,80.42,158.45,medium
cam11__frame_00001.jpg,66,79.61,132.09,88.29,139.2,high
cam11__frame_00001.jpg,67,80.38,138.88,89.41,154.93,medium
cam11__frame_00001.jpg,68,31.29,544.41,40.47,552.63,low
cam11__frame_00001.jpg,69,31.55,552.6,40.52,563.07,low
cam11__frame_00001.jpg,70,40.64,541.01,47.98,548.04,medium
cam11__frame_00001.jpg,71,41.85,532.2,46.02,540.73,medium
cam11__frame_00001.jpg,72,51.05,531.88,74.09,590.2,high
cam11__frame_00001.jpg,73,36.6,586.0,53.56,606.74,high
cam11__frame_00001.jpg,74,0.48,514.4,30.08,639.83,medium
cam11__frame_00001.jpg,75,86.46,459.9,117.32,502.94,high
cam11__frame_00001.jpg,76,91.3,449.31,96.99,475.97,high
cam11__frame_00001.jpg,77,94.67,439.0,99.58,447.79,high
cam11__frame_00001.jpg,78,94.15,422.45,108.11,434.86,medium
cam11__frame_00001.jpg,79,94.16,413.19,103.99,422.58,high
cam11__frame_00001.jpg,80,103.77,415.65,114.5,424.36,high
cam11__frame_00001.jpg,81,99.97,395.76,122.54,404.7,high
cam11__frame_00001.jpg,82,137.92,399.66,145.19,411.43,medium
cam11__frame_00001.jpg,83,111.14,372.07,118.52,384.14,high
cam11__frame_00001.jpg,84,116.28,368.72,131.04,397.77,medium
cam11__frame_00001.jpg,85,117.4,361.34,128.58,368.94,high
cam11__frame_00001.jpg,86,122.54,354.19,136.4,364.25,high
cam11__frame_00001.jpg,87,136.4,360.0,144.22,368.49,high
cam11__frame_00001.jpg,88,136.62,350.17,144.67,359.33,high
cam11__frame_00001.jpg,89,136.18,338.99,145.79,349.94,high
cam11__frame_00001.jpg,90,145.53,317.62,158.98,354.59,medium
cam11__frame_00001.jpg,91,180.92,258.6,195.11,279.37,high
cam11__frame_00001.jpg,92,160.6,357.71,180.71,399.45,medium
cam11__frame_00001.jpg,93,152.37,423.15,174.02,435.52,low
cam11__frame_00001.jpg,94,42.42,368.58,53.84,404.93,high
cam11__frame_00001.jpg,95,53.87,344.53,84.71,389.79,high
cam11__frame_00001.jpg,96,86.86,348.83,112.29,367.08,high
cam11__frame_00001.jpg,97,110.5,323.7,119.77,359.6,high
cam11__frame_00001.jpg,98,119.47,318.0,129.6,348.83,high
cam11__frame_00001.jpg,99,123.66,292.88,135.93,321.31,high
cam11__frame_00001.jpg,100,135.63,303.95,141.91,326.69,high
cam11__frame_00001.jpg,101,145.5,281.81,163.46,312.03,medium
cam11__frame_00001.jpg,102,150.77,268.22,160.46,282.76,medium
cam11__frame_00001.jpg,103,160.6,263.61,167.75,288.86,high
cam11__frame_00001.jpg,104,167.75,262.04,172.0,279.92,high
cam11__frame_00001.jpg,105,172.37,255.22,175.4,276.16,high
cam11__frame_00001.jpg,106,88.46,131.22,97.31,138.33,high
cam11__frame_00001.jpg,107,89.38,138.55,96.92,154.07,medium
cam11__frame_00001.jpg,108,127.08,150.92,137.62,159.95,high
cam11__frame_00001.jpg,109,142.14,148.91,150.67,161.96,high
cam11__frame_00001.jpg,110,153.18,149.92,165.22,164.47,high
cam11__frame_00001.jpg,111,1.95,236.1,23.76,324.03,medium
cam11__frame_00001.jpg,112,23.76,225.71,38.3,305.68,medium
cam11__frame_00001.jpg,113,38.3,221.9,46.6,298.41,high
cam11__frame_00001.jpg,114,47.7,270.14,55.57,283.12,high
cam11__frame_00001.jpg,115,70.26,226.02,76.75,247.8,high
cam11__frame_00001.jpg,116,71.1,202.99,76.2,227.09,high
cam11__frame_00001.jpg,117,77.22,185.24,87.87,216.29,medium
cam11__frame_00001.jpg,118,77.22,215.36,87.41,244.1,medium
cam11__frame_00001.jpg,119,88.8,184.31,99.46,212.12,medium
cam11__frame_00001.jpg,120,88.34,213.51,95.29,239.0,medium
cam11__frame_00001.jpg,121,95.29,211.19,102.24,233.9,medium
cam11__frame_00001.jpg,122,99.0,183.85,106.41,210.73,medium
cam11__frame_00001.jpg,123,102.2,211.19,108.26,231.58,high
cam11__frame_00001.jpg,124,110.1,180.64,115.3,225.2,medium
cam11__frame_00001.jpg,125,116.09,176.89,122.09,199.38,medium
cam11__frame_00001.jpg,126,570.2,555.57,602.6,628.32,low
cam11__frame_00001.jpg,127,533.54,499.62,547.96,558.09,high
cam11__frame_00001.jpg,128,513.9,483.59,533.94,548.08,medium
cam11__frame_00001.jpg,129,491.89,455.96,515.92,523.65,medium
cam11__frame_00001.jpg,130,468.25,426.32,508.71,483.19,medium
cam11__frame_00001.jpg,131,496.7,411.9,515.12,445.14,high
cam11__frame_00001.jpg,132,474.66,385.46,500.7,420.71,high
cam11__frame_00001.jpg,133,448.6,395.48,485.88,453.56,low
cam11__frame_00001.jpg,134,435.8,370.65,452.63,434.73,medium
cam11__frame_00001.jpg,135,432.38,352.81,449.18,405.82,high
cam11__frame_00001.jpg,136,421.52,337.81,442.2,399.87,medium
cam11__frame_00001.jpg,137,411.17,328.5,424.1,384.33,medium
cam11__frame_00001.jpg,138,401.86,358.76,408.33,370.39,high
cam11__frame_00001.jpg,139,402.64,347.64,407.81,358.76,high
cam11__frame_00001.jpg,140,396.95,356.17,406.26,367.55,high
cam11__frame_00001.jpg,141,397.47,343.5,405.74,356.95,high
cam11__frame_00001.jpg,142,392.04,330.05,405.74,355.65,medium
cam11__frame_00001.jpg,143,388.16,339.36,392.04,355.91,high
cam11__frame_00001.jpg,144,387.64,331.86,393.33,340.14,medium
cam11__frame_00001.jpg,145,396.7,308.7,405.35,324.66,high
cam11__frame_00001.jpg,146,378.82,325.22,387.72,343.49,low
cam11__frame_00001.jpg,147,369.8,313.8,376.35,326.82,low
cam11__frame_00001.jpg,148,362.55,310.56,368.79,322.76,high
cam11__frame_00001.jpg,149,359.84,291.59,368.79,315.71,high
cam11__frame_00001.jpg,150,352.14,274.02,367.65,288.5,high
cam11__frame_00001.jpg,151,350.62,287.79,359.57,309.21,high
cam11__frame_00001.jpg,152,343.35,277.9,350.59,295.48,high
cam11__frame_00001.jpg,153,516.3,593.45,544.19,638.12,low
cam11__frame_00001.jpg,154,469.02,529.18,501.73,564.03,medium
cam11__frame_00001.jpg,155,450.25,507.2,473.84,535.08,low
cam11__frame_00001.jpg,156,427.47,463.85,446.47,507.88,medium
cam11__frame_00001.jpg,157,431.83,434.64,446.58,467.05,medium
cam11__frame_00001.jpg,158,407.7,430.8,435.18,470.85,medium
cam11__frame_00001.jpg,159,396.23,412.59,432.88,443.43,medium
cam11__frame_00001.jpg,160,373.88,355.4,385.72,384.67,medium
cam11__frame_00001.jpg,161,368.96,364.34,377.01,380.87,high
cam11__frame_00001.jpg,162,366.73,341.29,377.9,353.81,high
cam11__frame_00001.jpg,163,357.24,329.61,365.96,340.7,high
cam11__frame_00001.jpg,164,357.56,341.29,366.06,349.34,high
cam11__frame_00001.jpg,165,352.34,327.96,357.3,347.34,high
cam11__frame_00001.jpg,166,329.49,316.54,353.16,358.6,medium
cam11__frame_00001.jpg,167,385.06,474.43,430.3,639.71,medium
cam11__frame_00001.jpg,168,308.33,599.05,394.72,640.0,medium
cam11__frame_00001.jpg,169,292.87,625.71,309.4,640.0,high
cam11__frame_00001.jpg,170,294.06,565.0,388.96,622.37,medium
cam11__frame_00001.jpg,171,286.33,498.95,386.22,567.37,medium
cam11__frame_00001.jpg,172,275.1,382.1,385.04,508.32,low
cam11__frame_00001.jpg,173,225.55,566.21,294.42,640.0,high
cam11__frame_00001.jpg,174,99.0,514.1,228.03,638.8,low
cam11__frame_00001.jpg,175,211.28,458.26,278.29,548.84,medium
cam11__frame_00001.jpg,176,151.1,479.98,210.04,535.19,medium
cam11__frame_00001.jpg,177,162.89,445.86,207.56,485.56,medium
cam11__frame_00001.jpg,178,245.16,423.87,266.6,456.58,low
cam11__frame_00001.jpg,179,224.73,430.3,240.33,461.4,medium
cam11__frame_00001.jpg,180,169.04,414.65,214.41,455.03,medium
cam11__frame_00001.jpg,181,176.86,394.1,217.26,425.07,medium
cam11__frame_00001.jpg,182,183.6,378.54,218.38,398.46,medium
cam11__frame_00001.jpg,183,259.46,401.49,283.56,422.34,medium
cam11__frame_00001.jpg,184,264.44,423.34,275.33,452.38,high
cam11__frame_00001.jpg,185,293.5,344.33,326.35,396.8,medium
cam11__frame_00001.jpg,186,223.81,349.14,282.29,402.81,medium
cam11__frame_00001.jpg,187,180.55,337.12,223.01,378.78,medium
cam11__frame_00001.jpg,188,188.56,289.06,224.21,339.12,medium
cam11__frame_00001.jpg,189,224.61,311.89,277.08,348.74,medium
cam11__frame_00001.jpg,190,224.76,274.42,271.61,311.62,medium
cam11__frame_00001.jpg,191,278.07,331.0,320.4,349.46,high
cam11__frame_00001.jpg,192,280.29,279.43,320.4,330.36,low
cam11__frame_00001.jpg,193,283.48,274.34,319.44,285.16,high
cam11__frame_00001.jpg,194,281.62,268.85,316.34,275.02,high
cam11__frame_00001.jpg,195,280.79,262.69,313.46,268.85,high
cam11__frame_00001.jpg,196,221.45,257.28,234.77,279.87,medium
cam11__frame_00001.jpg,197,203.39,268.93,221.69,288.19,medium
cam11__frame_00001.jpg,198,278.74,239.65,308.81,262.82,high
cam11__frame_00001.jpg,199,114.59,198.63,123.59,222.25,medium
cam11__frame_00001.jpg,200,123.97,196.39,129.22,220.75,high
cam11__frame_00001.jpg,201,128.84,181.39,136.71,217.38,high
cam11__frame_00001.jpg,202,136.71,191.89,142.71,213.63,high
cam11__frame_00001.jpg,203,141.58,177.27,151.7,211.0,medium
cam11__frame_00001.jpg,204,150.95,170.15,162.57,208.75,medium
cam11__frame_00001.jpg,205,163.32,179.52,171.95,203.51,medium
cam11__frame_00001.jpg,206,172.7,178.77,179.44,200.51,medium
cam11__frame_00001.jpg,207,191.27,222.4,199.68,235.67,high
cam11__frame_00001.jpg,208,179.08,217.82,191.59,247.94,high
cam11__frame_00001.jpg,209,172.13,216.16,179.74,238.66,high
cam11__frame_00001.jpg,210,161.12,220.18,168.6,244.72,high
cam11__frame_00001.jpg,211,154.84,223.17,161.42,253.39,high
cam11__frame_00001.jpg,212,144.97,227.66,153.94,259.38,high
cam11__frame_00001.jpg,213,139.58,220.48,152.15,230.65,high
cam11__frame_00001.jpg,214,135.09,232.45,144.97,268.35,high
cam11__frame_00001.jpg,215,130.9,249.5,135.39,276.13,high
cam11__frame_00001.jpg,216,125.52,241.13,130.9,280.62,high
cam11__frame_00001.jpg,217,107.94,242.1,125.09,296.32,medium
cam11__frame_00001.jpg,218,101.92,252.3,107.94,301.42,medium
cam11__frame_00001.jpg,219,89.9,249.05,103.31,314.4,medium
cam11__frame_00001.jpg,220,72.26,259.25,90.33,340.35,medium
cam11__frame_00001.jpg,221,15.43,318.21,34.86,333.76,low
cam11__frame_00001.jpg,222,18.32,330.48,28.25,336.88,medium
cam11__frame_00001.jpg,223,19.25,334.73,29.19,341.14,medium
cam11__frame_00001.jpg,224,20.42,339.07,30.36,345.48,medium
cam11__frame_00001.jpg,225,20.64,343.11,30.57,349.52,medium
cam11__frame_00001.jpg,226,20.2,347.36,30.12,353.76,medium
cam11__frame_00001.jpg,227,20.87,351.61,30.79,358.01,medium
cam11__frame_00001.jpg,228,20.64,356.08,30.57,362.48,medium
cam11__frame_00001.jpg,229,20.64,360.55,30.57,366.95,medium
cam11__frame_00001.jpg,230,20.86,365.46,30.8,371.87,medium
cam11__frame_00001.jpg,231,20.87,370.38,30.79,376.78,medium
cam11__frame_00001.jpg,232,20.64,374.85,30.57,381.25,medium
cam11__frame_00001.jpg,233,21.54,379.54,31.46,385.94,medium
cam11__frame_00001.jpg,234,21.98,384.46,31.91,390.86,medium
cam11__frame_00001.jpg,235,27.82,456.55,42.68,470.17,medium
cam11__frame_00001.jpg,236,20.41,465.46,41.39,479.38,medium
cam11__frame_00002.jpg,0,33.42,499.2,49.67,515.46,medium
cam11__frame_00002.jpg,1,183.6,378.54,218.38,398.46,medium
cam11__frame_00002.jpg,2,223.81,349.14,282.29,402.81,medium
cam11__frame_00002.jpg,3,180.55,337.12,223.01,378.78,medium
cam11__frame_00002.jpg,4,188.56,289.06,224.21,339.12,medium
cam11__frame_00002.jpg,5,539.99,266.19,560.42,317.45,high
cam11__frame_00002.jpg,6,224.61,311.89,277.08,348.74,medium
cam11__frame_00002.jpg,7,224.76,274.42,271.61,311.62,medium
cam11__frame_00002.jpg,8,280.29,279.43,320.4,330.36,low
cam11__frame_00002.jpg,9,283.48,274.34,319.44,285.16,high
cam11__frame_00002.jpg,10,281.62,268.85,316.34,275.02,high
cam11__frame_00002.jpg,11,280.79,262.69,313.46,268.85,high
cam11__frame_00002.jpg,12,278.74,239.65,308.81,262.82,high
cam11__frame_00002.jpg,13,203.39,268.93,221.69,288.19,medium
cam11__frame_00002.jpg,14,528.77,192.09,587.65,268.59,medium
cam11__frame_00002.jpg,15,515.96,253.77,536.38,304.24,high
cam11__frame_00002.jpg,16,508.75,189.69,531.98,250.57,medium
cam11__frame_00002.jpg,17,495.93,241.75,515.96,290.62,high
cam11__frame_00002.jpg,18,474.3,185.28,507.95,240.55,medium
cam11__frame_00002.jpg,19,471.9,238.55,498.73,280.21,medium
cam11__frame_00002.jpg,20,454.6,137.9,501.86,182.36,low
cam11__frame_00002.jpg,21,465.89,195.29,474.3,234.54,high
cam11__frame_00002.jpg,22,463.89,234.14,471.5,270.19,high
cam11__frame_00002.jpg,23,447.39,232.02,464.61,264.06,medium
cam11__frame_00002.jpg,24,440.18,189.16,457.8,230.02,medium
cam11__frame_00002.jpg,25,429.36,186.76,446.19,258.46,medium
cam11__frame_00002.jpg,26,419.05,179.88,429.78,249.46,high
cam11__frame_00002.jpg,27,395.51,203.07,412.47,238.73,high
cam11__frame_00002.jpg,28,371.28,176.76,412.13,202.38,low
cam11__frame_00002.jpg,29,369.2,203.1,394.8,231.46,medium
cam11__frame_00002.jpg,30,135.63,303.95,141.91,326.69,high
cam11__frame_00002.jpg,31,145.5,281.81,163.46,312.03,medium
cam11__frame_00002.jpg,32,150.77,268.22,160.46,282.76,medium
cam11__frame_00002.jpg,33,160.6,263.61,167.75,288.86,high
cam11__frame_00002.jpg,34,167.75,262.04,172.0,279.92,high
cam11__frame_00002.jpg,35,172.37,255.22,175.4,276.16,high
cam11__frame_00002.jpg,36,26.7,510.34,38.54,522.61,low
cam11__frame_00002.jpg,37,20.07,518.48,32.54,531.51,low
cam11__frame_00002.jpg,38,47.59,504.14,59.8,513.39,high
cam11__frame_00002.jpg,39,36.23,514.44,55.31,527.8,medium
cam11__frame_00002.jpg,40,35.02,527.97,43.36,533.53,medium
cam11__frame_00002.jpg,41,32.2,533.4,41.24,544.18,low
cam11__frame_00002.jpg,42,31.29,544.41,40.47,552.63,low
cam11__frame_00002.jpg,43,31.55,552.6,40.52,563.07,low
cam11__frame_00002.jpg,44,40.64,541.01,47.98,548.04,medium
cam11__frame_00002.jpg,45,41.85,532.2,46.02,540.73,medium
cam11__frame_00002.jpg,46,51.05,531.88,74.09,590.2,high
cam11__frame_00002.jpg,47,36.6,586.0,53.56,606.74,high
cam11__frame_00002.jpg,48,0.48,514.4,30.08,639.83,medium
cam11__frame_00002.jpg,49,86.46,459.9,117.32,502.94,high
cam11__frame_00002.jpg,50,91.3,449.31,96.99,475.97,high
cam11__frame_00002.jpg,51,94.67,439.0,99.58,447.79,high
cam11__frame_00002.jpg,52,94.15,422.45,108.11,434.86,medium
cam11__frame_00002.jpg,53,94.16,413.19,103.99,422.58,high
cam11__frame_00002.jpg,54,570.2,555.57,602.6,628.32,low
cam11__frame_00002.jpg,55,533.54,499.62,547.96,558.09,high
cam11__frame_00002.jpg,56,513.9,483.59,533.94,548.08,medium
cam11__frame_00002.jpg,57,491.89,455.96,515.92,523.65,medium
cam11__frame_00002.jpg,58,468.25,426.32,508.71,483.19,medium
cam11__frame_00002.jpg,59,496.7,411.9,515.12,445.14,high
cam11__frame_00002.jpg,60,474.66,385.46,500.7,420.71,high
cam11__frame_00002.jpg,61,448.6,395.48,485.88,453.56,low
cam11__frame_00002.jpg,62,435.8,370.65,452.63,434.73,medium
cam11__frame_00002.jpg,63,432.38,352.81,449.18,405.82,high
cam11__frame_00002.jpg,64,421.52,337.81,442.2,399.87,medium
cam11__frame_00002.jpg,65,411.17,328.5,424.1,384.33,medium
cam11__frame_00002.jpg,66,401.86,358.76,408.33,370.39,high
cam11__frame_00002.jpg,67,103.77,415.65,114.5,424.36,high
cam11__frame_00002.jpg,68,99.97,395.76,122.54,404.7,high
cam11__frame_00002.jpg,69,137.92,399.66,145.19,411.43,medium
cam11__frame_00002.jpg,70,111.14,372.07,118.52,384.14,high
cam11__frame_00002.jpg,71,116.28,368.72,131.04,397.77,medium
cam11__frame_00002.jpg,72,117.4,361.34,128.58,368.94,high
cam11__frame_00002.jpg,73,122.54,354.19,136.4,364.25,high
cam11__frame_00002.jpg,74,136.4,360.0,144.22,368.49,high
cam11__frame_00002.jpg,75,136.62,350.17,144.67,359.33,high
cam11__frame_00002.jpg,76,136.18,338.99,145.79,349.94,high
cam11__frame_00002.jpg,77,418.88,289.44,443.8,303.98,medium
cam11__frame_00002.jpg,78,411.95,301.56,428.92,319.56,high
cam11__frame_00002.jpg,79,402.64,347.64,407.81,358.76,high
cam11__frame_00002.jpg,80,396.95,356.17,406.26,367.55,high
cam11__frame_00002.jpg,81,397.47,343.5,405.74,356.95,high
cam11__frame_00002.jpg,82,392.04,330.05,405.74,355.65,medium
cam11__frame_00002.jpg,83,388.16,339.36,392.04,355.91,high
cam11__frame_00002.jpg,84,387.64,331.86,393.33,340.14,medium
cam11__frame_00002.jpg,85,396.7,308.7,405.35,324.66,high
cam11__frame_00002.jpg,86,378.82,325.22,387.72,343.49,low
cam11__frame_00002.jpg,87,369.8,313.8,376.35,326.82,low
cam11__frame_00002.jpg,88,362.55,310.56,368.79,322.76,high
cam11__frame_00002.jpg,89,359.84,291.59,368.79,315.71,high
cam11__frame_00002.jpg,90,352.14,274.02,367.65,288.5,high
cam11__frame_00002.jpg,91,350.62,287.79,359.57,309.21,high
cam11__frame_00002.jpg,92,343.35,277.9,350.59,295.48,high
cam11__frame_00002.jpg,93,516.3,593.45,544.19,638.12,low
cam11__frame_00002.jpg,94,469.02,529.18,501.73,564.03,medium
cam11__frame_00002.jpg,95,450.25,507.2,473.84,535.08,low
cam11__frame_00002.jpg,96,442.42,288.06,458.34,309.52,medium
cam11__frame_00002.jpg,97,428.57,306.75,449.34,339.64,medium
cam11__frame_00002.jpg,98,447.61,316.41,459.38,328.53,high
cam11__frame_00002.jpg,99,447.95,326.1,457.99,353.8,high
cam11__frame_00002.jpg,100,461.81,304.16,483.03,359.83,high
cam11__frame_00002.jpg,101,471.02,341.81,497.05,381.06,medium
cam11__frame_00002.jpg,102,494.65,355.83,508.67,399.88,high
cam11__frame_00002.jpg,103,508.67,375.05,523.49,417.91,high
cam11__frame_00002.jpg,104,524.84,376.91,566.55,452.0,low
cam11__frame_00002.jpg,105,557.74,364.86,573.5,384.79,high
cam11__frame_00002.jpg,106,561.91,406.11,612.0,488.6,low
cam11__frame_00002.jpg,107,592.04,387.57,623.5,438.55,high
cam11__frame_00002.jpg,108,614.28,430.21,626.33,466.36,high
cam11__frame_00002.jpg,109,606.87,468.67,619.38,497.4,medium
cam11__frame_00002.jpg,110,610.57,484.89,620.31,506.67,high
cam11__frame_00002.jpg,111,339.08,174.34,355.35,214.15,high
cam11__frame_00002.jpg,112,354.66,175.38,370.24,220.04,high
cam11__frame_00002.jpg,113,221.45,257.28,234.77,279.87,medium
cam11__frame_00002.jpg,114,145.53,317.62,158.98,354.59,medium
cam11__frame_00002.jpg,115,180.92,258.6,195.11,279.37,high
cam11__frame_00002.jpg,116,160.6,357.71,180.71,399.45,medium
cam11__frame_00002.jpg,117,152.37,423.15,174.02,435.52,low
cam11__frame_00002.jpg,118,42.42,368.58,53.84,404.93,high
cam11__frame_00002.jpg,119,53.87,344.53,84.71,389.79,high
cam11__frame_00002.jpg,120,86.86,348.83,112.29,367.08,high
cam11__frame_00002.jpg,121,110.5,323.7,119.77,359.6,high
cam11__frame_00002.jpg,122,119.47,318.0,129.6,348.83,high
cam11__frame_00002.jpg,123,123.66,292.88,135.93,321.31,high
cam11__frame_00002.jpg,124,224.73,430.3,240.33,461.4,medium
cam11__frame_00002.jpg,125,258.63,401.49,282.73,422.34,medium
cam11__frame_00002.jpg,126,308.33,599.05,394.72,640.0,medium
cam11__frame_00002.jpg,127,293.5,344.33,326.35,396.8,medium
cam11__frame_00002.jpg,128,225.55,562.06,294.42,635.85,high
cam11__frame_00002.jpg,129,264.44,423.34,275.33,452.38,high
cam11__frame_00002.jpg,130,169.04,414.65,214.41,455.03,medium
cam11__frame_00002.jpg,131,176.86,394.1,217.26,425.07,medium
cam11__frame_00002.jpg,132,343.6,232.86,351.64,251.63,medium
cam11__frame_00002.jpg,133,381.49,252.75,388.07,288.06,high
cam11__frame_00002.jpg,134,393.24,289.2,419.59,304.5,high
cam11__frame_00002.jpg,135,393.14,276.19,419.0,293.93,high
cam11__frame_00002.jpg,136,410.22,261.71,437.92,280.06,high
cam11__frame_00002.jpg,137,424.07,277.0,447.95,290.14,medium
cam11__frame_00002.jpg,138,593.01,104.2,640.0,163.76,medium
cam11__frame_00002.jpg,139,579.46,156.89,640.0,206.57,medium
cam11__frame_00002.jpg,140,590.53,205.33,640.0,265.51,medium
cam11__frame_00002.jpg,141,576.95,254.44,640.0,314.44,medium
cam11__frame_00002.jpg,142,584.33,298.39,627.76,359.19,medium
cam11__frame_00002.jpg,143,560.42,269.39,585.65,334.28,high
cam11__frame_00002.jpg,144,427.47,463.85,446.47,507.88,medium
cam11__frame_00002.jpg,145,431.83,434.64,446.58,467.05,medium
cam11__frame_00002.jpg,146,407.7,430.8,435.18,470.85,medium
cam11__frame_00002.jpg,147,396.23,412.59,432.88,443.43,medium
cam11__frame_00002.jpg,148,373.88,355.4,385.72,384.67,medium
cam11__frame_00002.jpg,149,368.96,364.34,377.01,380.87,high
cam11__frame_00002.jpg,150,366.73,341.29,377.9,353.81,high
cam11__frame_00002.jpg,151,357.24,329.61,365.96,340.7,high
cam11__frame_00002.jpg,152,357.56,341.29,366.06,349.34,high
cam11__frame_00002.jpg,153,352.34,327.96,357.3,347.34,high
cam11__frame_00002.jpg,154,329.49,316.54,353.16,358.6,medium
cam11__frame_00002.jpg,155,391.71,472.77,436.95,638.05,medium
cam11__frame_00002.jpg,156,294.89,564.17,389.8,621.54,medium
cam11__frame_00002.jpg,157,290.48,503.11,390.37,571.52,medium
cam11__frame_00002.jpg,158,334.07,380.44,444.01,506.66,low
cam11__frame_00002.jpg,159,203.96,461.57,272.82,554.5,high
cam11__frame_00002.jpg,160,96.51,509.12,225.54,633.82,low
cam11__frame_00002.jpg,161,145.29,457.55,204.23,512.77,medium
cam11__frame_00002.jpg,162,167.04,440.04,211.71,479.75,medium
cam11__frame_00002.jpg,163,245.16,423.87,266.6,456.58,low
cam11__frame_00002.jpg,164,8.74,124.09,32.48,161.5,low
cam11__frame_00002.jpg,165,57.3,143.16,64.13,158.62,high
cam11__frame_00002.jpg,166,69.38,123.82,79.91,142.39,medium
cam11__frame_00002.jpg,167,69.38,141.39,80.42,158.45,medium
cam11__frame_00002.jpg,168,79.61,132.09,88.29,139.2,high
cam11__frame_00002.jpg,169,80.38,138.88,89.41,154.93,medium
cam11__frame_00002.jpg,170,88.46,131.22,97.31,138.33,high
cam11__frame_00002.jpg,171,89.38,138.55,96.92,154.07,medium
cam11__frame_00002.jpg,172,127.08,150.92,137.62,159.95,high
cam11__frame_00002.jpg,173,142.14,148.91,150.67,161.96,high
cam11__frame_00002.jpg,174,153.18,149.92,165.22,164.47,high
cam11__frame_00002.jpg,175,1.95,236.1,23.76,324.03,medium
cam11__frame_00002.jpg,176,23.76,225.71,38.3,305.68,medium
cam11__frame_00002.jpg,177,38.3,221.9,46.6,298.41,high
cam11__frame_00002.jpg,178,47.7,270.14,55.57,283.12,high
cam11__frame_00002.jpg,179,70.26,226.02,76.75,247.8,high
cam11__frame_00002.jpg,180,71.1,202.99,76.2,227.09,high
cam11__frame_00002.jpg,181,77.22,185.24,87.87,216.29,medium
cam11__frame_00002.jpg,182,77.22,215.36,87.41,244.1,medium
cam11__frame_00002.jpg,183,88.8,184.31,99.46,212.12,medium
cam11__frame_00002.jpg,184,88.34,213.51,95.29,239.0,medium
cam11__frame_00002.jpg,185,95.29,211.19,102.24,233.9,medium
cam11__frame_00002.jpg,186,99.0,183.85,106.41,210.73,medium
cam11__frame_00002.jpg,187,102.2,211.19,108.26,231.58,high
cam11__frame_00002.jpg,188,110.1,180.64,115.3,225.2,medium
cam11__frame_00002.jpg,189,116.09,176.89,122.09,199.38,medium
cam11__frame_00002.jpg,190,114.59,198.63,123.59,222.25,medium
cam11__frame_00002.jpg,191,123.97,196.39,129.22,220.75,high
cam11__frame_00002.jpg,192,128.84,181.39,136.71,217.38,high
cam11__frame_00002.jpg,193,136.71,191.89,142.71,213.63,high
cam11__frame_00002.jpg,194,141.58,177.27,151.7,211.0,medium
cam11__frame_00002.jpg,195,150.95,170.15,162.57,208.75,medium
cam11__frame_00002.jpg,196,163.32,179.52,171.95,203.51,medium
cam11__frame_00002.jpg,197,172.7,178.77,179.44,200.51,medium
cam11__frame_00002.jpg,198,191.27,222.4,199.68,235.67,high
cam11__frame_00002.jpg,199,179.08,217.82,191.59,247.94,high
cam11__frame_00002.jpg,200,172.13,216.16,179.74,238.66,high
cam11__frame_00002.jpg,201,161.12,220.18,168.6,244.72,high
cam11__frame_00002.jpg,202,154.84,223.17,161.42,253.39,high
cam11__frame_00002.jpg,203,144.97,227.66,153.94,259.38,high
cam11__frame_00002.jpg,204,139.58,220.48,152.15,230.65,high
cam11__frame_00002.jpg,205,135.09,232.45,144.97,268.35,high
cam11__frame_00002.jpg,206,130.9,249.5,135.39,276.13,high
cam11__frame_00002.jpg,207,125.52,241.13,130.9,280.62,high
cam11__frame_00002.jpg,208,107.94,242.1,125.09,296.32,medium
cam11__frame_00002.jpg,209,101.92,252.3,107.94,301.42,medium
cam11__frame_00002.jpg,210,89.9,249.05,103.31,314.4,medium
cam11__frame_00002.jpg,211,72.26,259.25,90.33,340.35,medium
cam11__frame_00002.jpg,212,15.43,318.21,34.86,333.76,low
cam11__frame_00002.jpg,213,18.32,330.48,28.25,336.88,medium
cam11__frame_00002.jpg,214,19.25,334.73,29.19,341.14,medium
cam11__frame_00002.jpg,215,20.42,339.07,30.36,345.48,medium
cam11__frame_00002.jpg,216,20.64,343.11,30.57,349.52,medium
cam11__frame_00002.jpg,217,20.2,347.36,30.12,353.76,medium
cam11__frame_00002.jpg,218,20.87,351.61,30.79,358.01,medium
cam11__frame_00002.jpg,219,20.64,356.08,30.57,362.48,medium
cam11__frame_00002.jpg,220,20.64,360.55,30.57,366.95,medium
cam11__frame_00002.jpg,221,20.86,365.46,30.8,371.87,medium
cam11__frame_00002.jpg,222,20.87,370.38,30.79,376.78,medium
cam11__frame_00002.jpg,223,20.64,374.85,30.57,381.25,medium
cam11__frame_00002.jpg,224,21.54,379.54,31.46,385.94,medium
cam11__frame_00002.jpg,225,21.98,384.46,31.91,390.86,medium
cam11__frame_00002.jpg,226,27.82,456.55,42.68,470.17,medium
cam11__frame_00002.jpg,227,20.41,465.46,41.39,479.38,medium
cam11__frame_00002.jpg,228,22.18,474.03,41.88,489.08,medium
cam11__frame_00002.jpg,229,13.47,478.55,38.33,498.74,medium
cam11__frame_00002.jpg,230,9.23,487.17,29.89,503.0,medium
cam11__frame_00002.jpg,231,1.46,496.54,13.66,512.13,low
cam11__frame_00002.jpg,232,8.96,500.04,31.09,519.23,medium
cam11__frame_00002.jpg,233,38.92,486.48,43.93,492.82,high
cam11__frame_00002.jpg,234,39.14,490.42,54.66,505.3,medium
cam11__frame_00003.jpg,0,387.64,331.86,393.33,340.14,medium
cam11__frame_00003.jpg,1,8.74,124.09,32.48,161.5,low
cam11__frame_00003.jpg,2,57.3,143.16,64.13,158.62,high
cam11__frame_00003.jpg,3,69.38,123.82,79.91,142.39,medium
cam11__frame_00003.jpg,4,69.38,141.39,80.42,158.45,medium
cam11__frame_00003.jpg,5,79.61,132.09,88.29,139.2,high
cam11__frame_00003.jpg,6,80.38,138.88,89.41,154.93,medium
cam11__frame_00003.jpg,7,88.46,131.22,97.31,138.33,high
cam11__frame_00003.jpg,8,89.38,138.55,96.92,154.07,medium
cam11__frame_00003.jpg,9,127.08,150.92,137.62,159.95,high
cam11__frame_00003.jpg,10,142.14,148.91,150.67,161.96,high
cam11__frame_00003.jpg,11,153.18,149.92,165.22,164.47,high
cam11__frame_00003.jpg,12,1.95,236.1,23.76,324.03,medium
cam11__frame_00003.jpg,13,23.76,225.71,38.3,305.68,medium
cam11__frame_00003.jpg,14,38.3,221.9,46.6,298.41,high
cam11__frame_00003.jpg,15,47.7,270.14,55.57,283.12,high
cam11__frame_00003.jpg,16,70.26,226.02,76.75,247.8,high
cam11__frame_00003.jpg,17,71.1,202.99,76.2,227.09,high
cam11__frame_00003.jpg,18,77.22,185.24,87.87,216.29,medium
cam11__frame_00003.jpg,19,77.22,215.36,87.41,244.1,medium
cam11__frame_00003.jpg,20,88.8,184.31,99.46,212.12,medium
cam11__frame_00003.jpg,21,88.34,213.51,95.29,239.0,medium
cam11__frame_00003.jpg,22,95.29,211.19,102.24,233.9,medium
cam11__frame_00003.jpg,23,99.0,183.85,106.41,210.73,medium
cam11__frame_00003.jpg,24,102.2,211.19,108.26,231.58,high
cam11__frame_00003.jpg,25,110.1,180.64,115.3,225.2,medium
cam11__frame_00003.jpg,26,116.09,176.89,122.09,199.38,medium
cam11__frame_00003.jpg,27,114.59,198.63,123.59,222.25,medium
cam11__frame_00003.jpg,28,123.97,196.39,129.22,220.75,high
cam11__frame_00003.jpg,29,128.84,181.39,136.71,217.38,high
cam11__frame_00003.jpg,30,136.71,191.89,142.71,213.63,high
cam11__frame_00003.jpg,31,141.58,177.27,151.7,211.0,medium
cam11__frame_00003.jpg,32,150.95,170.15,162.57,208.75,medium
cam11__frame_00003.jpg,33,163.32,179.52,171.95,203.51,medium
cam11__frame_00003.jpg,34,172.7,178.77,179.44,200.51,medium
cam11__frame_00003.jpg,35,191.27,222.4,199.68,235.67,high
cam11__frame_00003.jpg,36,179.08,217.82,191.59,247.94,high
cam11__frame_00003.jpg,37,172.13,216.16,179.74,238.66,high
cam11__frame_00003.jpg,38,161.12,220.18,168.6,244.72,high
cam11__frame_00003.jpg,39,154.84,223.17,161.42,253.39,high
cam11__frame_00003.jpg,40,144.97,227.66,153.94,259.38,high
cam11__frame_00003.jpg,41,139.58,220.48,152.15,230.65,high
cam11__frame_00003.jpg,42,135.09,232.45,144.97,268.35,high
cam11__frame_00003.jpg,43,130.9,249.5,135.39,276.13,high
cam11__frame_00003.jpg,44,125.52,241.13,130.9,280.62,high
cam11__frame_00003.jpg,45,107.94,242.1,125.09,296.32,medium
cam11__frame_00003.jpg,46,101.92,252.3,107.94,301.42,medium
cam11__frame_00003.jpg,47,89.9,249.05,103.31,314.4,medium
cam11__frame_00003.jpg,48,72.26,259.25,90.33,340.35,medium
cam11__frame_00003.jpg,49,15.43,318.21,34.86,333.76,low
cam11__frame_00003.jpg,50,18.32,330.48,28.25,336.88,medium
cam11__frame_00003.jpg,51,19.25,334.73,29.19,341.14,medium
cam11__frame_00003.jpg,52,20.42,339.07,30.36,345.48,medium
cam11__frame_00003.jpg,53,20.64,343.11,30.57,349.52,medium
cam11__frame_00003.jpg,54,20.2,347.36,30.12,353.76,medium
cam11__frame_00003.jpg,55,20.87,351.61,30.79,358.01,medium
cam11__frame_00003.jpg,56,20.64,356.08,30.57,362.48,medium
cam11__frame_00003.jpg,57,20.64,360.55,30.57,366.95,medium
cam11__frame_00003.jpg,58,20.86,365.46,30.8,371.87,medium
cam11__frame_00003.jpg,59,20.87,370.38,30.79,376.78,medium
cam11__frame_00003.jpg,60,20.64,374.85,30.57,381.25,medium
cam11__frame_00003.jpg,61,21.54,379.54,31.46,385.94,medium
cam11__frame_00003.jpg,62,21.98,384.46,31.91,390.86,medium
cam11__frame_00003.jpg,63,27.82,456.55,42.68,470.17,medium
cam11__frame_00003.jpg,64,20.41,465.46,41.39,479.38,medium
cam11__frame_00003.jpg,65,22.18,474.03,41.88,489.08,medium
cam11__frame_00003.jpg,66,13.47,478.55,38.33,498.74,medium
cam11__frame_00003.jpg,67,9.23,487.17,29.89,503.0,medium
cam11__frame_00003.jpg,68,1.46,496.54,13.66,512.13,low
cam11__frame_00003.jpg,69,8.96,500.04,31.09,519.23,medium
cam11__frame_00003.jpg,70,38.92,486.48,43.93,492.82,high
cam11__frame_00003.jpg,71,39.14,490.42,54.66,505.3,medium
cam11__frame_00003.jpg,72,33.42,499.2,49.67,515.46,medium
cam11__frame_00003.jpg,73,26.7,510.34,38.54,522.61,low
cam11__frame_00003.jpg,74,20.07,518.48,32.54,531.51,low
cam11__frame_00003.jpg,75,47.59,504.14,59.8,513.39,high
cam11__frame_00003.jpg,76,36.23,514.44,55.31,527.8,medium
cam11__frame_00003.jpg,77,35.02,527.97,43.36,533.53,medium
cam11__frame_00003.jpg,78,32.2,533.4,41.24,544.18,low
cam11__frame_00003.jpg,79,31.29,544.41,40.47,552.63,low
cam11__frame_00003.jpg,80,31.55,552.6,40.52,563.07,low
cam11__frame_00003.jpg,81,40.64,541.01,47.98,548.04,medium
cam11__frame_00003.jpg,82,41.85,532.2,46.02,540.73,medium
cam11__frame_00003.jpg,83,172.37,255.22,175.4,276.16,high
cam11__frame_00003.jpg,84,167.75,262.04,172.0,279.92,high
cam11__frame_00003.jpg,85,160.6,263.61,167.75,288.86,high
cam11__frame_00003.jpg,86,150.77,268.22,160.46,282.76,medium
cam11__frame_00003.jpg,87,145.5,281.81,163.46,312.03,medium
cam11__frame_00003.jpg,88,135.63,303.95,141.91,326.69,high
cam11__frame_00003.jpg,89,123.66,292.88,135.93,321.31,high
cam11__frame_00003.jpg,90,119.47,318.0,129.6,348.83,high
cam11__frame_00003.jpg,91,110.5,323.7,119.77,359.6,high
cam11__frame_00003.jpg,92,86.86,348.83,112.29,367.08,high
cam11__frame_00003.jpg,93,53.87,344.53,84.71,389.79,high
cam11__frame_00003.jpg,94,42.42,368.58,53.84,404.93,high
cam11__frame_00003.jpg,95,152.37,423.15,174.02,435.52,low
cam11__frame_00003.jpg,96,160.6,357.71,180.71,399.45,medium
cam11__frame_00003.jpg,97,180.92,258.6,195.11,279.37,high
cam11__frame_00003.jpg,98,145.53,317.62,158.98,354.59,medium
cam11__frame_00003.jpg,99,136.18,338.99,145.79,349.94,high
cam11__frame_00003.jpg,100,136.62,350.17,144.67,359.33,high
cam11__frame_00003.jpg,101,136.4,360.0,144.22,368.49,high
cam11__frame_00003.jpg,102,122.54,354.19,136.4,364.25,high
cam11__frame_00003.jpg,103,117.4,361.34,128.58,368.94,high
cam11__frame_00003.jpg,104,116.28,368.72,131.04,397.77,medium
cam11__frame_00003.jpg,105,111.14,372.07,118.52,384.14,high
cam11__frame_00003.jpg,106,137.92,399.66,145.19,411.43,medium
cam11__frame_00003.jpg,107,99.97,395.76,122.54,404.7,high
cam11__frame_00003.jpg,108,103.77,415.65,114.5,424.36,high
cam11__frame_00003.jpg,109,94.16,413.19,103.99,422.58,high
cam11__frame_00003.jpg,110,94.15,422.45,108.11,434.86,medium
cam11__frame_00003.jpg,111,94.67,439.0,99.58,447.79,high
cam11__frame_00003.jpg,112,91.3,449.31,96.99,475.97,high
cam11__frame_00003.jpg,113,86.46,459.9,117.32,502.94,high
cam11__frame_00003.jpg,114,0.48,514.4,30.08,639.83,medium
cam11__frame_00003.jpg,115,36.6,586.0,53.56,606.74,high
cam11__frame_00003.jpg,116,51.05,531.88,74.09,590.2,high
cam11__frame_00003.jpg,117,570.2,555.57,602.6,628.32,low
cam11__frame_00003.jpg,118,533.54,499.62,547.96,558.09,high
cam11__frame_00003.jpg,119,513.9,483.59,533.94,548.08,medium
cam11__frame_00003.jpg,120,491.89,455.96,515.92,523.65,medium
cam11__frame_00003.jpg,121,468.25,426.32,508.71,483.19,medium
cam11__frame_00003.jpg,122,496.7,411.9,515.12,445.14,high
cam11__frame_00003.jpg,123,474.66,385.46,500.7,420.71,high
cam11__frame_00003.jpg,124,448.6,395.48,485.88,453.56,low
cam11__frame_00003.jpg,125,435.8,370.65,452.63,434.73,medium
cam11__frame_00003.jpg,126,432.38,352.81,449.18,405.82,high
cam11__frame_00003.jpg,127,421.52,337.81,442.2,399.87,medium
cam11__frame_00003.jpg,128,411.17,328.5,424.1,384.33,medium
cam11__frame_00003.jpg,129,401.86,358.76,408.33,370.39,high
cam11__frame_00003.jpg,130,402.64,347.64,407.81,358.76,high
cam11__frame_00003.jpg,131,396.95,356.17,406.26,367.55,high
cam11__frame_00003.jpg,132,397.47,343.5,405.74,356.95,high
cam11__frame_00003.jpg,133,392.04,330.05,405.74,355.65,medium
cam11__frame_00003.jpg,134,388.16,339.36,392.04,355.91,high
cam11__frame_00003.jpg,135,396.7,308.7,405.35,324.66,high
cam11__frame_00003.jpg,136,378.82,325.22,387.72,343.49,low
cam11__frame_00003.jpg,137,369.8,313.8,376.35,326.82,low
cam11__frame_00003.jpg,138,362.55,310.56,368.79,322.76,high
cam11__frame_00003.jpg,139,359.84,291.59,368.79,315.71,high
cam11__frame_00003.jpg,140,352.14,274.02,367.65,288.5,high
cam11__frame_00003.jpg,141,350.62,287.79,359.57,309.21,high
cam11__frame_00003.jpg,142,343.35,277.9,350.59,295.48,high
cam11__frame_00003.jpg,143,516.3,593.45,544.19,638.12,low
cam11__frame_00003.jpg,144,469.02,529.18,501.73,564.03,medium
cam11__frame_00003.jpg,145,450.25,507.2,473.84,535.08,low
cam11__frame_00003.jpg,146,427.47,463.85,446.47,507.88,medium
cam11__frame_00003.jpg,147,431.83,434.64,446.58,467.05,medium
cam11__frame_00003.jpg,148,407.7,430.8,435.18,470.85,medium
cam11__frame_00003.jpg,149,396.23,412.59,432.88,443.43,medium
cam11__frame_00003.jpg,150,373.88,355.4,385.72,384.67,medium
cam11__frame_00003.jpg,151,368.96,364.34,377.01,380.87,high
cam11__frame_00003.jpg,152,366.73,341.29,377.9,353.81,high
cam11__frame_00003.jpg,153,357.24,329.61,365.96,340.7,high
cam11__frame_00003.jpg,154,357.56,341.29,366.06,349.34,high
cam11__frame_00003.jpg,155,352.34,327.96,357.3,347.34,high
cam11__frame_00003.jpg,156,329.49,316.54,353.16,358.6,medium
cam11__frame_00003.jpg,157,387.56,474.43,432.79,639.71,medium
cam11__frame_00003.jpg,158,228.87,564.55,297.74,638.34,high
cam11__frame_00003.jpg,159,99.0,514.1,228.03,638.8,low
cam11__frame_00003.jpg,160,216.27,458.26,283.27,548.84,medium
cam11__frame_00003.jpg,161,150.27,478.32,209.21,533.53,medium
cam11__frame_00003.jpg,162,162.89,445.86,207.56,485.56,medium
cam11__frame_00003.jpg,163,264.44,423.34,275.33,452.38,high
cam11__frame_00003.jpg,164,242.66,422.21,264.11,454.92,low
cam11__frame_00003.jpg,165,224.73,430.3,240.33,461.4,medium
cam11__frame_00003.jpg,166,257.8,401.49,281.9,422.34,medium
cam11__frame_00003.jpg,167,308.33,599.05,394.72,640.0,medium
cam11__frame_00003.jpg,168,294.06,565.0,388.96,622.37,medium
cam11__frame_00003.jpg,169,286.33,498.95,386.22,567.37,medium
cam11__frame_00003.jpg,170,275.1,382.1,385.04,508.32,low
cam11__frame_00003.jpg,171,293.5,344.33,326.35,396.8,medium
cam11__frame_00003.jpg,172,169.04,414.65,214.41,455.03,medium
cam11__frame_00003.jpg,173,176.86,394.1,217.26,425.07,medium
cam11__frame_00003.jpg,174,183.6,378.54,218.38,398.46,medium
cam11__frame_00003.jpg,175,223.81,349.14,282.29,402.81,medium
cam11__frame_00003.jpg,176,180.55,337.12,223.01,378.78,medium
cam11__frame_00003.jpg,177,188.56,289.06,224.21,339.12,medium
cam11__frame_00003.jpg,178,224.61,311.89,277.08,348.74,medium
cam11__frame_00003.jpg,179,224.76,274.42,271.61,311.62,medium
cam11__frame_00003.jpg,180,280.29,279.43,320.4,330.36,low
cam11__frame_00003.jpg,181,283.48,274.34,319.44,285.16,high
cam11__frame_00003.jpg,182,281.62,268.85,316.34,275.02,high
cam11__frame_00003.jpg,183,280.79,262.69,313.46,268.85,high
cam11__frame_00003.jpg,184,278.74,239.65,308.81,262.82,high
cam11__frame_00003.jpg,185,203.39,268.93,221.69,288.19,medium
cam11__frame_00003.jpg,186,221.45,257.28,234.77,279.87,medium
cam11__frame_00003.jpg,187,343.6,232.86,351.64,251.63,medium
cam11__frame_00003.jpg,188,381.49,252.75,388.07,288.06,high
cam11__frame_00003.jpg,189,393.24,289.2,419.59,304.5,high
cam11__frame_00003.jpg,190,393.14,276.19,419.0,293.93,high
cam11__frame_00003.jpg,191,410.22,261.71,437.92,280.06,high
cam11__frame_00003.jpg,192,424.07,277.0,447.95,290.14,medium
cam11__frame_00003.jpg,193,418.88,289.44,443.8,303.98,medium
cam11__frame_00003.jpg,194,411.95,301.56,428.92,319.56,high
cam11__frame_00003.jpg,195,442.42,288.06,458.34,309.52,medium
cam11__frame_00003.jpg,196,428.57,306.75,449.34,339.64,medium
cam11__frame_00003.jpg,197,447.61,316.41,459.38,328.53,high
cam11__frame_00003.jpg,198,447.95,326.1,457.99,353.8,high
cam11__frame_00003.jpg,199,461.81,304.16,483.03,359.83,high
cam11__frame_00003.jpg,200,471.02,341.81,497.05,381.06,medium
cam11__frame_00003.jpg,201,494.65,355.83,508.67,399.88,high
cam11__frame_00003.jpg,202,508.67,375.05,523.49,417.91,high
cam11__frame_00003.jpg,203,524.84,376.91,566.55,452.0,low
cam11__frame_00003.jpg,204,557.74,364.86,573.5,384.79,high
cam11__frame_00003.jpg,205,561.91,406.11,612.0,488.6,low
cam11__frame_00003.jpg,206,592.04,387.57,623.5,438.55,high
cam11__frame_00003.jpg,207,614.28,430.21,626.33,466.36,high
cam11__frame_00003.jpg,208,606.87,468.67,619.38,497.4,medium
cam11__frame_00003.jpg,209,610.57,484.89,620.31,506.67,high
cam11__frame_00003.jpg,210,339.08,174.34,355.35,214.15,high
cam11__frame_00003.jpg,211,354.66,175.38,370.24,220.04,high
cam11__frame_00003.jpg,212,369.2,203.1,394.8,231.46,medium
cam11__frame_00003.jpg,213,371.28,176.76,412.13,202.38,low
cam11__frame_00003.jpg,214,395.51,203.07,412.47,238.73,high
cam11__frame_00003.jpg,215,419.05,179.88,429.78,249.46,high
cam11__frame_00003.jpg,216,429.36,186.76,446.19,258.46,medium
cam11__frame_00003.jpg,217,440.18,189.16,457.8,230.02,medium
cam11__frame_00003.jpg,218,447.39,232.02,464.61,264.06,medium
cam11__frame_00003.jpg,219,463.89,234.14,471.5,270.19,high
cam11__frame_00003.jpg,220,465.89,195.29,474.3,234.54,high
cam11__frame_00003.jpg,221,454.6,137.9,501.86,182.36,low
cam11__frame_00003.jpg,222,471.9,238.55,498.73,280.21,medium
cam11__frame_00003.jpg,223,474.3,185.28,507.95,240.55,medium
cam11__frame_00003.jpg,224,495.93,241.75,515.96,290.62,high
cam11__frame_00003.jpg,225,508.75,189.69,531.98,250.57,medium
cam11__frame_00003.jpg,226,515.96,253.77,536.38,304.24,high
cam11__frame_00003.jpg,227,528.77,192.09,587.65,268.59,medium
cam11__frame_00003.jpg,228,539.99,266.19,560.42,317.45,high
cam11__frame_00003.jpg,229,560.42,269.39,585.65,334.28,high
cam11__frame_00003.jpg,230,584.33,298.39,627.76,359.19,medium
cam11__frame_00003.jpg,231,576.95,254.44,640.0,314.44,medium
cam11__frame_00003.jpg,232,590.53,205.33,640.0,265.51,medium
cam11__frame_00003.jpg,233,579.46,156.89,640.0,206.57,medium
cam11__frame_00003.jpg,234,593.01,104.2,640.0,163.76,medium
cam11__frame_00004.jpg,0,159.9,412.5,174.02,435.52,low
cam11__frame_00004.jpg,1,593.01,104.2,640.0,163.76,medium
cam11__frame_00004.jpg,2,579.46,156.89,640.0,206.57,medium
cam11__frame_00004.jpg,3,590.53,205.33,640.0,265.51,medium
cam11__frame_00004.jpg,4,576.95,254.44,640.0,314.44,medium
cam11__frame_00004.jpg,5,584.33,298.39,627.76,359.19,medium
cam11__frame_00004.jpg,6,560.42,269.39,585.65,334.28,high
cam11__frame_00004.jpg,7,539.99,266.19,560.42,317.45,high
cam11__frame_00004.jpg,8,528.77,192.09,587.65,268.59,medium
cam11__frame_00004.jpg,9,515.96,253.77,536.38,304.24,high
cam11__frame_00004.jpg,10,508.75,189.69,531.98,250.57,medium
cam11__frame_00004.jpg,11,495.93,241.75,515.96,290.62,high
cam11__frame_00004.jpg,12,474.3,185.28,507.95,240.55,medium
cam11__frame_00004.jpg,13,471.9,238.55,498.73,280.21,medium
cam11__frame_00004.jpg,14,454.6,137.9,501.86,182.36,low
cam11__frame_00004.jpg,15,465.89,195.29,474.3,234.54,high
cam11__frame_00004.jpg,16,463.89,234.14,471.5,270.19,high
cam11__frame_00004.jpg,17,447.39,232.02,464.61,264.06,medium
cam11__frame_00004.jpg,18,440.18,189.16,457.8,230.02,medium
cam11__frame_00004.jpg,19,429.36,186.76,446.19,258.46,medium
cam11__frame_00004.jpg,20,419.05,179.88,429.78,249.46,high
cam11__frame_00004.jpg,21,395.51,203.07,412.47,238.73,high
cam11__frame_00004.jpg,22,371.28,176.76,412.13,202.38,low
cam11__frame_00004.jpg,23,369.2,203.1,394.8,231.46,medium
cam11__frame_00004.jpg,24,354.66,175.38,370.24,220.04,high
cam11__frame_00004.jpg,25,339.08,174.34,355.35,214.15,high
cam11__frame_00004.jpg,26,610.57,484.89,620.31,506.67,high
cam11__frame_00004.jpg,27,606.87,468.67,619.38,497.4,medium
cam11__frame_00004.jpg,28,614.28,430.21,626.33,466.36,high
cam11__frame_00004.jpg,29,592.04,387.57,623.5,438.55,high
cam11__frame_00004.jpg,30,561.91,406.11,612.0,488.6,low
cam11__frame_00004.jpg,31,557.74,364.86,573.5,384.79,high
cam11__frame_00004.jpg,32,524.84,376.91,566.55,452.0,low
cam11__frame_00004.jpg,33,508.67,375.05,523.49,417.91,high
cam11__frame_00004.jpg,34,494.65,355.83,508.67,399.88,high
cam11__frame_00004.jpg,35,471.02,341.81,497.05,381.06,medium
cam11__frame_00004.jpg,36,461.81,304.16,483.03,359.83,high
cam11__frame_00004.jpg,37,447.95,326.1,457.99,353.8,high
cam11__frame_00004.jpg,38,447.61,316.41,459.38,328.53,high
cam11__frame_00004.jpg,39,428.57,306.75,449.34,339.64,medium
cam11__frame_00004.jpg,40,442.42,288.06,458.34,309.52,medium
cam11__frame_00004.jpg,41,411.95,301.56,428.92,319.56,high
cam11__frame_00004.jpg,42,418.88,289.44,443.8,303.98,medium
cam11__frame_00004.jpg,43,424.07,277.0,447.95,290.14,medium
cam11__frame_00004.jpg,44,410.22,261.71,437.92,280.06,high
cam11__frame_00004.jpg,45,393.14,276.19,419.0,293.93,high
cam11__frame_00004.jpg,46,393.24,289.2,419.59,304.5,high
cam11__frame_00004.jpg,47,381.49,252.75,388.07,288.06,high
cam11__frame_00004.jpg,48,343.6,232.86,351.64,251.63,medium
cam11__frame_00004.jpg,49,172.37,255.22,175.4,276.16,high
cam11__frame_00004.jpg,50,167.75,262.04,172.0,279.92,high
cam11__frame_00004.jpg,51,160.6,263.61,167.75,288.86,high
cam11__frame_00004.jpg,52,150.77,268.22,160.46,282.76,medium
cam11__frame_00004.jpg,53,145.5,281.81,163.46,312.03,medium
cam11__frame_00004.jpg,54,135.63,303.95,141.91,326.69,high
cam11__frame_00004.jpg,55,123.66,292.88,135.93,321.31,high
cam11__frame_00004.jpg,56,119.47,318.0,129.6,348.83,high
cam11__frame_00004.jpg,57,110.5,323.7,119.77,359.6,high
cam11__frame_00004.jpg,58,86.86,348.83,112.29,367.08,high
cam11__frame_00004.jpg,59,53.87,344.53,84.71,389.79,high
cam11__frame_00004.jpg,60,42.42,368.58,53.84,404.93,high
cam11__frame_00004.jpg,61,160.6,357.71,180.71,399.45,medium
cam11__frame_00004.jpg,62,180.92,258.6,195.11,279.37,high
cam11__frame_00004.jpg,63,145.53,317.62,158.98,354.59,medium
cam11__frame_00004.jpg,64,136.18,338.99,145.79,349.94,high
cam11__frame_00004.jpg,65,136.62,350.17,144.67,359.33,high
cam11__frame_00004.jpg,66,136.4,360.0,144.22,368.49,high
cam11__frame_00004.jpg,67,122.54,354.19,136.4,364.25,high
cam11__frame_00004.jpg,68,117.4,361.34,128.58,368.94,high
cam11__frame_00004.jpg,69,570.2,555.57,602.6,628.32,low
cam11__frame_00004.jpg,70,533.54,499.62,547.96,558.09,high
cam11__frame_00004.jpg,71,513.9,483.59,533.94,548.08,medium
cam11__frame_00004.jpg,72,491.89,455.96,515.92,523.65,medium
cam11__frame_00004.jpg,73,468.25,426.32,508.71,483.19,medium
cam11__frame_00004.jpg,74,496.7,411.9,515.12,445.14,high
cam11__frame_00004.jpg,75,474.66,385.46,500.7,420.71,high
cam11__frame_00004.jpg,76,448.6,395.48,485.88,453.56,low
cam11__frame_00004.jpg,77,435.8,370.65,452.63,434.73,medium
cam11__frame_00004.jpg,78,432.38,352.81,449.18,405.82,high
cam11__frame_00004.jpg,79,421.52,337.81,442.2,399.87,medium
cam11__frame_00004.jpg,80,411.17,328.5,424.1,384.33,medium
cam11__frame_00004.jpg,81,401.86,358.76,408.33,370.39,high
cam11__frame_00004.jpg,82,402.64,347.64,407.81,358.76,high
cam11__frame_00004.jpg,83,396.95,356.17,406.26,367.55,high
cam11__frame_00004.jpg,84,397.47,343.5,405.74,356.95,high
cam11__frame_00004.jpg,85,392.04,330.05,405.74,355.65,medium
cam11__frame_00004.jpg,86,388.16,339.36,392.04,355.91,high
cam11__frame_00004.jpg,87,387.64,331.86,393.33,340.14,medium
cam11__frame_00004.jpg,88,396.7,308.7,405.35,324.66,high
cam11__frame_00004.jpg,89,378.82,325.22,387.72,343.49,low
cam11__frame_00004.jpg,90,369.8,313.8,376.35,326.82,low
cam11__frame_00004.jpg,91,362.55,310.56,368.79,322.76,high
cam11__frame_00004.jpg,92,359.84,291.59,368.79,315.71,high
cam11__frame_00004.jpg,93,352.14,274.02,367.65,288.5,high
cam11__frame_00004.jpg,94,350.62,287.79,359.57,309.21,high
cam11__frame_00004.jpg,95,343.35,277.9,350.59,295.48,high
cam11__frame_00004.jpg,96,516.3,593.45,544.19,638.12,low
cam11__frame_00004.jpg,97,469.02,529.18,501.73,564.03,medium
cam11__frame_00004.jpg,98,450.25,507.2,473.84,535.08,low
cam11__frame_00004.jpg,99,427.47,463.85,446.47,507.88,medium
cam11__frame_00004.jpg,100,431.83,434.64,446.58,467.05,medium
cam11__frame_00004.jpg,101,407.7,430.8,435.18,470.85,medium
cam11__frame_00004.jpg,102,396.23,412.59,432.88,443.43,medium
cam11__frame_00004.jpg,103,373.88,355.4,385.72,384.67,medium
cam11__frame_00004.jpg,104,368.96,364.34,377.01,380.87,high
cam11__frame_00004.jpg,105,366.73,341.29,377.9,353.81,high
cam11__frame_00004.jpg,106,357.24,329.61,365.96,340.7,high
cam11__frame_00004.jpg,107,357.56,341.29,366.06,349.34,high
cam11__frame_00004.jpg,108,352.34,327.96,357.3,347.34,high
cam11__frame_00004.jpg,109,385.06,474.43,430.3,639.71,medium
cam11__frame_00004.jpg,110,99.0,514.1,228.03,638.8,low
cam11__frame_00004.jpg,111,212.94,458.26,279.95,548.84,medium
cam11__frame_00004.jpg,112,151.1,479.98,210.04,535.19,medium
cam11__frame_00004.jpg,113,162.89,445.86,207.56,485.56,medium
cam11__frame_00004.jpg,114,264.44,423.34,275.33,452.38,high
cam11__frame_00004.jpg,115,245.16,423.87,266.6,456.58,low
cam11__frame_00004.jpg,116,224.73,430.3,240.33,461.4,medium
cam11__frame_00004.jpg,117,259.46,401.49,283.56,422.34,medium
cam11__frame_00004.jpg,118,308.33,599.05,394.72,640.0,medium
cam11__frame_00004.jpg,119,294.06,565.0,388.96,622.37,medium
cam11__frame_00004.jpg,120,286.33,498.95,386.22,567.37,medium
cam11__frame_00004.jpg,121,275.1,382.1,385.04,508.32,low
cam11__frame_00004.jpg,122,293.5,344.33,326.35,396.8,medium
cam11__frame_00004.jpg,123,225.55,566.21,294.42,640.0,high
cam11__frame_00004.jpg,124,169.04,414.65,214.41,455.03,medium
cam11__frame_00004.jpg,125,176.86,394.1,217.26,425.07,medium
cam11__frame_00004.jpg,126,183.6,378.54,218.38,398.46,medium
cam11__frame_00004.jpg,127,223.81,349.14,282.29,402.81,medium
cam11__frame_00004.jpg,128,180.55,337.12,223.01,378.78,medium
cam11__frame_00004.jpg,129,188.56,289.06,224.21,339.12,medium
cam11__frame_00004.jpg,130,224.61,311.89,277.08,348.74,medium
cam11__frame_00004.jpg,131,224.76,274.42,271.61,311.62,medium
cam11__frame_00004.jpg,132,280.29,279.43,320.4,330.36,low
cam11__frame_00004.jpg,133,283.48,274.34,319.44,285.16,high
cam11__frame_00004.jpg,134,281.62,268.85,316.34,275.02,high
cam11__frame_00004.jpg,135,280.79,262.69,313.46,268.85,high
cam11__frame_00004.jpg,136,278.74,239.65,308.81,262.82,high
cam11__frame_00004.jpg,137,203.39,268.93,221.69,288.19,medium
cam11__frame_00004.jpg,138,221.45,257.28,234.77,279.87,medium
cam11__frame_00004.jpg,139,116.28,368.72,131.04,397.77,medium
cam11__frame_00004.jpg,140,111.14,372.07,118.52,384.14,high
cam11__frame_00004.jpg,141,137.92,399.66,145.19,411.43,medium
cam11__frame_00004.jpg,142,99.97,395.76,122.54,404.7,high
cam11__frame_00004.jpg,143,103.77,415.65,114.5,424.36,high
cam11__frame_00004.jpg,144,94.16,413.19,103.99,422.58,high
cam11__frame_00004.jpg,145,94.15,422.45,108.11,434.86,medium
cam11__frame_00004.jpg,146,94.67,439.0,99.58,447.79,high
cam11__frame_00004.jpg,147,91.3,449.31,96.99,475.97,high
cam11__frame_00004.jpg,148,86.46,459.9,117.32,502.94,high
cam11__frame_00004.jpg,149,0.48,514.4,30.08,639.83,medium
cam11__frame_00004.jpg,150,36.6,586.0,53.56,606.74,high
cam11__frame_00004.jpg,151,51.05,531.88,74.09,590.2,high
cam11__frame_00004.jpg,152,41.85,532.2,46.02,540.73,medium
cam11__frame_00004.jpg,153,40.64,541.01,47.98,548.04,medium
cam11__frame_00004.jpg,154,31.55,552.6,40.52,563.07,low
cam11__frame_00004.jpg,155,31.29,544.41,40.47,552.63,low
cam11__frame_00004.jpg,156,32.2,533.4,41.24,544.18,low
cam11__frame_00004.jpg,157,35.02,527.97,43.36,533.53,medium
cam11__frame_00004.jpg,158,36.23,514.44,55.31,527.8,medium
cam11__frame_00004.jpg,159,47.59,504.14,59.8,513.39,high
cam11__frame_00004.jpg,160,20.07,518.48,32.54,531.51,low
cam11__frame_00004.jpg,161,26.7,510.34,38.54,522.61,low
cam11__frame_00004.jpg,162,33.42,499.2,49.67,515.46,medium
cam11__frame_00004.jpg,163,39.14,490.42,54.66,505.3,medium
cam11__frame_00004.jpg,164,38.92,486.48,43.93,492.82,high
cam11__frame_00004.jpg,165,8.96,500.04,31.09,519.23,medium
cam11__frame_00004.jpg,166,1.46,496.54,13.66,512.13,low
cam11__frame_00004.jpg,167,9.23,487.17,29.89,503.0,medium
cam11__frame_00004.jpg,168,13.47,478.55,38.33,498.74,medium
cam11__frame_00004.jpg,169,22.18,474.03,41.88,489.08,medium
cam11__frame_00004.jpg,170,20.41,465.46,41.39,479.38,medium
cam11__frame_00004.jpg,171,27.82,456.55,42.68,470.17,medium
cam11__frame_00004.jpg,172,21.98,384.46,31.91,390.86,medium
cam11__frame_00004.jpg,173,21.54,379.54,31.46,385.94,medium
cam11__frame_00004.jpg,174,20.64,374.85,30.57,381.25,medium
cam11__frame_00004.jpg,175,20.87,370.38,30.79,376.78,medium
cam11__frame_00004.jpg,176,20.86,365.46,30.8,371.87,medium
cam11__frame_00004.jpg,177,20.64,360.55,30.57,366.95,medium
cam11__frame_00004.jpg,178,20.64,356.08,30.57,362.48,medium
cam11__frame_00004.jpg,179,20.87,351.61,30.79,358.01,medium
cam11__frame_00004.jpg,180,20.2,347.36,30.12,353.76,medium
cam11__frame_00004.jpg,181,20.64,343.11,30.57,349.52,medium
cam11__frame_00004.jpg,182,20.42,339.07,30.36,345.48,medium
cam11__frame_00004.jpg,183,19.25,334.73,29.19,341.14,medium
cam11__frame_00004.jpg,184,18.32,330.48,28.25,336.88,medium
cam11__frame_00004.jpg,185,15.43,318.21,34.86,333.76,low
cam11__frame_00004.jpg,186,72.26,259.25,90.33,340.35,medium
cam11__frame_00004.jpg,187,89.9,249.05,103.31,314.4,medium
cam11__frame_00004.jpg,188,101.92,252.3,107.94,301.42,medium
cam11__frame_00004.jpg,189,107.94,242.1,125.09,296.32,medium
cam11__frame_00004.jpg,190,125.52,241.13,130.9,280.62,high
cam11__frame_00004.jpg,191,130.9,249.5,135.39,276.13,high
cam11__frame_00004.jpg,192,135.09,232.45,144.97,268.35,high
cam11__frame_00004.jpg,193,139.58,220.48,152.15,230.65,high
cam11__frame_00004.jpg,194,144.97,227.66,153.94,259.38,high
cam11__frame_00004.jpg,195,154.84,223.17,161.42,253.39,high
cam11__frame_00004.jpg,196,161.12,220.18,168.6,244.72,high
cam11__frame_00004.jpg,197,172.13,216.16,179.74,238.66,high
cam11__frame_00004.jpg,198,179.08,217.82,191.59,247.94,high
cam11__frame_00004.jpg,199,191.27,222.4,199.68,235.67,high
cam11__frame_00004.jpg,200,172.7,178.77,179.44,200.51,medium
cam11__frame_00004.jpg,201,163.32,179.52,171.95,203.51,medium
cam11__frame_00004.jpg,202,150.95,170.15,162.57,208.75,medium
cam11__frame_00004.jpg,203,141.58,177.27,151.7,211.0,medium
cam11__frame_00004.jpg,204,136.71,191.89,142.71,213.63,high
cam11__frame_00004.jpg,205,128.84,181.39,136.71,217.38,high
cam11__frame_00004.jpg,206,123.97,196.39,129.22,220.75,high
cam11__frame_00004.jpg,207,114.59,198.63,123.59,222.25,medium
cam11__frame_00004.jpg,208,116.09,176.89,122.09,199.38,medium
cam11__frame_00004.jpg,209,110.1,180.64,115.3,225.2,medium
cam11__frame_00004.jpg,210,102.2,211.19,108.26,231.58,high
cam11__frame_00004.jpg,211,99.0,183.85,106.41,210.73,medium
cam11__frame_00004.jpg,212,95.29,211.19,102.24,233.9,medium
cam11__frame_00004.jpg,213,88.34,213.51,95.29,239.0,medium
cam11__frame_00004.jpg,214,88.8,184.31,99.46,212.12,medium
cam11__frame_00004.jpg,215,77.22,215.36,87.41,244.1,medium
cam11__frame_00004.jpg,216,77.22,185.24,87.87,216.29,medium
cam11__frame_00004.jpg,217,71.1,202.99,76.2,227.09,high
cam11__frame_00004.jpg,218,70.26,226.02,76.75,247.8,high
cam11__frame_00004.jpg,219,47.7,270.14,55.57,283.12,high
cam11__frame_00004.jpg,220,38.3,221.9,46.6,298.41,high
cam11__frame_00004.jpg,221,23.76,225.71,38.3,305.68,medium
cam11__frame_00004.jpg,222,1.95,236.1,23.76,324.03,medium
cam11__frame_00004.jpg,223,153.18,149.92,165.22,164.47,high
cam11__frame_00004.jpg,224,142.14,148.91,150.67,161.96,high
cam11__frame_00004.jpg,225,127.08,150.92,137.62,159.95,high
cam11__frame_00004.jpg,226,89.38,138.55,96.92,154.07,medium
cam11__frame_00004.jpg,227,88.46,131.22,97.31,138.33,high
cam11__frame_00004.jpg,228,80.38,138.88,89.41,154.93,medium
cam11__frame_00004.jpg,229,79.61,132.09,88.29,139.2,high
cam11__frame_00004.jpg,230,69.38,141.39,80.42,158.45,medium
cam11__frame_00004.jpg,231,69.38,123.82,79.91,142.39,medium
cam11__frame_00004.jpg,232,57.3,143.16,64.13,158.62,high
cam11__frame_00004.jpg,233,8.74,124.09,32.48,161.5,low
cam11__frame_00004.jpg,234,329.48,304.8,353.16,358.6,medium
cam11__frame_00005.jpg,0,350.62,287.79,359.57,309.21,high
cam11__frame_00005.jpg,1,151.1,479.98,210.04,535.19,medium
cam11__frame_00005.jpg,2,211.28,458.26,278.29,548.84,medium
cam11__frame_00005.jpg,3,99.0,514.1,228.03,638.8,low
cam11__frame_00005.jpg,4,385.06,474.43,430.3,639.71,medium
cam11__frame_00005.jpg,5,352.34,327.96,357.3,347.34,high
cam11__frame_00005.jpg,6,357.56,341.29,366.06,349.34,high
cam11__frame_00005.jpg,7,357.24,329.61,365.96,340.7,high
cam11__frame_00005.jpg,8,366.73,341.29,377.9,353.81,high
cam11__frame_00005.jpg,9,368.96,364.34,377.01,380.87,high
cam11__frame_00005.jpg,10,373.88,355.4,385.72,384.67,medium
cam11__frame_00005.jpg,11,411.95,301.56,428.92,319.56,high
cam11__frame_00005.jpg,12,442.42,288.06,458.34,309.52,medium
cam11__frame_00005.jpg,13,428.57,306.75,449.34,339.64,medium
cam11__frame_00005.jpg,14,447.61,316.41,459.38,328.53,high
cam11__frame_00005.jpg,15,447.95,326.1,457.99,353.8,high
cam11__frame_00005.jpg,16,461.81,304.16,483.03,359.83,high
cam11__frame_00005.jpg,17,471.02,341.81,497.05,381.06,medium
cam11__frame_00005.jpg,18,494.65,355.83,508.67,399.88,high
cam11__frame_00005.jpg,19,508.67,375.05,523.49,417.91,high
cam11__frame_00005.jpg,20,524.84,376.91,566.55,452.0,low
cam11__frame_00005.jpg,21,557.74,364.86,573.5,384.79,high
cam11__frame_00005.jpg,22,561.91,406.11,612.0,488.6,low
cam11__frame_00005.jpg,23,592.04,387.57,623.5,438.55,high
cam11__frame_00005.jpg,24,614.28,430.21,626.33,466.36,high
cam11__frame_00005.jpg,25,606.87,468.67,619.38,497.4,medium
cam11__frame_00005.jpg,26,610.57,484.89,620.31,506.67,high
cam11__frame_00005.jpg,27,339.08,174.34,355.35,214.15,high
cam11__frame_00005.jpg,28,354.66,175.38,370.24,220.04,high
cam11__frame_00005.jpg,29,369.2,203.1,394.8,231.46,medium
cam11__frame_00005.jpg,30,371.28,176.76,412.13,202.38,low
cam11__frame_00005.jpg,31,395.51,203.07,412.47,238.73,high
cam11__frame_00005.jpg,32,419.05,179.88,429.78,249.46,high
cam11__frame_00005.jpg,33,429.36,186.76,446.19,258.46,medium
cam11__frame_00005.jpg,34,440.18,189.16,457.8,230.02,medium
cam11__frame_00005.jpg,35,447.39,232.02,464.61,264.06,medium
cam11__frame_00005.jpg,36,463.89,234.14,471.5,270.19,high
cam11__frame_00005.jpg,37,465.89,195.29,474.3,234.54,high
cam11__frame_00005.jpg,38,454.6,137.9,501.86,182.36,low
cam11__frame_00005.jpg,39,471.9,238.55,498.73,280.21,medium
cam11__frame_00005.jpg,40,474.3,185.28,507.95,240.55,medium
cam11__frame_00005.jpg,41,495.93,241.75,515.96,290.62,high
cam11__frame_00005.jpg,42,508.75,189.69,531.98,250.57,medium
cam11__frame_00005.jpg,43,593.01,104.2,640.0,163.76,medium
cam11__frame_00005.jpg,44,329.48,308.0,353.16,358.6,medium
cam11__frame_00005.jpg,45,515.96,253.77,536.38,304.24,high
cam11__frame_00005.jpg,46,528.77,192.09,587.65,268.59,medium
cam11__frame_00005.jpg,47,539.99,266.19,560.42,317.45,high
cam11__frame_00005.jpg,48,560.42,269.39,585.65,334.28,high
cam11__frame_00005.jpg,49,584.33,298.39,627.76,359.19,medium
cam11__frame_00005.jpg,50,576.95,254.44,640.0,314.44,medium
cam11__frame_00005.jpg,51,590.53,205.33,640.0,265.51,medium
cam11__frame_00005.jpg,52,579.46,156.89,640.0,206.57,medium
cam11__frame_00005.jpg,53,396.23,412.59,432.88,443.43,medium
cam11__frame_00005.jpg,54,407.7,430.8,435.18,470.85,medium
cam11__frame_00005.jpg,55,431.83,434.64,446.58,467.05,medium
cam11__frame_00005.jpg,56,427.47,463.85,446.47,507.88,medium
cam11__frame_00005.jpg,57,450.25,507.2,473.84,535.08,low
cam11__frame_00005.jpg,58,469.02,529.18,501.73,564.03,medium
cam11__frame_00005.jpg,59,516.3,593.45,544.19,638.12,low
cam11__frame_00005.jpg,60,343.35,277.9,350.59,295.48,high
cam11__frame_00005.jpg,61,162.89,445.86,207.56,485.56,medium
cam11__frame_00005.jpg,62,352.14,274.02,367.65,288.5,high
cam11__frame_00005.jpg,63,359.84,291.59,368.79,315.71,high
cam11__frame_00005.jpg,64,362.55,310.56,368.79,322.76,high
cam11__frame_00005.jpg,65,369.8,313.8,376.35,326.82,low
cam11__frame_00005.jpg,66,378.82,325.22,387.72,343.49,low
cam11__frame_00005.jpg,67,396.7,308.7,405.35,324.66,high
cam11__frame_00005.jpg,68,387.64,331.86,393.33,340.14,medium
cam11__frame_00005.jpg,69,388.16,339.36,392.04,355.91,high
cam11__frame_00005.jpg,70,392.04,330.05,405.74,355.65,medium
cam11__frame_00005.jpg,71,397.47,343.5,405.74,356.95,high
cam11__frame_00005.jpg,72,396.95,356.17,406.26,367.55,high
cam11__frame_00005.jpg,73,402.64,347.64,407.81,358.76,high
cam11__frame_00005.jpg,74,401.86,358.76,408.33,370.39,high
cam11__frame_00005.jpg,75,411.17,328.5,424.1,384.33,medium
cam11__frame_00005.jpg,76,421.52,337.81,442.2,399.87,medium
cam11__frame_00005.jpg,77,432.38,352.81,449.18,405.82,high
cam11__frame_00005.jpg,78,435.8,370.65,452.63,434.73,medium
cam11__frame_00005.jpg,79,448.6,395.48,485.88,453.56,low
cam11__frame_00005.jpg,80,474.66,385.46,500.7,420.71,high
cam11__frame_00005.jpg,81,496.7,411.9,515.12,445.14,high
cam11__frame_00005.jpg,82,468.25,426.32,508.71,483.19,medium
cam11__frame_00005.jpg,83,491.89,455.96,515.92,523.65,medium
cam11__frame_00005.jpg,84,513.9,483.59,533.94,548.08,medium
cam11__frame_00005.jpg,85,533.54,499.62,547.96,558.09,high
cam11__frame_00005.jpg,86,570.2,555.57,602.6,628.32,low
cam11__frame_00005.jpg,87,8.74,124.09,32.48,161.5,low
cam11__frame_00005.jpg,88,57.3,143.16,64.13,158.62,high
cam11__frame_00005.jpg,89,69.38,123.82,79.91,142.39,medium
cam11__frame_00005.jpg,90,69.38,141.39,80.42,158.45,medium
cam11__frame_00005.jpg,91,79.61,132.09,88.29,139.2,high
cam11__frame_00005.jpg,92,80.38,138.88,89.41,154.93,medium
cam11__frame_00005.jpg,93,88.46,131.22,97.31,138.33,high
cam11__frame_00005.jpg,94,89.38,138.55,96.92,154.07,medium
cam11__frame_00005.jpg,95,127.08,150.92,137.62,159.95,high
cam11__frame_00005.jpg,96,142.14,148.91,150.67,161.96,high
cam11__frame_00005.jpg,97,153.18,149.92,165.22,164.47,high
cam11__frame_00005.jpg,98,1.95,236.1,23.76,324.03,medium
cam11__frame_00005.jpg,99,23.76,225.71,38.3,305.68,medium
cam11__frame_00005.jpg,100,38.3,221.9,46.6,298.41,high
cam11__frame_00005.jpg,101,47.7,270.14,55.57,283.12,high
cam11__frame_00005.jpg,102,70.26,226.02,76.75,247.8,high
cam11__frame_00005.jpg,103,71.1,202.99,76.2,227.09,high
cam11__frame_00005.jpg,104,77.22,185.24,87.87,216.29,medium
cam11__frame_00005.jpg,105,77.22,215.36,87.41,244.1,medium
cam11__frame_00005.jpg,106,88.8,184.31,99.46,212.12,medium
cam11__frame_00005.jpg,107,88.34,213.51,95.29,239.0,medium
cam11__frame_00005.jpg,108,95.29,211.19,102.24,233.9,medium
cam11__frame_00005.jpg,109,99.0,183.85,106.41,210.73,medium
cam11__frame_00005.jpg,110,102.2,211.19,108.26,231.58,high
cam11__frame_00005.jpg,111,110.1,180.64,115.3,225.2,medium
cam11__frame_00005.jpg,112,116.09,176.89,122.09,199.38,medium
cam11__frame_00005.jpg,113,114.59,198.63,123.59,222.25,medium
cam11__frame_00005.jpg,114,123.97,196.39,129.22,220.75,high
cam11__frame_00005.jpg,115,128.84,181.39,136.71,217.38,high
cam11__frame_00005.jpg,116,136.71,191.89,142.71,213.63,high
cam11__frame_00005.jpg,117,141.58,177.27,151.7,211.0,medium
cam11__frame_00005.jpg,118,150.95,170.15,162.57,208.75,medium
cam11__frame_00005.jpg,119,163.32,179.52,171.95,203.51,medium
cam11__frame_00005.jpg,120,172.7,178.77,179.44,200.51,medium
cam11__frame_00005.jpg,121,191.27,222.4,199.68,235.67,high
cam11__frame_00005.jpg,122,179.08,217.82,191.59,247.94,high
cam11__frame_00005.jpg,123,172.13,216.16,179.74,238.66,high
cam11__frame_00005.jpg,124,161.12,220.18,168.6,244.72,high
cam11__frame_00005.jpg,125,154.84,223.17,161.42,253.39,high
cam11__frame_00005.jpg,126,144.97,227.66,153.94,259.38,high
cam11__frame_00005.jpg,127,139.58,220.48,152.15,230.65,high
cam11__frame_00005.jpg,128,135.09,232.45,144.97,268.35,high
cam11__frame_00005.jpg,129,130.9,249.5,135.39,276.13,high
cam11__frame_00005.jpg,130,125.52,241.13,130.9,280.62,high
cam11__frame_00005.jpg,131,107.94,242.1,125.09,296.32,medium
cam11__frame_00005.jpg,132,101.92,252.3,107.94,301.42,medium
cam11__frame_00005.jpg,133,89.9,249.05,103.31,314.4,medium
cam11__frame_00005.jpg,134,72.26,259.25,90.33,340.35,medium
cam11__frame_00005.jpg,135,15.43,318.21,34.86,333.76,low
cam11__frame_00005.jpg,136,18.32,330.48,28.25,336.88,medium
cam11__frame_00005.jpg,137,19.25,334.73,29.19,341.14,medium
cam11__frame_00005.jpg,138,20.42,339.07,30.36,345.48,medium
cam11__frame_00005.jpg,139,20.64,343.11,30.57,349.52,medium
cam11__frame_00005.jpg,140,20.2,347.36,30.12,353.76,medium
cam11__frame_00005.jpg,141,20.87,351.61,30.79,358.01,medium
cam11__frame_00005.jpg,142,20.64,356.08,30.57,362.48,medium
cam11__frame_00005.jpg,143,20.64,360.55,30.57,366.95,medium
cam11__frame_00005.jpg,144,20.86,365.46,30.8,371.87,medium
cam11__frame_00005.jpg,145,20.87,370.38,30.79,376.78,medium
cam11__frame_00005.jpg,146,20.64,374.85,30.57,381.25,medium
cam11__frame_00005.jpg,147,21.54,379.54,31.46,385.94,medium
cam11__frame_00005.jpg,148,21.98,384.46,31.91,390.86,medium
cam11__frame_00005.jpg,149,27.82,456.55,42.68,470.17,medium
cam11__frame_00005.jpg,150,20.41,465.46,41.39,479.38,medium
cam11__frame_00005.jpg,151,22.18,474.03,41.88,489.08,medium
cam11__frame_00005.jpg,152,13.47,478.55,38.33,498.74,medium
cam11__frame_00005.jpg,153,9.23,487.17,29.89,503.0,medium
cam11__frame_00005.jpg,154,1.46,496.54,13.66,512.13,low
cam11__frame_00005.jpg,155,8.96,500.04,31.09,519.23,medium
cam11__frame_00005.jpg,156,38.92,486.48,43.93,492.82,high
cam11__frame_00005.jpg,157,39.14,490.42,54.66,505.3,medium
cam11__frame_00005.jpg,158,33.42,499.2,49.67,515.46,medium
cam11__frame_00005.jpg,159,26.7,510.34,38.54,522.61,low
cam11__frame_00005.jpg,160,20.07,518.48,32.54,531.51,low
cam11__frame_00005.jpg,161,47.59,504.14,59.8,513.39,high
cam11__frame_00005.jpg,162,36.23,514.44,55.31,527.8,medium
cam11__frame_00005.jpg,163,35.02,527.97,43.36,533.53,medium
cam11__frame_00005.jpg,164,32.2,533.4,41.24,544.18,low
cam11__frame_00005.jpg,165,31.29,544.41,40.47,552.63,low
cam11__frame_00005.jpg,166,31.55,552.6,40.52,563.07,low
cam11__frame_00005.jpg,167,40.64,541.01,47.98,548.04,medium
cam11__frame_00005.jpg,168,41.85,532.2,46.02,540.73,medium
cam11__frame_00005.jpg,169,51.05,531.88,74.09,590.2,high
cam11__frame_00005.jpg,170,36.6,586.0,53.56,606.74,high
cam11__frame_00005.jpg,171,0.48,514.4,30.08,639.83,medium
cam11__frame_00005.jpg,172,86.46,459.9,117.32,502.94,high
cam11__frame_00005.jpg,173,91.3,449.31,96.99,475.97,high
cam11__frame_00005.jpg,174,94.67,439.0,99.58,447.79,high
cam11__frame_00005.jpg,175,94.15,422.45,108.11,434.86,medium
cam11__frame_00005.jpg,176,94.16,413.19,103.99,422.58,high
cam11__frame_00005.jpg,177,103.77,415.65,114.5,424.36,high
cam11__frame_00005.jpg,178,99.97,395.76,122.54,404.7,high
cam11__frame_00005.jpg,179,137.92,399.66,145.19,411.43,medium
cam11__frame_00005.jpg,180,111.14,372.07,118.52,384.14,high
cam11__frame_00005.jpg,181,116.28,368.72,131.04,397.77,medium
cam11__frame_00005.jpg,182,117.4,361.34,128.58,368.94,high
cam11__frame_00005.jpg,183,122.54,354.19,136.4,364.25,high
cam11__frame_00005.jpg,184,136.4,360.0,144.22,368.49,high
cam11__frame_00005.jpg,185,136.62,350.17,144.67,359.33,high
cam11__frame_00005.jpg,186,136.18,338.99,145.79,349.94,high
cam11__frame_00005.jpg,187,145.53,317.62,158.98,354.59,medium
cam11__frame_00005.jpg,188,180.92,258.6,195.11,279.37,high
cam11__frame_00005.jpg,189,160.6,357.71,180.71,399.45,medium
cam11__frame_00005.jpg,190,153.75,415.24,177.7,439.38,low
cam11__frame_00005.jpg,191,42.42,368.58,53.84,404.93,high
cam11__frame_00005.jpg,192,53.87,344.53,84.71,389.79,high
cam11__frame_00005.jpg,193,86.86,348.83,112.29,367.08,high
cam11__frame_00005.jpg,194,110.5,323.7,119.77,359.6,high
cam11__frame_00005.jpg,195,119.47,318.0,129.6,348.83,high
cam11__frame_00005.jpg,196,123.66,292.88,135.93,321.31,high
cam11__frame_00005.jpg,197,135.63,303.95,141.91,326.69,high
cam11__frame_00005.jpg,198,145.5,281.81,163.46,312.03,medium
cam11__frame_00005.jpg,199,150.77,268.22,160.46,282.76,medium
cam11__frame_00005.jpg,200,160.6,263.61,167.75,288.86,high
cam11__frame_00005.jpg,201,167.75,262.04,172.0,279.92,high
cam11__frame_00005.jpg,202,172.37,255.22,175.4,276.16,high
cam11__frame_00005.jpg,203,107.2,443.18,125.01,454.51,medium
cam11__frame_00005.jpg,204,221.45,257.28,234.77,279.87,medium
cam11__frame_00005.jpg,205,203.39,268.93,221.69,288.19,medium
cam11__frame_00005.jpg,206,278.74,239.65,308.81,262.82,high
cam11__frame_00005.jpg,207,280.79,262.69,313.46,268.85,high
cam11__frame_00005.jpg,208,281.62,268.85,316.34,275.02,high
cam11__frame_00005.jpg,209,283.48,274.34,319.44,285.16,high
cam11__frame_00005.jpg,210,280.29,279.43,320.4,330.36,low
cam11__frame_00005.jpg,211,224.76,274.42,271.61,311.62,medium
cam11__frame_00005.jpg,212,224.61,311.89,277.08,348.74,medium
cam11__frame_00005.jpg,213,188.56,289.06,224.21,339.12,medium
cam11__frame_00005.jpg,214,180.55,337.12,223.01,378.78,medium
cam11__frame_00005.jpg,215,223.81,349.14,282.29,402.81,medium
cam11__frame_00005.jpg,216,183.6,378.54,218.38,398.46,medium
cam11__frame_00005.jpg,217,176.86,394.1,217.26,425.07,medium
cam11__frame_00005.jpg,218,169.04,414.65,214.41,455.03,medium
cam11__frame_00005.jpg,219,264.44,423.34,275.33,452.38,high
cam11__frame_00005.jpg,220,225.55,566.21,294.42,640.0,high
cam11__frame_00005.jpg,221,293.5,344.33,326.35,396.8,medium
cam11__frame_00005.jpg,222,275.1,382.1,385.04,508.32,low
cam11__frame_00005.jpg,223,286.33,498.95,386.22,567.37,medium
cam11__frame_00005.jpg,224,294.06,565.0,388.96,622.37,medium
cam11__frame_00005.jpg,225,308.33,599.05,394.72,640.0,medium
cam11__frame_00005.jpg,226,259.46,401.49,283.56,422.34,medium
cam11__frame_00005.jpg,227,224.73,430.3,240.33,461.4,medium
cam11__frame_00005.jpg,228,245.16,423.87,266.6,456.58,low
cam11__frame_00005.jpg,229,343.6,232.86,351.64,251.63,medium
cam11__frame_00005.jpg,230,381.49,252.75,388.07,288.06,high
cam11__frame_00005.jpg,231,393.24,289.2,419.59,304.5,high
cam11__frame_00005.jpg,232,393.14,276.19,419.0,293.93,high
cam11__frame_00005.jpg,233,410.22,261.71,437.92,280.06,high
cam11__frame_00005.jpg,234,424.07,277.0,447.95,290.14,medium
cam11__frame_00005.jpg,235,418.88,289.44,443.8,303.98,medium
cam11__frame_00006.jpg,0,393.14,276.19,419.0,293.93,high
cam11__frame_00006.jpg,1,410.22,261.71,437.92,280.06,high
cam11__frame_00006.jpg,2,424.07,277.0,447.95,290.14,medium
cam11__frame_00006.jpg,3,418.88,289.44,443.8,303.98,medium
cam11__frame_00006.jpg,4,411.95,301.56,428.92,319.56,high
cam11__frame_00006.jpg,5,442.42,288.06,458.34,309.52,medium
cam11__frame_00006.jpg,6,428.57,306.75,449.34,339.64,medium
cam11__frame_00006.jpg,7,447.61,316.41,459.38,328.53,high
cam11__frame_00006.jpg,8,447.95,326.1,457.99,353.8,high
cam11__frame_00006.jpg,9,461.81,304.16,483.03,359.83,high
cam11__frame_00006.jpg,10,471.02,341.81,497.05,381.06,medium
cam11__frame_00006.jpg,11,494.65,355.83,508.67,399.88,high
cam11__frame_00006.jpg,12,508.67,375.05,523.49,417.91,high
cam11__frame_00006.jpg,13,524.84,376.91,566.55,452.0,low
cam11__frame_00006.jpg,14,557.74,364.86,573.5,384.79,high
cam11__frame_00006.jpg,15,561.91,406.11,612.0,488.6,low
cam11__frame_00006.jpg,16,592.04,387.57,623.5,438.55,high
cam11__frame_00006.jpg,17,614.28,430.21,626.33,466.36,high
cam11__frame_00006.jpg,18,606.87,468.67,619.38,497.4,medium
cam11__frame_00006.jpg,19,610.57,484.89,620.31,506.67,high
cam11__frame_00006.jpg,20,339.08,174.34,355.35,214.15,high
cam11__frame_00006.jpg,21,354.66,175.38,370.24,220.04,high
cam11__frame_00006.jpg,22,369.2,203.1,394.8,231.46,medium
cam11__frame_00006.jpg,23,371.28,176.76,412.13,202.38,low
cam11__frame_00006.jpg,24,395.51,203.07,412.47,238.73,high
cam11__frame_00006.jpg,25,419.05,179.88,429.78,249.46,high
cam11__frame_00006.jpg,26,429.36,186.76,446.19,258.46,medium
cam11__frame_00006.jpg,27,440.18,189.16,457.8,230.02,medium
cam11__frame_00006.jpg,28,447.39,232.02,464.61,264.06,medium
cam11__frame_00006.jpg,29,463.89,234.14,471.5,270.19,high
cam11__frame_00006.jpg,30,465.89,195.29,474.3,234.54,high
cam11__frame_00006.jpg,31,454.6,137.9,501.86,182.36,low
cam11__frame_00006.jpg,32,471.9,238.55,498.73,280.21,medium
cam11__frame_00006.jpg,33,474.3,185.28,507.95,240.55,medium
cam11__frame_00006.jpg,34,495.93,241.75,515.96,290.62,high
cam11__frame_00006.jpg,35,508.75,189.69,531.98,250.57,medium
cam11__frame_00006.jpg,36,515.96,253.77,536.38,304.24,high
cam11__frame_00006.jpg,37,528.77,192.09,587.65,268.59,medium
cam11__frame_00006.jpg,38,539.99,266.19,560.42,317.45,high
cam11__frame_00006.jpg,39,560.42,269.39,585.65,334.28,high
cam11__frame_00006.jpg,40,584.33,298.39,627.76,359.19,medium
cam11__frame_00006.jpg,41,576.95,254.44,640.0,314.44,medium
cam11__frame_00006.jpg,42,590.53,205.33,640.0,265.51,medium
cam11__frame_00006.jpg,43,579.46,156.89,640.0,206.57,medium
cam11__frame_00006.jpg,44,593.01,104.2,640.0,163.76,medium
cam11__frame_00006.jpg,45,350.62,287.79,359.57,309.21,high
cam11__frame_00006.jpg,46,352.14,274.02,367.65,288.5,high
cam11__frame_00006.jpg,47,359.84,291.59,368.79,315.71,high
cam11__frame_00006.jpg,48,362.55,310.56,368.79,322.76,high
cam11__frame_00006.jpg,49,369.8,313.8,376.35,326.82,low
cam11__frame_00006.jpg,50,378.82,325.22,387.72,343.49,low
cam11__frame_00006.jpg,51,396.7,308.7,405.35,324.66,high
cam11__frame_00006.jpg,52,387.64,331.86,393.33,340.14,medium
cam11__frame_00006.jpg,53,388.16,339.36,392.04,355.91,high
cam11__frame_00006.jpg,54,392.04,330.05,405.74,355.65,medium
cam11__frame_00006.jpg,55,397.47,343.5,405.74,356.95,high
cam11__frame_00006.jpg,56,396.95,356.17,406.26,367.55,high
cam11__frame_00006.jpg,57,402.64,347.64,407.81,358.76,high
cam11__frame_00006.jpg,58,401.86,358.76,408.33,370.39,high
cam11__frame_00006.jpg,59,411.17,328.5,424.1,384.33,medium
cam11__frame_00006.jpg,60,421.52,337.81,442.2,399.87,medium
cam11__frame_00006.jpg,61,432.38,352.81,449.18,405.82,high
cam11__frame_00006.jpg,62,435.8,370.65,452.63,434.73,medium
cam11__frame_00006.jpg,63,448.6,395.48,485.88,453.56,low
cam11__frame_00006.jpg,64,474.66,385.46,500.7,420.71,high
cam11__frame_00006.jpg,65,496.7,411.9,515.12,445.14,high
cam11__frame_00006.jpg,66,468.25,426.32,508.71,483.19,medium
cam11__frame_00006.jpg,67,491.89,455.96,515.92,523.65,medium
cam11__frame_00006.jpg,68,513.9,483.59,533.94,548.08,medium
cam11__frame_00006.jpg,69,533.54,499.62,547.96,558.09,high
cam11__frame_00006.jpg,70,570.2,555.57,602.6,628.32,low
cam11__frame_00006.jpg,71,8.74,124.09,32.48,161.5,low
cam11__frame_00006.jpg,72,57.3,143.16,64.13,158.62,high
cam11__frame_00006.jpg,73,69.38,123.82,79.91,142.39,medium
cam11__frame_00006.jpg,74,69.38,141.39,80.42,158.45,medium
cam11__frame_00006.jpg,75,79.61,132.09,88.29,139.2,high
cam11__frame_00006.jpg,76,80.38,138.88,89.41,154.93,medium
cam11__frame_00006.jpg,77,88.46,131.22,97.31,138.33,high
cam11__frame_00006.jpg,78,89.38,138.55,96.92,154.07,medium
cam11__frame_00006.jpg,79,127.08,150.92,137.62,159.95,high
cam11__frame_00006.jpg,80,142.14,148.91,150.67,161.96,high
cam11__frame_00006.jpg,81,153.18,149.92,165.22,164.47,high
cam11__frame_00006.jpg,82,1.95,236.1,23.76,324.03,medium
cam11__frame_00006.jpg,83,23.76,225.71,38.3,305.68,medium
cam11__frame_00006.jpg,84,38.3,221.9,46.6,298.41,high
cam11__frame_00006.jpg,85,47.7,270.14,55.57,283.12,high
cam11__frame_00006.jpg,86,343.3,282.7,350.59,295.48,high
cam11__frame_00006.jpg,87,70.26,226.02,76.75,247.8,high
cam11__frame_00006.jpg,88,71.1,202.99,76.2,227.09,high
cam11__frame_00006.jpg,89,77.22,185.24,87.87,216.29,medium
cam11__frame_00006.jpg,90,77.22,215.36,87.41,244.1,medium
cam11__frame_00006.jpg,91,88.8,184.31,99.46,212.12,medium
cam11__frame_00006.jpg,92,88.34,213.51,95.29,239.0,medium
cam11__frame_00006.jpg,93,95.29,211.19,102.24,233.9,medium
cam11__frame_00006.jpg,94,99.0,183.85,106.41,210.73,medium
cam11__frame_00006.jpg,95,102.2,211.19,108.26,231.58,high
cam11__frame_00006.jpg,96,110.1,180.64,115.3,225.2,medium
cam11__frame_00006.jpg,97,116.09,176.89,122.09,199.38,medium
cam11__frame_00006.jpg,98,114.59,198.63,123.59,222.25,medium
cam11__frame_00006.jpg,99,123.97,196.39,129.22,220.75,high
cam11__frame_00006.jpg,100,128.84,181.39,136.71,217.38,high
cam11__frame_00006.jpg,101,136.71,191.89,142.71,213.63,high
cam11__frame_00006.jpg,102,141.58,177.27,151.7,211.0,medium
cam11__frame_00006.jpg,103,150.95,170.15,162.57,208.75,medium
cam11__frame_00006.jpg,104,163.32,179.52,171.95,203.51,medium
cam11__frame_00006.jpg,105,172.7,178.77,179.44,200.51,medium
cam11__frame_00006.jpg,106,191.27,222.4,199.68,235.67,high
cam11__frame_00006.jpg,107,179.08,217.82,191.59,247.94,high
cam11__frame_00006.jpg,108,172.13,216.16,179.74,238.66,high
cam11__frame_00006.jpg,109,161.12,220.18,168.6,244.72,high
cam11__frame_00006.jpg,110,154.84,223.17,161.42,253.39,high
cam11__frame_00006.jpg,111,144.97,227.66,153.94,259.38,high
cam11__frame_00006.jpg,112,139.58,220.48,152.15,230.65,high
cam11__frame_00006.jpg,113,135.09,232.45,144.97,268.35,high
cam11__frame_00006.jpg,114,130.9,249.5,135.39,276.13,high
cam11__frame_00006.jpg,115,125.52,241.13,130.9,280.62,high
cam11__frame_00006.jpg,116,107.94,242.1,125.09,296.32,medium
cam11__frame_00006.jpg,117,101.92,252.3,107.94,301.42,medium
cam11__frame_00006.jpg,118,89.9,249.05,103.31,314.4,medium
cam11__frame_00006.jpg,119,72.26,259.25,90.33,340.35,medium
cam11__frame_00006.jpg,120,15.43,318.21,34.86,333.76,low
cam11__frame_00006.jpg,121,18.32,330.48,28.25,336.88,medium
cam11__frame_00006.jpg,122,19.25,334.73,29.19,341.14,medium
cam11__frame_00006.jpg,123,20.42,339.07,30.36,345.48,medium
cam11__frame_00006.jpg,124,20.64,343.11,30.57,349.52,medium
cam11__frame_00006.jpg,125,20.2,347.36,30.12,353.76,medium
cam11__frame_00006.jpg,126,20.87,351.61,30.79,358.01,medium
cam11__frame_00006.jpg,127,20.64,356.08,30.57,362.48,medium
cam11__frame_00006.jpg,128,20.64,360.55,30.57,366.95,medium
cam11__frame_00006.jpg,129,20.86,365.46,30.8,371.87,medium
cam11__frame_00006.jpg,130,20.87,370.38,30.79,376.78,medium
cam11__frame_00006.jpg,131,20.64,374.85,30.57,381.25,medium
cam11__frame_00006.jpg,132,21.54,379.54,31.46,385.94,medium
cam11__frame_00006.jpg,133,21.98,384.46,31.91,390.86,medium
cam11__frame_00006.jpg,134,27.82,456.55,42.68,470.17,medium
cam11__frame_00006.jpg,135,20.41,465.46,41.39,479.38,medium
cam11__frame_00006.jpg,136,22.18,474.03,41.88,489.08,medium
cam11__frame_00006.jpg,137,13.47,478.55,38.33,498.74,medium
cam11__frame_00006.jpg,138,9.23,487.17,29.89,503.0,medium
cam11__frame_00006.jpg,139,1.46,496.54,13.66,512.13,low
cam11__frame_00006.jpg,140,8.96,500.04,31.09,519.23,medium
cam11__frame_00006.jpg,141,38.92,486.48,43.93,492.82,high
cam11__frame_00006.jpg,142,83.0,448.5,126.1,525.4,low
cam11__frame_00006.jpg,143,94.67,439.0,99.58,447.79,high
cam11__frame_00006.jpg,144,94.15,422.45,108.11,434.86,medium
cam11__frame_00006.jpg,145,94.16,413.19,103.99,422.58,high
cam11__frame_00006.jpg,146,103.77,415.65,114.5,424.36,high
cam11__frame_00006.jpg,147,99.97,395.76,122.54,404.7,high
cam11__frame_00006.jpg,148,137.92,399.66,145.19,411.43,medium
cam11__frame_00006.jpg,149,111.14,372.07,118.52,384.14,high
cam11__frame_00006.jpg,150,116.28,368.72,131.04,397.77,medium
cam11__frame_00006.jpg,151,117.4,361.34,128.58,368.94,high
cam11__frame_00006.jpg,152,122.54,354.19,136.4,364.25,high
cam11__frame_00006.jpg,153,136.4,360.0,144.22,368.49,high
cam11__frame_00006.jpg,154,136.62,350.17,144.67,359.33,high
cam11__frame_00006.jpg,155,136.18,338.99,145.79,349.94,high
cam11__frame_00006.jpg,156,145.53,317.62,158.98,354.59,medium
cam11__frame_00006.jpg,157,180.92,258.6,195.11,279.37,high
cam11__frame_00006.jpg,158,160.6,357.71,180.71,399.45,medium
cam11__frame_00006.jpg,159,153.66,415.83,178.41,438.7,low
cam11__frame_00006.jpg,160,42.42,368.58,53.84,404.93,high
cam11__frame_00006.jpg,161,53.87,344.53,84.71,389.79,high
cam11__frame_00006.jpg,162,86.86,348.83,112.29,367.08,high
cam11__frame_00006.jpg,163,110.5,323.7,119.77,359.6,high
cam11__frame_00006.jpg,164,119.47,318.0,129.6,348.83,high
cam11__frame_00006.jpg,165,123.66,292.88,135.93,321.31,high
cam11__frame_00006.jpg,166,135.63,303.95,141.91,326.69,high
cam11__frame_00006.jpg,167,145.5,281.81,163.46,312.03,medium
cam11__frame_00006.jpg,168,150.77,268.22,160.46,282.76,medium
cam11__frame_00006.jpg,169,160.6,263.61,167.75,288.86,high
cam11__frame_00006.jpg,170,167.75,262.04,172.0,279.92,high
cam11__frame_00006.jpg,171,172.37,255.22,175.4,276.16,high
cam11__frame_00006.jpg,172,21.13,510.76,41.3,529.51,high
cam11__frame_00006.jpg,173,22.03,522.13,42.2,540.88,high
cam11__frame_00006.jpg,174,343.6,232.86,351.64,251.63,medium
cam11__frame_00006.jpg,175,381.49,252.75,388.07,288.06,high
cam11__frame_00006.jpg,176,393.24,289.2,419.59,304.5,high
cam11__frame_00006.jpg,177,366.73,341.29,377.9,353.81,high
cam11__frame_00006.jpg,178,329.49,316.54,353.16,358.6,medium
cam11__frame_00006.jpg,179,385.06,474.43,430.3,639.71,medium
cam11__frame_00006.jpg,180,99.0,514.1,228.03,638.8,low
cam11__frame_00006.jpg,181,211.28,458.26,278.29,548.84,medium
cam11__frame_00006.jpg,182,151.1,479.98,210.04,535.19,medium
cam11__frame_00006.jpg,183,162.89,445.86,207.56,485.56,medium
cam11__frame_00006.jpg,184,264.44,423.34,275.33,452.38,high
cam11__frame_00006.jpg,185,245.16,423.87,266.6,456.58,low
cam11__frame_00006.jpg,186,224.73,430.3,240.33,461.4,medium
cam11__frame_00006.jpg,187,259.46,401.49,283.56,422.34,medium
cam11__frame_00006.jpg,188,308.33,599.05,394.72,640.0,medium
cam11__frame_00006.jpg,189,294.06,565.0,388.96,622.37,medium
cam11__frame_00006.jpg,190,286.33,498.95,386.22,567.37,medium
cam11__frame_00006.jpg,191,275.1,382.1,385.04,508.32,low
cam11__frame_00006.jpg,192,293.5,344.33,326.35,396.8,medium
cam11__frame_00006.jpg,193,225.55,566.21,294.42,640.0,high
cam11__frame_00006.jpg,194,169.04,414.65,214.41,455.03,medium
cam11__frame_00006.jpg,195,176.86,394.1,217.26,425.07,medium
cam11__frame_00006.jpg,196,183.6,378.54,218.38,398.46,medium
cam11__frame_00006.jpg,197,223.81,349.14,282.29,402.81,medium
cam11__frame_00006.jpg,198,180.55,337.12,223.01,378.78,medium
cam11__frame_00006.jpg,199,188.56,289.06,224.21,339.12,medium
cam11__frame_00006.jpg,200,224.61,311.89,277.08,348.74,medium
cam11__frame_00006.jpg,201,224.76,274.42,271.61,311.62,medium
cam11__frame_00006.jpg,202,280.29,279.43,320.4,330.36,low
cam11__frame_00006.jpg,203,283.48,274.34,319.44,285.16,high
cam11__frame_00006.jpg,204,281.62,268.85,316.34,275.02,high
cam11__frame_00006.jpg,205,280.79,262.69,313.46,268.85,high
cam11__frame_00006.jpg,206,278.74,239.65,308.81,262.82,high
cam11__frame_00006.jpg,207,203.39,268.93,221.69,288.19,medium
cam11__frame_00006.jpg,208,221.45,257.28,234.77,279.87,medium
cam11__frame_00006.jpg,209,368.96,364.34,377.01,380.87,high
cam11__frame_00006.jpg,210,373.88,355.4,385.72,384.67,medium
cam11__frame_00006.jpg,211,396.23,412.59,432.88,443.43,medium
cam11__frame_00006.jpg,212,407.7,430.8,435.18,470.85,medium
cam11__frame_00006.jpg,213,431.83,434.64,446.58,467.05,medium
cam11__frame_00006.jpg,214,427.47,463.85,446.47,507.88,medium
cam11__frame_00006.jpg,215,450.25,507.2,473.84,535.08,low
cam11__frame_00006.jpg,216,469.02,529.18,501.73,564.03,medium
cam11__frame_00006.jpg,217,516.3,593.45,544.19,638.12,low
cam11__frame_00007.jpg,0,516.3,593.45,544.19,638.12,low
cam11__frame_00007.jpg,1,593.01,104.2,640.0,163.76,medium
cam11__frame_00007.jpg,2,579.46,156.89,640.0,206.57,medium
cam11__frame_00007.jpg,3,590.53,205.33,640.0,265.51,medium
cam11__frame_00007.jpg,4,576.95,254.44,640.0,314.44,medium
cam11__frame_00007.jpg,5,584.33,298.39,627.76,359.19,medium
cam11__frame_00007.jpg,6,560.42,269.39,585.65,334.28,high
cam11__frame_00007.jpg,7,539.99,266.19,560.42,317.45,high
cam11__frame_00007.jpg,8,528.77,192.09,587.65,268.59,medium
cam11__frame_00007.jpg,9,515.96,253.77,536.38,304.24,high
cam11__frame_00007.jpg,10,508.75,189.69,531.98,250.57,medium
cam11__frame_00007.jpg,11,495.93,241.75,515.96,290.62,high
cam11__frame_00007.jpg,12,474.3,185.28,507.95,240.55,medium
cam11__frame_00007.jpg,13,471.9,238.55,498.73,280.21,medium
cam11__frame_00007.jpg,14,454.6,137.9,501.86,182.36,low
cam11__frame_00007.jpg,15,465.89,195.29,474.3,234.54,high
cam11__frame_00007.jpg,16,463.89,234.14,471.5,270.19,high
cam11__frame_00007.jpg,17,447.39,232.02,464.61,264.06,medium
cam11__frame_00007.jpg,18,440.18,189.16,457.8,230.02,medium
cam11__frame_00007.jpg,19,429.36,186.76,446.19,258.46,medium
cam11__frame_00007.jpg,20,419.05,179.88,429.78,249.46,high
cam11__frame_00007.jpg,21,395.51,203.07,412.47,238.73,high
cam11__frame_00007.jpg,22,371.28,176.76,412.13,202.38,low
cam11__frame_00007.jpg,23,369.2,203.1,394.8,231.46,medium
cam11__frame_00007.jpg,24,354.66,175.38,370.24,220.04,high
cam11__frame_00007.jpg,25,339.08,174.34,355.35,214.15,high
cam11__frame_00007.jpg,26,610.57,484.89,620.31,506.67,high
cam11__frame_00007.jpg,27,606.87,468.67,619.38,497.4,medium
cam11__frame_00007.jpg,28,614.28,430.21,626.33,466.36,high
cam11__frame_00007.jpg,29,592.04,387.57,623.5,438.55,high
cam11__frame_00007.jpg,30,561.91,406.11,612.0,488.6,low
cam11__frame_00007.jpg,31,557.74,364.86,573.5,384.79,high
cam11__frame_00007.jpg,32,524.84,376.91,566.55,452.0,low
cam11__frame_00007.jpg,33,508.67,375.05,523.49,417.91,high
cam11__frame_00007.jpg,34,494.65,355.83,508.67,399.88,high
cam11__frame_00007.jpg,35,471.02,341.81,497.05,381.06,medium
cam11__frame_00007.jpg,36,461.81,304.16,483.03,359.83,high
cam11__frame_00007.jpg,37,447.95,326.1,457.99,353.8,high
cam11__frame_00007.jpg,38,447.61,316.41,459.38,328.53,high
cam11__frame_00007.jpg,39,428.57,306.75,449.34,339.64,medium
cam11__frame_00007.jpg,40,442.42,288.06,458.34,309.52,medium
cam11__frame_00007.jpg,41,411.95,301.56,428.92,319.56,high
cam11__frame_00007.jpg,42,418.88,289.44,443.8,303.98,medium
cam11__frame_00007.jpg,43,424.07,277.0,447.95,290.14,medium
cam11__frame_00007.jpg,44,410.22,261.71,437.92,280.06,high
cam11__frame_00007.jpg,45,393.14,276.19,419.0,293.93,high
cam11__frame_00007.jpg,46,393.24,289.2,419.59,304.5,high
cam11__frame_00007.jpg,47,381.49,252.75,388.07,288.06,high
cam11__frame_00007.jpg,48,343.6,232.86,351.64,251.63,medium
cam11__frame_00007.jpg,49,570.2,555.57,602.6,628.32,low
cam11__frame_00007.jpg,50,533.54,499.62,547.96,558.09,high
cam11__frame_00007.jpg,51,513.9,483.59,533.94,548.08,medium
cam11__frame_00007.jpg,52,491.89,455.96,515.92,523.65,medium
cam11__frame_00007.jpg,53,468.25,426.32,508.71,483.19,medium
cam11__frame_00007.jpg,54,496.7,411.9,515.12,445.14,high
cam11__frame_00007.jpg,55,474.66,385.46,500.7,420.71,high
cam11__frame_00007.jpg,56,448.6,395.48,485.88,453.56,low
cam11__frame_00007.jpg,57,435.8,370.65,452.63,434.73,medium
cam11__frame_00007.jpg,58,432.38,352.81,449.18,405.82,high
cam11__frame_00007.jpg,59,421.52,337.81,442.2,399.87,medium
cam11__frame_00007.jpg,60,411.17,328.5,424.1,384.33,medium
cam11__frame_00007.jpg,61,401.86,358.76,408.33,370.39,high
cam11__frame_00007.jpg,62,402.64,347.64,407.81,358.76,high
cam11__frame_00007.jpg,63,396.95,356.17,406.26,367.55,high
cam11__frame_00007.jpg,64,397.47,343.5,405.74,356.95,high
cam11__frame_00007.jpg,65,392.04,330.05,405.74,355.65,medium
cam11__frame_00007.jpg,66,388.16,339.36,392.04,355.91,high
cam11__frame_00007.jpg,67,387.64,331.86,393.33,340.14,medium
cam11__frame_00007.jpg,68,396.7,308.7,405.35,324.66,high
cam11__frame_00007.jpg,69,378.82,325.22,387.72,343.49,low
cam11__frame_00007.jpg,70,369.8,313.8,376.35,326.82,low
cam11__frame_00007.jpg,71,362.55,310.56,368.79,322.76,high
cam11__frame_00007.jpg,72,359.84,291.59,368.79,315.71,high
cam11__frame_00007.jpg,73,352.14,274.02,367.65,288.5,high
cam11__frame_00007.jpg,74,350.62,287.79,359.57,309.21,high
cam11__frame_00007.jpg,75,343.35,277.9,350.59,295.48,high
cam11__frame_00007.jpg,76,469.02,529.18,501.73,564.03,medium
cam11__frame_00007.jpg,77,450.25,507.2,473.84,535.08,low
cam11__frame_00007.jpg,78,427.47,463.85,446.47,507.88,medium
cam11__frame_00007.jpg,79,431.83,434.64,446.58,467.05,medium
cam11__frame_00007.jpg,80,407.7,430.8,435.18,470.85,medium
cam11__frame_00007.jpg,81,396.23,412.59,432.88,443.43,medium
cam11__frame_00007.jpg,82,373.88,355.4,385.72,384.67,medium
cam11__frame_00007.jpg,83,368.96,364.34,377.01,380.87,high
cam11__frame_00007.jpg,84,366.73,341.29,377.9,353.81,high
cam11__frame_00007.jpg,85,357.24,329.61,365.96,340.7,high
cam11__frame_00007.jpg,86,357.56,341.29,366.06,349.34,high
cam11__frame_00007.jpg,87,352.34,327.96,357.3,347.34,high
cam11__frame_00007.jpg,88,329.49,316.54,353.16,358.6,medium
cam11__frame_00007.jpg,89,385.06,474.43,430.3,639.71,medium
cam11__frame_00007.jpg,90,99.0,514.1,228.03,638.8,low
cam11__frame_00007.jpg,91,211.28,458.26,278.29,548.84,medium
cam11__frame_00007.jpg,92,151.1,479.98,210.04,535.19,medium
cam11__frame_00007.jpg,93,162.89,445.86,207.56,485.56,medium
cam11__frame_00007.jpg,94,264.44,423.34,275.33,452.38,high
cam11__frame_00007.jpg,95,245.16,423.87,266.6,456.58,low
cam11__frame_00007.jpg,96,224.73,430.3,240.33,461.4,medium
cam11__frame_00007.jpg,97,259.46,401.49,283.56,422.34,medium
cam11__frame_00007.jpg,98,308.33,599.05,394.72,640.0,medium
cam11__frame_00007.jpg,99,294.06,565.0,388.96,622.37,medium
cam11__frame_00007.jpg,100,286.33,498.95,386.22,567.37,medium
cam11__frame_00007.jpg,101,275.1,382.1,385.04,508.32,low
cam11__frame_00007.jpg,102,293.5,344.33,326.35,396.8,medium
cam11__frame_00007.jpg,103,225.55,566.21,294.42,640.0,high
cam11__frame_00007.jpg,104,169.04,414.65,214.41,455.03,medium
cam11__frame_00007.jpg,105,176.86,394.1,217.26,425.07,medium
cam11__frame_00007.jpg,106,183.6,378.54,218.38,398.46,medium
cam11__frame_00007.jpg,107,223.81,349.14,282.29,402.81,medium
cam11__frame_00007.jpg,108,180.55,337.12,223.01,378.78,medium
cam11__frame_00007.jpg,109,188.56,289.06,224.21,339.12,medium
cam11__frame_00007.jpg,110,224.61,311.89,277.08,348.74,medium
cam11__frame_00007.jpg,111,224.76,274.42,271.61,311.62,medium
cam11__frame_00007.jpg,112,280.29,279.43,320.4,330.36,low
cam11__frame_00007.jpg,113,283.48,274.34,319.44,285.16,high
cam11__frame_00007.jpg,114,281.62,268.85,316.34,275.02,high
cam11__frame_00007.jpg,115,280.79,262.69,313.46,268.85,high
cam11__frame_00007.jpg,116,278.74,239.65,308.81,262.82,high
cam11__frame_00007.jpg,117,203.39,268.93,221.69,288.19,medium
cam11__frame_00007.jpg,118,221.45,257.28,234.77,279.87,medium
cam11__frame_00007.jpg,119,8.74,124.09,32.48,161.5,low
cam11__frame_00007.jpg,120,57.3,143.16,64.13,158.62,high
cam11__frame_00007.jpg,121,69.38,123.82,79.91,142.39,medium
cam11__frame_00007.jpg,122,69.38,141.39,80.42,158.45,medium
cam11__frame_00007.jpg,123,79.61,132.09,88.29,139.2,high
cam11__frame_00007.jpg,124,80.38,138.88,89.41,154.93,medium
cam11__frame_00007.jpg,125,88.46,131.22,97.31,138.33,high
cam11__frame_00007.jpg,126,89.38,138.55,96.92,154.07,medium
cam11__frame_00007.jpg,127,127.08,150.92,137.62,159.95,high
cam11__frame_00007.jpg,128,142.14,148.91,150.67,161.96,high
cam11__frame_00007.jpg,129,153.18,149.92,165.22,164.47,high
cam11__frame_00007.jpg,130,1.95,236.1,23.76,324.03,medium
cam11__frame_00007.jpg,131,23.76,225.71,38.3,305.68,medium
cam11__frame_00007.jpg,132,38.3,221.9,46.6,298.41,high
cam11__frame_00007.jpg,133,47.7,270.14,55.57,283.12,high
cam11__frame_00007.jpg,134,70.26,226.02,76.75,247.8,high
cam11__frame_00007.jpg,135,71.1,202.99,76.2,227.09,high
cam11__frame_00007.jpg,136,77.22,185.24,87.87,216.29,medium
cam11__frame_00007.jpg,137,77.22,215.36,87.41,244.1,medium
cam11__frame_00007.jpg,138,88.8,184.31,99.46,212.12,medium
cam11__frame_00007.jpg,139,88.34,213.51,95.29,239.0,medium
cam11__frame_00007.jpg,140,95.29,211.19,102.24,233.9,medium
cam11__frame_00007.jpg,141,99.0,183.85,106.41,210.73,medium
cam11__frame_00007.jpg,142,102.2,211.19,108.26,231.58,high
cam11__frame_00007.jpg,143,110.1,180.64,115.3,225.2,medium
cam11__frame_00007.jpg,144,116.09,176.89,122.09,199.38,medium
cam11__frame_00007.jpg,145,114.59,198.63,123.59,222.25,medium
cam11__frame_00007.jpg,146,123.97,196.39,129.22,220.75,high
cam11__frame_00007.jpg,147,128.84,181.39,136.71,217.38,high
cam11__frame_00007.jpg,148,136.71,191.89,142.71,213.63,high
cam11__frame_00007.jpg,149,141.58,177.27,151.7,211.0,medium
cam11__frame_00007.jpg,150,150.95,170.15,162.57,208.75,medium
cam11__frame_00007.jpg,151,163.32,179.52,171.95,203.51,medium
cam11__frame_00007.jpg,152,172.7,178.77,179.44,200.51,medium
cam11__frame_00007.jpg,153,191.27,222.4,199.68,235.67,high
cam11__frame_00007.jpg,154,179.08,217.82,191.59,247.94,high
cam11__frame_00007.jpg,155,172.13,216.16,179.74,238.66,high
cam11__frame_00007.jpg,156,161.12,220.18,168.6,244.72,high
cam11__frame_00007.jpg,157,154.84,223.17,161.42,253.39,high
cam11__frame_00007.jpg,158,144.97,227.66,153.94,259.38,high
cam11__frame_00007.jpg,159,139.58,220.48,152.15,230.65,high
cam11__frame_00007.jpg,160,135.09,232.45,144.97,268.35,high
cam11__frame_00007.jpg,161,130.9,249.5,135.39,276.13,high
cam11__frame_00007.jpg,162,125.52,241.13,130.9,280.62,high
cam11__frame_00007.jpg,163,107.94,242.1,125.09,296.32,medium
cam11__frame_00007.jpg,164,101.92,252.3,107.94,301.42,medium
cam11__frame_00007.jpg,165,89.9,249.05,103.31,314.4,medium
cam11__frame_00007.jpg,166,72.26,259.25,90.33,340.35,medium
cam11__frame_00007.jpg,167,15.43,318.21,34.86,333.76,low
cam11__frame_00007.jpg,168,18.32,330.48,28.25,336.88,medium
cam11__frame_00007.jpg,169,19.25,334.73,29.19,341.14,medium
cam11__frame_00007.jpg,170,20.42,339.07,30.36,345.48,medium
cam11__frame_00007.jpg,171,20.64,343.11,30.57,349.52,medium
cam11__frame_00007.jpg,172,20.2,347.36,30.12,353.76,medium
cam11__frame_00007.jpg,173,20.87,351.61,30.79,358.01,medium
cam11__frame_00007.jpg,174,20.64,356.08,30.57,362.48,medium
cam11__frame_00007.jpg,175,20.64,360.55,30.57,366.95,medium
cam11__frame_00007.jpg,176,20.86,365.46,30.8,371.87,medium
cam11__frame_00007.jpg,177,20.87,370.38,30.79,376.78,medium
cam11__frame_00007.jpg,178,20.64,374.85,30.57,381.25,medium
cam11__frame_00007.jpg,179,21.54,379.54,31.46,385.94,medium
cam11__frame_00007.jpg,180,21.98,384.46,31.91,390.86,medium
cam11__frame_00007.jpg,181,27.82,456.55,42.68,470.17,medium
cam11__frame_00007.jpg,182,20.41,465.46,41.39,479.38,medium
cam11__frame_00007.jpg,183,22.18,474.03,41.88,489.08,medium
cam11__frame_00007.jpg,184,13.47,478.55,38.33,498.74,medium
cam11__frame_00007.jpg,185,9.23,487.17,29.89,503.0,medium
cam11__frame_00007.jpg,186,1.46,496.54,13.66,512.13,low
cam11__frame_00007.jpg,187,8.96,500.04,31.09,519.23,medium
cam11__frame_00007.jpg,188,38.92,486.48,43.93,492.82,high
cam11__frame_00007.jpg,189,39.14,490.42,54.66,505.3,medium
cam11__frame_00007.jpg,190,33.42,499.2,49.67,515.46,medium
cam11__frame_00007.jpg,191,26.7,510.34,38.54,522.61,low
cam11__frame_00007.jpg,192,20.07,518.48,32.54,531.51,low
cam11__frame_00007.jpg,193,47.59,504.14,59.8,513.39,high
cam11__frame_00007.jpg,194,36.23,514.44,55.31,527.8,medium
cam11__frame_00007.jpg,195,35.02,527.97,43.36,533.53,medium
cam11__frame_00007.jpg,196,32.2,533.4,41.24,544.18,low
cam11__frame_00007.jpg,197,31.29,544.41,40.47,552.63,low
cam11__frame_00007.jpg,198,31.55,552.6,40.52,563.07,low
cam11__frame_00007.jpg,199,40.64,541.01,47.98,548.04,medium
cam11__frame_00007.jpg,200,41.85,532.2,46.02,540.73,medium
cam11__frame_00007.jpg,201,51.05,531.88,74.09,590.2,high
cam11__frame_00007.jpg,202,36.6,586.0,53.56,606.74,high
cam11__frame_00007.jpg,203,0.48,514.4,30.08,639.83,medium
cam11__frame_00007.jpg,204,86.46,459.9,117.32,502.94,high
cam11__frame_00007.jpg,205,91.3,449.31,96.99,475.97,high
cam11__frame_00007.jpg,206,94.67,439.0,99.58,447.79,high
cam11__frame_00007.jpg,207,94.15,422.45,108.11,434.86,medium
cam11__frame_00007.jpg,208,94.16,413.19,103.99,422.58,high
cam11__frame_00007.jpg,209,103.77,415.65,114.5,424.36,high
cam11__frame_00007.jpg,210,99.97,395.76,122.54,404.7,high
cam11__frame_00007.jpg,211,137.92,399.66,145.19,411.43,medium
cam11__frame_00007.jpg,212,111.14,372.07,118.52,384.14,high
cam11__frame_00007.jpg,213,116.28,368.72,131.04,397.77,medium
cam11__frame_00007.jpg,214,117.4,361.34,128.58,368.94,high
cam11__frame_00007.jpg,215,122.54,354.19,136.4,364.25,high
cam11__frame_00007.jpg,216,136.4,360.0,144.22,368.49,high
cam11__frame_00007.jpg,217,136.62,350.17,144.67,359.33,high
cam11__frame_00007.jpg,218,136.18,338.99,145.79,349.94,high
cam11__frame_00007.jpg,219,145.53,317.62,158.98,354.59,medium
cam11__frame_00007.jpg,220,180.92,258.6,195.11,279.37,high
cam11__frame_00007.jpg,221,160.6,357.71,180.71,399.45,medium
cam11__frame_00007.jpg,222,152.37,423.15,174.02,435.52,low
cam11__frame_00007.jpg,223,42.42,368.58,53.84,404.93,high
cam11__frame_00007.jpg,224,53.87,344.53,84.71,389.79,high
cam11__frame_00007.jpg,225,86.86,348.83,112.29,367.08,high
cam11__frame_00007.jpg,226,110.5,323.7,119.77,359.6,high
cam11__frame_00007.jpg,227,119.47,318.0,129.6,348.83,high
cam11__frame_00007.jpg,228,123.66,292.88,135.93,321.31,high
cam11__frame_00007.jpg,229,135.63,303.95,141.91,326.69,high
cam11__frame_00007.jpg,230,145.5,281.81,163.46,312.03,medium
cam11__frame_00007.jpg,231,150.77,268.22,160.46,282.76,medium
cam11__frame_00007.jpg,232,160.6,263.61,167.75,288.86,high
cam11__frame_00007.jpg,233,167.75,262.04,172.0,279.92,high
cam11__frame_00007.jpg,234,172.37,255.22,175.4,276.16,high
cam11__frame_00007.jpg,235,49.96,615.06,90.27,640.0,high
cam11__frame_00008.jpg,0,86.86,348.83,112.29,367.08,high
cam11__frame_00008.jpg,1,110.5,323.7,119.77,359.6,high
cam11__frame_00008.jpg,2,119.47,318.0,129.6,348.83,high
cam11__frame_00008.jpg,3,123.66,292.88,135.93,321.31,high
cam11__frame_00008.jpg,4,135.63,303.95,141.91,326.69,high
cam11__frame_00008.jpg,5,145.5,281.81,163.46,312.03,medium
cam11__frame_00008.jpg,6,150.77,268.22,160.46,282.76,medium
cam11__frame_00008.jpg,7,160.6,263.61,167.75,288.86,high
cam11__frame_00008.jpg,8,167.75,262.04,172.0,279.92,high
cam11__frame_00008.jpg,9,172.37,255.22,175.4,276.16,high
cam11__frame_00008.jpg,10,221.45,257.28,234.77,279.87,medium
cam11__frame_00008.jpg,11,203.39,268.93,221.69,288.19,medium
cam11__frame_00008.jpg,12,278.74,239.65,308.81,262.82,high
cam11__frame_00008.jpg,13,280.79,262.69,313.46,268.85,high
cam11__frame_00008.jpg,14,281.62,268.85,316.34,275.02,high
cam11__frame_00008.jpg,15,283.48,274.34,319.44,285.16,high
cam11__frame_00008.jpg,16,280.29,279.43,320.4,330.36,low
cam11__frame_00008.jpg,17,224.76,274.42,271.61,311.62,medium
cam11__frame_00008.jpg,18,224.61,311.89,277.08,348.74,medium
cam11__frame_00008.jpg,19,188.56,289.06,224.21,339.12,medium
cam11__frame_00008.jpg,20,180.55,337.12,223.01,378.78,medium
cam11__frame_00008.jpg,21,223.81,349.14,282.29,402.81,medium
cam11__frame_00008.jpg,22,183.6,378.54,218.38,398.46,medium
cam11__frame_00008.jpg,23,176.86,394.1,217.26,425.07,medium
cam11__frame_00008.jpg,24,169.04,414.65,214.41,455.03,medium
cam11__frame_00008.jpg,25,264.44,423.34,275.33,452.38,high
cam11__frame_00008.jpg,26,211.28,458.26,278.29,548.84,medium
cam11__frame_00008.jpg,27,225.55,566.21,294.42,640.0,high
cam11__frame_00008.jpg,28,293.5,344.33,326.35,396.8,medium
cam11__frame_00008.jpg,29,275.1,382.1,385.04,508.32,low
cam11__frame_00008.jpg,30,286.33,498.95,386.22,567.37,medium
cam11__frame_00008.jpg,31,294.06,565.0,388.96,622.37,medium
cam11__frame_00008.jpg,32,308.33,599.05,394.72,640.0,medium
cam11__frame_00008.jpg,33,259.46,401.49,283.56,422.34,medium
cam11__frame_00008.jpg,34,224.73,430.3,240.33,461.4,medium
cam11__frame_00008.jpg,35,245.16,423.87,266.6,456.58,low
cam11__frame_00008.jpg,36,162.89,445.86,207.56,485.56,medium
cam11__frame_00008.jpg,37,151.1,479.98,210.04,535.19,medium
cam11__frame_00008.jpg,38,99.0,514.1,228.03,638.8,low
cam11__frame_00008.jpg,39,385.06,474.43,430.3,639.71,medium
cam11__frame_00008.jpg,40,329.49,316.54,353.16,358.6,medium
cam11__frame_00008.jpg,41,352.34,327.96,357.3,347.34,high
cam11__frame_00008.jpg,42,357.56,341.29,366.06,349.34,high
cam11__frame_00008.jpg,43,357.24,329.61,365.96,340.7,high
cam11__frame_00008.jpg,44,366.73,341.29,377.9,353.81,high
cam11__frame_00008.jpg,45,368.96,364.34,377.01,380.87,high
cam11__frame_00008.jpg,46,373.88,355.4,385.72,384.67,medium
cam11__frame_00008.jpg,47,396.23,412.59,432.88,443.43,medium
cam11__frame_00008.jpg,48,407.7,430.8,435.18,470.85,medium
cam11__frame_00008.jpg,49,431.83,434.64,446.58,467.05,medium
cam11__frame_00008.jpg,50,427.47,463.85,446.47,507.88,medium
cam11__frame_00008.jpg,51,450.25,507.2,473.84,535.08,low
cam11__frame_00008.jpg,52,469.02,529.18,501.73,564.03,medium
cam11__frame_00008.jpg,53,516.3,593.45,544.19,638.12,low
cam11__frame_00008.jpg,54,343.35,277.9,350.59,295.48,high
cam11__frame_00008.jpg,55,350.62,287.79,359.57,309.21,high
cam11__frame_00008.jpg,56,352.14,274.02,367.65,288.5,high
cam11__frame_00008.jpg,57,359.84,291.59,368.79,315.71,high
cam11__frame_00008.jpg,58,362.55,310.56,368.79,322.76,high
cam11__frame_00008.jpg,59,369.8,313.8,376.35,326.82,low
cam11__frame_00008.jpg,60,378.82,325.22,387.72,343.49,low
cam11__frame_00008.jpg,61,396.7,308.7,405.35,324.66,high
cam11__frame_00008.jpg,62,387.64,331.86,393.33,340.14,medium
cam11__frame_00008.jpg,63,388.16,339.36,392.04,355.91,high
cam11__frame_00008.jpg,64,392.04,330.05,405.74,355.65,medium
cam11__frame_00008.jpg,65,397.47,343.5,405.74,356.95,high
cam11__frame_00008.jpg,66,396.95,356.17,406.26,367.55,high
cam11__frame_00008.jpg,67,402.64,347.64,407.81,358.76,high
cam11__frame_00008.jpg,68,401.86,358.76,408.33,370.39,high
cam11__frame_00008.jpg,69,411.17,328.5,424.1,384.33,medium
cam11__frame_00008.jpg,70,421.52,337.81,442.2,399.87,medium
cam11__frame_00008.jpg,71,432.38,352.81,449.18,405.82,high
cam11__frame_00008.jpg,72,435.8,370.65,452.63,434.73,medium
cam11__frame_00008.jpg,73,448.6,395.48,485.88,453.56,low
cam11__frame_00008.jpg,74,474.66,385.46,500.7,420.71,high
cam11__frame_00008.jpg,75,496.7,411.9,515.12,445.14,high
cam11__frame_00008.jpg,76,468.25,426.32,508.71,483.19,medium
cam11__frame_00008.jpg,77,491.89,455.96,515.92,523.65,medium
cam11__frame_00008.jpg,78,513.9,483.59,533.94,548.08,medium
cam11__frame_00008.jpg,79,533.54,499.62,547.96,558.09,high
cam11__frame_00008.jpg,80,570.2,555.57,602.6,628.32,low
cam11__frame_00008.jpg,81,343.6,232.86,351.64,251.63,medium
cam11__frame_00008.jpg,82,381.49,252.75,388.07,288.06,high
cam11__frame_00008.jpg,83,393.24,289.2,419.59,304.5,high
cam11__frame_00008.jpg,84,393.14,276.19,419.0,293.93,high
cam11__frame_00008.jpg,85,410.22,261.71,437.92,280.06,high
cam11__frame_00008.jpg,86,424.07,277.0,447.95,290.14,medium
cam11__frame_00008.jpg,87,418.88,289.44,443.8,303.98,medium
cam11__frame_00008.jpg,88,411.95,301.56,428.92,319.56,high
cam11__frame_00008.jpg,89,442.42,288.06,458.34,309.52,medium
cam11__frame_00008.jpg,90,428.57,306.75,449.34,339.64,medium
cam11__frame_00008.jpg,91,447.61,316.41,459.38,328.53,high
cam11__frame_00008.jpg,92,447.95,326.1,457.99,353.8,high
cam11__frame_00008.jpg,93,461.81,304.16,483.03,359.83,high
cam11__frame_00008.jpg,94,471.02,341.81,497.05,381.06,medium
cam11__frame_00008.jpg,95,494.65,355.83,508.67,399.88,high
cam11__frame_00008.jpg,96,508.67,375.05,523.49,417.91,high
cam11__frame_00008.jpg,97,524.84,376.91,566.55,452.0,low
cam11__frame_00008.jpg,98,557.74,364.86,573.5,384.79,high
cam11__frame_00008.jpg,99,561.91,406.11,612.0,488.6,low
cam11__frame_00008.jpg,100,592.04,387.57,623.5,438.55,high
cam11__frame_00008.jpg,101,614.28,430.21,626.33,466.36,high
cam11__frame_00008.jpg,102,606.87,468.67,619.38,497.4,medium
cam11__frame_00008.jpg,103,610.57,484.89,620.31,506.67,high
cam11__frame_00008.jpg,104,339.08,174.34,355.35,214.15,high
cam11__frame_00008.jpg,105,354.66,175.38,370.24,220.04,high
cam11__frame_00008.jpg,106,369.2,203.1,394.8,231.46,medium
cam11__frame_00008.jpg,107,371.28,176.76,412.13,202.38,low
cam11__frame_00008.jpg,108,395.51,203.07,412.47,238.73,high
cam11__frame_00008.jpg,109,419.05,179.88,429.78,249.46,high
cam11__frame_00008.jpg,110,429.36,186.76,446.19,258.46,medium
cam11__frame_00008.jpg,111,440.18,189.16,457.8,230.02,medium
cam11__frame_00008.jpg,112,447.39,232.02,464.61,264.06,medium
cam11__frame_00008.jpg,113,463.89,234.14,471.5,270.19,high
cam11__frame_00008.jpg,114,465.89,195.29,474.3,234.54,high
cam11__frame_00008.jpg,115,454.6,137.9,501.86,182.36,low
cam11__frame_00008.jpg,116,471.9,238.55,498.73,280.21,medium
cam11__frame_00008.jpg,117,474.3,185.28,507.95,240.55,medium
cam11__frame_00008.jpg,118,495.93,241.75,515.96,290.62,high
cam11__frame_00008.jpg,119,508.75,189.69,531.98,250.57,medium
cam11__frame_00008.jpg,120,515.96,253.77,536.38,304.24,high
cam11__frame_00008.jpg,121,528.77,192.09,587.65,268.59,medium
cam11__frame_00008.jpg,122,539.99,266.19,560.42,317.45,high
cam11__frame_00008.jpg,123,560.42,269.39,585.65,334.28,high
cam11__frame_00008.jpg,124,584.33,298.39,627.76,359.19,medium
cam11__frame_00008.jpg,125,576.95,254.44,640.0,314.44,medium
cam11__frame_00008.jpg,126,590.53,205.33,640.0,265.51,medium
cam11__frame_00008.jpg,127,579.46,156.89,640.0,206.57,medium
cam11__frame_00008.jpg,128,593.01,104.2,640.0,163.76,medium
cam11__frame_00008.jpg,129,8.74,124.09,32.48,161.5,low
cam11__frame_00008.jpg,130,57.3,143.16,64.13,158.62,high
cam11__frame_00008.jpg,131,69.38,123.82,79.91,142.39,medium
cam11__frame_00008.jpg,132,69.38,141.39,80.42,158.45,medium
cam11__frame_00008.jpg,133,79.61,132.09,88.29,139.2,high
cam11__frame_00008.jpg,134,80.38,138.88,89.41,154.93,medium
cam11__frame_00008.jpg,135,88.46,131.22,97.31,138.33,high
cam11__frame_00008.jpg,136,89.38,138.55,96.92,154.07,medium
cam11__frame_00008.jpg,137,127.08,150.92,137.62,159.95,high
cam11__frame_00008.jpg,138,142.14,148.91,150.67,161.96,high
cam11__frame_00008.jpg,139,153.18,149.92,165.22,164.47,high
cam11__frame_00008.jpg,140,1.95,236.1,23.76,324.03,medium
cam11__frame_00008.jpg,141,23.76,225.71,38.3,305.68,medium
cam11__frame_00008.jpg,142,38.3,221.9,46.6,298.41,high
cam11__frame_00008.jpg,143,47.7,270.14,55.57,283.12,high
cam11__frame_00008.jpg,144,70.26,226.02,76.75,247.8,high
cam11__frame_00008.jpg,145,71.1,202.99,76.2,227.09,high
cam11__frame_00008.jpg,146,77.22,185.24,87.87,216.29,medium
cam11__frame_00008.jpg,147,77.22,215.36,87.41,244.1,medium
cam11__frame_00008.jpg,148,88.8,184.31,99.46,212.12,medium
cam11__frame_00008.jpg,149,88.34,213.51,95.29,239.0,medium
cam11__frame_00008.jpg,150,95.29,211.19,102.24,233.9,medium
cam11__frame_00008.jpg,151,99.0,183.85,106.41,210.73,medium
cam11__frame_00008.jpg,152,102.2,211.19,108.26,231.58,high
cam11__frame_00008.jpg,153,110.1,180.64,115.3,225.2,medium
cam11__frame_00008.jpg,154,116.09,176.89,122.09,199.38,medium
cam11__frame_00008.jpg,155,114.59,198.63,123.59,222.25,medium
cam11__frame_00008.jpg,156,123.97,196.39,129.22,220.75,high
cam11__frame_00008.jpg,157,128.84,181.39,136.71,217.38,high
cam11__frame_00008.jpg,158,136.71,191.89,142.71,213.63,high
cam11__frame_00008.jpg,159,141.58,177.27,151.7,211.0,medium
cam11__frame_00008.jpg,160,150.95,170.15,162.57,208.75,medium
cam11__frame_00008.jpg,161,163.32,179.52,171.95,203.51,medium
cam11__frame_00008.jpg,162,172.7,178.77,179.44,200.51,medium
cam11__frame_00008.jpg,163,191.27,222.4,199.68,235.67,high
cam11__frame_00008.jpg,164,179.08,217.82,191.59,247.94,high
cam11__frame_00008.jpg,165,172.13,216.16,179.74,238.66,high
cam11__frame_00008.jpg,166,161.12,220.18,168.6,244.72,high
cam11__frame_00008.jpg,167,154.84,223.17,161.42,253.39,high
cam11__frame_00008.jpg,168,144.97,227.66,153.94,259.38,high
cam11__frame_00008.jpg,169,139.58,220.48,152.15,230.65,high
cam11__frame_00008.jpg,170,135.09,232.45,144.97,268.35,high
cam11__frame_00008.jpg,171,130.9,249.5,135.39,276.13,high
cam11__frame_00008.jpg,172,125.52,241.13,130.9,280.62,high
cam11__frame_00008.jpg,173,107.94,242.1,125.09,296.32,medium
cam11__frame_00008.jpg,174,101.92,252.3,107.94,301.42,medium
cam11__frame_00008.jpg,175,89.9,249.05,103.31,314.4,medium
cam11__frame_00008.jpg,176,72.26,259.25,90.33,340.35,medium
cam11__frame_00008.jpg,177,15.43,318.21,34.86,333.76,low
cam11__frame_00008.jpg,178,18.32,330.48,28.25,336.88,medium
cam11__frame_00008.jpg,179,19.25,334.73,29.19,341.14,medium
cam11__frame_00008.jpg,180,20.42,339.07,30.36,345.48,medium
cam11__frame_00008.jpg,181,20.64,343.11,30.57,349.52,medium
cam11__frame_00008.jpg,182,20.2,347.36,30.12,353.76,medium
cam11__frame_00008.jpg,183,20.87,351.61,30.79,358.01,medium
cam11__frame_00008.jpg,184,20.64,356.08,30.57,362.48,medium
cam11__frame_00008.jpg,185,20.64,360.55,30.57,366.95,medium
cam11__frame_00008.jpg,186,20.86,365.46,30.8,371.87,medium
cam11__frame_00008.jpg,187,20.87,370.38,30.79,376.78,medium
cam11__frame_00008.jpg,188,20.64,374.85,30.57,381.25,medium
cam11__frame_00008.jpg,189,21.54,379.54,31.46,385.94,medium
cam11__frame_00008.jpg,190,21.98,384.46,31.91,390.86,medium
cam11__frame_00008.jpg,191,27.82,456.55,42.68,470.17,medium
cam11__frame_00008.jpg,192,20.41,465.46,41.39,479.38,medium
cam11__frame_00008.jpg,193,22.18,474.03,41.88,489.08,medium
cam11__frame_00008.jpg,194,13.47,478.55,38.33,498.74,medium
cam11__frame_00008.jpg,195,9.23,487.17,29.89,503.0,medium
cam11__frame_00008.jpg,196,1.46,496.54,13.66,512.13,low
cam11__frame_00008.jpg,197,8.96,500.04,31.09,519.23,medium
cam11__frame_00008.jpg,198,38.92,486.48,43.93,492.82,high
cam11__frame_00008.jpg,199,39.14,490.42,54.66,505.3,medium
cam11__frame_00008.jpg,200,33.42,499.2,49.67,515.46,medium
cam11__frame_00008.jpg,201,26.7,510.34,38.54,522.61,low
cam11__frame_00008.jpg,202,20.07,518.48,32.54,531.51,low
cam11__frame_00008.jpg,203,47.59,504.14,59.8,513.39,high
cam11__frame_00008.jpg,204,36.23,514.44,55.31,527.8,medium
cam11__frame_00008.jpg,205,35.02,527.97,43.36,533.53,medium
cam11__frame_00008.jpg,206,32.2,533.4,41.24,544.18,low
cam11__frame_00008.jpg,207,31.29,544.41,40.47,552.63,low
cam11__frame_00008.jpg,208,31.55,552.6,40.52,563.07,low
cam11__frame_00008.jpg,209,40.64,541.01,47.98,548.04,medium
cam11__frame_00008.jpg,210,41.85,532.2,46.02,540.73,medium
cam11__frame_00008.jpg,211,51.05,531.88,74.09,590.2,high
cam11__frame_00008.jpg,212,36.6,586.0,53.56,606.74,high
cam11__frame_00008.jpg,213,0.48,514.4,30.08,639.83,medium
cam11__frame_00008.jpg,214,86.46,459.9,117.32,502.94,high
cam11__frame_00008.jpg,215,91.3,449.31,96.99,475.97,high
cam11__frame_00008.jpg,216,94.67,439.0,99.58,447.79,high
cam11__frame_00008.jpg,217,94.15,422.45,108.11,434.86,medium
cam11__frame_00008.jpg,218,94.16,413.19,103.99,422.58,high
cam11__frame_00008.jpg,219,103.77,415.65,114.5,424.36,high
cam11__frame_00008.jpg,220,99.97,395.76,122.54,404.7,high
cam11__frame_00008.jpg,221,137.92,399.66,145.19,411.43,medium
cam11__frame_00008.jpg,222,111.14,372.07,118.52,384.14,high
cam11__frame_00008.jpg,223,116.28,368.72,131.04,397.77,medium
cam11__frame_00008.jpg,224,117.4,361.34,128.58,368.94,high
cam11__frame_00008.jpg,225,122.54,354.19,136.4,364.25,high
cam11__frame_00008.jpg,226,136.4,360.0,144.22,368.49,high
cam11__frame_00008.jpg,227,136.62,350.17,144.67,359.33,high
cam11__frame_00008.jpg,228,136.18,338.99,145.79,349.94,high
cam11__frame_00008.jpg,229,145.53,317.62,158.98,354.59,medium
cam11__frame_00008.jpg,230,180.92,258.6,195.11,279.37,high
cam11__frame_00008.jpg,231,160.6,357.71,180.71,399.45,medium
cam11__frame_00008.jpg,232,152.37,423.15,174.02,435.52,low
cam11__frame_00008.jpg,233,42.42,368.58,53.84,404.93,high
cam11__frame_00008.jpg,234,53.87,344.53,84.71,389.79,high
cam11__frame_00009.jpg,0,211.28,458.26,278.29,548.84,medium
cam11__frame_00009.jpg,1,343.6,232.86,351.64,251.63,medium
cam11__frame_00009.jpg,2,381.49,252.75,388.07,288.06,high
cam11__frame_00009.jpg,3,393.24,289.2,419.59,304.5,high
cam11__frame_00009.jpg,4,393.14,276.19,419.0,293.93,high
cam11__frame_00009.jpg,5,410.22,261.71,437.92,280.06,high
cam11__frame_00009.jpg,6,424.07,277.0,447.95,290.14,medium
cam11__frame_00009.jpg,7,418.88,289.44,443.8,303.98,medium
cam11__frame_00009.jpg,8,411.95,301.56,428.92,319.56,high
cam11__frame_00009.jpg,9,442.42,288.06,458.34,309.52,medium
cam11__frame_00009.jpg,10,428.57,306.75,449.34,339.64,medium
cam11__frame_00009.jpg,11,447.61,316.41,459.38,328.53,high
cam11__frame_00009.jpg,12,447.95,326.1,457.99,353.8,high
cam11__frame_00009.jpg,13,461.81,304.16,483.03,359.83,high
cam11__frame_00009.jpg,14,471.02,341.81,497.05,381.06,medium
cam11__frame_00009.jpg,15,494.65,355.83,508.67,399.88,high
cam11__frame_00009.jpg,16,508.67,375.05,523.49,417.91,high
cam11__frame_00009.jpg,17,524.84,376.91,566.55,452.0,low
cam11__frame_00009.jpg,18,557.74,364.86,573.5,384.79,high
cam11__frame_00009.jpg,19,561.91,406.11,612.0,488.6,low
cam11__frame_00009.jpg,20,592.04,387.57,623.5,438.55,high
cam11__frame_00009.jpg,21,614.28,430.21,626.33,466.36,high
cam11__frame_00009.jpg,22,606.87,468.67,619.38,497.4,medium
cam11__frame_00009.jpg,23,610.57,484.89,620.31,506.67,high
cam11__frame_00009.jpg,24,339.08,174.34,355.35,214.15,high
cam11__frame_00009.jpg,25,354.66,175.38,370.24,220.04,high
cam11__frame_00009.jpg,26,369.2,203.1,394.8,231.46,medium
cam11__frame_00009.jpg,27,371.28,176.76,412.13,202.38,low
cam11__frame_00009.jpg,28,395.51,203.07,412.47,238.73,high
cam11__frame_00009.jpg,29,419.05,179.88,429.78,249.46,high
cam11__frame_00009.jpg,30,429.36,186.76,446.19,258.46,medium
cam11__frame_00009.jpg,31,440.18,189.16,457.8,230.02,medium
cam11__frame_00009.jpg,32,447.39,232.02,464.61,264.06,medium
cam11__frame_00009.jpg,33,463.89,234.14,471.5,270.19,high
cam11__frame_00009.jpg,34,465.89,195.29,474.3,234.54,high
cam11__frame_00009.jpg,35,454.6,137.9,501.86,182.36,low
cam11__frame_00009.jpg,36,471.9,238.55,498.73,280.21,medium
cam11__frame_00009.jpg,37,474.3,185.28,507.95,240.55,medium
cam11__frame_00009.jpg,38,495.93,241.75,515.96,290.62,high
cam11__frame_00009.jpg,39,508.75,189.69,531.98,250.57,medium
cam11__frame_00009.jpg,40,515.96,253.77,536.38,304.24,high
cam11__frame_00009.jpg,41,528.77,192.09,587.65,268.59,medium
cam11__frame_00009.jpg,42,539.99,266.19,560.42,317.45,high
cam11__frame_00009.jpg,43,560.42,269.39,585.65,334.28,high
cam11__frame_00009.jpg,44,584.33,298.39,627.76,359.19,medium
cam11__frame_00009.jpg,45,576.95,254.44,640.0,314.44,medium
cam11__frame_00009.jpg,46,590.53,205.33,640.0,265.51,medium
cam11__frame_00009.jpg,47,579.46,156.89,640.0,206.57,medium
cam11__frame_00009.jpg,48,593.01,104.2,640.0,163.76,medium
cam11__frame_00009.jpg,49,172.37,255.22,175.4,276.16,high
cam11__frame_00009.jpg,50,167.75,262.04,172.0,279.92,high
cam11__frame_00009.jpg,51,160.6,263.61,167.75,288.86,high
cam11__frame_00009.jpg,52,150.77,268.22,160.46,282.76,medium
cam11__frame_00009.jpg,53,145.5,281.81,163.46,312.03,medium
cam11__frame_00009.jpg,54,135.63,303.95,141.91,326.69,high
cam11__frame_00009.jpg,55,123.66,292.88,135.93,321.31,high
cam11__frame_00009.jpg,56,119.47,318.0,129.6,348.83,high
cam11__frame_00009.jpg,57,110.5,323.7,119.77,359.6,high
cam11__frame_00009.jpg,58,86.86,348.83,112.29,367.08,high
cam11__frame_00009.jpg,59,53.87,344.53,84.71,389.79,high
cam11__frame_00009.jpg,60,42.42,368.58,53.84,404.93,high
cam11__frame_00009.jpg,61,152.37,423.15,174.02,435.52,low
cam11__frame_00009.jpg,62,160.6,357.71,180.71,399.45,medium
cam11__frame_00009.jpg,63,180.92,258.6,195.11,279.37,high
cam11__frame_00009.jpg,64,145.53,317.62,158.98,354.59,medium
cam11__frame_00009.jpg,65,136.18,338.99,145.79,349.94,high
cam11__frame_00009.jpg,66,136.62,350.17,144.67,359.33,high
cam11__frame_00009.jpg,67,136.4,360.0,144.22,368.49,high
cam11__frame_00009.jpg,68,122.54,354.19,136.4,364.25,high
cam11__frame_00009.jpg,69,117.4,361.34,128.58,368.94,high
cam11__frame_00009.jpg,70,116.28,368.72,131.04,397.77,medium
cam11__frame_00009.jpg,71,111.14,372.07,118.52,384.14,high
cam11__frame_00009.jpg,72,137.92,399.66,145.19,411.43,medium
cam11__frame_00009.jpg,73,99.97,395.76,122.54,404.7,high
cam11__frame_00009.jpg,74,103.77,415.65,114.5,424.36,high
cam11__frame_00009.jpg,75,94.16,413.19,103.99,422.58,high
cam11__frame_00009.jpg,76,94.15,422.45,108.11,434.86,medium
cam11__frame_00009.jpg,77,94.67,439.0,99.58,447.79,high
cam11__frame_00009.jpg,78,91.3,449.31,96.99,475.97,high
cam11__frame_00009.jpg,79,86.46,459.9,117.32,502.94,high
cam11__frame_00009.jpg,80,0.48,514.4,30.08,639.83,medium
cam11__frame_00009.jpg,81,36.6,586.0,53.56,606.74,high
cam11__frame_00009.jpg,82,51.05,531.88,74.09,590.2,high
cam11__frame_00009.jpg,83,41.85,532.2,46.02,540.73,medium
cam11__frame_00009.jpg,84,40.64,541.01,47.98,548.04,medium
cam11__frame_00009.jpg,85,31.55,552.6,40.52,563.07,low
cam11__frame_00009.jpg,86,31.29,544.41,40.47,552.63,low
cam11__frame_00009.jpg,87,32.2,533.4,41.24,544.18,low
cam11__frame_00009.jpg,88,35.02,527.97,43.36,533.53,medium
cam11__frame_00009.jpg,89,36.23,514.44,55.31,527.8,medium
cam11__frame_00009.jpg,90,47.59,504.14,59.8,513.39,high
cam11__frame_00009.jpg,91,20.07,518.48,32.54,531.51,low
cam11__frame_00009.jpg,92,26.7,510.34,38.54,522.61,low
cam11__frame_00009.jpg,93,8.74,124.09,32.48,161.5,low
cam11__frame_00009.jpg,94,57.3,143.16,64.13,158.62,high
cam11__frame_00009.jpg,95,69.38,123.82,79.91,142.39,medium
cam11__frame_00009.jpg,96,69.38,141.39,80.42,158.45,medium
cam11__frame_00009.jpg,97,79.61,132.09,88.29,139.2,high
cam11__frame_00009.jpg,98,80.38,138.88,89.41,154.93,medium
cam11__frame_00009.jpg,99,88.46,131.22,97.31,138.33,high
cam11__frame_00009.jpg,100,89.38,138.55,96.92,154.07,medium
cam11__frame_00009.jpg,101,127.08,150.92,137.62,159.95,high
cam11__frame_00009.jpg,102,142.14,148.91,150.67,161.96,high
cam11__frame_00009.jpg,103,153.18,149.92,165.22,164.47,high
cam11__frame_00009.jpg,104,1.95,236.1,23.76,324.03,medium
cam11__frame_00009.jpg,105,23.76,225.71,38.3,305.68,medium
cam11__frame_00009.jpg,106,38.3,221.9,46.6,298.41,high
cam11__frame_00009.jpg,107,47.7,270.14,55.57,283.12,high
cam11__frame_00009.jpg,108,70.26,226.02,76.75,247.8,high
cam11__frame_00009.jpg,109,71.1,202.99,76.2,227.09,high
cam11__frame_00009.jpg,110,77.22,185.24,87.87,216.29,medium
cam11__frame_00009.jpg,111,77.22,215.36,87.41,244.1,medium
cam11__frame_00009.jpg,112,88.8,184.31,99.46,212.12,medium
cam11__frame_00009.jpg,113,88.34,213.51,95.29,239.0,medium
cam11__frame_00009.jpg,114,95.29,211.19,102.24,233.9,medium
cam11__frame_00009.jpg,115,99.0,183.85,106.41,210.73,medium
cam11__frame_00009.jpg,116,102.2,211.19,108.26,231.58,high
cam11__frame_00009.jpg,117,110.1,180.64,115.3,225.2,medium
cam11__frame_00009.jpg,118,116.09,176.89,122.09,199.38,medium
cam11__frame_00009.jpg,119,114.59,198.63,123.59,222.25,medium
cam11__frame_00009.jpg,120,123.97,196.39,129.22,220.75,high
cam11__frame_00009.jpg,121,128.84,181.39,136.71,217.38,high
cam11__frame_00009.jpg,122,136.71,191.89,142.71,213.63,high
cam11__frame_00009.jpg,123,141.58,177.27,151.7,211.0,medium
cam11__frame_00009.jpg,124,150.95,170.15,162.57,208.75,medium
cam11__frame_00009.jpg,125,163.32,179.52,171.95,203.51,medium
cam11__frame_00009.jpg,126,172.7,178.77,179.44,200.51,medium
cam11__frame_00009.jpg,127,191.27,222.4,199.68,235.67,high
cam11__frame_00009.jpg,128,179.08,217.82,191.59,247.94,high
cam11__frame_00009.jpg,129,172.13,216.16,179.74,238.66,high
cam11__frame_00009.jpg,130,161.12,220.18,168.6,244.72,high
cam11__frame_00009.jpg,131,154.84,223.17,161.42,253.39,high
cam11__frame_00009.jpg,132,144.97,227.66,153.94,259.38,high
cam11__frame_00009.jpg,133,139.58,220.48,152.15,230.65,high
cam11__frame_00009.jpg,134,135.09,232.45,144.97,268.35,high
cam11__frame_00009.jpg,135,130.9,249.5,135.39,276.13,high
cam11__frame_00009.jpg,136,125.52,241.13,130.9,280.62,high
cam11__frame_00009.jpg,137,107.94,242.1,125.09,296.32,medium
cam11__frame_00009.jpg,138,101.92,252.3,107.94,301.42,medium
cam11__frame_00009.jpg,139,89.9,249.05,103.31,314.4,medium
cam11__frame_00009.jpg,140,72.26,259.25,90.33,340.35,medium
cam11__frame_00009.jpg,141,15.43,318.21,34.86,333.76,low
cam11__frame_00009.jpg,142,18.32,330.48,28.25,336.88,medium
cam11__frame_00009.jpg,143,19.25,334.73,29.19,341.14,medium
cam11__frame_00009.jpg,144,20.42,339.07,30.36,345.48,medium
cam11__frame_00009.jpg,145,20.64,343.11,30.57,349.52,medium
cam11__frame_00009.jpg,146,20.2,347.36,30.12,353.76,medium
cam11__frame_00009.jpg,147,20.87,351.61,30.79,358.01,medium
cam11__frame_00009.jpg,148,20.64,356.08,30.57,362.48,medium
cam11__frame_00009.jpg,149,20.64,360.55,30.57,366.95,medium
cam11__frame_00009.jpg,150,20.86,365.46,30.8,371.87,medium
cam11__frame_00009.jpg,151,20.87,370.38,30.79,376.78,medium
cam11__frame_00009.jpg,152,20.64,374.85,30.57,381.25,medium
cam11__frame_00009.jpg,153,21.54,379.54,31.46,385.94,medium
cam11__frame_00009.jpg,154,21.98,384.46,31.91,390.86,medium
cam11__frame_00009.jpg,155,27.82,456.55,42.68,470.17,medium
cam11__frame_00009.jpg,156,20.41,465.46,41.39,479.38,medium
cam11__frame_00009.jpg,157,22.18,474.03,41.88,489.08,medium
cam11__frame_00009.jpg,158,13.47,478.55,38.33,498.74,medium
cam11__frame_00009.jpg,159,9.23,487.17,29.89,503.0,medium
cam11__frame_00009.jpg,160,1.46,496.54,13.66,512.13,low
cam11__frame_00009.jpg,161,221.45,257.28,234.77,279.87,medium
cam11__frame_00009.jpg,162,203.39,268.93,221.69,288.19,medium
cam11__frame_00009.jpg,163,278.74,239.65,308.81,262.82,high
cam11__frame_00009.jpg,164,280.79,262.69,313.46,268.85,high
cam11__frame_00009.jpg,165,281.62,268.85,316.34,275.02,high
cam11__frame_00009.jpg,166,283.48,274.34,319.44,285.16,high
cam11__frame_00009.jpg,167,280.29,279.43,320.4,330.36,low
cam11__frame_00009.jpg,168,224.76,274.42,271.61,311.62,medium
cam11__frame_00009.jpg,169,224.61,311.89,277.08,348.74,medium
cam11__frame_00009.jpg,170,188.56,289.06,224.21,339.12,medium
cam11__frame_00009.jpg,171,180.55,337.12,223.01,378.78,medium
cam11__frame_00009.jpg,172,223.81,349.14,282.29,402.81,medium
cam11__frame_00009.jpg,173,183.6,378.54,218.38,398.46,medium
cam11__frame_00009.jpg,174,176.86,394.1,217.26,425.07,medium
cam11__frame_00009.jpg,175,169.04,414.65,214.41,455.03,medium
cam11__frame_00009.jpg,176,264.44,423.34,275.33,452.38,high
cam11__frame_00009.jpg,177,225.55,566.21,294.42,640.0,high
cam11__frame_00009.jpg,178,293.5,344.33,326.35,396.8,medium
cam11__frame_00009.jpg,179,275.1,382.1,385.04,508.32,low
cam11__frame_00009.jpg,180,286.33,498.95,386.22,567.37,medium
cam11__frame_00009.jpg,181,294.06,565.0,388.96,622.37,medium
cam11__frame_00009.jpg,182,308.33,599.05,394.72,640.0,medium
cam11__frame_00009.jpg,183,259.46,401.49,283.56,422.34,medium
cam11__frame_00009.jpg,184,224.73,430.3,240.33,461.4,medium
cam11__frame_00009.jpg,185,245.16,423.87,266.6,456.58,low
cam11__frame_00009.jpg,186,162.89,445.86,207.56,485.56,medium
cam11__frame_00009.jpg,187,151.1,479.98,210.04,535.19,medium
cam11__frame_00009.jpg,188,94.85,515.76,223.88,640.0,low
cam11__frame_00009.jpg,189,385.06,474.43,430.3,639.71,medium
cam11__frame_00009.jpg,190,329.49,316.54,353.16,358.6,medium
cam11__frame_00009.jpg,191,352.34,327.96,357.3,347.34,high
cam11__frame_00009.jpg,192,357.56,341.29,366.06,349.34,high
cam11__frame_00009.jpg,193,357.24,329.61,365.96,340.7,high
cam11__frame_00009.jpg,194,366.73,341.29,377.9,353.81,high
cam11__frame_00009.jpg,195,368.96,364.34,377.01,380.87,high
cam11__frame_00009.jpg,196,373.88,355.4,385.72,384.67,medium
cam11__frame_00009.jpg,197,396.23,412.59,432.88,443.43,medium
cam11__frame_00009.jpg,198,407.7,430.8,435.18,470.85,medium
cam11__frame_00009.jpg,199,431.83,434.64,446.58,467.05,medium
cam11__frame_00009.jpg,200,427.47,463.85,446.47,507.88,medium
cam11__frame_00009.jpg,201,450.25,507.2,473.84,535.08,low
cam11__frame_00009.jpg,202,469.02,529.18,501.73,564.03,medium
cam11__frame_00009.jpg,203,516.3,593.45,544.19,638.12,low
cam11__frame_00009.jpg,204,343.35,277.9,350.59,295.48,high
cam11__frame_00009.jpg,205,350.62,287.79,359.57,309.21,high
cam11__frame_00009.jpg,206,352.14,274.02,367.65,288.5,high
cam11__frame_00009.jpg,207,359.84,291.59,368.79,315.71,high
cam11__frame_00009.jpg,208,362.55,310.56,368.79,322.76,high
cam11__frame_00009.jpg,209,369.8,313.8,376.35,326.82,low
cam11__frame_00009.jpg,210,378.82,325.22,387.72,343.49,low
cam11__frame_00009.jpg,211,396.7,308.7,405.35,324.66,high
cam11__frame_00009.jpg,212,387.64,331.86,393.33,340.14,medium
cam11__frame_00009.jpg,213,388.16,339.36,392.04,355.91,high
cam11__frame_00009.jpg,214,392.04,330.05,405.74,355.65,medium
cam11__frame_00009.jpg,215,397.47,343.5,405.74,356.95,high
cam11__frame_00009.jpg,216,396.95,356.17,406.26,367.55,high
cam11__frame_00009.jpg,217,402.64,347.64,407.81,358.76,high
cam11__frame_00009.jpg,218,401.86,358.76,408.33,370.39,high
cam11__frame_00009.jpg,219,411.17,328.5,424.1,384.33,medium
cam11__frame_00009.jpg,220,421.52,337.81,442.2,399.87,medium
cam11__frame_00009.jpg,221,432.38,352.81,449.18,405.82,high
cam11__frame_00009.jpg,222,435.8,370.65,452.63,434.73,medium
cam11__frame_00009.jpg,223,448.6,395.48,485.88,453.56,low
cam11__frame_00009.jpg,224,474.66,385.46,500.7,420.71,high
cam11__frame_00009.jpg,225,496.7,411.9,515.12,445.14,high
cam11__frame_00009.jpg,226,468.25,426.32,508.71,483.19,medium
cam11__frame_00009.jpg,227,491.89,455.96,515.92,523.65,medium
cam11__frame_00009.jpg,228,513.9,483.59,533.94,548.08,medium
cam11__frame_00009.jpg,229,533.54,499.62,547.96,558.09,high
cam11__frame_00009.jpg,230,570.2,555.57,602.6,628.32,low
cam11__frame_00009.jpg,231,33.42,499.2,49.67,515.46,medium
cam11__frame_00009.jpg,232,39.14,490.42,54.66,505.3,medium
cam11__frame_00009.jpg,233,38.92,486.48,43.93,492.82,high
cam11__frame_00009.jpg,234,8.96,500.04,31.09,519.23,medium
cam11__frame_00010.jpg,0,387.64,331.86,393.33,340.14,medium
cam11__frame_00010.jpg,1,142.14,148.91,150.67,161.96,high
cam11__frame_00010.jpg,2,127.08,150.92,137.62,159.95,high
cam11__frame_00010.jpg,3,89.38,138.55,96.92,154.07,medium
cam11__frame_00010.jpg,4,88.46,131.22,97.31,138.33,high
cam11__frame_00010.jpg,5,80.38,138.88,89.41,154.93,medium
cam11__frame_00010.jpg,6,79.61,132.09,88.29,139.2,high
cam11__frame_00010.jpg,7,69.38,141.39,80.42,158.45,medium
cam11__frame_00010.jpg,8,69.38,123.82,79.91,142.39,medium
cam11__frame_00010.jpg,9,57.3,143.16,64.13,158.62,high
cam11__frame_00010.jpg,10,8.74,124.09,32.48,161.5,low
cam11__frame_00010.jpg,11,172.37,255.22,175.4,276.16,high
cam11__frame_00010.jpg,12,167.75,262.04,172.0,279.92,high
cam11__frame_00010.jpg,13,160.6,263.61,167.75,288.86,high
cam11__frame_00010.jpg,14,150.77,268.22,160.46,282.76,medium
cam11__frame_00010.jpg,15,145.5,281.81,163.46,312.03,medium
cam11__frame_00010.jpg,16,135.63,303.95,141.91,326.69,high
cam11__frame_00010.jpg,17,123.66,292.88,135.93,321.31,high
cam11__frame_00010.jpg,18,119.47,318.0,129.6,348.83,high
cam11__frame_00010.jpg,19,110.5,323.7,119.77,359.6,high
cam11__frame_00010.jpg,20,86.86,348.83,112.29,367.08,high
cam11__frame_00010.jpg,21,53.87,344.53,84.71,389.79,high
cam11__frame_00010.jpg,22,42.42,368.58,53.84,404.93,high
cam11__frame_00010.jpg,23,152.37,423.15,174.02,435.52,low
cam11__frame_00010.jpg,24,160.6,357.71,180.71,399.45,medium
cam11__frame_00010.jpg,25,180.92,258.6,195.11,279.37,high
cam11__frame_00010.jpg,26,145.53,317.62,158.98,354.59,medium
cam11__frame_00010.jpg,27,136.18,338.99,145.79,349.94,high
cam11__frame_00010.jpg,28,136.62,350.17,144.67,359.33,high
cam11__frame_00010.jpg,29,136.4,360.0,144.22,368.49,high
cam11__frame_00010.jpg,30,122.54,354.19,136.4,364.25,high
cam11__frame_00010.jpg,31,117.4,361.34,128.58,368.94,high
cam11__frame_00010.jpg,32,116.28,368.72,131.04,397.77,medium
cam11__frame_00010.jpg,33,111.14,372.07,118.52,384.14,high
cam11__frame_00010.jpg,34,137.92,399.66,145.19,411.43,medium
cam11__frame_00010.jpg,35,99.97,395.76,122.54,404.7,high
cam11__frame_00010.jpg,36,103.77,415.65,114.5,424.36,high
cam11__frame_00010.jpg,37,94.16,413.19,103.99,422.58,high
cam11__frame_00010.jpg,38,94.15,422.45,108.11,434.86,medium
cam11__frame_00010.jpg,39,94.67,439.0,99.58,447.79,high
cam11__frame_00010.jpg,40,91.3,449.31,96.99,475.97,high
cam11__frame_00010.jpg,41,86.46,459.9,117.32,502.94,high
cam11__frame_00010.jpg,42,0.48,514.4,30.08,639.83,medium
cam11__frame_00010.jpg,43,36.6,586.0,53.56,606.74,high
cam11__frame_00010.jpg,44,51.05,531.88,74.09,590.2,high
cam11__frame_00010.jpg,45,41.85,532.2,46.02,540.73,medium
cam11__frame_00010.jpg,46,40.64,541.01,47.98,548.04,medium
cam11__frame_00010.jpg,47,31.55,552.6,40.52,563.07,low
cam11__frame_00010.jpg,48,31.29,544.41,40.47,552.63,low
cam11__frame_00010.jpg,49,32.2,533.4,41.24,544.18,low
cam11__frame_00010.jpg,50,35.02,527.97,43.36,533.53,medium
cam11__frame_00010.jpg,51,36.23,514.44,55.31,527.8,medium
cam11__frame_00010.jpg,52,47.59,504.14,59.8,513.39,high
cam11__frame_00010.jpg,53,20.07,518.48,32.54,531.51,low
cam11__frame_00010.jpg,54,26.7,510.34,38.54,522.61,low
cam11__frame_00010.jpg,55,33.42,499.2,49.67,515.46,medium
cam11__frame_00010.jpg,56,39.14,490.42,54.66,505.3,medium
cam11__frame_00010.jpg,57,38.92,486.48,43.93,492.82,high
cam11__frame_00010.jpg,58,8.96,500.04,31.09,519.23,medium
cam11__frame_00010.jpg,59,221.45,257.28,234.77,279.87,medium
cam11__frame_00010.jpg,60,203.39,268.93,221.69,288.19,medium
cam11__frame_00010.jpg,61,278.74,239.65,308.81,262.82,high
cam11__frame_00010.jpg,62,280.79,262.69,313.46,268.85,high
cam11__frame_00010.jpg,63,281.62,268.85,316.34,275.02,high
cam11__frame_00010.jpg,64,283.48,274.34,319.44,285.16,high
cam11__frame_00010.jpg,65,280.29,279.43,320.4,330.36,low
cam11__frame_00010.jpg,66,224.76,274.42,271.61,311.62,medium
cam11__frame_00010.jpg,67,224.61,311.89,277.08,348.74,medium
cam11__frame_00010.jpg,68,188.56,289.06,224.21,339.12,medium
cam11__frame_00010.jpg,69,180.55,337.12,223.01,378.78,medium
cam11__frame_00010.jpg,70,223.81,349.14,282.29,402.81,medium
cam11__frame_00010.jpg,71,183.6,378.54,218.38,398.46,medium
cam11__frame_00010.jpg,72,176.86,394.1,217.26,425.07,medium
cam11__frame_00010.jpg,73,169.04,414.65,214.41,455.03,medium
cam11__frame_00010.jpg,74,264.44,423.34,275.33,452.38,high
cam11__frame_00010.jpg,75,211.28,458.26,278.29,548.84,medium
cam11__frame_00010.jpg,76,225.55,566.21,294.42,640.0,high
cam11__frame_00010.jpg,77,293.5,344.33,326.35,396.8,medium
cam11__frame_00010.jpg,78,275.1,382.1,385.04,508.32,low
cam11__frame_00010.jpg,79,286.33,498.95,386.22,567.37,medium
cam11__frame_00010.jpg,80,294.06,565.0,388.96,622.37,medium
cam11__frame_00010.jpg,81,308.33,599.05,394.72,640.0,medium
cam11__frame_00010.jpg,82,259.46,401.49,283.56,422.34,medium
cam11__frame_00010.jpg,83,224.73,430.3,240.33,461.4,medium
cam11__frame_00010.jpg,84,245.16,423.87,266.6,456.58,low
cam11__frame_00010.jpg,85,162.89,445.86,207.56,485.56,medium
cam11__frame_00010.jpg,86,151.1,479.98,210.04,535.19,medium
cam11__frame_00010.jpg,87,99.0,514.1,228.03,638.8,low
cam11__frame_00010.jpg,88,385.06,474.43,430.3,639.71,medium
cam11__frame_00010.jpg,89,329.49,316.54,353.16,358.6,medium
cam11__frame_00010.jpg,90,352.34,327.96,357.3,347.34,high
cam11__frame_00010.jpg,91,357.56,341.29,366.06,349.34,high
cam11__frame_00010.jpg,92,357.24,329.61,365.96,340.7,high
cam11__frame_00010.jpg,93,366.73,341.29,377.9,353.81,high
cam11__frame_00010.jpg,94,368.96,364.34,377.01,380.87,high
cam11__frame_00010.jpg,95,373.88,355.4,385.72,384.67,medium
cam11__frame_00010.jpg,96,396.23,412.59,432.88,443.43,medium
cam11__frame_00010.jpg,97,407.7,430.8,435.18,470.85,medium
cam11__frame_00010.jpg,98,431.83,434.64,446.58,467.05,medium
cam11__frame_00010.jpg,99,427.47,463.85,446.47,507.88,medium
cam11__frame_00010.jpg,100,450.25,507.2,473.84,535.08,low
cam11__frame_00010.jpg,101,469.02,529.18,501.73,564.03,medium
cam11__frame_00010.jpg,102,516.3,593.45,544.19,638.12,low
cam11__frame_00010.jpg,103,343.35,277.9,350.59,295.48,high
cam11__frame_00010.jpg,104,350.62,287.79,359.57,309.21,high
cam11__frame_00010.jpg,105,343.6,232.86,351.64,251.63,medium
cam11__frame_00010.jpg,106,381.49,252.75,388.07,288.06,high
cam11__frame_00010.jpg,107,393.24,289.2,419.59,304.5,high
cam11__frame_00010.jpg,108,393.14,276.19,419.0,293.93,high
cam11__frame_00010.jpg,109,410.22,261.71,437.92,280.06,high
cam11__frame_00010.jpg,110,424.07,277.0,447.95,290.14,medium
cam11__frame_00010.jpg,111,418.88,289.44,443.8,303.98,medium
cam11__frame_00010.jpg,112,411.95,301.56,428.92,319.56,high
cam11__frame_00010.jpg,113,442.42,288.06,458.34,309.52,medium
cam11__frame_00010.jpg,114,428.57,306.75,449.34,339.64,medium
cam11__frame_00010.jpg,115,447.61,316.41,459.38,328.53,high
cam11__frame_00010.jpg,116,447.95,326.1,457.99,353.8,high
cam11__frame_00010.jpg,117,461.81,304.16,483.03,359.83,high
cam11__frame_00010.jpg,118,471.02,341.81,497.05,381.06,medium
cam11__frame_00010.jpg,119,494.65,355.83,508.67,399.88,high
cam11__frame_00010.jpg,120,508.67,375.05,523.49,417.91,high
cam11__frame_00010.jpg,121,524.84,376.91,566.55,452.0,low
cam11__frame_00010.jpg,122,557.74,364.86,573.5,384.79,high
cam11__frame_00010.jpg,123,561.91,406.11,612.0,488.6,low
cam11__frame_00010.jpg,124,592.04,387.57,623.5,438.55,high
cam11__frame_00010.jpg,125,614.28,430.21,626.33,466.36,high
cam11__frame_00010.jpg,126,606.87,468.67,619.38,497.4,medium
cam11__frame_00010.jpg,127,610.57,484.89,620.31,506.67,high
cam11__frame_00010.jpg,128,339.08,174.34,355.35,214.15,high
cam11__frame_00010.jpg,129,354.66,175.38,370.24,220.04,high
cam11__frame_00010.jpg,130,369.2,203.1,394.8,231.46,medium
cam11__frame_00010.jpg,131,371.28,176.76,412.13,202.38,low
cam11__frame_00010.jpg,132,395.51,203.07,412.47,238.73,high
cam11__frame_00010.jpg,133,419.05,179.88,429.78,249.46,high
cam11__frame_00010.jpg,134,429.36,186.76,446.19,258.46,medium
cam11__frame_00010.jpg,135,440.18,189.16,457.8,230.02,medium
cam11__frame_00010.jpg,136,447.39,232.02,464.61,264.06,medium
cam11__frame_00010.jpg,137,463.89,234.14,471.5,270.19,high
cam11__frame_00010.jpg,138,465.89,195.29,474.3,234.54,high
cam11__frame_00010.jpg,139,454.6,137.9,501.86,182.36,low
cam11__frame_00010.jpg,140,471.9,238.55,498.73,280.21,medium
cam11__frame_00010.jpg,141,474.3,185.28,507.95,240.55,medium
cam11__frame_00010.jpg,142,495.93,241.75,515.96,290.62,high
cam11__frame_00010.jpg,143,508.75,189.69,531.98,250.57,medium
cam11__frame_00010.jpg,144,515.96,253.77,536.38,304.24,high
cam11__frame_00010.jpg,145,528.77,192.09,587.65,268.59,medium
cam11__frame_00010.jpg,146,539.99,266.19,560.42,317.45,high
cam11__frame_00010.jpg,147,560.42,269.39,585.65,334.28,high
cam11__frame_00010.jpg,148,584.33,298.39,627.76,359.19,medium
cam11__frame_00010.jpg,149,576.95,254.44,640.0,314.44,medium
cam11__frame_00010.jpg,150,590.53,205.33,640.0,265.51,medium
cam11__frame_00010.jpg,151,579.46,156.89,640.0,206.57,medium
cam11__frame_00010.jpg,152,593.01,104.2,640.0,163.76,medium
cam11__frame_00010.jpg,153,388.16,339.36,392.04,355.91,high
cam11__frame_00010.jpg,154,392.04,330.05,405.74,355.65,medium
cam11__frame_00010.jpg,155,397.47,343.5,405.74,356.95,high
cam11__frame_00010.jpg,156,396.95,356.17,406.26,367.55,high
cam11__frame_00010.jpg,157,402.64,347.64,407.81,358.76,high
cam11__frame_00010.jpg,158,401.86,358.76,408.33,370.39,high
cam11__frame_00010.jpg,159,411.17,328.5,424.1,384.33,medium
cam11__frame_00010.jpg,160,421.52,337.81,442.2,399.87,medium
cam11__frame_00010.jpg,161,432.38,352.81,449.18,405.82,high
cam11__frame_00010.jpg,162,435.8,370.65,452.63,434.73,medium
cam11__frame_00010.jpg,163,448.6,395.48,485.88,453.56,low
cam11__frame_00010.jpg,164,474.66,385.46,500.7,420.71,high
cam11__frame_00010.jpg,165,496.7,411.9,515.12,445.14,high
cam11__frame_00010.jpg,166,468.25,426.32,508.71,483.19,medium
cam11__frame_00010.jpg,167,491.89,455.96,515.92,523.65,medium
cam11__frame_00010.jpg,168,513.9,483.59,533.94,548.08,medium
cam11__frame_00010.jpg,169,533.54,499.62,547.96,558.09,high
cam11__frame_00010.jpg,170,570.2,555.57,602.6,628.32,low
cam11__frame_00010.jpg,171,128.84,181.39,136.71,217.38,high
cam11__frame_00010.jpg,172,123.97,196.39,129.22,220.75,high
cam11__frame_00010.jpg,173,114.59,198.63,123.59,222.25,medium
cam11__frame_00010.jpg,174,116.09,176.89,122.09,199.38,medium
cam11__frame_00010.jpg,175,110.1,180.64,115.3,225.2,medium
cam11__frame_00010.jpg,176,102.2,211.19,108.26,231.58,high
cam11__frame_00010.jpg,177,99.0,183.85,106.41,210.73,medium
cam11__frame_00010.jpg,178,95.29,211.19,102.24,233.9,medium
cam11__frame_00010.jpg,179,88.34,213.51,95.29,239.0,medium
cam11__frame_00010.jpg,180,88.8,184.31,99.46,212.12,medium
cam11__frame_00010.jpg,181,77.22,215.36,87.41,244.1,medium
cam11__frame_00010.jpg,182,77.22,185.24,87.87,216.29,medium
cam11__frame_00010.jpg,183,71.1,202.99,76.2,227.09,high
cam11__frame_00010.jpg,184,70.26,226.02,76.75,247.8,high
cam11__frame_00010.jpg,185,47.7,270.14,55.57,283.12,high
cam11__frame_00010.jpg,186,38.3,221.9,46.6,298.41,high
cam11__frame_00010.jpg,187,153.18,149.92,165.22,164.47,high
cam11__frame_00010.jpg,188,23.76,225.71,38.3,305.68,medium
cam11__frame_00010.jpg,189,1.95,236.1,23.76,324.03,medium
cam11__frame_00010.jpg,190,352.14,274.02,367.65,288.5,high
cam11__frame_00010.jpg,191,1.46,496.54,13.66,512.13,low
cam11__frame_00010.jpg,192,9.23,487.17,29.89,503.0,medium
cam11__frame_00010.jpg,193,13.47,478.55,38.33,498.74,medium
cam11__frame_00010.jpg,194,22.18,474.03,41.88,489.08,medium
cam11__frame_00010.jpg,195,20.41,465.46,41.39,479.38,medium
cam11__frame_00010.jpg,196,27.82,456.55,42.68,470.17,medium
cam11__frame_00010.jpg,197,21.98,384.46,31.91,390.86,medium
cam11__frame_00010.jpg,198,21.54,379.54,31.46,385.94,medium
cam11__frame_00010.jpg,199,20.64,374.85,30.57,381.25,medium
cam11__frame_00010.jpg,200,20.87,370.38,30.79,376.78,medium
cam11__frame_00010.jpg,201,20.86,365.46,30.8,371.87,medium
cam11__frame_00010.jpg,202,20.64,360.55,30.57,366.95,medium
cam11__frame_00010.jpg,203,20.64,356.08,30.57,362.48,medium
cam11__frame_00010.jpg,204,20.87,351.61,30.79,358.01,medium
cam11__frame_00010.jpg,205,20.2,347.36,30.12,353.76,medium
cam11__frame_00010.jpg,206,20.64,343.11,30.57,349.52,medium
cam11__frame_00010.jpg,207,20.42,339.07,30.36,345.48,medium
cam11__frame_00010.jpg,208,19.25,334.73,29.19,341.14,medium
cam11__frame_00010.jpg,209,18.32,330.48,28.25,336.88,medium
cam11__frame_00010.jpg,210,15.43,318.21,34.86,333.76,low
cam11__frame_00010.jpg,211,72.26,259.25,90.33,340.35,medium
cam11__frame_00010.jpg,212,89.9,249.05,103.31,314.4,medium
cam11__frame_00010.jpg,213,101.92,252.3,107.94,301.42,medium
cam11__frame_00010.jpg,214,107.94,242.1,125.09,296.32,medium
cam11__frame_00010.jpg,215,125.52,241.13,130.9,280.62,high
cam11__frame_00010.jpg,216,130.9,249.5,135.39,276.13,high
cam11__frame_00010.jpg,217,135.09,232.45,144.97,268.35,high
cam11__frame_00010.jpg,218,139.58,220.48,152.15,230.65,high
cam11__frame_00010.jpg,219,144.97,227.66,153.94,259.38,high
cam11__frame_00010.jpg,220,154.84,223.17,161.42,253.39,high
cam11__frame_00010.jpg,221,161.12,220.18,168.6,244.72,high
cam11__frame_00010.jpg,222,172.13,216.16,179.74,238.66,high
cam11__frame_00010.jpg,223,179.08,217.82,191.59,247.94,high
cam11__frame_00010.jpg,224,191.27,222.4,199.68,235.67,high
cam11__frame_00010.jpg,225,172.7,178.77,179.44,200.51,medium
cam11__frame_00010.jpg,226,163.32,179.52,171.95,203.51,medium
cam11__frame_00010.jpg,227,150.95,170.15,162.57,208.75,medium
cam11__frame_00010.jpg,228,141.58,177.27,151.7,211.0,medium
cam11__frame_00010.jpg,229,136.71,191.89,142.71,213.63,high
cam11__frame_00010.jpg,230,359.84,291.59,368.79,315.71,high
cam11__frame_00010.jpg,231,362.55,310.56,368.79,322.76,high
cam11__frame_00010.jpg,232,369.8,313.8,376.35,326.82,low
cam11__frame_00010.jpg,233,378.82,325.22,387.72,343.49,low
cam11__frame_00010.jpg,234,396.7,308.7,405.35,324.66,high
cam11__frame_00011.jpg,0,450.25,507.2,473.84,535.08,low
cam11__frame_00011.jpg,1,516.3,593.45,544.19,638.12,low
cam11__frame_00011.jpg,2,343.35,277.9,350.59,295.48,high
cam11__frame_00011.jpg,3,350.62,287.79,359.57,309.21,high
cam11__frame_00011.jpg,4,352.14,274.02,367.65,288.5,high
cam11__frame_00011.jpg,5,359.84,291.59,368.79,315.71,high
cam11__frame_00011.jpg,6,362.55,310.56,368.79,322.76,high
cam11__frame_00011.jpg,7,369.8,313.8,376.35,326.82,low
cam11__frame_00011.jpg,8,378.82,325.22,387.72,343.49,low
cam11__frame_00011.jpg,9,396.7,308.7,405.35,324.66,high
cam11__frame_00011.jpg,10,387.64,331.86,393.33,340.14,medium
cam11__frame_00011.jpg,11,388.16,339.36,392.04,355.91,high
cam11__frame_00011.jpg,12,392.04,330.05,405.74,355.65,medium
cam11__frame_00011.jpg,13,397.47,343.5,405.74,356.95,high
cam11__frame_00011.jpg,14,396.95,356.17,406.26,367.55,high
cam11__frame_00011.jpg,15,402.64,347.64,407.81,358.76,high
cam11__frame_00011.jpg,16,401.86,358.76,408.33,370.39,high
cam11__frame_00011.jpg,17,411.17,328.5,424.1,384.33,medium
cam11__frame_00011.jpg,18,421.52,337.81,442.2,399.87,medium
cam11__frame_00011.jpg,19,432.38,352.81,449.18,405.82,high
cam11__frame_00011.jpg,20,435.8,370.65,452.63,434.73,medium
cam11__frame_00011.jpg,21,448.6,395.48,485.88,453.56,low
cam11__frame_00011.jpg,22,474.66,385.46,500.7,420.71,high
cam11__frame_00011.jpg,23,496.7,411.9,515.12,445.14,high
cam11__frame_00011.jpg,24,468.25,426.32,508.71,483.19,medium
cam11__frame_00011.jpg,25,491.89,455.96,515.92,523.65,medium
cam11__frame_00011.jpg,26,513.9,483.59,533.94,548.08,medium
cam11__frame_00011.jpg,27,533.54,499.62,547.96,558.09,high
cam11__frame_00011.jpg,28,570.2,555.57,602.6,628.32,low
cam11__frame_00011.jpg,29,343.6,232.86,351.64,251.63,medium
cam11__frame_00011.jpg,30,381.49,252.75,388.07,288.06,high
cam11__frame_00011.jpg,31,393.24,289.2,419.59,304.5,high
cam11__frame_00011.jpg,32,393.14,276.19,419.0,293.93,high
cam11__frame_00011.jpg,33,410.22,261.71,437.92,280.06,high
cam11__frame_00011.jpg,34,424.07,277.0,447.95,290.14,medium
cam11__frame_00011.jpg,35,418.88,289.44,443.8,303.98,medium
cam11__frame_00011.jpg,36,411.95,301.56,428.92,319.56,high
cam11__frame_00011.jpg,37,442.42,288.06,458.34,309.52,medium
cam11__frame_00011.jpg,38,428.57,306.75,449.34,339.64,medium
cam11__frame_00011.jpg,39,447.61,316.41,459.38,328.53,high
cam11__frame_00011.jpg,40,447.95,326.1,457.99,353.8,high
cam11__frame_00011.jpg,41,461.81,304.16,483.03,359.83,high
cam11__frame_00011.jpg,42,471.02,341.81,497.05,381.06,medium
cam11__frame_00011.jpg,43,494.65,355.83,508.67,399.88,high
cam11__frame_00011.jpg,44,508.67,375.05,523.49,417.91,high
cam11__frame_00011.jpg,45,524.84,376.91,566.55,452.0,low
cam11__frame_00011.jpg,46,557.74,364.86,573.5,384.79,high
cam11__frame_00011.jpg,47,561.91,406.11,612.0,488.6,low
cam11__frame_00011.jpg,48,592.04,387.57,623.5,438.55,high
cam11__frame_00011.jpg,49,614.28,430.21,626.33,466.36,high
cam11__frame_00011.jpg,50,606.87,468.67,619.38,497.4,medium
cam11__frame_00011.jpg,51,610.57,484.89,620.31,506.67,high
cam11__frame_00011.jpg,52,339.08,174.34,355.35,214.15,high
cam11__frame_00011.jpg,53,354.66,175.38,370.24,220.04,high
cam11__frame_00011.jpg,54,369.2,203.1,394.8,231.46,medium
cam11__frame_00011.jpg,55,371.28,176.76,412.13,202.38,low
cam11__frame_00011.jpg,56,395.51,203.07,412.47,238.73,high
cam11__frame_00011.jpg,57,419.05,179.88,429.78,249.46,high
cam11__frame_00011.jpg,58,429.36,186.76,446.19,258.46,medium
cam11__frame_00011.jpg,59,440.18,189.16,457.8,230.02,medium
cam11__frame_00011.jpg,60,447.39,232.02,464.61,264.06,medium
cam11__frame_00011.jpg,61,463.89,234.14,471.5,270.19,high
cam11__frame_00011.jpg,62,465.89,195.29,474.3,234.54,high
cam11__frame_00011.jpg,63,454.6,137.9,501.86,182.36,low
cam11__frame_00011.jpg,64,471.9,238.55,498.73,280.21,medium
cam11__frame_00011.jpg,65,474.3,185.28,507.95,240.55,medium
cam11__frame_00011.jpg,66,495.93,241.75,515.96,290.62,high
cam11__frame_00011.jpg,67,508.75,189.69,531.98,250.57,medium
cam11__frame_00011.jpg,68,515.96,253.77,536.38,304.24,high
cam11__frame_00011.jpg,69,528.77,192.09,587.65,268.59,medium
cam11__frame_00011.jpg,70,539.99,266.19,560.42,317.45,high
cam11__frame_00011.jpg,71,560.42,269.39,585.65,334.28,high
cam11__frame_00011.jpg,72,584.33,298.39,627.76,359.19,medium
cam11__frame_00011.jpg,73,576.95,254.44,640.0,314.44,medium
cam11__frame_00011.jpg,74,590.53,205.33,640.0,265.51,medium
cam11__frame_00011.jpg,75,579.46,156.89,640.0,206.57,medium
cam11__frame_00011.jpg,76,593.01,104.2,640.0,163.76,medium
cam11__frame_00011.jpg,77,109.61,443.2,124.91,458.94,high
cam11__frame_00011.jpg,78,8.74,124.09,32.48,161.5,low
cam11__frame_00011.jpg,79,57.3,143.16,64.13,158.62,high
cam11__frame_00011.jpg,80,69.38,123.82,79.91,142.39,medium
cam11__frame_00011.jpg,81,69.38,141.39,80.42,158.45,medium
cam11__frame_00011.jpg,82,79.61,132.09,88.29,139.2,high
cam11__frame_00011.jpg,83,80.38,138.88,89.41,154.93,medium
cam11__frame_00011.jpg,84,88.46,131.22,97.31,138.33,high
cam11__frame_00011.jpg,85,89.38,138.55,96.92,154.07,medium
cam11__frame_00011.jpg,86,127.08,150.92,137.62,159.95,high
cam11__frame_00011.jpg,87,142.14,148.91,150.67,161.96,high
cam11__frame_00011.jpg,88,153.18,149.92,165.22,164.47,high
cam11__frame_00011.jpg,89,1.95,236.1,23.76,324.03,medium
cam11__frame_00011.jpg,90,23.76,225.71,38.3,305.68,medium
cam11__frame_00011.jpg,91,38.3,221.9,46.6,298.41,high
cam11__frame_00011.jpg,92,47.7,270.14,55.57,283.12,high
cam11__frame_00011.jpg,93,70.26,226.02,76.75,247.8,high
cam11__frame_00011.jpg,94,71.1,202.99,76.2,227.09,high
cam11__frame_00011.jpg,95,77.22,185.24,87.87,216.29,medium
cam11__frame_00011.jpg,96,77.22,215.36,87.41,244.1,medium
cam11__frame_00011.jpg,97,88.8,184.31,99.46,212.12,medium
cam11__frame_00011.jpg,98,88.34,213.51,95.29,239.0,medium
cam11__frame_00011.jpg,99,95.29,211.19,102.24,233.9,medium
cam11__frame_00011.jpg,100,99.0,183.85,106.41,210.73,medium
cam11__frame_00011.jpg,101,102.2,211.19,108.26,231.58,high
cam11__frame_00011.jpg,102,110.1,180.64,115.3,225.2,medium
cam11__frame_00011.jpg,103,116.09,176.89,122.09,199.38,medium
cam11__frame_00011.jpg,104,114.59,198.63,123.59,222.25,medium
cam11__frame_00011.jpg,105,123.97,196.39,129.22,220.75,high
cam11__frame_00011.jpg,106,128.84,181.39,136.71,217.38,high
cam11__frame_00011.jpg,107,136.71,191.89,142.71,213.63,high
cam11__frame_00011.jpg,108,141.58,177.27,151.7,211.0,medium
cam11__frame_00011.jpg,109,150.95,170.15,162.57,208.75,medium
cam11__frame_00011.jpg,110,163.32,179.52,171.95,203.51,medium
cam11__frame_00011.jpg,111,172.7,178.77,179.44,200.51,medium
cam11__frame_00011.jpg,112,191.27,222.4,199.68,235.67,high
cam11__frame_00011.jpg,113,179.08,217.82,191.59,247.94,high
cam11__frame_00011.jpg,114,172.13,216.16,179.74,238.66,high
cam11__frame_00011.jpg,115,161.12,220.18,168.6,244.72,high
cam11__frame_00011.jpg,116,154.84,223.17,161.42,253.39,high
cam11__frame_00011.jpg,117,144.97,227.66,153.94,259.38,high
cam11__frame_00011.jpg,118,139.58,220.48,152.15,230.65,high
cam11__frame_00011.jpg,119,135.09,232.45,144.97,268.35,high
cam11__frame_00011.jpg,120,130.9,249.5,135.39,276.13,high
cam11__frame_00011.jpg,121,125.52,241.13,130.9,280.62,high
cam11__frame_00011.jpg,122,107.94,242.1,125.09,296.32,medium
cam11__frame_00011.jpg,123,101.92,252.3,107.94,301.42,medium
cam11__frame_00011.jpg,124,89.9,249.05,103.31,314.4,medium
cam11__frame_00011.jpg,125,72.26,259.25,90.33,340.35,medium
cam11__frame_00011.jpg,126,15.43,318.21,34.86,333.76,low
cam11__frame_00011.jpg,127,18.32,330.48,28.25,336.88,medium
cam11__frame_00011.jpg,128,19.25,334.73,29.19,341.14,medium
cam11__frame_00011.jpg,129,20.42,339.07,30.36,345.48,medium
cam11__frame_00011.jpg,130,20.64,343.11,30.57,349.52,medium
cam11__frame_00011.jpg,131,20.2,347.36,30.12,353.76,medium
cam11__frame_00011.jpg,132,20.87,351.61,30.79,358.01,medium
cam11__frame_00011.jpg,133,20.64,356.08,30.57,362.48,medium
cam11__frame_00011.jpg,134,20.64,360.55,30.57,366.95,medium
cam11__frame_00011.jpg,135,20.86,365.46,30.8,371.87,medium
cam11__frame_00011.jpg,136,20.87,370.38,30.79,376.78,medium
cam11__frame_00011.jpg,137,20.64,374.85,30.57,381.25,medium
cam11__frame_00011.jpg,138,21.54,379.54,31.46,385.94,medium
cam11__frame_00011.jpg,139,21.98,384.46,31.91,390.86,medium
cam11__frame_00011.jpg,140,27.82,456.55,42.68,470.17,medium
cam11__frame_00011.jpg,141,20.41,465.46,41.39,479.38,medium
cam11__frame_00011.jpg,142,22.18,474.03,41.88,489.08,medium
cam11__frame_00011.jpg,143,13.47,478.55,38.33,498.74,medium
cam11__frame_00011.jpg,144,9.23,487.17,29.89,503.0,medium
cam11__frame_00011.jpg,145,1.46,496.54,13.66,512.13,low
cam11__frame_00011.jpg,146,8.96,500.04,31.09,519.23,medium
cam11__frame_00011.jpg,147,38.92,486.48,43.93,492.82,high
cam11__frame_00011.jpg,148,39.14,490.42,54.66,505.3,medium
cam11__frame_00011.jpg,149,33.42,499.2,49.67,515.46,medium
cam11__frame_00011.jpg,150,26.7,510.34,38.54,522.61,low
cam11__frame_00011.jpg,151,20.07,518.48,32.54,531.51,low
cam11__frame_00011.jpg,152,47.59,504.14,59.8,513.39,high
cam11__frame_00011.jpg,153,36.23,514.44,55.31,527.8,medium
cam11__frame_00011.jpg,154,35.02,527.97,43.36,533.53,medium
cam11__frame_00011.jpg,155,32.2,533.4,41.24,544.18,low
cam11__frame_00011.jpg,156,31.29,544.41,40.47,552.63,low
cam11__frame_00011.jpg,157,31.55,552.6,40.52,563.07,low
cam11__frame_00011.jpg,158,40.64,541.01,47.98,548.04,medium
cam11__frame_00011.jpg,159,41.85,532.2,46.02,540.73,medium
cam11__frame_00011.jpg,160,51.05,531.88,74.09,590.2,high
cam11__frame_00011.jpg,161,36.6,586.0,53.56,606.74,high
cam11__frame_00011.jpg,162,0.48,514.4,30.08,639.83,medium
cam11__frame_00011.jpg,163,88.6,488.3,103.9,517.93,high
cam11__frame_00011.jpg,164,91.3,449.31,96.99,475.97,high
cam11__frame_00011.jpg,165,94.67,439.0,99.58,447.79,high
cam11__frame_00011.jpg,166,94.15,422.45,108.11,434.86,medium
cam11__frame_00011.jpg,167,94.16,413.19,103.99,422.58,high
cam11__frame_00011.jpg,168,103.77,415.65,114.5,424.36,high
cam11__frame_00011.jpg,169,99.97,395.76,122.54,404.7,high
cam11__frame_00011.jpg,170,137.92,399.66,145.19,411.43,medium
cam11__frame_00011.jpg,171,111.14,372.07,118.52,384.14,high
cam11__frame_00011.jpg,172,116.28,368.72,131.04,397.77,medium
cam11__frame_00011.jpg,173,117.4,361.34,128.58,368.94,high
cam11__frame_00011.jpg,174,122.54,354.19,136.4,364.25,high
cam11__frame_00011.jpg,175,136.4,360.0,144.22,368.49,high
cam11__frame_00011.jpg,176,136.62,350.17,144.67,359.33,high
cam11__frame_00011.jpg,177,136.18,338.99,145.79,349.94,high
cam11__frame_00011.jpg,178,145.53,317.62,158.98,354.59,medium
cam11__frame_00011.jpg,179,180.92,258.6,195.11,279.37,high
cam11__frame_00011.jpg,180,160.6,357.71,180.71,399.45,medium
cam11__frame_00011.jpg,181,152.37,423.15,174.02,435.52,low
cam11__frame_00011.jpg,182,42.42,368.58,53.84,404.93,high
cam11__frame_00011.jpg,183,53.87,344.53,84.71,389.79,high
cam11__frame_00011.jpg,184,86.86,348.83,112.29,367.08,high
cam11__frame_00011.jpg,185,110.5,323.7,119.77,359.6,high
cam11__frame_00011.jpg,186,119.47,318.0,129.6,348.83,high
cam11__frame_00011.jpg,187,123.66,292.88,135.93,321.31,high
cam11__frame_00011.jpg,188,135.63,303.95,141.91,326.69,high
cam11__frame_00011.jpg,189,145.5,281.81,163.46,312.03,medium
cam11__frame_00011.jpg,190,150.77,268.22,160.46,282.76,medium
cam11__frame_00011.jpg,191,160.6,263.61,167.75,288.86,high
cam11__frame_00011.jpg,192,167.75,262.04,172.0,279.92,high
cam11__frame_00011.jpg,193,172.37,255.22,175.4,276.16,high
cam11__frame_00011.jpg,194,96.76,470.0,112.06,490.0,high
cam11__frame_00011.jpg,195,221.45,257.28,234.77,279.87,medium
cam11__frame_00011.jpg,196,203.39,268.93,221.69,288.19,medium
cam11__frame_00011.jpg,197,278.74,239.65,308.81,262.82,high
cam11__frame_00011.jpg,198,280.79,262.69,313.46,268.85,high
cam11__frame_00011.jpg,199,281.62,268.85,316.34,275.02,high
cam11__frame_00011.jpg,200,283.48,274.34,319.44,285.16,high
cam11__frame_00011.jpg,201,280.29,279.43,320.4,330.36,low
cam11__frame_00011.jpg,202,224.76,274.42,271.61,311.62,medium
cam11__frame_00011.jpg,203,224.61,311.89,277.08,348.74,medium
cam11__frame_00011.jpg,204,188.56,289.06,224.21,339.12,medium
cam11__frame_00011.jpg,205,180.55,337.12,223.01,378.78,medium
cam11__frame_00011.jpg,206,223.81,349.14,282.29,402.81,medium
cam11__frame_00011.jpg,207,183.6,378.54,218.38,398.46,medium
cam11__frame_00011.jpg,208,176.86,394.1,217.26,425.07,medium
cam11__frame_00011.jpg,209,169.04,414.65,214.41,455.03,medium
cam11__frame_00011.jpg,210,264.44,423.34,275.33,452.38,high
cam11__frame_00011.jpg,211,211.28,458.26,278.29,548.84,medium
cam11__frame_00011.jpg,212,225.55,566.21,294.42,640.0,high
cam11__frame_00011.jpg,213,293.5,344.33,326.35,396.8,medium
cam11__frame_00011.jpg,214,275.1,382.1,385.04,508.32,low
cam11__frame_00011.jpg,215,286.33,498.95,386.22,567.37,medium
cam11__frame_00011.jpg,216,294.06,565.0,388.96,622.37,medium
cam11__frame_00011.jpg,217,308.33,599.05,394.72,640.0,medium
cam11__frame_00011.jpg,218,259.46,401.49,283.56,422.34,medium
cam11__frame_00011.jpg,219,224.73,430.3,240.33,461.4,medium
cam11__frame_00011.jpg,220,245.16,423.87,266.6,456.58,low
cam11__frame_00011.jpg,221,162.89,445.86,207.56,485.56,medium
cam11__frame_00011.jpg,222,151.1,479.98,210.04,535.19,medium
cam11__frame_00011.jpg,223,99.0,514.1,228.03,638.8,low
cam11__frame_00011.jpg,224,385.06,474.43,430.3,639.71,medium
cam11__frame_00011.jpg,225,329.49,316.54,353.16,358.6,medium
cam11__frame_00011.jpg,226,352.34,327.96,357.3,347.34,high
cam11__frame_00011.jpg,227,357.56,341.29,366.06,349.34,high
cam11__frame_00011.jpg,228,357.24,329.61,365.96,340.7,high
cam11__frame_00011.jpg,229,366.73,341.29,377.9,353.81,high
cam11__frame_00011.jpg,230,368.96,364.34,377.01,380.87,high
cam11__frame_00011.jpg,231,373.88,355.4,385.72,384.67,medium
cam11__frame_00011.jpg,232,396.23,412.59,432.88,443.43,medium
cam11__frame_00011.jpg,233,407.7,430.8,435.18,470.85,medium
cam11__frame_00011.jpg,234,431.83,434.64,446.58,467.05,medium
cam11__frame_00011.jpg,235,427.47,463.85,446.47,507.88,medium
cam11__frame_00011.jpg,236,469.02,529.18,501.73,564.03,medium
cam11__frame_00012.jpg,0,393.24,289.2,419.59,304.5,high
cam11__frame_00012.jpg,1,381.49,252.75,388.07,288.06,high
cam11__frame_00012.jpg,2,343.6,232.86,351.64,251.63,medium
cam11__frame_00012.jpg,3,211.28,458.26,278.29,548.84,medium
cam11__frame_00012.jpg,4,99.0,514.1,228.03,638.8,low
cam11__frame_00012.jpg,5,385.06,474.43,430.3,639.71,medium
cam11__frame_00012.jpg,6,329.49,316.54,353.16,358.6,medium
cam11__frame_00012.jpg,7,352.34,327.96,357.3,347.34,high
cam11__frame_00012.jpg,8,357.56,341.29,366.06,349.34,high
cam11__frame_00012.jpg,9,357.24,329.61,365.96,340.7,high
cam11__frame_00012.jpg,10,366.73,341.29,377.9,353.81,high
cam11__frame_00012.jpg,11,368.96,364.34,377.01,380.87,high
cam11__frame_00012.jpg,12,373.88,355.4,385.72,384.67,medium
cam11__frame_00012.jpg,13,396.23,412.59,432.88,443.43,medium
cam11__frame_00012.jpg,14,407.7,430.8,435.18,470.85,medium
cam11__frame_00012.jpg,15,431.83,434.64,446.58,467.05,medium
cam11__frame_00012.jpg,16,427.47,463.85,446.47,507.88,medium
cam11__frame_00012.jpg,17,450.25,507.2,473.84,535.08,low
cam11__frame_00012.jpg,18,469.02,529.18,501.73,564.03,medium
cam11__frame_00012.jpg,19,516.3,593.45,544.19,638.12,low
cam11__frame_00012.jpg,20,343.35,277.9,350.59,295.48,high
cam11__frame_00012.jpg,21,350.62,287.79,359.57,309.21,high
cam11__frame_00012.jpg,22,352.14,274.02,367.65,288.5,high
cam11__frame_00012.jpg,23,359.84,291.59,368.79,315.71,high
cam11__frame_00012.jpg,24,362.55,310.56,368.79,322.76,high
cam11__frame_00012.jpg,25,369.8,313.8,376.35,326.82,low
cam11__frame_00012.jpg,26,378.82,325.22,387.72,343.49,low
cam11__frame_00012.jpg,27,396.7,308.7,405.35,324.66,high
cam11__frame_00012.jpg,28,387.64,331.86,393.33,340.14,medium
cam11__frame_00012.jpg,29,388.16,339.36,392.04,355.91,high
cam11__frame_00012.jpg,30,392.04,330.05,405.74,355.65,medium
cam11__frame_00012.jpg,31,397.47,343.5,405.74,356.95,high
cam11__frame_00012.jpg,32,396.95,356.17,406.26,367.55,high
cam11__frame_00012.jpg,33,402.64,347.64,407.81,358.76,high
cam11__frame_00012.jpg,34,401.86,358.76,408.33,370.39,high
cam11__frame_00012.jpg,35,411.17,328.5,424.1,384.33,medium
cam11__frame_00012.jpg,36,421.52,337.81,442.2,399.87,medium
cam11__frame_00012.jpg,37,432.38,352.81,449.18,405.82,high
cam11__frame_00012.jpg,38,435.8,370.65,452.63,434.73,medium
cam11__frame_00012.jpg,39,448.6,395.48,485.88,453.56,low
cam11__frame_00012.jpg,40,474.66,385.46,500.7,420.71,high
cam11__frame_00012.jpg,41,496.7,411.9,515.12,445.14,high
cam11__frame_00012.jpg,42,468.25,426.32,508.71,483.19,medium
cam11__frame_00012.jpg,43,491.89,455.96,515.92,523.65,medium
cam11__frame_00012.jpg,44,513.9,483.59,533.94,548.08,medium
cam11__frame_00012.jpg,45,533.54,499.62,547.96,558.09,high
cam11__frame_00012.jpg,46,570.2,555.57,602.6,628.32,low
cam11__frame_00012.jpg,47,221.45,257.28,234.77,279.87,medium
cam11__frame_00012.jpg,48,203.39,268.93,221.69,288.19,medium
cam11__frame_00012.jpg,49,278.74,239.65,308.81,262.82,high
cam11__frame_00012.jpg,50,280.79,262.69,313.46,268.85,high
cam11__frame_00012.jpg,51,281.62,268.85,316.34,275.02,high
cam11__frame_00012.jpg,52,283.48,274.34,319.44,285.16,high
cam11__frame_00012.jpg,53,280.29,279.43,320.4,330.36,low
cam11__frame_00012.jpg,54,224.76,274.42,271.61,311.62,medium
cam11__frame_00012.jpg,55,224.61,311.89,277.08,348.74,medium
cam11__frame_00012.jpg,56,188.56,289.06,224.21,339.12,medium
cam11__frame_00012.jpg,57,180.55,337.12,223.01,378.78,medium
cam11__frame_00012.jpg,58,223.81,349.14,282.29,402.81,medium
cam11__frame_00012.jpg,59,183.6,378.54,218.38,398.46,medium
cam11__frame_00012.jpg,60,176.86,394.1,217.26,425.07,medium
cam11__frame_00012.jpg,61,169.04,414.65,214.41,455.03,medium
cam11__frame_00012.jpg,62,264.44,423.34,275.33,452.38,high
cam11__frame_00012.jpg,63,225.55,566.21,294.42,640.0,high
cam11__frame_00012.jpg,64,293.5,344.33,326.35,396.8,medium
cam11__frame_00012.jpg,65,275.1,382.1,385.04,508.32,low
cam11__frame_00012.jpg,66,286.33,498.95,386.22,567.37,medium
cam11__frame_00012.jpg,67,294.06,565.0,388.96,622.37,medium
cam11__frame_00012.jpg,68,308.33,599.05,394.72,640.0,medium
cam11__frame_00012.jpg,69,259.46,401.49,283.56,422.34,medium
cam11__frame_00012.jpg,70,224.73,430.3,240.33,461.4,medium
cam11__frame_00012.jpg,71,245.16,423.87,266.6,456.58,low
cam11__frame_00012.jpg,72,162.89,445.86,207.56,485.56,medium
cam11__frame_00012.jpg,73,151.1,479.98,210.04,535.19,medium
cam11__frame_00012.jpg,74,172.37,255.22,175.4,276.16,high
cam11__frame_00012.jpg,75,167.75,262.04,172.0,279.92,high
cam11__frame_00012.jpg,76,160.6,263.61,167.75,288.86,high
cam11__frame_00012.jpg,77,150.77,268.22,160.46,282.76,medium
cam11__frame_00012.jpg,78,145.5,281.81,163.46,312.03,medium
cam11__frame_00012.jpg,79,135.63,303.95,141.91,326.69,high
cam11__frame_00012.jpg,80,123.66,292.88,135.93,321.31,high
cam11__frame_00012.jpg,81,119.47,318.0,129.6,348.83,high
cam11__frame_00012.jpg,82,110.5,323.7,119.77,359.6,high
cam11__frame_00012.jpg,83,86.86,348.83,112.29,367.08,high
cam11__frame_00012.jpg,84,53.87,344.53,84.71,389.79,high
cam11__frame_00012.jpg,85,42.42,368.58,53.84,404.93,high
cam11__frame_00012.jpg,86,154.86,419.0,176.5,431.37,low
cam11__frame_00012.jpg,87,160.6,357.71,180.71,399.45,medium
cam11__frame_00012.jpg,88,180.92,258.6,195.11,279.37,high
cam11__frame_00012.jpg,89,145.53,317.62,158.98,354.59,medium
cam11__frame_00012.jpg,90,136.18,338.99,145.79,349.94,high
cam11__frame_00012.jpg,91,136.62,350.17,144.67,359.33,high
cam11__frame_00012.jpg,92,136.4,360.0,144.22,368.49,high
cam11__frame_00012.jpg,93,122.54,354.19,136.4,364.25,high
cam11__frame_00012.jpg,94,117.4,361.34,128.58,368.94,high
cam11__frame_00012.jpg,95,116.28,368.72,131.04,397.77,medium
cam11__frame_00012.jpg,96,111.14,372.07,118.52,384.14,high
cam11__frame_00012.jpg,97,137.92,399.66,145.19,411.43,medium
cam11__frame_00012.jpg,98,99.97,395.76,122.54,404.7,high
cam11__frame_00012.jpg,99,103.77,415.65,114.5,424.36,high
cam11__frame_00012.jpg,100,94.16,413.19,103.99,422.58,high
cam11__frame_00012.jpg,101,94.15,422.45,108.11,434.86,medium
cam11__frame_00012.jpg,102,94.67,439.0,99.58,447.79,high
cam11__frame_00012.jpg,103,91.3,449.31,96.99,475.97,high
cam11__frame_00012.jpg,104,86.46,459.9,117.32,502.94,high
cam11__frame_00012.jpg,105,0.48,514.4,30.08,639.83,medium
cam11__frame_00012.jpg,106,36.6,586.0,53.56,606.74,high
cam11__frame_00012.jpg,107,51.05,531.88,74.09,590.2,high
cam11__frame_00012.jpg,108,41.85,532.2,46.02,540.73,medium
cam11__frame_00012.jpg,109,40.64,541.01,47.98,548.04,medium
cam11__frame_00012.jpg,110,31.55,552.6,40.52,563.07,low
cam11__frame_00012.jpg,111,31.29,544.41,40.47,552.63,low
cam11__frame_00012.jpg,112,32.2,533.4,41.24,544.18,low
cam11__frame_00012.jpg,113,35.02,527.97,43.36,533.53,medium
cam11__frame_00012.jpg,114,36.23,514.44,55.31,527.8,medium
cam11__frame_00012.jpg,115,47.59,504.14,59.8,513.39,high
cam11__frame_00012.jpg,116,20.07,518.48,32.54,531.51,low
cam11__frame_00012.jpg,117,26.7,510.34,38.54,522.61,low
cam11__frame_00012.jpg,118,33.42,499.2,49.67,515.46,medium
cam11__frame_00012.jpg,119,39.14,490.42,54.66,505.3,medium
cam11__frame_00012.jpg,120,38.92,486.48,43.93,492.82,high
cam11__frame_00012.jpg,121,8.96,500.04,31.09,519.23,medium
cam11__frame_00012.jpg,122,1.46,496.54,13.66,512.13,low
cam11__frame_00012.jpg,123,9.23,487.17,29.89,503.0,medium
cam11__frame_00012.jpg,124,13.47,478.55,38.33,498.74,medium
cam11__frame_00012.jpg,125,22.18,474.03,41.88,489.08,medium
cam11__frame_00012.jpg,126,20.41,465.46,41.39,479.38,medium
cam11__frame_00012.jpg,127,27.82,456.55,42.68,470.17,medium
cam11__frame_00012.jpg,128,21.98,384.46,31.91,390.86,medium
cam11__frame_00012.jpg,129,21.54,379.54,31.46,385.94,medium
cam11__frame_00012.jpg,130,20.64,374.85,30.57,381.25,medium
cam11__frame_00012.jpg,131,20.87,370.38,30.79,376.78,medium
cam11__frame_00012.jpg,132,20.86,365.46,30.8,371.87,medium
cam11__frame_00012.jpg,133,20.64,360.55,30.57,366.95,medium
cam11__frame_00012.jpg,134,20.64,356.08,30.57,362.48,medium
cam11__frame_00012.jpg,135,20.87,351.61,30.79,358.01,medium
cam11__frame_00012.jpg,136,20.2,347.36,30.12,353.76,medium
cam11__frame_00012.jpg,137,20.64,343.11,30.57,349.52,medium
cam11__frame_00012.jpg,138,20.42,339.07,30.36,345.48,medium
cam11__frame_00012.jpg,139,19.25,334.73,29.19,341.14,medium
cam11__frame_00012.jpg,140,18.32,330.48,28.25,336.88,medium
cam11__frame_00012.jpg,141,15.43,318.21,34.86,333.76,low
cam11__frame_00012.jpg,142,72.26,259.25,90.33,340.35,medium
cam11__frame_00012.jpg,143,89.9,249.05,103.31,314.4,medium
cam11__frame_00012.jpg,144,101.92,252.3,107.94,301.42,medium
cam11__frame_00012.jpg,145,107.94,242.1,125.09,296.32,medium
cam11__frame_00012.jpg,146,125.52,241.13,130.9,280.62,high
cam11__frame_00012.jpg,147,130.9,249.5,135.39,276.13,high
cam11__frame_00012.jpg,148,135.09,232.45,144.97,268.35,high
cam11__frame_00012.jpg,149,139.58,220.48,152.15,230.65,high
cam11__frame_00012.jpg,150,144.97,227.66,153.94,259.38,high
cam11__frame_00012.jpg,151,154.84,223.17,161.42,253.39,high
cam11__frame_00012.jpg,152,161.12,220.18,168.6,244.72,high
cam11__frame_00012.jpg,153,172.13,216.16,179.74,238.66,high
cam11__frame_00012.jpg,154,179.08,217.82,191.59,247.94,high
cam11__frame_00012.jpg,155,191.27,222.4,199.68,235.67,high
cam11__frame_00012.jpg,156,172.7,178.77,179.44,200.51,medium
cam11__frame_00012.jpg,157,163.32,179.52,171.95,203.51,medium
cam11__frame_00012.jpg,158,150.95,170.15,162.57,208.75,medium
cam11__frame_00012.jpg,159,141.58,177.27,151.7,211.0,medium
cam11__frame_00012.jpg,160,136.71,191.89,142.71,213.63,high
cam11__frame_00012.jpg,161,128.84,181.39,136.71,217.38,high
cam11__frame_00012.jpg,162,123.97,196.39,129.22,220.75,high
cam11__frame_00012.jpg,163,114.59,198.63,123.59,222.25,medium
cam11__frame_00012.jpg,164,116.09,176.89,122.09,199.38,medium
cam11__frame_00012.jpg,165,110.1,180.64,115.3,225.2,medium
cam11__frame_00012.jpg,166,102.2,211.19,108.26,231.58,high
cam11__frame_00012.jpg,167,99.0,183.85,106.41,210.73,medium
cam11__frame_00012.jpg,168,95.29,211.19,102.24,233.9,medium
cam11__frame_00012.jpg,169,88.34,213.51,95.29,239.0,medium
cam11__frame_00012.jpg,170,88.8,184.31,99.46,212.12,medium
cam11__frame_00012.jpg,171,77.22,215.36,87.41,244.1,medium
cam11__frame_00012.jpg,172,77.22,185.24,87.87,216.29,medium
cam11__frame_00012.jpg,173,71.1,202.99,76.2,227.09,high
cam11__frame_00012.jpg,174,70.26,226.02,76.75,247.8,high
cam11__frame_00012.jpg,175,47.7,270.14,55.57,283.12,high
cam11__frame_00012.jpg,176,38.3,221.9,46.6,298.41,high
cam11__frame_00012.jpg,177,23.76,225.71,38.3,305.68,medium
cam11__frame_00012.jpg,178,1.95,236.1,23.76,324.03,medium
cam11__frame_00012.jpg,179,153.18,149.92,165.22,164.47,high
cam11__frame_00012.jpg,180,142.14,148.91,150.67,161.96,high
cam11__frame_00012.jpg,181,127.08,150.92,137.62,159.95,high
cam11__frame_00012.jpg,182,89.38,138.55,96.92,154.07,medium
cam11__frame_00012.jpg,183,88.46,131.22,97.31,138.33,high
cam11__frame_00012.jpg,184,80.38,138.88,89.41,154.93,medium
cam11__frame_00012.jpg,185,79.61,132.09,88.29,139.2,high
cam11__frame_00012.jpg,186,69.38,141.39,80.42,158.45,medium
cam11__frame_00012.jpg,187,69.38,123.82,79.91,142.39,medium
cam11__frame_00012.jpg,188,57.3,143.16,64.13,158.62,high
cam11__frame_00012.jpg,189,8.74,124.09,32.48,161.5,low
cam11__frame_00012.jpg,190,593.01,104.2,640.0,163.76,medium
cam11__frame_00012.jpg,191,579.46,156.89,640.0,206.57,medium
cam11__frame_00012.jpg,192,590.53,205.33,640.0,265.51,medium
cam11__frame_00012.jpg,193,576.95,254.44,640.0,314.44,medium
cam11__frame_00012.jpg,194,584.33,298.39,627.76,359.19,medium
cam11__frame_00012.jpg,195,560.42,269.39,585.65,334.28,high
cam11__frame_00012.jpg,196,539.99,266.19,560.42,317.45,high
cam11__frame_00012.jpg,197,528.77,192.09,587.65,268.59,medium
cam11__frame_00012.jpg,198,515.96,253.77,536.38,304.24,high
cam11__frame_00012.jpg,199,508.75,189.69,531.98,250.57,medium
cam11__frame_00012.jpg,200,495.93,241.75,515.96,290.62,high
cam11__frame_00012.jpg,201,474.3,185.28,507.95,240.55,medium
cam11__frame_00012.jpg,202,471.9,238.55,498.73,280.21,medium
cam11__frame_00012.jpg,203,454.6,137.9,501.86,182.36,low
cam11__frame_00012.jpg,204,465.89,195.29,474.3,234.54,high
cam11__frame_00012.jpg,205,463.89,234.14,471.5,270.19,high
cam11__frame_00012.jpg,206,447.39,232.02,464.61,264.06,medium
cam11__frame_00012.jpg,207,440.18,189.16,457.8,230.02,medium
cam11__frame_00012.jpg,208,429.36,186.76,446.19,258.46,medium
cam11__frame_00012.jpg,209,419.05,179.88,429.78,249.46,high
cam11__frame_00012.jpg,210,395.51,203.07,412.47,238.73,high
cam11__frame_00012.jpg,211,371.28,176.76,412.13,202.38,low
cam11__frame_00012.jpg,212,369.2,203.1,394.8,231.46,medium
cam11__frame_00012.jpg,213,354.66,175.38,370.24,220.04,high
cam11__frame_00012.jpg,214,339.08,174.34,355.35,214.15,high
cam11__frame_00012.jpg,215,610.57,484.89,620.31,506.67,high
cam11__frame_00012.jpg,216,606.87,468.67,619.38,497.4,medium
cam11__frame_00012.jpg,217,614.28,430.21,626.33,466.36,high
cam11__frame_00012.jpg,218,592.04,387.57,623.5,438.55,high
cam11__frame_00012.jpg,219,561.91,406.11,612.0,488.6,low
cam11__frame_00012.jpg,220,557.74,364.86,573.5,384.79,high
cam11__frame_00012.jpg,221,524.84,376.91,566.55,452.0,low
cam11__frame_00012.jpg,222,508.67,375.05,523.49,417.91,high
cam11__frame_00012.jpg,223,494.65,355.83,508.67,399.88,high
cam11__frame_00012.jpg,224,471.02,341.81,497.05,381.06,medium
cam11__frame_00012.jpg,225,461.81,304.16,483.03,359.83,high
cam11__frame_00012.jpg,226,447.95,326.1,457.99,353.8,high
cam11__frame_00012.jpg,227,447.61,316.41,459.38,328.53,high
cam11__frame_00012.jpg,228,428.57,306.75,449.34,339.64,medium
cam11__frame_00012.jpg,229,442.42,288.06,458.34,309.52,medium
cam11__frame_00012.jpg,230,411.95,301.56,428.92,319.56,high
cam11__frame_00012.jpg,231,418.88,289.44,443.8,303.98,medium
cam11__frame_00012.jpg,232,424.07,277.0,447.95,290.14,medium
cam11__frame_00012.jpg,233,410.22,261.71,437.92,280.06,high
cam11__frame_00012.jpg,234,393.14,276.19,419.0,293.93,high
