image_name,box_index,xtl,ytl,xbr,ybr,occlusion_level
cam10__frame_00000.jpg,0,385.81,270.06,407.89,292.41,medium
cam10__frame_00000.jpg,1,112.61,60.96,177.29,117.83,low
cam10__frame_00000.jpg,2,115.45,131.72,189.29,214.57,low
cam10__frame_00000.jpg,3,128.23,201.53,202.77,293.67,low
cam10__frame_00000.jpg,4,145.5,401.25,224.2,440.65,low
cam10__frame_00000.jpg,5,141.35,391.63,221.86,440.17,medium
cam10__frame_00000.jpg,6,137.02,380.19,221.63,432.11,low
cam10__frame_00000.jpg,7,141.08,412.07,235.52,467.49,low
cam10__frame_00000.jpg,8,152.98,508.56,189.15,539.08,high
cam10__frame_00000.jpg,9,341.54,212.42,351.41,223.85,high
cam10__frame_00000.jpg,10,349.39,190.8,357.18,225.62,high
cam10__frame_00000.jpg,11,358.22,194.44,368.09,231.33,high
cam10__frame_00000.jpg,12,368.09,198.6,374.85,234.45,high
cam10__frame_00000.jpg,13,355.62,241.72,363.93,275.5,high
cam10__frame_00000.jpg,14,364.97,246.4,374.85,281.21,high
cam10__frame_00000.jpg,15,350.93,160.3,360.36,172.0,high
cam10__frame_00000.jpg,16,295.07,21.77,305.13,26.47,medium
cam10__frame_00000.jpg,17,298.09,17.41,308.15,23.1,medium
cam10__frame_00000.jpg,18,305.8,20.77,310.5,27.81,high
cam10__frame_00000.jpg,19,296.41,34.19,308.49,41.9,medium
cam10__frame_00000.jpg,20,296.74,27.92,308.2,35.0,medium
cam10__frame_00000.jpg,21,308.35,26.79,312.8,41.39,medium
cam10__frame_00000.jpg,22,314.65,17.74,323.06,29.63,high
cam10__frame_00000.jpg,23,318.42,29.92,326.25,42.67,medium
cam10__frame_00000.jpg,24,327.99,29.63,339.59,44.99,medium
cam10__frame_00000.jpg,25,339.01,29.34,351.47,47.31,medium
cam10__frame_00000.jpg,26,350.6,35.71,365.68,48.76,medium
cam10__frame_00000.jpg,27,295.35,46.15,305.12,66.69,high
cam10__frame_00000.jpg,28,305.37,46.9,308.38,65.69,medium
cam10__frame_00000.jpg,29,308.63,49.65,314.39,77.47,medium
cam10__frame_00000.jpg,30,315.0,58.91,319.02,78.37,medium
cam10__frame_00000.jpg,31,319.36,62.94,324.05,79.04,medium
cam10__frame_00000.jpg,32,333.54,67.52,341.05,85.54,medium
cam10__frame_00000.jpg,33,340.8,67.75,349.07,87.04,medium
cam10__frame_00000.jpg,34,349.07,71.0,353.33,86.79,high
cam10__frame_00000.jpg,35,352.8,67.5,361.65,91.5,medium
cam10__frame_00000.jpg,36,362.17,74.31,369.44,96.13,medium
cam10__frame_00000.jpg,37,194.28,231.33,217.05,271.74,low
cam10__frame_00000.jpg,38,534.43,334.49,592.01,384.66,medium
cam10__frame_00000.jpg,39,531.43,352.64,587.73,402.18,medium
cam10__frame_00000.jpg,40,529.27,372.5,587.24,423.36,medium
cam10__frame_00000.jpg,41,524.23,411.06,578.21,458.22,medium
cam10__frame_00000.jpg,42,525.82,391.44,584.78,443.29,medium
cam10__frame_00000.jpg,43,523.97,429.06,578.53,476.74,medium
cam10__frame_00000.jpg,44,391.63,328.5,405.98,342.88,high
cam10__frame_00000.jpg,45,371.4,255.15,395.43,294.42,high
cam10__frame_00000.jpg,46,374.17,186.8,432.4,258.38,low
cam10__frame_00000.jpg,47,422.2,211.25,480.45,251.45,medium
cam10__frame_00000.jpg,48,434.2,180.8,478.6,211.25,low
cam10__frame_00000.jpg,49,449.61,243.63,503.07,302.44,medium
cam10__frame_00000.jpg,50,482.3,192.77,535.4,293.04,low
cam10__frame_00000.jpg,51,520.04,445.92,576.23,495.25,medium
cam10__frame_00000.jpg,52,519.72,465.81,571.8,511.37,medium
cam10__frame_00000.jpg,53,525.84,489.72,569.4,526.36,low
cam10__frame_00000.jpg,54,452.2,345.5,522.0,424.9,low
cam10__frame_00000.jpg,55,400.04,259.54,480.41,340.1,low
cam10__frame_00000.jpg,56,400.32,309.36,441.64,354.69,low
cam10__frame_00000.jpg,57,404.28,334.61,441.46,369.78,low
cam10__frame_00000.jpg,58,405.97,353.38,445.11,386.23,medium
cam10__frame_00000.jpg,59,387.7,288.24,410.22,311.01,medium
cam10__frame_00000.jpg,60,385.53,301.97,408.03,324.73,high
cam10__frame_00000.jpg,61,606.5,263.23,640.0,309.4,medium
cam10__frame_00000.jpg,62,594.95,304.05,640.0,348.14,high
cam10__frame_00000.jpg,63,605.71,332.22,640.0,367.34,high
cam10__frame_00000.jpg,64,600.9,348.06,640.0,395.52,high
cam10__frame_00000.jpg,65,599.69,371.88,640.0,419.34,high
cam10__frame_00000.jpg,66,599.63,393.13,640.0,438.01,high
cam10__frame_00000.jpg,67,575.8,267.23,610.69,306.77,high
cam10__frame_00000.jpg,68,495.3,296.4,535.71,364.01,low
cam10__frame_00000.jpg,69,530.68,241.48,580.58,288.26,low
cam10__frame_00000.jpg,70,528.09,260.95,578.0,307.75,medium
cam10__frame_00000.jpg,71,531.13,283.39,617.8,367.66,low
cam10__frame_00000.jpg,72,391.69,332.72,406.03,347.1,high
cam10__frame_00000.jpg,73,392.45,338.33,404.5,350.41,high
cam10__frame_00000.jpg,74,390.3,341.53,402.72,353.97,high
cam10__frame_00000.jpg,75,379.97,344.11,401.94,366.41,low
cam10__frame_00000.jpg,76,378.58,356.28,390.62,368.36,high
cam10__frame_00000.jpg,77,378.31,360.35,390.38,372.44,high
cam10__frame_00000.jpg,78,378.32,364.43,390.37,376.51,high
cam10__frame_00000.jpg,79,378.07,368.76,390.11,380.84,high
cam10__frame_00000.jpg,80,365.57,368.6,387.54,390.89,low
cam10__frame_00000.jpg,81,364.15,380.53,376.2,392.61,high
cam10__frame_00000.jpg,82,405.94,362.43,424.86,381.91,medium
cam10__frame_00000.jpg,83,406.72,374.9,417.59,385.79,high
cam10__frame_00000.jpg,84,406.79,379.59,417.64,390.47,high
cam10__frame_00000.jpg,85,407.45,384.65,418.3,395.53,high
cam10__frame_00000.jpg,86,405.9,387.73,416.1,397.95,high
cam10__frame_00000.jpg,87,405.81,392.71,413.91,400.82,high
cam10__frame_00000.jpg,88,385.66,391.0,400.26,405.54,medium
cam10__frame_00000.jpg,89,384.44,397.97,396.49,410.05,high
cam10__frame_00000.jpg,90,382.08,400.03,394.13,412.11,high
cam10__frame_00000.jpg,91,381.78,404.74,393.85,416.83,high
cam10__frame_00000.jpg,92,394.74,399.64,414.89,420.36,medium
cam10__frame_00000.jpg,93,392.69,410.34,405.33,423.02,high
cam10__frame_00000.jpg,94,391.5,413.87,404.14,426.54,high
cam10__frame_00000.jpg,95,392.69,420.95,404.74,433.03,high
cam10__frame_00000.jpg,96,407.15,380.49,452.41,426.0,low
cam10__frame_00000.jpg,97,413.34,411.66,429.55,427.91,high
cam10__frame_00000.jpg,98,411.45,414.53,427.66,430.77,high
cam10__frame_00000.jpg,99,408.98,417.19,425.18,433.43,high
cam10__frame_00000.jpg,100,407.67,421.02,423.09,436.48,high
cam10__frame_00000.jpg,101,405.51,423.54,420.81,438.88,high
cam10__frame_00000.jpg,102,404.85,428.1,419.29,442.57,high
cam10__frame_00000.jpg,103,403.85,430.89,418.33,445.42,high
cam10__frame_00000.jpg,104,404.53,437.1,416.24,448.84,high
cam10__frame_00000.jpg,105,427.81,428.22,446.83,447.3,high
cam10__frame_00000.jpg,106,429.11,406.46,474.37,451.98,low
cam10__frame_00000.jpg,107,425.59,430.4,444.61,449.48,high
cam10__frame_00000.jpg,108,423.1,432.53,445.02,454.51,high
cam10__frame_00000.jpg,109,421.34,435.55,444.47,458.75,high
cam10__frame_00000.jpg,110,419.38,438.2,442.59,461.47,high
cam10__frame_00000.jpg,111,417.08,441.03,441.34,465.37,high
cam10__frame_00000.jpg,112,415.31,444.58,438.92,468.25,high
cam10__frame_00000.jpg,113,413.55,447.95,437.16,471.63,high
cam10__frame_00000.jpg,114,443.5,428.83,497.15,480.07,low
cam10__frame_00000.jpg,115,444.45,465.43,464.28,486.45,high
cam10__frame_00000.jpg,116,444.11,473.98,461.87,492.78,high
cam10__frame_00000.jpg,117,444.89,484.13,461.87,502.05,high
cam10__frame_00000.jpg,118,444.43,492.88,460.45,509.7,high
cam10__frame_00000.jpg,119,463.21,461.21,509.8,507.58,low
cam10__frame_00000.jpg,120,462.42,485.03,484.67,509.95,high
cam10__frame_00000.jpg,121,461.55,489.65,484.58,513.87,high
cam10__frame_00000.jpg,122,460.08,494.19,483.69,517.87,high
cam10__frame_00000.jpg,123,459.84,498.93,482.47,521.64,high
cam10__frame_00000.jpg,124,459.84,503.21,482.75,526.19,high
cam10__frame_00000.jpg,125,458.89,507.48,481.41,530.06,high
cam10__frame_00000.jpg,126,459.13,512.93,481.91,535.78,high
cam10__frame_00000.jpg,127,478.66,486.68,540.32,549.39,low
cam10__frame_00000.jpg,128,480.3,519.5,512.18,551.46,high
cam10__frame_00000.jpg,129,479.47,523.87,511.35,555.83,high
cam10__frame_00000.jpg,130,478.37,528.53,510.25,560.5,high
cam10__frame_00000.jpg,131,477.0,532.38,508.88,564.34,high
cam10__frame_00000.jpg,132,474.81,535.67,506.68,567.63,high
cam10__frame_00000.jpg,133,367.9,414.05,382.18,478.36,medium
cam10__frame_00000.jpg,134,382.18,443.07,397.54,505.68,medium
cam10__frame_00000.jpg,135,396.4,473.24,412.34,532.99,medium
cam10__frame_00000.jpg,136,412.34,486.89,427.71,543.24,medium
cam10__frame_00000.jpg,137,428.09,511.6,451.2,570.4,medium
cam10__frame_00000.jpg,138,450.57,542.58,465.64,610.92,medium
cam10__frame_00000.jpg,139,404.65,544.78,426.32,596.59,high
cam10__frame_00000.jpg,140,427.79,575.65,448.0,630.03,high
cam10__frame_00000.jpg,141,385.91,543.68,400.6,559.85,medium
cam10__frame_00000.jpg,142,449.47,618.64,467.84,640.0,high
cam10__frame_00000.jpg,143,490.26,606.51,523.7,640.0,high
cam10__frame_00000.jpg,144,594.82,595.54,617.76,621.48,medium
cam10__frame_00000.jpg,145,622.86,133.41,640.0,200.57,medium
cam10__frame_00000.jpg,146,597.82,115.8,621.15,191.46,medium
cam10__frame_00000.jpg,147,574.4,115.66,594.28,175.55,medium
cam10__frame_00000.jpg,148,552.61,109.93,572.92,164.0,medium
cam10__frame_00000.jpg,149,536.42,91.82,551.79,115.97,medium
cam10__frame_00000.jpg,150,536.42,113.5,552.61,132.16,medium
cam10__frame_00000.jpg,151,536.14,130.52,552.06,148.36,medium
cam10__frame_00000.jpg,152,526.81,73.43,536.42,106.91,medium
cam10__frame_00000.jpg,153,526.26,106.36,536.42,116.79,medium
cam10__frame_00000.jpg,154,524.62,115.69,536.14,127.5,medium
cam10__frame_00000.jpg,155,525.71,126.67,536.42,140.4,medium
cam10__frame_00000.jpg,156,516.66,100.32,525.99,112.4,medium
cam10__frame_00000.jpg,157,515.56,111.58,525.99,123.38,medium
cam10__frame_00000.jpg,158,512.81,123.38,526.81,137.1,medium
cam10__frame_00000.jpg,159,490.82,106.03,513.94,128.08,medium
cam10__frame_00000.jpg,160,479.33,91.82,493.6,120.63,medium
cam10__frame_00000.jpg,161,468.38,95.93,479.6,115.15,medium
cam10__frame_00000.jpg,162,462.48,94.24,465.33,110.6,high
cam10__frame_00000.jpg,163,457.03,92.34,462.01,109.18,high
cam10__frame_00000.jpg,164,452.2,92.54,456.92,106.89,high
cam10__frame_00000.jpg,165,448.12,93.97,451.61,105.45,high
cam10__frame_00000.jpg,166,433.03,43.43,451.14,98.32,medium
cam10__frame_00000.jpg,167,418.4,45.9,433.03,96.13,medium
cam10__frame_00000.jpg,168,393.78,34.6,419.85,112.59,medium
cam10__frame_00000.jpg,169,450.35,122.39,465.42,139.29,low
cam10__frame_00000.jpg,170,481.58,122.75,495.91,153.62,low
cam10__frame_00000.jpg,171,508.04,153.99,523.1,172.36,low
cam10__frame_00000.jpg,172,523.84,161.33,542.95,184.12,low
cam10__frame_00000.jpg,173,263.52,33.89,291.12,58.21,low
cam10__frame_00000.jpg,174,263.96,50.9,296.75,76.92,low
cam10__frame_00000.jpg,175,274.48,82.26,303.93,126.85,low
cam10__frame_00000.jpg,176,264.51,69.35,298.07,87.41,medium
cam10__frame_00000.jpg,177,296.51,65.47,312.72,119.99,high
cam10__frame_00000.jpg,178,236.16,71.2,266.03,142.64,low
cam10__frame_00000.jpg,179,266.37,88.77,277.35,149.4,high
cam10__frame_00000.jpg,180,214.61,118.57,230.3,151.12,low
cam10__frame_00000.jpg,181,204.41,93.08,209.12,117.0,medium
cam10__frame_00000.jpg,182,209.89,94.83,214.59,118.75,medium
cam10__frame_00000.jpg,183,214.99,99.1,219.69,117.97,medium
cam10__frame_00000.jpg,184,220.08,101.1,224.79,117.19,medium
cam10__frame_00000.jpg,185,224.79,99.9,229.49,117.58,high
cam10__frame_00000.jpg,186,184.29,95.62,201.25,121.7,low
cam10__frame_00000.jpg,187,192.18,74.55,218.42,94.93,high
cam10__frame_00000.jpg,188,219.05,68.92,235.5,85.6,high
cam10__frame_00000.jpg,189,237.53,63.6,261.07,71.45,high
cam10__frame_00000.jpg,190,195.04,62.66,211.68,78.55,high
cam10__frame_00000.jpg,191,175.37,64.17,192.8,89.89,medium
cam10__frame_00000.jpg,192,208.34,49.24,231.63,68.49,medium
cam10__frame_00000.jpg,193,193.4,51.78,207.83,61.9,medium
cam10__frame_00000.jpg,194,296.4,158.53,303.24,167.16,low
cam10__frame_00000.jpg,195,295.6,168.33,303.83,176.96,low
cam10__frame_00000.jpg,196,295.99,176.17,304.22,184.8,low
cam10__frame_00000.jpg,197,295.6,184.8,303.83,193.43,low
cam10__frame_00000.jpg,198,297.56,193.03,305.79,201.66,medium
cam10__frame_00000.jpg,199,300.46,201.77,308.69,210.4,medium
cam10__frame_00000.jpg,200,304.39,179.45,312.63,188.08,medium
cam10__frame_00000.jpg,201,305.27,188.64,313.51,197.27,medium
cam10__frame_00000.jpg,202,308.11,198.49,316.35,207.12,medium
cam10__frame_00000.jpg,203,319.71,191.71,327.95,200.33,medium
cam10__frame_00000.jpg,204,270.47,307.7,295.98,333.82,medium
cam10__frame_00000.jpg,205,253.46,355.08,281.4,427.97,low
cam10__frame_00000.jpg,206,317.8,333.8,347.0,410.96,low
cam10__frame_00000.jpg,207,331.2,285.23,368.26,341.72,low
cam10__frame_00000.jpg,208,342.14,341.72,373.73,377.56,medium
cam10__frame_00000.jpg,209,244.96,253.6,263.2,270.04,medium
cam10__frame_00000.jpg,210,287.9,285.2,312.0,303.52,medium
cam10__frame_00007.jpg,0,385.81,270.06,407.89,292.41,medium
cam10__frame_00007.jpg,1,387.7,288.24,410.22,311.01,medium
cam10__frame_00007.jpg,2,385.53,301.97,408.03,324.73,high
cam10__frame_00007.jpg,3,400.04,259.54,480.41,340.1,low
cam10__frame_00007.jpg,4,400.32,309.36,441.64,354.69,low
cam10__frame_00007.jpg,5,186.7,99.3,201.25,121.7,low
cam10__frame_00007.jpg,6,214.61,118.57,230.3,151.12,low
cam10__frame_00007.jpg,7,175.37,64.17,192.8,79.6,high
cam10__frame_00007.jpg,8,198.5,74.56,218.42,92.4,high
cam10__frame_00007.jpg,9,195.04,62.66,211.68,78.55,high
cam10__frame_00007.jpg,10,193.4,51.78,207.83,61.9,medium
cam10__frame_00007.jpg,11,219.05,68.92,235.5,85.6,high
cam10__frame_00007.jpg,12,208.34,49.24,231.63,68.49,medium
cam10__frame_00007.jpg,13,236.16,71.2,266.03,142.64,low
cam10__frame_00007.jpg,14,237.53,63.6,261.07,71.45,high
cam10__frame_00007.jpg,15,266.37,88.77,277.35,124.45,high
cam10__frame_00007.jpg,16,274.48,82.26,303.93,126.85,low
cam10__frame_00007.jpg,17,264.51,69.35,298.07,87.41,medium
cam10__frame_00007.jpg,18,263.96,50.9,296.75,76.92,low
cam10__frame_00007.jpg,19,263.52,33.89,291.12,58.21,low
cam10__frame_00007.jpg,20,296.51,65.47,312.72,119.99,high
cam10__frame_00007.jpg,21,450.35,122.39,465.42,139.29,low
cam10__frame_00007.jpg,22,481.58,122.75,495.91,153.62,low
cam10__frame_00007.jpg,23,508.04,153.99,523.1,172.36,low
cam10__frame_00007.jpg,24,523.84,161.33,542.95,184.12,low
cam10__frame_00007.jpg,25,622.86,133.41,640.0,200.57,medium
cam10__frame_00007.jpg,26,597.82,115.8,621.15,191.46,medium
cam10__frame_00007.jpg,27,574.4,115.66,594.28,175.55,medium
cam10__frame_00007.jpg,28,552.61,109.93,572.92,164.0,medium
cam10__frame_00007.jpg,29,536.14,130.52,552.06,148.36,medium
cam10__frame_00007.jpg,30,536.42,113.5,552.61,132.16,medium
cam10__frame_00007.jpg,31,536.42,91.82,551.79,115.97,medium
cam10__frame_00007.jpg,32,525.71,126.67,536.42,140.4,medium
cam10__frame_00007.jpg,33,524.62,115.69,536.14,127.5,medium
cam10__frame_00007.jpg,34,526.26,106.36,536.42,116.79,medium
cam10__frame_00007.jpg,35,526.81,73.43,536.42,106.91,medium
cam10__frame_00007.jpg,36,296.4,158.53,303.24,167.16,low
cam10__frame_00007.jpg,37,295.6,168.33,303.83,176.96,low
cam10__frame_00007.jpg,38,295.99,176.17,304.22,184.8,low
cam10__frame_00007.jpg,39,295.6,184.8,303.83,193.43,low
cam10__frame_00007.jpg,40,434.2,180.8,478.6,211.25,low
cam10__frame_00007.jpg,41,422.2,211.25,480.45,251.45,medium
cam10__frame_00007.jpg,42,374.17,186.8,432.4,258.38,low
cam10__frame_00007.jpg,43,599.63,393.13,640.0,438.01,high
cam10__frame_00007.jpg,44,599.69,371.88,640.0,419.34,high
cam10__frame_00007.jpg,45,600.9,348.06,640.0,395.52,high
cam10__frame_00007.jpg,46,605.71,332.22,640.0,367.34,high
cam10__frame_00007.jpg,47,297.56,193.03,305.79,201.66,medium
cam10__frame_00007.jpg,48,300.46,201.77,308.69,210.4,medium
cam10__frame_00007.jpg,49,304.39,179.45,312.63,188.08,medium
cam10__frame_00007.jpg,50,305.27,188.64,313.51,197.27,medium
cam10__frame_00007.jpg,51,308.11,198.49,316.35,207.12,medium
cam10__frame_00007.jpg,52,319.71,191.71,327.95,200.33,medium
cam10__frame_00007.jpg,53,287.9,285.2,312.0,303.52,medium
cam10__frame_00007.jpg,54,270.47,307.7,295.98,333.82,medium
cam10__frame_00007.jpg,55,331.2,285.23,368.26,341.72,low
cam10__frame_00007.jpg,56,342.14,341.72,373.73,377.56,medium
cam10__frame_00007.jpg,57,253.46,355.08,281.4,427.97,low
cam10__frame_00007.jpg,58,320.26,367.09,343.47,405.33,high
cam10__frame_00007.jpg,59,352.8,67.5,361.65,91.5,medium
cam10__frame_00007.jpg,60,319.36,62.94,324.05,79.04,medium
cam10__frame_00007.jpg,61,315.0,58.91,319.02,78.37,medium
cam10__frame_00007.jpg,62,308.63,49.65,314.39,77.47,medium
cam10__frame_00007.jpg,63,305.37,46.9,308.38,65.69,medium
cam10__frame_00007.jpg,64,295.35,46.15,305.12,66.69,high
cam10__frame_00007.jpg,65,339.01,29.34,351.47,47.31,medium
cam10__frame_00007.jpg,66,327.99,29.63,339.59,44.99,medium
cam10__frame_00007.jpg,67,296.41,34.19,302.8,41.9,medium
cam10__frame_00007.jpg,68,295.07,21.77,305.13,26.47,medium
cam10__frame_00007.jpg,69,298.09,17.41,308.15,23.1,medium
cam10__frame_00007.jpg,70,341.54,212.42,351.41,223.85,high
cam10__frame_00007.jpg,71,152.98,508.56,189.15,539.08,high
cam10__frame_00007.jpg,72,141.08,412.07,235.52,467.49,low
cam10__frame_00007.jpg,73,145.5,401.25,224.2,440.65,low
cam10__frame_00007.jpg,74,141.35,391.63,221.86,440.17,medium
cam10__frame_00007.jpg,75,137.02,380.19,221.63,432.11,low
cam10__frame_00007.jpg,76,128.23,201.53,202.77,293.67,low
cam10__frame_00007.jpg,77,115.45,131.72,189.29,214.57,low
cam10__frame_00007.jpg,78,112.61,60.96,177.29,117.83,low
cam10__frame_00007.jpg,79,512.81,123.38,526.81,137.1,medium
cam10__frame_00007.jpg,80,515.56,111.58,525.99,123.38,medium
cam10__frame_00007.jpg,81,516.66,100.32,525.99,112.4,medium
cam10__frame_00007.jpg,82,490.82,106.03,513.94,128.08,medium
cam10__frame_00007.jpg,83,479.33,91.82,493.6,120.63,medium
cam10__frame_00007.jpg,84,468.38,95.93,479.6,115.15,medium
cam10__frame_00007.jpg,85,462.48,94.24,465.33,110.6,high
cam10__frame_00007.jpg,86,457.03,92.34,462.01,109.18,high
cam10__frame_00007.jpg,87,452.2,92.54,456.92,106.89,high
cam10__frame_00007.jpg,88,448.12,93.97,451.61,105.45,high
cam10__frame_00007.jpg,89,433.03,43.43,451.14,98.32,medium
cam10__frame_00007.jpg,90,418.4,45.9,433.03,96.13,medium
cam10__frame_00007.jpg,91,393.78,34.6,419.85,112.59,medium
cam10__frame_00007.jpg,92,449.47,618.64,467.84,640.0,high
cam10__frame_00007.jpg,93,427.79,575.65,448.0,630.03,high
cam10__frame_00007.jpg,94,404.65,544.78,426.32,596.59,high
cam10__frame_00007.jpg,95,385.91,543.68,400.6,559.85,medium
cam10__frame_00007.jpg,96,490.26,606.51,523.7,640.0,high
cam10__frame_00007.jpg,97,450.57,542.58,465.64,610.92,medium
cam10__frame_00007.jpg,98,428.09,511.6,451.2,570.4,medium
cam10__frame_00007.jpg,99,412.34,486.89,427.71,543.24,medium
cam10__frame_00007.jpg,100,396.4,473.24,412.34,532.99,medium
cam10__frame_00007.jpg,101,382.18,443.07,397.54,505.68,medium
cam10__frame_00007.jpg,102,367.9,414.05,382.18,478.36,medium
cam10__frame_00007.jpg,103,474.81,535.67,506.68,567.63,high
cam10__frame_00007.jpg,104,477.0,532.38,508.88,564.34,high
cam10__frame_00007.jpg,105,478.37,528.53,510.25,560.5,high
cam10__frame_00007.jpg,106,479.47,523.87,511.35,555.83,high
cam10__frame_00007.jpg,107,480.3,519.5,512.18,551.46,high
cam10__frame_00007.jpg,108,478.66,486.68,540.32,549.39,low
cam10__frame_00007.jpg,109,459.13,512.93,481.91,535.78,high
cam10__frame_00007.jpg,110,391.63,328.5,405.98,342.88,high
cam10__frame_00007.jpg,111,391.69,332.72,406.03,347.1,high
cam10__frame_00007.jpg,112,392.45,338.33,404.5,350.41,high
cam10__frame_00007.jpg,113,390.3,341.53,402.72,353.97,high
cam10__frame_00007.jpg,114,379.97,344.11,401.94,366.41,low
cam10__frame_00007.jpg,115,378.58,356.28,390.62,368.36,high
cam10__frame_00007.jpg,116,378.31,360.35,390.38,372.44,high
cam10__frame_00007.jpg,117,378.32,364.43,390.37,376.51,high
cam10__frame_00007.jpg,118,378.07,368.76,390.11,380.84,high
cam10__frame_00007.jpg,119,365.57,368.6,387.54,390.89,low
cam10__frame_00007.jpg,120,364.15,380.53,376.2,392.61,high
cam10__frame_00007.jpg,121,405.94,362.43,424.86,381.91,medium
cam10__frame_00007.jpg,122,406.72,374.9,417.59,385.79,high
cam10__frame_00007.jpg,123,406.79,379.59,417.64,390.47,high
cam10__frame_00007.jpg,124,407.45,384.65,418.3,395.53,high
cam10__frame_00007.jpg,125,405.9,387.73,416.1,397.95,high
cam10__frame_00007.jpg,126,405.81,392.71,413.91,400.82,high
cam10__frame_00007.jpg,127,385.66,391.0,400.26,405.54,medium
cam10__frame_00007.jpg,128,384.44,397.97,396.49,410.05,high
cam10__frame_00007.jpg,129,382.08,400.03,394.13,412.11,high
cam10__frame_00007.jpg,130,381.78,404.74,393.85,416.83,high
cam10__frame_00007.jpg,131,394.74,399.64,414.89,420.36,medium
cam10__frame_00007.jpg,132,392.69,410.34,405.33,423.02,high
cam10__frame_00007.jpg,133,391.5,413.87,404.14,426.54,high
cam10__frame_00007.jpg,134,392.69,420.95,404.74,433.03,high
cam10__frame_00007.jpg,135,407.15,380.49,452.41,426.0,low
cam10__frame_00007.jpg,136,413.34,411.66,429.55,427.91,high
cam10__frame_00007.jpg,137,411.45,414.53,427.66,430.77,high
cam10__frame_00007.jpg,138,408.98,417.19,425.18,433.43,high
cam10__frame_00007.jpg,139,407.67,421.02,423.09,436.48,high
cam10__frame_00007.jpg,140,405.51,423.54,420.81,438.88,high
cam10__frame_00007.jpg,141,404.85,428.1,419.29,442.57,high
cam10__frame_00007.jpg,142,403.85,430.89,418.33,445.42,high
cam10__frame_00007.jpg,143,404.53,437.1,416.24,448.84,high
cam10__frame_00007.jpg,144,429.11,406.46,474.37,451.98,low
cam10__frame_00007.jpg,145,427.81,428.22,446.83,447.3,high
cam10__frame_00007.jpg,146,425.59,430.4,444.61,449.48,high
cam10__frame_00007.jpg,147,423.1,432.53,445.02,454.51,high
cam10__frame_00007.jpg,148,421.34,435.55,444.47,458.75,high
cam10__frame_00007.jpg,149,419.38,438.2,442.59,461.47,high
cam10__frame_00007.jpg,150,417.08,441.03,441.34,465.37,high
cam10__frame_00007.jpg,151,415.31,444.58,438.92,468.25,high
cam10__frame_00007.jpg,152,413.55,447.95,437.16,471.63,high
cam10__frame_00007.jpg,153,443.5,428.83,497.15,480.07,low
cam10__frame_00007.jpg,154,444.45,465.43,464.28,486.45,high
cam10__frame_00007.jpg,155,444.11,473.98,461.87,492.78,high
cam10__frame_00007.jpg,156,444.89,484.13,461.87,502.05,high
cam10__frame_00007.jpg,157,444.43,492.88,460.45,509.7,high
cam10__frame_00007.jpg,158,463.21,461.21,509.8,507.58,low
cam10__frame_00007.jpg,159,462.42,485.03,484.67,509.95,high
cam10__frame_00007.jpg,160,461.55,489.65,484.58,513.87,high
cam10__frame_00007.jpg,161,460.08,494.19,483.69,517.87,high
cam10__frame_00007.jpg,162,459.84,498.93,482.47,521.64,high
cam10__frame_00007.jpg,163,459.84,503.21,482.75,526.19,high
cam10__frame_00007.jpg,164,458.89,507.48,481.41,530.06,high
cam10__frame_00007.jpg,165,594.95,304.05,640.0,348.14,high
cam10__frame_00007.jpg,166,606.5,263.23,640.0,309.4,medium
cam10__frame_00007.jpg,167,525.84,489.72,569.4,526.36,low
cam10__frame_00007.jpg,168,519.72,465.81,571.8,511.37,medium
cam10__frame_00007.jpg,169,520.04,445.92,576.23,495.25,medium
cam10__frame_00007.jpg,170,523.97,429.06,578.53,476.74,medium
cam10__frame_00007.jpg,171,524.23,411.06,578.21,458.22,medium
cam10__frame_00007.jpg,172,525.82,391.44,584.78,443.29,medium
cam10__frame_00007.jpg,173,529.27,372.5,587.24,423.36,medium
cam10__frame_00007.jpg,174,531.43,352.64,587.73,402.18,medium
cam10__frame_00007.jpg,175,534.43,334.49,592.01,384.66,medium
cam10__frame_00007.jpg,176,531.13,283.39,617.8,367.66,low
cam10__frame_00007.jpg,177,575.8,267.23,610.69,306.77,high
cam10__frame_00007.jpg,178,452.2,345.5,522.0,424.9,low
cam10__frame_00007.jpg,179,495.3,296.4,535.71,364.01,low
cam10__frame_00007.jpg,180,528.09,260.95,578.0,307.75,medium
cam10__frame_00007.jpg,181,530.68,241.48,580.58,288.26,low
cam10__frame_00007.jpg,182,405.97,353.38,445.11,386.23,medium
cam10__frame_00007.jpg,183,404.28,334.61,441.46,369.78,low
cam10__frame_00007.jpg,184,371.4,255.15,395.43,294.42,high
cam10__frame_00007.jpg,185,482.3,192.77,535.4,293.04,low
cam10__frame_00007.jpg,186,449.61,243.63,503.07,302.44,medium
cam10__frame_00008.jpg,0,425.59,430.4,444.61,449.48,high
cam10__frame_00008.jpg,1,421.34,435.55,444.47,458.75,high
cam10__frame_00008.jpg,2,419.38,438.2,442.59,461.47,high
cam10__frame_00008.jpg,3,599.63,393.13,640.0,438.01,high
cam10__frame_00008.jpg,4,599.69,371.88,640.0,419.34,high
cam10__frame_00008.jpg,5,600.9,348.06,640.0,395.52,high
cam10__frame_00008.jpg,6,605.71,332.22,640.0,367.34,high
cam10__frame_00008.jpg,7,594.95,304.05,640.0,348.14,high
cam10__frame_00008.jpg,8,606.5,263.23,640.0,309.4,medium
cam10__frame_00008.jpg,9,525.84,489.72,569.4,526.36,low
cam10__frame_00008.jpg,10,519.72,465.81,571.8,511.37,medium
cam10__frame_00008.jpg,11,520.04,445.92,576.23,495.25,medium
cam10__frame_00008.jpg,12,523.97,429.06,578.53,476.74,medium
cam10__frame_00008.jpg,13,524.23,411.06,578.21,458.22,medium
cam10__frame_00008.jpg,14,525.82,391.44,584.78,443.29,medium
cam10__frame_00008.jpg,15,529.27,372.5,587.24,423.36,medium
cam10__frame_00008.jpg,16,531.43,352.64,587.73,402.18,medium
cam10__frame_00008.jpg,17,534.43,334.49,592.01,384.66,medium
cam10__frame_00008.jpg,18,531.13,283.39,617.8,367.66,low
cam10__frame_00008.jpg,19,575.8,267.23,610.69,306.77,high
cam10__frame_00008.jpg,20,452.2,345.5,522.0,424.9,low
cam10__frame_00008.jpg,21,495.3,296.4,535.71,364.01,low
cam10__frame_00008.jpg,22,528.09,260.95,578.0,307.75,medium
cam10__frame_00008.jpg,23,530.68,241.48,580.58,288.26,low
cam10__frame_00008.jpg,24,405.97,353.38,445.11,386.23,medium
cam10__frame_00008.jpg,25,404.28,334.61,441.46,369.78,low
cam10__frame_00008.jpg,26,400.32,309.36,441.64,354.69,low
cam10__frame_00008.jpg,27,400.04,259.54,480.41,340.1,low
cam10__frame_00008.jpg,28,385.53,301.97,408.03,324.73,high
cam10__frame_00008.jpg,29,387.7,288.24,410.22,311.01,medium
cam10__frame_00008.jpg,30,385.81,270.06,407.89,292.41,medium
cam10__frame_00008.jpg,31,449.61,243.63,503.07,302.44,medium
cam10__frame_00008.jpg,32,482.3,192.77,535.4,293.04,low
cam10__frame_00008.jpg,33,422.2,211.25,480.45,251.45,medium
cam10__frame_00008.jpg,34,434.2,180.8,478.6,211.25,low
cam10__frame_00008.jpg,35,371.4,255.15,395.43,294.42,high
cam10__frame_00008.jpg,36,374.17,186.8,432.4,258.38,low
cam10__frame_00008.jpg,37,112.61,60.96,177.29,117.83,low
cam10__frame_00008.jpg,38,115.45,131.72,189.29,214.57,low
cam10__frame_00008.jpg,39,128.23,201.53,202.77,293.67,low
cam10__frame_00008.jpg,40,137.02,380.19,221.63,432.11,low
cam10__frame_00008.jpg,41,141.35,391.63,221.86,440.17,medium
cam10__frame_00008.jpg,42,145.5,401.25,224.2,440.65,low
cam10__frame_00008.jpg,43,141.08,412.07,235.52,467.49,low
cam10__frame_00008.jpg,44,152.98,508.56,189.15,539.08,high
cam10__frame_00008.jpg,45,355.62,241.72,363.93,275.5,high
cam10__frame_00008.jpg,46,364.97,246.4,374.85,281.21,high
cam10__frame_00008.jpg,47,341.54,212.42,351.41,223.85,high
cam10__frame_00008.jpg,48,349.39,190.8,357.18,225.62,high
cam10__frame_00008.jpg,49,358.22,194.44,368.09,231.33,high
cam10__frame_00008.jpg,50,368.09,198.6,374.85,234.45,high
cam10__frame_00008.jpg,51,350.93,160.3,360.36,172.0,high
cam10__frame_00008.jpg,52,298.09,17.41,308.15,23.1,medium
cam10__frame_00008.jpg,53,295.07,21.77,305.13,26.47,medium
cam10__frame_00008.jpg,54,305.8,20.77,310.5,27.81,high
cam10__frame_00008.jpg,55,296.74,27.92,308.2,35.0,medium
cam10__frame_00008.jpg,56,296.41,34.19,308.49,41.9,medium
cam10__frame_00008.jpg,57,308.35,26.79,312.8,41.39,medium
cam10__frame_00008.jpg,58,314.65,17.74,323.06,29.63,high
cam10__frame_00008.jpg,59,318.42,29.92,326.25,42.67,medium
cam10__frame_00008.jpg,60,327.99,29.63,339.59,44.99,medium
cam10__frame_00008.jpg,61,339.01,29.34,351.47,47.31,medium
cam10__frame_00008.jpg,62,350.6,35.71,365.68,48.76,medium
cam10__frame_00008.jpg,63,295.35,46.15,305.12,66.69,high
cam10__frame_00008.jpg,64,305.37,46.9,308.38,65.69,medium
cam10__frame_00008.jpg,65,308.63,49.65,314.39,77.47,medium
cam10__frame_00008.jpg,66,315.0,58.91,319.02,78.37,medium
cam10__frame_00008.jpg,67,319.36,62.94,324.05,79.04,medium
cam10__frame_00008.jpg,68,333.54,67.52,341.05,85.54,medium
cam10__frame_00008.jpg,69,340.8,67.75,349.07,87.04,medium
cam10__frame_00008.jpg,70,349.07,71.0,353.33,86.79,high
cam10__frame_00008.jpg,71,352.8,67.5,361.65,91.5,medium
cam10__frame_00008.jpg,72,362.17,74.31,369.44,96.13,medium
cam10__frame_00008.jpg,73,253.46,355.08,281.4,427.97,low
cam10__frame_00008.jpg,74,319.2,362.5,347.0,410.96,high
cam10__frame_00008.jpg,75,342.14,341.72,373.73,377.56,medium
cam10__frame_00008.jpg,76,331.2,285.23,368.26,341.72,low
cam10__frame_00008.jpg,77,270.47,307.7,295.98,333.82,medium
cam10__frame_00008.jpg,78,287.9,285.2,312.0,303.52,medium
cam10__frame_00008.jpg,79,319.71,191.71,327.95,200.33,medium
cam10__frame_00008.jpg,80,308.11,198.49,316.35,207.12,medium
cam10__frame_00008.jpg,81,305.27,188.64,313.51,197.27,medium
cam10__frame_00008.jpg,82,304.39,179.45,312.63,188.08,medium
cam10__frame_00008.jpg,83,300.46,201.77,308.69,210.4,medium
cam10__frame_00008.jpg,84,297.56,193.03,305.79,201.66,medium
cam10__frame_00008.jpg,85,295.6,184.8,303.83,193.43,low
cam10__frame_00008.jpg,86,295.99,176.17,304.22,184.8,low
cam10__frame_00008.jpg,87,295.6,168.33,303.83,176.96,low
cam10__frame_00008.jpg,88,296.4,158.53,303.24,167.16,low
cam10__frame_00008.jpg,89,417.08,441.03,441.34,465.37,high
cam10__frame_00008.jpg,90,415.31,444.58,438.92,468.25,high
cam10__frame_00008.jpg,91,413.55,447.95,437.16,471.63,high
cam10__frame_00008.jpg,92,443.5,428.83,497.15,480.07,low
cam10__frame_00008.jpg,93,444.45,465.43,464.28,486.45,high
cam10__frame_00008.jpg,94,444.11,473.98,461.87,492.78,high
cam10__frame_00008.jpg,95,444.89,484.13,461.87,502.05,high
cam10__frame_00008.jpg,96,444.43,492.88,460.45,509.7,high
cam10__frame_00008.jpg,97,463.21,461.21,509.8,507.58,low
cam10__frame_00008.jpg,98,462.42,485.03,484.67,509.95,high
cam10__frame_00008.jpg,99,461.55,489.65,484.58,513.87,high
cam10__frame_00008.jpg,100,460.08,494.19,483.69,517.87,high
cam10__frame_00008.jpg,101,459.84,498.93,482.47,521.64,high
cam10__frame_00008.jpg,102,459.84,503.21,482.75,526.19,high
cam10__frame_00008.jpg,103,458.89,507.48,481.41,530.06,high
cam10__frame_00008.jpg,104,459.13,512.93,481.91,535.78,high
cam10__frame_00008.jpg,105,478.66,486.68,540.32,549.39,low
cam10__frame_00008.jpg,106,480.3,519.5,512.18,551.46,high
cam10__frame_00008.jpg,107,479.47,523.87,511.35,555.83,high
cam10__frame_00008.jpg,108,478.37,528.53,510.25,560.5,high
cam10__frame_00008.jpg,109,477.0,532.38,508.88,564.34,high
cam10__frame_00008.jpg,110,474.81,535.67,506.68,567.63,high
cam10__frame_00008.jpg,111,367.9,414.05,382.18,478.36,medium
cam10__frame_00008.jpg,112,382.18,443.07,397.54,505.68,medium
cam10__frame_00008.jpg,113,396.4,473.24,412.34,532.99,medium
cam10__frame_00008.jpg,114,412.34,486.89,427.71,543.24,medium
cam10__frame_00008.jpg,115,428.09,511.6,451.2,570.4,medium
cam10__frame_00008.jpg,116,450.57,542.58,465.64,610.92,medium
cam10__frame_00008.jpg,117,490.26,606.51,523.7,640.0,high
cam10__frame_00008.jpg,118,385.91,543.68,400.6,559.85,medium
cam10__frame_00008.jpg,119,404.65,544.78,426.32,596.59,high
cam10__frame_00008.jpg,120,427.79,575.65,448.0,630.03,high
cam10__frame_00008.jpg,121,449.47,618.64,467.84,640.0,high
cam10__frame_00008.jpg,122,393.78,34.6,419.85,112.59,medium
cam10__frame_00008.jpg,123,418.4,45.9,433.03,96.13,medium
cam10__frame_00008.jpg,124,433.03,43.43,451.14,98.32,medium
cam10__frame_00008.jpg,125,448.12,93.97,451.61,105.45,high
cam10__frame_00008.jpg,126,452.2,92.54,456.92,106.89,high
cam10__frame_00008.jpg,127,457.03,92.34,462.01,109.18,high
cam10__frame_00008.jpg,128,462.48,94.24,465.33,110.6,high
cam10__frame_00008.jpg,129,468.38,95.93,479.6,115.15,medium
cam10__frame_00008.jpg,130,479.33,91.82,493.6,120.63,medium
cam10__frame_00008.jpg,131,490.82,106.03,513.94,128.08,medium
cam10__frame_00008.jpg,132,516.66,100.32,525.99,112.4,medium
cam10__frame_00008.jpg,133,515.56,111.58,525.99,123.38,medium
cam10__frame_00008.jpg,134,512.81,123.38,526.81,137.1,medium
cam10__frame_00008.jpg,135,526.81,73.43,536.42,106.91,medium
cam10__frame_00008.jpg,136,526.26,106.36,536.42,116.79,medium
cam10__frame_00008.jpg,137,524.62,115.69,536.14,127.5,medium
cam10__frame_00008.jpg,138,525.71,126.67,536.42,140.4,medium
cam10__frame_00008.jpg,139,536.42,91.82,551.79,115.97,medium
cam10__frame_00008.jpg,140,536.42,113.5,552.61,132.16,medium
cam10__frame_00008.jpg,141,536.14,130.52,552.06,148.36,medium
cam10__frame_00008.jpg,142,552.61,109.93,572.92,164.0,medium
cam10__frame_00008.jpg,143,574.4,115.66,594.28,175.55,medium
cam10__frame_00008.jpg,144,597.82,115.8,621.15,191.46,medium
cam10__frame_00008.jpg,145,622.86,133.41,640.0,200.57,medium
cam10__frame_00008.jpg,146,523.84,161.33,542.95,184.12,low
cam10__frame_00008.jpg,147,508.04,153.99,523.1,172.36,low
cam10__frame_00008.jpg,148,481.58,122.75,495.91,153.62,low
cam10__frame_00008.jpg,149,450.35,122.39,465.42,139.29,low
cam10__frame_00008.jpg,150,296.51,65.47,312.72,119.99,high
cam10__frame_00008.jpg,151,263.52,33.89,291.12,58.21,low
cam10__frame_00008.jpg,152,263.96,50.9,296.75,76.92,low
cam10__frame_00008.jpg,153,264.51,69.35,298.07,87.41,medium
cam10__frame_00008.jpg,154,274.48,82.26,303.93,126.85,low
cam10__frame_00008.jpg,155,266.37,88.77,277.35,124.45,high
cam10__frame_00008.jpg,156,237.53,63.6,261.07,71.45,high
cam10__frame_00008.jpg,157,236.16,71.2,266.03,142.64,low
cam10__frame_00008.jpg,158,208.34,49.24,231.63,68.49,medium
cam10__frame_00008.jpg,159,219.05,68.92,235.5,85.6,high
cam10__frame_00008.jpg,160,195.04,62.66,211.68,78.55,high
cam10__frame_00008.jpg,161,194.78,74.55,218.42,93.89,high
cam10__frame_00008.jpg,162,175.37,64.2,188.5,79.0,high
cam10__frame_00008.jpg,163,214.61,118.57,230.3,151.12,low
cam10__frame_00008.jpg,164,189.1,99.3,196.4,119.9,low
cam10__frame_00008.jpg,165,391.63,328.5,405.98,342.88,high
cam10__frame_00008.jpg,166,391.69,332.72,406.03,347.1,high
cam10__frame_00008.jpg,167,392.45,338.33,404.5,350.41,high
cam10__frame_00008.jpg,168,390.3,341.53,402.72,353.97,high
cam10__frame_00008.jpg,169,379.97,344.11,401.94,366.41,low
cam10__frame_00008.jpg,170,378.58,356.28,390.62,368.36,high
cam10__frame_00008.jpg,171,378.31,360.35,390.38,372.44,high
cam10__frame_00008.jpg,172,378.32,364.43,390.37,376.51,high
cam10__frame_00008.jpg,173,378.07,368.76,390.11,380.84,high
cam10__frame_00008.jpg,174,365.57,368.6,387.54,390.89,low
cam10__frame_00008.jpg,175,364.15,380.53,376.2,392.61,high
cam10__frame_00008.jpg,176,405.94,362.43,424.86,381.91,medium
cam10__frame_00008.jpg,177,406.72,374.9,417.59,385.79,high
cam10__frame_00008.jpg,178,406.79,379.59,417.64,390.47,high
cam10__frame_00008.jpg,179,407.45,384.65,418.3,395.53,high
cam10__frame_00008.jpg,180,405.9,387.73,416.1,397.95,high
cam10__frame_00008.jpg,181,405.81,392.71,413.91,400.82,high
cam10__frame_00008.jpg,182,385.66,391.0,400.26,405.54,medium
cam10__frame_00008.jpg,183,384.44,397.97,396.49,410.05,high
cam10__frame_00008.jpg,184,382.08,400.03,394.13,412.11,high
cam10__frame_00008.jpg,185,381.78,404.74,393.85,416.83,high
cam10__frame_00008.jpg,186,394.74,399.64,414.89,420.36,medium
cam10__frame_00008.jpg,187,392.69,410.34,405.33,423.02,high
cam10__frame_00008.jpg,188,391.5,413.87,404.14,426.54,high
cam10__frame_00008.jpg,189,392.69,420.95,404.74,433.03,high
cam10__frame_00008.jpg,190,407.15,380.49,452.41,426.0,low
cam10__frame_00008.jpg,191,413.34,411.66,429.55,427.91,high
cam10__frame_00008.jpg,192,411.45,414.53,427.66,430.77,high
cam10__frame_00008.jpg,193,408.98,417.19,425.18,433.43,high
cam10__frame_00008.jpg,194,407.67,421.02,423.09,436.48,high
cam10__frame_00008.jpg,195,405.51,423.54,420.81,438.88,high
cam10__frame_00008.jpg,196,404.85,428.1,419.29,442.57,high
cam10__frame_00008.jpg,197,403.85,430.89,418.33,445.42,high
cam10__frame_00008.jpg,198,404.53,437.1,416.24,448.84,high
cam10__frame_00008.jpg,199,429.11,406.46,474.37,451.98,low
cam10__frame_00008.jpg,200,427.81,428.22,446.83,447.3,high
cam10__frame_00008.jpg,201,423.1,432.53,445.02,454.51,high
cam10__frame_00025.jpg,0,385.91,543.68,400.6,559.85,medium
cam10__frame_00025.jpg,1,404.65,544.78,426.32,596.59,high
cam10__frame_00025.jpg,2,427.79,575.65,448.0,630.03,high
cam10__frame_00025.jpg,3,449.47,618.64,467.84,640.0,high
cam10__frame_00025.jpg,4,393.78,34.6,416.3,96.7,medium
cam10__frame_00025.jpg,5,418.4,45.9,433.03,96.13,medium
cam10__frame_00025.jpg,6,433.03,43.43,451.14,98.32,medium
cam10__frame_00025.jpg,7,448.12,93.97,451.61,105.45,high
cam10__frame_00025.jpg,8,452.2,92.54,456.92,106.89,high
cam10__frame_00025.jpg,9,457.03,92.34,462.01,109.18,high
cam10__frame_00025.jpg,10,462.48,94.24,465.33,110.6,high
cam10__frame_00025.jpg,11,468.38,95.93,479.6,115.15,medium
cam10__frame_00025.jpg,12,479.33,91.82,493.6,120.63,medium
cam10__frame_00025.jpg,13,490.82,106.03,513.94,128.08,medium
cam10__frame_00025.jpg,14,516.66,100.32,525.99,112.4,medium
cam10__frame_00025.jpg,15,515.56,111.58,525.99,123.38,medium
cam10__frame_00025.jpg,16,512.81,123.38,526.81,137.1,medium
cam10__frame_00025.jpg,17,526.81,73.43,536.42,106.91,medium
cam10__frame_00025.jpg,18,526.26,106.36,536.42,116.79,medium
cam10__frame_00025.jpg,19,524.62,115.69,536.14,127.5,medium
cam10__frame_00025.jpg,20,525.71,126.67,536.42,140.4,medium
cam10__frame_00025.jpg,21,536.42,91.82,551.79,115.97,medium
cam10__frame_00025.jpg,22,536.42,113.5,552.61,132.16,medium
cam10__frame_00025.jpg,23,536.14,130.52,552.06,148.36,medium
cam10__frame_00025.jpg,24,552.61,109.93,572.92,164.0,medium
cam10__frame_00025.jpg,25,574.4,115.66,594.28,175.55,medium
cam10__frame_00025.jpg,26,597.82,115.8,621.15,191.46,medium
cam10__frame_00025.jpg,27,622.86,133.41,640.0,200.57,medium
cam10__frame_00025.jpg,28,399.99,93.64,431.47,129.06,low
cam10__frame_00025.jpg,29,486.1,165.0,516.6,191.52,medium
cam10__frame_00025.jpg,30,296.51,65.47,312.72,119.99,high
cam10__frame_00025.jpg,31,263.52,33.89,291.12,58.21,low
cam10__frame_00025.jpg,32,263.96,50.9,296.75,76.92,low
cam10__frame_00025.jpg,33,264.51,69.35,298.07,87.41,medium
cam10__frame_00025.jpg,34,274.48,82.26,303.93,126.85,low
cam10__frame_00025.jpg,35,266.37,88.77,277.35,124.45,high
cam10__frame_00025.jpg,36,237.53,63.6,261.07,71.45,high
cam10__frame_00025.jpg,37,236.16,71.2,266.03,142.64,low
cam10__frame_00025.jpg,38,208.34,49.24,231.63,68.49,medium
cam10__frame_00025.jpg,39,219.05,68.92,235.5,85.6,high
cam10__frame_00025.jpg,40,193.4,51.78,207.83,61.9,medium
cam10__frame_00025.jpg,41,195.04,62.66,211.68,78.55,high
cam10__frame_00025.jpg,42,192.18,74.55,218.42,94.93,high
cam10__frame_00025.jpg,43,175.37,64.17,192.8,89.89,medium
cam10__frame_00025.jpg,44,204.41,93.08,209.12,117.0,medium
cam10__frame_00025.jpg,45,209.89,94.83,214.59,118.75,medium
cam10__frame_00025.jpg,46,214.99,99.1,219.69,117.97,medium
cam10__frame_00025.jpg,47,220.08,101.1,224.79,117.19,medium
cam10__frame_00025.jpg,48,224.79,99.9,229.49,117.58,high
cam10__frame_00025.jpg,49,214.61,118.57,230.3,151.12,low
cam10__frame_00025.jpg,50,184.29,95.62,201.25,121.7,low
cam10__frame_00025.jpg,51,404.85,428.1,419.29,442.57,high
cam10__frame_00025.jpg,52,405.51,423.54,420.81,438.88,high
cam10__frame_00025.jpg,53,407.67,421.02,423.09,436.48,high
cam10__frame_00025.jpg,54,408.98,417.19,425.18,433.43,high
cam10__frame_00025.jpg,55,411.45,414.53,427.66,430.77,high
cam10__frame_00025.jpg,56,413.34,411.66,429.55,427.91,high
cam10__frame_00025.jpg,57,407.15,380.49,452.41,426.0,low
cam10__frame_00025.jpg,58,392.69,420.95,404.74,433.03,high
cam10__frame_00025.jpg,59,391.5,413.87,404.14,426.54,high
cam10__frame_00025.jpg,60,392.69,410.34,405.33,423.02,high
cam10__frame_00025.jpg,61,394.74,399.64,414.89,420.36,medium
cam10__frame_00025.jpg,62,381.78,404.74,393.85,416.83,high
cam10__frame_00025.jpg,63,382.08,400.03,394.13,412.11,high
cam10__frame_00025.jpg,64,384.44,397.97,396.49,410.05,high
cam10__frame_00025.jpg,65,385.66,391.0,400.26,405.54,medium
cam10__frame_00025.jpg,66,405.81,392.71,413.91,400.82,high
cam10__frame_00025.jpg,67,405.9,387.73,416.1,397.95,high
cam10__frame_00025.jpg,68,407.45,384.65,418.3,395.53,high
cam10__frame_00025.jpg,69,406.79,379.59,417.64,390.47,high
cam10__frame_00025.jpg,70,406.72,374.9,417.59,385.79,high
cam10__frame_00025.jpg,71,405.94,362.43,424.86,381.91,medium
cam10__frame_00025.jpg,72,364.15,380.53,376.2,392.61,high
cam10__frame_00025.jpg,73,365.57,368.6,387.54,390.89,low
cam10__frame_00025.jpg,74,378.07,368.76,390.11,380.84,high
cam10__frame_00025.jpg,75,378.32,364.43,390.37,376.51,high
cam10__frame_00025.jpg,76,378.31,360.35,390.38,372.44,high
cam10__frame_00025.jpg,77,378.58,356.28,390.62,368.36,high
cam10__frame_00025.jpg,78,379.97,344.11,401.94,366.41,low
cam10__frame_00025.jpg,79,390.3,341.53,402.72,353.97,high
cam10__frame_00025.jpg,80,392.45,338.33,404.5,350.41,high
cam10__frame_00025.jpg,81,391.69,332.72,406.03,347.1,high
cam10__frame_00025.jpg,82,391.63,328.5,405.98,342.88,high
cam10__frame_00025.jpg,83,270.47,307.7,295.98,333.82,medium
cam10__frame_00025.jpg,84,331.2,285.23,368.26,341.72,low
cam10__frame_00025.jpg,85,342.14,341.72,373.73,377.56,medium
cam10__frame_00025.jpg,86,317.8,333.8,347.0,410.96,low
cam10__frame_00025.jpg,87,253.46,355.08,281.4,420.1,low
cam10__frame_00025.jpg,88,248.25,410.37,285.06,452.09,low
cam10__frame_00025.jpg,89,362.17,74.31,369.44,96.13,medium
cam10__frame_00025.jpg,90,352.8,67.5,361.65,91.5,medium
cam10__frame_00025.jpg,91,349.07,71.0,353.33,86.79,high
cam10__frame_00025.jpg,92,340.8,67.75,349.07,87.04,medium
cam10__frame_00025.jpg,93,333.54,67.52,341.05,85.54,medium
cam10__frame_00025.jpg,94,319.36,62.94,324.05,79.04,medium
cam10__frame_00025.jpg,95,315.0,58.91,319.02,78.37,medium
cam10__frame_00025.jpg,96,308.63,49.65,314.39,77.47,medium
cam10__frame_00025.jpg,97,305.37,46.9,308.38,65.69,medium
cam10__frame_00025.jpg,98,295.35,46.15,305.12,66.69,high
cam10__frame_00025.jpg,99,350.6,35.71,365.68,48.76,medium
cam10__frame_00025.jpg,100,339.01,29.34,351.47,47.31,medium
cam10__frame_00025.jpg,101,327.99,29.63,339.59,44.99,medium
cam10__frame_00025.jpg,102,318.42,29.92,326.25,42.67,medium
cam10__frame_00025.jpg,103,314.65,17.74,323.06,29.63,high
cam10__frame_00025.jpg,104,308.35,26.79,312.8,41.39,medium
cam10__frame_00025.jpg,105,296.41,34.19,308.49,41.9,medium
cam10__frame_00025.jpg,106,296.74,27.92,308.2,35.0,medium
cam10__frame_00025.jpg,107,305.8,20.77,310.5,27.81,high
cam10__frame_00025.jpg,108,295.07,21.77,305.13,26.47,medium
cam10__frame_00025.jpg,109,298.09,17.41,308.15,23.1,medium
cam10__frame_00025.jpg,110,350.93,160.3,360.36,172.0,high
cam10__frame_00025.jpg,111,368.09,198.6,374.85,234.45,high
cam10__frame_00025.jpg,112,358.22,194.44,368.09,231.33,high
cam10__frame_00025.jpg,113,349.39,190.8,357.18,225.62,high
cam10__frame_00025.jpg,114,341.54,212.42,351.41,223.85,high
cam10__frame_00025.jpg,115,341.85,258.52,364.11,286.34,medium
cam10__frame_00025.jpg,116,152.98,508.56,189.15,539.08,high
cam10__frame_00025.jpg,117,141.08,412.07,235.52,467.49,low
cam10__frame_00025.jpg,118,145.5,401.25,224.2,440.65,low
cam10__frame_00025.jpg,119,141.35,391.63,221.86,440.17,medium
cam10__frame_00025.jpg,120,137.02,380.19,221.63,432.11,low
cam10__frame_00025.jpg,121,128.23,201.53,202.77,293.67,low
cam10__frame_00025.jpg,122,115.45,131.72,189.29,214.57,low
cam10__frame_00025.jpg,123,112.61,60.96,177.29,117.83,low
cam10__frame_00025.jpg,124,287.9,285.2,312.0,303.52,medium
cam10__frame_00025.jpg,125,244.96,253.6,263.2,270.04,medium
cam10__frame_00025.jpg,126,194.28,231.33,217.05,271.74,low
cam10__frame_00025.jpg,127,319.71,191.71,327.95,200.33,medium
cam10__frame_00025.jpg,128,308.11,198.49,316.35,207.12,medium
cam10__frame_00025.jpg,129,305.27,188.64,313.51,197.27,medium
cam10__frame_00025.jpg,130,304.39,179.45,312.63,188.08,medium
cam10__frame_00025.jpg,131,300.46,201.77,308.69,210.4,medium
cam10__frame_00025.jpg,132,297.56,193.03,305.79,201.66,medium
cam10__frame_00025.jpg,133,295.6,184.8,303.83,193.43,low
cam10__frame_00025.jpg,134,359.6,228.9,395.2,294.1,low
cam10__frame_00025.jpg,135,436.7,145.08,483.43,245.93,low
cam10__frame_00025.jpg,136,391.5,228.13,453.77,314.89,low
cam10__frame_00025.jpg,137,448.58,256.31,497.52,320.82,medium
cam10__frame_00025.jpg,138,432.27,368.28,453.03,388.3,high
cam10__frame_00025.jpg,139,405.58,299.3,479.7,369.8,low
cam10__frame_00025.jpg,140,599.63,393.13,640.0,438.01,high
cam10__frame_00025.jpg,141,599.69,371.88,640.0,419.34,high
cam10__frame_00025.jpg,142,600.9,348.06,640.0,395.52,high
cam10__frame_00025.jpg,143,605.71,332.22,640.0,367.34,high
cam10__frame_00025.jpg,144,594.95,304.05,640.0,348.14,high
cam10__frame_00025.jpg,145,606.5,263.23,640.0,309.4,medium
cam10__frame_00025.jpg,146,525.84,489.72,569.4,526.36,low
cam10__frame_00025.jpg,147,519.72,465.81,571.8,511.37,medium
cam10__frame_00025.jpg,148,520.04,445.92,576.23,495.25,medium
cam10__frame_00025.jpg,149,523.97,429.06,578.53,476.74,medium
cam10__frame_00025.jpg,150,524.23,411.06,578.21,458.22,medium
cam10__frame_00025.jpg,151,525.82,391.44,584.78,443.29,medium
cam10__frame_00025.jpg,152,529.27,372.5,587.24,423.36,medium
cam10__frame_00025.jpg,153,531.43,352.64,587.73,402.18,medium
cam10__frame_00025.jpg,154,534.43,334.49,592.01,384.66,medium
cam10__frame_00025.jpg,155,531.13,283.39,617.8,367.66,low
cam10__frame_00025.jpg,156,575.8,267.23,610.69,306.77,high
cam10__frame_00025.jpg,157,452.2,345.5,522.0,424.9,low
cam10__frame_00025.jpg,158,495.3,296.4,535.71,364.01,low
cam10__frame_00025.jpg,159,528.09,260.95,578.0,307.75,medium
cam10__frame_00025.jpg,160,530.68,241.48,580.58,288.26,low
cam10__frame_00025.jpg,161,615.3,542.49,640.0,633.83,medium
cam10__frame_00025.jpg,162,296.4,158.53,303.24,167.16,low
cam10__frame_00025.jpg,163,295.6,168.33,303.83,176.96,low
cam10__frame_00025.jpg,164,295.99,176.17,304.22,184.8,low
cam10__frame_00025.jpg,165,482.3,192.77,535.4,293.04,low
cam10__frame_00025.jpg,166,367.9,414.05,382.18,478.36,medium
cam10__frame_00025.jpg,167,594.82,595.54,617.76,621.48,medium
cam10__frame_00025.jpg,168,474.81,535.67,506.68,567.63,high
cam10__frame_00025.jpg,169,477.0,532.38,508.88,564.34,high
cam10__frame_00025.jpg,170,478.37,528.53,510.25,560.5,high
cam10__frame_00025.jpg,171,479.47,523.87,511.35,555.83,high
cam10__frame_00025.jpg,172,480.3,519.5,512.18,551.46,high
cam10__frame_00025.jpg,173,478.66,486.68,540.32,549.39,low
cam10__frame_00025.jpg,174,459.13,512.93,481.91,535.78,high
cam10__frame_00025.jpg,175,458.89,507.48,481.41,530.06,high
cam10__frame_00025.jpg,176,459.84,503.21,482.75,526.19,high
cam10__frame_00025.jpg,177,459.84,498.93,482.47,521.64,high
cam10__frame_00025.jpg,178,460.08,494.19,483.69,517.87,high
cam10__frame_00025.jpg,179,461.55,489.65,484.58,513.87,high
cam10__frame_00025.jpg,180,462.42,485.03,484.67,509.95,high
cam10__frame_00025.jpg,181,463.21,461.21,509.8,507.58,low
cam10__frame_00025.jpg,182,444.43,492.88,460.45,509.7,high
cam10__frame_00025.jpg,183,444.89,484.13,461.87,502.05,high
cam10__frame_00025.jpg,184,444.11,473.98,461.87,492.78,high
cam10__frame_00025.jpg,185,444.45,465.43,464.28,486.45,high
cam10__frame_00025.jpg,186,443.5,428.83,497.15,480.07,low
cam10__frame_00025.jpg,187,413.55,447.95,437.16,471.63,high
cam10__frame_00025.jpg,188,415.31,444.58,438.92,468.25,high
cam10__frame_00025.jpg,189,417.08,441.03,441.34,465.37,high
cam10__frame_00025.jpg,190,419.38,438.2,442.59,461.47,high
cam10__frame_00025.jpg,191,421.34,435.55,444.47,458.75,high
cam10__frame_00025.jpg,192,423.1,432.53,445.02,454.51,high
cam10__frame_00025.jpg,193,425.59,430.4,444.61,449.48,high
cam10__frame_00025.jpg,194,427.81,428.22,446.83,447.3,high
cam10__frame_00025.jpg,195,429.11,406.46,474.37,451.98,low
cam10__frame_00025.jpg,196,404.53,437.1,416.24,448.84,high
cam10__frame_00025.jpg,197,403.85,430.89,418.33,445.42,high
cam10__frame_00025.jpg,198,382.18,443.07,397.54,505.68,medium
cam10__frame_00025.jpg,199,396.4,473.24,412.34,532.99,medium
cam10__frame_00025.jpg,200,412.34,486.89,427.71,543.24,medium
cam10__frame_00025.jpg,201,428.09,511.6,451.2,570.4,medium
cam10__frame_00025.jpg,202,450.57,542.58,465.64,610.92,medium
cam10__frame_00025.jpg,203,490.26,606.51,523.7,640.0,high
cam10__frame_00027.jpg,0,444.45,465.43,464.28,486.45,high
cam10__frame_00027.jpg,1,531.43,352.64,587.73,402.18,medium
cam10__frame_00027.jpg,2,529.27,372.5,587.24,423.36,medium
cam10__frame_00027.jpg,3,525.82,391.44,584.78,443.29,medium
cam10__frame_00027.jpg,4,524.23,411.06,578.21,458.22,medium
cam10__frame_00027.jpg,5,523.97,429.06,578.53,476.74,medium
cam10__frame_00027.jpg,6,520.04,445.92,576.23,495.25,medium
cam10__frame_00027.jpg,7,519.72,465.81,571.8,511.37,medium
cam10__frame_00027.jpg,8,525.84,489.72,569.4,526.36,low
cam10__frame_00027.jpg,9,606.5,263.23,640.0,309.4,medium
cam10__frame_00027.jpg,10,594.95,304.05,640.0,348.14,high
cam10__frame_00027.jpg,11,605.71,332.22,640.0,367.34,high
cam10__frame_00027.jpg,12,600.9,348.06,640.0,395.52,high
cam10__frame_00027.jpg,13,599.69,371.88,640.0,419.34,high
cam10__frame_00027.jpg,14,599.63,393.13,640.0,438.01,high
cam10__frame_00027.jpg,15,410.47,301.4,477.4,370.06,low
cam10__frame_00027.jpg,16,440.5,370.06,452.51,386.36,high
cam10__frame_00027.jpg,17,366.7,232.8,393.31,293.7,low
cam10__frame_00027.jpg,18,445.65,260.24,510.85,325.45,medium
cam10__frame_00027.jpg,19,436.2,143.56,483.4,243.94,low
cam10__frame_00027.jpg,20,393.3,221.6,449.08,314.3,low
cam10__frame_00027.jpg,21,612.6,531.3,637.0,621.35,medium
cam10__frame_00027.jpg,22,112.61,60.96,177.29,117.83,low
cam10__frame_00027.jpg,23,115.45,131.72,189.29,214.57,low
cam10__frame_00027.jpg,24,128.23,201.53,202.77,293.67,low
cam10__frame_00027.jpg,25,137.02,380.19,221.63,432.11,low
cam10__frame_00027.jpg,26,141.35,391.63,221.86,440.17,medium
cam10__frame_00027.jpg,27,145.5,401.25,224.2,440.65,low
cam10__frame_00027.jpg,28,141.08,412.07,235.52,467.49,low
cam10__frame_00027.jpg,29,152.98,508.56,189.15,539.08,high
cam10__frame_00027.jpg,30,341.87,259.45,361.19,292.45,medium
cam10__frame_00027.jpg,31,355.62,241.72,363.93,262.7,high
cam10__frame_00027.jpg,32,341.54,212.42,351.41,223.85,high
cam10__frame_00027.jpg,33,349.39,190.8,357.18,225.62,high
cam10__frame_00027.jpg,34,358.22,194.44,368.09,231.33,high
cam10__frame_00027.jpg,35,368.09,198.6,374.85,234.45,high
cam10__frame_00027.jpg,36,350.93,160.3,360.36,172.0,high
cam10__frame_00027.jpg,37,298.09,17.41,308.15,23.1,medium
cam10__frame_00027.jpg,38,295.07,21.77,305.13,26.47,medium
cam10__frame_00027.jpg,39,305.8,20.77,310.5,27.81,high
cam10__frame_00027.jpg,40,296.74,27.92,308.2,35.0,medium
cam10__frame_00027.jpg,41,296.41,34.19,308.49,41.9,medium
cam10__frame_00027.jpg,42,308.35,26.79,312.8,41.39,medium
cam10__frame_00027.jpg,43,314.65,17.74,323.06,29.63,high
cam10__frame_00027.jpg,44,318.42,29.92,326.25,42.67,medium
cam10__frame_00027.jpg,45,327.99,29.63,339.59,44.99,medium
cam10__frame_00027.jpg,46,339.01,29.34,351.47,47.31,medium
cam10__frame_00027.jpg,47,350.6,35.71,365.68,48.76,medium
cam10__frame_00027.jpg,48,295.35,46.15,305.12,66.69,high
cam10__frame_00027.jpg,49,305.37,46.9,308.38,65.69,medium
cam10__frame_00027.jpg,50,308.63,49.65,314.39,77.47,medium
cam10__frame_00027.jpg,51,315.0,58.91,319.02,78.37,medium
cam10__frame_00027.jpg,52,319.36,62.94,324.05,79.04,medium
cam10__frame_00027.jpg,53,333.54,67.52,341.05,85.54,medium
cam10__frame_00027.jpg,54,340.8,67.75,349.07,87.04,medium
cam10__frame_00027.jpg,55,349.07,71.0,353.33,86.79,high
cam10__frame_00027.jpg,56,352.8,67.5,361.65,91.5,medium
cam10__frame_00027.jpg,57,362.17,74.31,369.44,96.13,medium
cam10__frame_00027.jpg,58,251.56,412.66,283.24,458.84,low
cam10__frame_00027.jpg,59,235.63,360.29,257.75,379.25,high
cam10__frame_00027.jpg,60,253.46,355.08,281.4,427.97,low
cam10__frame_00027.jpg,61,338.3,285.23,368.26,332.5,high
cam10__frame_00027.jpg,62,270.47,307.7,295.98,333.82,medium
cam10__frame_00027.jpg,63,287.9,285.2,312.0,303.52,medium
cam10__frame_00027.jpg,64,244.96,253.6,263.2,270.04,medium
cam10__frame_00027.jpg,65,194.28,231.33,217.05,271.74,low
cam10__frame_00027.jpg,66,319.71,191.71,327.95,200.33,medium
cam10__frame_00027.jpg,67,308.11,198.49,316.35,207.12,medium
cam10__frame_00027.jpg,68,305.27,188.64,313.51,197.27,medium
cam10__frame_00027.jpg,69,304.39,179.45,312.63,188.08,medium
cam10__frame_00027.jpg,70,300.46,201.77,308.69,210.4,medium
cam10__frame_00027.jpg,71,297.56,193.03,305.79,201.66,medium
cam10__frame_00027.jpg,72,295.6,184.8,303.83,193.43,low
cam10__frame_00027.jpg,73,295.99,176.17,304.22,184.8,low
cam10__frame_00027.jpg,74,295.6,168.33,303.83,176.96,low
cam10__frame_00027.jpg,75,296.4,158.53,303.24,167.16,low
cam10__frame_00027.jpg,76,391.63,328.5,405.98,342.88,high
cam10__frame_00027.jpg,77,391.69,332.72,406.03,347.1,high
cam10__frame_00027.jpg,78,392.45,338.33,404.5,350.41,high
cam10__frame_00027.jpg,79,390.3,341.53,402.72,353.97,high
cam10__frame_00027.jpg,80,379.97,344.11,401.94,366.41,low
cam10__frame_00027.jpg,81,378.58,356.28,390.62,368.36,high
cam10__frame_00027.jpg,82,378.31,360.35,390.38,372.44,high
cam10__frame_00027.jpg,83,378.32,364.43,390.37,376.51,high
cam10__frame_00027.jpg,84,378.07,368.76,390.11,380.84,high
cam10__frame_00027.jpg,85,365.57,368.6,387.54,390.89,low
cam10__frame_00027.jpg,86,364.15,380.53,376.2,392.61,high
cam10__frame_00027.jpg,87,405.94,362.43,424.86,381.91,medium
cam10__frame_00027.jpg,88,406.72,374.9,417.59,385.79,high
cam10__frame_00027.jpg,89,406.79,379.59,417.64,390.47,high
cam10__frame_00027.jpg,90,407.45,384.65,418.3,395.53,high
cam10__frame_00027.jpg,91,405.9,387.73,416.1,397.95,high
cam10__frame_00027.jpg,92,405.81,392.71,413.91,400.82,high
cam10__frame_00027.jpg,93,385.66,391.0,400.26,405.54,medium
cam10__frame_00027.jpg,94,384.44,397.97,396.49,410.05,high
cam10__frame_00027.jpg,95,382.08,400.03,394.13,412.11,high
cam10__frame_00027.jpg,96,381.78,404.74,393.85,416.83,high
cam10__frame_00027.jpg,97,394.74,399.64,414.89,420.36,medium
cam10__frame_00027.jpg,98,392.69,410.34,405.33,423.02,high
cam10__frame_00027.jpg,99,391.5,413.87,404.14,426.54,high
cam10__frame_00027.jpg,100,392.69,420.95,404.74,433.03,high
cam10__frame_00027.jpg,101,407.15,380.49,452.41,426.0,low
cam10__frame_00027.jpg,102,413.34,411.66,429.55,427.91,high
cam10__frame_00027.jpg,103,411.45,414.53,427.66,430.77,high
cam10__frame_00027.jpg,104,408.98,417.19,425.18,433.43,high
cam10__frame_00027.jpg,105,407.67,421.02,423.09,436.48,high
cam10__frame_00027.jpg,106,405.51,423.54,420.81,438.88,high
cam10__frame_00027.jpg,107,404.85,428.1,419.29,442.57,high
cam10__frame_00027.jpg,108,403.85,430.89,418.33,445.42,high
cam10__frame_00027.jpg,109,404.53,437.1,416.24,448.84,high
cam10__frame_00027.jpg,110,429.11,406.46,474.37,451.98,low
cam10__frame_00027.jpg,111,427.81,428.22,446.83,447.3,high
cam10__frame_00027.jpg,112,425.59,430.4,444.61,449.48,high
cam10__frame_00027.jpg,113,423.1,432.53,445.02,454.51,high
cam10__frame_00027.jpg,114,421.34,435.55,444.47,458.75,high
cam10__frame_00027.jpg,115,419.38,438.2,442.59,461.47,high
cam10__frame_00027.jpg,116,417.08,441.03,441.34,465.37,high
cam10__frame_00027.jpg,117,415.31,444.58,438.92,468.25,high
cam10__frame_00027.jpg,118,413.55,447.95,437.16,471.63,high
cam10__frame_00027.jpg,119,443.5,428.83,497.15,480.07,low
cam10__frame_00027.jpg,120,534.43,334.49,592.01,384.66,medium
cam10__frame_00027.jpg,121,444.11,473.98,461.87,492.78,high
cam10__frame_00027.jpg,122,444.89,484.13,461.87,502.05,high
cam10__frame_00027.jpg,123,444.43,492.88,460.45,509.7,high
cam10__frame_00027.jpg,124,463.21,461.21,509.8,507.58,low
cam10__frame_00027.jpg,125,462.42,485.03,484.67,509.95,high
cam10__frame_00027.jpg,126,461.55,489.65,484.58,513.87,high
cam10__frame_00027.jpg,127,460.08,494.19,483.69,517.87,high
cam10__frame_00027.jpg,128,459.84,498.93,482.47,521.64,high
cam10__frame_00027.jpg,129,459.84,503.21,482.75,526.19,high
cam10__frame_00027.jpg,130,458.89,507.48,481.41,530.06,high
cam10__frame_00027.jpg,131,459.13,512.93,481.91,535.78,high
cam10__frame_00027.jpg,132,478.66,486.68,540.32,549.39,low
cam10__frame_00027.jpg,133,480.3,519.5,512.18,551.46,high
cam10__frame_00027.jpg,134,479.47,523.87,511.35,555.83,high
cam10__frame_00027.jpg,135,478.37,528.53,510.25,560.5,high
cam10__frame_00027.jpg,136,477.0,532.38,508.88,564.34,high
cam10__frame_00027.jpg,137,474.81,535.67,506.68,567.63,high
cam10__frame_00027.jpg,138,594.82,595.54,617.76,621.48,medium
cam10__frame_00027.jpg,139,367.9,414.05,382.18,478.36,medium
cam10__frame_00027.jpg,140,382.18,443.07,397.54,505.68,medium
cam10__frame_00027.jpg,141,396.4,473.24,412.34,532.99,medium
cam10__frame_00027.jpg,142,412.34,486.89,427.71,543.24,medium
cam10__frame_00027.jpg,143,428.09,511.6,451.2,570.4,medium
cam10__frame_00027.jpg,144,450.57,542.58,465.64,610.92,medium
cam10__frame_00027.jpg,145,490.26,606.51,523.7,640.0,high
cam10__frame_00027.jpg,146,385.91,543.68,400.6,559.85,medium
cam10__frame_00027.jpg,147,404.65,544.78,426.32,596.59,high
cam10__frame_00027.jpg,148,427.79,575.65,448.0,630.03,high
cam10__frame_00027.jpg,149,449.47,618.64,467.84,640.0,high
cam10__frame_00027.jpg,150,393.78,34.6,416.6,96.8,medium
cam10__frame_00027.jpg,151,418.4,45.9,433.03,96.13,medium
cam10__frame_00027.jpg,152,433.03,43.43,451.14,98.32,medium
cam10__frame_00027.jpg,153,448.12,93.97,451.61,105.45,high
cam10__frame_00027.jpg,154,452.2,92.54,456.92,106.89,high
cam10__frame_00027.jpg,155,457.03,92.34,462.01,109.18,high
cam10__frame_00027.jpg,156,462.48,94.24,465.33,110.6,high
cam10__frame_00027.jpg,157,468.38,95.93,479.6,115.15,medium
cam10__frame_00027.jpg,158,479.33,91.82,493.6,120.63,medium
cam10__frame_00027.jpg,159,490.82,106.03,513.94,128.08,medium
cam10__frame_00027.jpg,160,516.66,100.32,525.99,112.4,medium
cam10__frame_00027.jpg,161,515.56,111.58,525.99,123.38,medium
cam10__frame_00027.jpg,162,512.81,123.38,526.81,137.1,medium
cam10__frame_00027.jpg,163,526.81,73.43,536.42,106.91,medium
cam10__frame_00027.jpg,164,526.26,106.36,536.42,116.79,medium
cam10__frame_00027.jpg,165,524.62,115.69,536.14,127.5,medium
cam10__frame_00027.jpg,166,525.71,126.67,536.42,140.4,medium
cam10__frame_00027.jpg,167,536.42,91.82,551.79,115.97,medium
cam10__frame_00027.jpg,168,536.42,113.5,552.61,132.16,medium
cam10__frame_00027.jpg,169,536.14,130.52,552.06,148.36,medium
cam10__frame_00027.jpg,170,552.61,109.93,572.92,164.0,medium
cam10__frame_00027.jpg,171,574.4,115.66,594.28,175.55,medium
cam10__frame_00027.jpg,172,597.82,115.8,621.15,191.46,medium
cam10__frame_00027.jpg,173,622.86,133.41,640.0,200.57,medium
cam10__frame_00027.jpg,174,492.24,169.1,517.2,187.5,medium
cam10__frame_00027.jpg,175,398.99,98.13,436.53,133.03,low
cam10__frame_00027.jpg,176,296.51,65.47,312.72,119.99,high
cam10__frame_00027.jpg,177,263.52,33.89,291.12,58.21,low
cam10__frame_00027.jpg,178,263.96,50.9,296.75,76.92,low
cam10__frame_00027.jpg,179,264.51,69.35,298.07,87.41,medium
cam10__frame_00027.jpg,180,274.48,82.26,303.93,126.85,low
cam10__frame_00027.jpg,181,266.37,88.77,277.35,124.45,high
cam10__frame_00027.jpg,182,237.53,63.6,261.07,71.45,high
cam10__frame_00027.jpg,183,236.16,71.2,266.03,142.64,low
cam10__frame_00027.jpg,184,213.2,49.24,231.63,68.48,medium
cam10__frame_00027.jpg,185,219.05,68.92,235.5,85.6,high
cam10__frame_00027.jpg,186,171.12,57.49,188.55,83.21,medium
cam10__frame_00027.jpg,187,214.99,99.1,219.69,117.97,medium
cam10__frame_00027.jpg,188,220.08,101.1,224.79,117.19,medium
cam10__frame_00027.jpg,189,224.79,99.9,229.49,117.58,high
cam10__frame_00027.jpg,190,214.61,118.57,230.3,151.12,low
cam10__frame_00027.jpg,191,184.29,95.62,201.25,121.7,low
cam10__frame_00027.jpg,192,482.3,192.77,535.4,293.04,low
cam10__frame_00027.jpg,193,530.68,241.48,580.58,288.26,low
cam10__frame_00027.jpg,194,528.09,260.95,578.0,307.75,medium
cam10__frame_00027.jpg,195,495.3,296.4,535.71,364.01,low
cam10__frame_00027.jpg,196,452.2,345.5,522.0,424.9,low
cam10__frame_00027.jpg,197,575.8,267.23,610.69,306.77,high
cam10__frame_00027.jpg,198,531.13,283.39,617.8,367.66,low
cam10__frame_00029.jpg,0,407.15,380.49,452.41,426.0,low
cam10__frame_00029.jpg,1,413.34,411.66,429.55,427.91,high
cam10__frame_00029.jpg,2,411.45,414.53,427.66,430.77,high
cam10__frame_00029.jpg,3,408.98,417.19,425.18,433.43,high
cam10__frame_00029.jpg,4,407.67,421.02,423.09,436.48,high
cam10__frame_00029.jpg,5,405.51,423.54,420.81,438.88,high
cam10__frame_00029.jpg,6,404.85,428.1,419.29,442.57,high
cam10__frame_00029.jpg,7,403.85,430.89,418.33,445.42,high
cam10__frame_00029.jpg,8,404.53,437.1,416.24,448.84,high
cam10__frame_00029.jpg,9,429.11,406.46,474.37,451.98,low
cam10__frame_00029.jpg,10,427.81,428.22,446.83,447.3,high
cam10__frame_00029.jpg,11,425.59,430.4,444.61,449.48,high
cam10__frame_00029.jpg,12,423.1,432.53,445.02,454.51,high
cam10__frame_00029.jpg,13,421.34,435.55,444.47,458.75,high
cam10__frame_00029.jpg,14,419.38,438.2,442.59,461.47,high
cam10__frame_00029.jpg,15,417.08,441.03,441.34,465.37,high
cam10__frame_00029.jpg,16,415.31,444.58,438.92,468.25,high
cam10__frame_00029.jpg,17,413.55,447.95,437.16,471.63,high
cam10__frame_00029.jpg,18,443.5,428.83,497.15,480.07,low
cam10__frame_00029.jpg,19,444.45,465.43,464.28,486.45,high
cam10__frame_00029.jpg,20,444.11,473.98,461.87,492.78,high
cam10__frame_00029.jpg,21,444.89,484.13,461.87,502.05,high
cam10__frame_00029.jpg,22,444.43,492.88,460.45,509.7,high
cam10__frame_00029.jpg,23,463.21,461.21,509.8,507.58,low
cam10__frame_00029.jpg,24,462.42,485.03,484.67,509.95,high
cam10__frame_00029.jpg,25,461.55,489.65,484.58,513.87,high
cam10__frame_00029.jpg,26,460.08,494.19,483.69,517.87,high
cam10__frame_00029.jpg,27,459.84,498.93,482.47,521.64,high
cam10__frame_00029.jpg,28,459.84,503.21,482.75,526.19,high
cam10__frame_00029.jpg,29,458.89,507.48,481.41,530.06,high
cam10__frame_00029.jpg,30,459.13,512.93,481.91,535.78,high
cam10__frame_00029.jpg,31,478.66,486.68,540.32,549.39,low
cam10__frame_00029.jpg,32,480.3,519.5,512.18,551.46,high
cam10__frame_00029.jpg,33,479.47,523.87,511.35,555.83,high
cam10__frame_00029.jpg,34,478.37,528.53,510.25,560.5,high
cam10__frame_00029.jpg,35,477.0,532.38,508.88,564.34,high
cam10__frame_00029.jpg,36,474.81,535.67,506.68,567.63,high
cam10__frame_00029.jpg,37,594.82,595.54,617.76,621.48,medium
cam10__frame_00029.jpg,38,367.9,414.05,382.18,478.36,medium
cam10__frame_00029.jpg,39,382.18,443.07,397.54,505.68,medium
cam10__frame_00029.jpg,40,396.4,473.24,412.34,532.99,medium
cam10__frame_00029.jpg,41,412.34,486.89,427.71,543.24,medium
cam10__frame_00029.jpg,42,428.09,511.6,451.2,570.4,medium
cam10__frame_00029.jpg,43,450.57,542.58,465.64,610.92,medium
cam10__frame_00029.jpg,44,490.26,606.51,523.7,640.0,high
cam10__frame_00029.jpg,45,385.91,543.68,400.6,559.85,medium
cam10__frame_00029.jpg,46,404.65,544.78,426.32,596.59,high
cam10__frame_00029.jpg,47,427.79,575.65,448.0,630.03,high
cam10__frame_00029.jpg,48,449.47,618.64,467.84,640.0,high
cam10__frame_00029.jpg,49,393.78,34.6,417.9,106.0,medium
cam10__frame_00029.jpg,50,418.4,45.9,433.03,96.13,medium
cam10__frame_00029.jpg,51,433.03,43.43,451.14,98.32,medium
cam10__frame_00029.jpg,52,448.12,93.97,451.61,105.45,high
cam10__frame_00029.jpg,53,452.2,92.54,456.92,106.89,high
cam10__frame_00029.jpg,54,457.03,92.34,462.01,109.18,high
cam10__frame_00029.jpg,55,462.48,94.24,465.33,110.6,high
cam10__frame_00029.jpg,56,468.38,95.93,479.6,115.15,medium
cam10__frame_00029.jpg,57,479.33,91.82,493.6,120.63,medium
cam10__frame_00029.jpg,58,490.82,106.03,513.94,128.08,medium
cam10__frame_00029.jpg,59,516.66,100.32,525.99,112.4,medium
cam10__frame_00029.jpg,60,515.56,111.58,525.99,123.38,medium
cam10__frame_00029.jpg,61,512.81,123.38,526.81,137.1,medium
cam10__frame_00029.jpg,62,526.81,73.43,536.42,106.91,medium
cam10__frame_00029.jpg,63,526.26,106.36,536.42,116.79,medium
cam10__frame_00029.jpg,64,524.62,115.69,536.14,127.5,medium
cam10__frame_00029.jpg,65,525.71,126.67,536.42,140.4,medium
cam10__frame_00029.jpg,66,536.42,91.82,551.79,115.97,medium
cam10__frame_00029.jpg,67,536.42,113.5,552.61,132.16,medium
cam10__frame_00029.jpg,68,536.14,130.52,552.06,148.36,medium
cam10__frame_00029.jpg,69,552.61,109.93,572.92,164.0,medium
cam10__frame_00029.jpg,70,574.4,115.66,594.28,175.55,medium
cam10__frame_00029.jpg,71,597.82,115.8,621.15,191.46,medium
cam10__frame_00029.jpg,72,622.86,133.41,640.0,200.57,medium
cam10__frame_00029.jpg,73,400.18,96.94,436.39,133.82,low
cam10__frame_00029.jpg,74,487.76,161.47,518.05,190.45,medium
cam10__frame_00029.jpg,75,296.51,65.47,312.72,119.99,high
cam10__frame_00029.jpg,76,263.52,33.89,291.12,58.21,low
cam10__frame_00029.jpg,77,263.96,50.9,296.75,76.92,low
cam10__frame_00029.jpg,78,264.51,69.35,298.07,87.41,medium
cam10__frame_00029.jpg,79,274.48,82.26,303.93,126.85,low
cam10__frame_00029.jpg,80,266.37,88.77,277.35,124.45,high
cam10__frame_00029.jpg,81,237.53,63.6,261.07,71.45,high
cam10__frame_00029.jpg,82,236.16,71.2,266.03,142.64,low
cam10__frame_00029.jpg,83,208.34,49.24,231.63,68.49,medium
cam10__frame_00029.jpg,84,219.05,68.92,235.5,85.6,high
cam10__frame_00029.jpg,85,193.4,51.78,207.83,61.9,medium
cam10__frame_00029.jpg,86,195.04,62.66,211.68,78.55,high
cam10__frame_00029.jpg,87,192.18,74.55,218.42,94.93,high
cam10__frame_00029.jpg,88,175.37,64.17,192.8,89.89,medium
cam10__frame_00029.jpg,89,204.41,93.08,209.12,117.0,medium
cam10__frame_00029.jpg,90,209.89,94.83,214.59,118.75,medium
cam10__frame_00029.jpg,91,214.99,99.1,219.69,117.97,medium
cam10__frame_00029.jpg,92,220.08,101.1,224.79,117.19,medium
cam10__frame_00029.jpg,93,224.79,99.9,229.49,117.58,high
cam10__frame_00029.jpg,94,214.61,118.57,230.3,151.12,low
cam10__frame_00029.jpg,95,184.29,95.62,201.25,121.7,low
cam10__frame_00029.jpg,96,385.66,391.0,400.26,405.54,medium
cam10__frame_00029.jpg,97,405.81,392.71,413.91,400.82,high
cam10__frame_00029.jpg,98,405.9,387.73,416.1,397.95,high
cam10__frame_00029.jpg,99,407.45,384.65,418.3,395.53,high
cam10__frame_00029.jpg,100,406.79,379.59,417.64,390.47,high
cam10__frame_00029.jpg,101,406.72,374.9,417.59,385.79,high
cam10__frame_00029.jpg,102,405.94,362.43,424.86,381.91,medium
cam10__frame_00029.jpg,103,364.15,380.53,376.2,392.61,high
cam10__frame_00029.jpg,104,365.57,368.6,387.54,390.89,low
cam10__frame_00029.jpg,105,378.07,368.76,390.11,380.84,high
cam10__frame_00029.jpg,106,378.32,364.43,390.37,376.51,high
cam10__frame_00029.jpg,107,378.31,360.35,390.38,372.44,high
cam10__frame_00029.jpg,108,378.58,356.28,390.62,368.36,high
cam10__frame_00029.jpg,109,379.97,344.11,401.94,366.41,low
cam10__frame_00029.jpg,110,390.3,341.53,402.72,353.97,high
cam10__frame_00029.jpg,111,392.45,338.33,404.5,350.41,high
cam10__frame_00029.jpg,112,391.69,332.72,406.03,347.1,high
cam10__frame_00029.jpg,113,391.63,328.5,405.98,342.88,high
cam10__frame_00029.jpg,114,296.4,158.53,303.24,167.16,low
cam10__frame_00029.jpg,115,295.6,168.33,303.83,176.96,low
cam10__frame_00029.jpg,116,295.99,176.17,304.22,184.8,low
cam10__frame_00029.jpg,117,295.6,184.8,303.83,193.43,low
cam10__frame_00029.jpg,118,297.56,193.03,305.79,201.66,medium
cam10__frame_00029.jpg,119,300.46,201.77,308.69,210.4,medium
cam10__frame_00029.jpg,120,304.39,179.45,312.63,188.08,medium
cam10__frame_00029.jpg,121,305.27,188.64,313.51,197.27,medium
cam10__frame_00029.jpg,122,308.11,198.49,316.35,207.12,medium
cam10__frame_00029.jpg,123,319.71,191.71,327.95,200.33,medium
cam10__frame_00029.jpg,124,194.28,231.33,217.05,271.74,low
cam10__frame_00029.jpg,125,244.96,253.6,263.2,270.04,medium
cam10__frame_00029.jpg,126,287.9,285.2,312.0,303.52,medium
cam10__frame_00029.jpg,127,270.47,307.7,295.98,333.82,medium
cam10__frame_00029.jpg,128,331.2,285.23,368.26,341.72,low
cam10__frame_00029.jpg,129,342.14,341.72,373.73,377.56,medium
cam10__frame_00029.jpg,130,309.18,333.8,338.38,366.75,medium
cam10__frame_00029.jpg,131,253.46,355.08,281.4,427.97,low
cam10__frame_00029.jpg,132,235.63,360.29,257.75,379.25,high
cam10__frame_00029.jpg,133,251.56,412.66,283.24,458.84,low
cam10__frame_00029.jpg,134,321.58,374.59,340.97,409.07,low
cam10__frame_00029.jpg,135,362.17,74.31,369.44,96.13,medium
cam10__frame_00029.jpg,136,352.8,67.5,361.65,91.5,medium
cam10__frame_00029.jpg,137,349.07,71.0,353.33,86.79,high
cam10__frame_00029.jpg,138,340.8,67.75,349.07,87.04,medium
cam10__frame_00029.jpg,139,333.54,67.52,341.05,85.54,medium
cam10__frame_00029.jpg,140,319.36,62.94,324.05,79.04,medium
cam10__frame_00029.jpg,141,315.0,58.91,319.02,78.37,medium
cam10__frame_00029.jpg,142,308.63,49.65,314.39,77.47,medium
cam10__frame_00029.jpg,143,305.37,46.9,308.38,65.69,medium
cam10__frame_00029.jpg,144,295.35,46.15,305.12,66.69,high
cam10__frame_00029.jpg,145,350.6,35.71,365.68,48.76,medium
cam10__frame_00029.jpg,146,339.01,29.34,351.47,47.31,medium
cam10__frame_00029.jpg,147,327.99,29.63,339.59,44.99,medium
cam10__frame_00029.jpg,148,318.42,29.92,326.25,42.67,medium
cam10__frame_00029.jpg,149,314.65,17.74,323.06,29.63,high
cam10__frame_00029.jpg,150,308.35,26.79,312.8,41.39,medium
cam10__frame_00029.jpg,151,296.41,34.19,308.49,41.9,medium
cam10__frame_00029.jpg,152,296.74,27.92,308.2,35.0,medium
cam10__frame_00029.jpg,153,305.8,20.77,310.5,27.81,high
cam10__frame_00029.jpg,154,295.07,21.77,305.13,26.47,medium
cam10__frame_00029.jpg,155,298.09,17.41,308.15,23.1,medium
cam10__frame_00029.jpg,156,350.93,160.3,360.36,172.0,high
cam10__frame_00029.jpg,157,368.09,198.6,374.85,234.45,high
cam10__frame_00029.jpg,158,358.22,194.44,368.09,231.33,high
cam10__frame_00029.jpg,159,349.39,190.8,357.18,225.62,high
cam10__frame_00029.jpg,160,341.54,212.42,351.41,223.85,high
cam10__frame_00029.jpg,161,355.62,241.72,363.93,264.7,high
cam10__frame_00029.jpg,162,339.2,252.27,364.39,286.73,medium
cam10__frame_00029.jpg,163,152.98,508.56,189.15,539.08,high
cam10__frame_00029.jpg,164,141.08,412.07,235.52,467.49,low
cam10__frame_00029.jpg,165,145.5,401.25,224.2,440.65,low
cam10__frame_00029.jpg,166,141.35,391.63,221.86,440.17,medium
cam10__frame_00029.jpg,167,137.02,380.19,221.63,432.11,low
cam10__frame_00029.jpg,168,128.23,201.53,202.77,293.67,low
cam10__frame_00029.jpg,169,115.45,131.72,189.29,214.57,low
cam10__frame_00029.jpg,170,112.61,60.96,177.29,117.83,low
cam10__frame_00029.jpg,171,615.17,531.3,640.0,621.35,medium
cam10__frame_00029.jpg,172,410.47,301.4,477.4,370.06,low
cam10__frame_00029.jpg,173,445.65,260.24,510.85,325.45,medium
cam10__frame_00029.jpg,174,436.2,143.56,483.4,243.94,low
cam10__frame_00029.jpg,175,393.3,221.6,449.08,314.3,low
cam10__frame_00029.jpg,176,366.7,232.8,393.31,293.7,low
cam10__frame_00029.jpg,177,599.63,393.13,640.0,438.01,high
cam10__frame_00029.jpg,178,599.69,371.88,640.0,419.34,high
cam10__frame_00029.jpg,179,600.9,348.06,640.0,395.52,high
cam10__frame_00029.jpg,180,605.71,332.22,640.0,367.34,high
cam10__frame_00029.jpg,181,594.95,304.05,640.0,348.14,high
cam10__frame_00029.jpg,182,606.5,263.23,640.0,309.4,medium
cam10__frame_00029.jpg,183,525.84,489.72,569.4,526.36,low
cam10__frame_00029.jpg,184,519.72,465.81,571.8,511.37,medium
cam10__frame_00029.jpg,185,520.04,445.92,576.23,495.25,medium
cam10__frame_00029.jpg,186,523.97,429.06,578.53,476.74,medium
cam10__frame_00029.jpg,187,524.23,411.06,578.21,458.22,medium
cam10__frame_00029.jpg,188,525.82,391.44,584.78,443.29,medium
cam10__frame_00029.jpg,189,529.27,372.5,587.24,423.36,medium
cam10__frame_00029.jpg,190,531.43,352.64,587.73,402.18,medium
cam10__frame_00029.jpg,191,534.43,334.49,592.01,384.66,medium
cam10__frame_00029.jpg,192,531.13,283.39,617.8,367.66,low
cam10__frame_00029.jpg,193,575.8,267.23,610.69,306.77,high
cam10__frame_00029.jpg,194,452.2,345.5,522.0,424.9,low
cam10__frame_00029.jpg,195,495.3,296.4,535.71,364.01,low
cam10__frame_00029.jpg,196,528.09,260.95,578.0,307.75,medium
cam10__frame_00029.jpg,197,530.68,241.48,580.58,288.26,low
cam10__frame_00029.jpg,198,482.3,192.77,535.4,293.04,low
cam10__frame_00029.jpg,199,384.44,397.97,396.49,410.05,high
cam10__frame_00029.jpg,200,382.08,400.03,394.13,412.11,high
cam10__frame_00029.jpg,201,381.78,404.74,393.85,416.83,high
cam10__frame_00029.jpg,202,394.74,399.64,414.89,420.36,medium
cam10__frame_00029.jpg,203,392.69,410.34,405.33,423.02,high
cam10__frame_00029.jpg,204,391.5,413.87,404.14,426.54,high
cam10__frame_00029.jpg,205,392.69,420.95,404.74,433.03,high
cam10__frame_00031.jpg,0,305.37,46.9,308.38,65.69,medium
cam10__frame_00031.jpg,1,482.3,192.77,535.4,293.04,low
cam10__frame_00031.jpg,2,530.68,241.48,580.58,288.26,low
cam10__frame_00031.jpg,3,528.09,260.95,578.0,307.75,medium
cam10__frame_00031.jpg,4,495.3,296.4,535.71,364.01,low
cam10__frame_00031.jpg,5,452.2,345.5,522.0,424.9,low
cam10__frame_00031.jpg,6,575.8,267.23,610.69,306.77,high
cam10__frame_00031.jpg,7,531.13,283.39,617.8,367.66,low
cam10__frame_00031.jpg,8,534.43,334.49,592.01,384.66,medium
cam10__frame_00031.jpg,9,531.43,352.64,587.73,402.18,medium
cam10__frame_00031.jpg,10,529.27,372.5,587.24,423.36,medium
cam10__frame_00031.jpg,11,525.82,391.44,584.78,443.29,medium
cam10__frame_00031.jpg,12,524.23,411.06,578.21,458.22,medium
cam10__frame_00031.jpg,13,523.97,429.06,578.53,476.74,medium
cam10__frame_00031.jpg,14,520.04,445.92,576.23,495.25,medium
cam10__frame_00031.jpg,15,519.72,465.81,571.8,511.37,medium
cam10__frame_00031.jpg,16,525.84,489.72,569.4,526.36,low
cam10__frame_00031.jpg,17,606.5,263.23,640.0,309.4,medium
cam10__frame_00031.jpg,18,594.95,304.05,640.0,348.14,high
cam10__frame_00031.jpg,19,605.71,332.22,640.0,367.34,high
cam10__frame_00031.jpg,20,600.9,348.06,640.0,395.52,high
cam10__frame_00031.jpg,21,599.69,371.88,640.0,419.34,high
cam10__frame_00031.jpg,22,599.63,393.13,640.0,438.01,high
cam10__frame_00031.jpg,23,366.7,232.8,393.31,293.7,low
cam10__frame_00031.jpg,24,393.3,221.6,449.08,314.3,low
cam10__frame_00031.jpg,25,436.2,143.56,483.4,243.94,low
cam10__frame_00031.jpg,26,445.65,260.24,510.85,325.45,medium
cam10__frame_00031.jpg,27,410.47,301.4,477.4,370.06,low
cam10__frame_00031.jpg,28,391.63,328.5,405.98,342.88,high
cam10__frame_00031.jpg,29,391.69,332.72,406.03,347.1,high
cam10__frame_00031.jpg,30,392.45,338.33,404.5,350.41,high
cam10__frame_00031.jpg,31,390.3,341.53,402.72,353.97,high
cam10__frame_00031.jpg,32,379.97,344.11,401.94,366.41,low
cam10__frame_00031.jpg,33,378.58,356.28,390.62,368.36,high
cam10__frame_00031.jpg,34,378.31,360.35,390.38,372.44,high
cam10__frame_00031.jpg,35,378.32,364.43,390.37,376.51,high
cam10__frame_00031.jpg,36,378.07,368.76,390.11,380.84,high
cam10__frame_00031.jpg,37,365.57,368.6,387.54,390.89,low
cam10__frame_00031.jpg,38,364.15,380.53,376.2,392.61,high
cam10__frame_00031.jpg,39,405.94,362.43,424.86,381.91,medium
cam10__frame_00031.jpg,40,406.72,374.9,417.59,385.79,high
cam10__frame_00031.jpg,41,406.79,379.59,417.64,390.47,high
cam10__frame_00031.jpg,42,407.45,384.65,418.3,395.53,high
cam10__frame_00031.jpg,43,405.9,387.73,416.1,397.95,high
cam10__frame_00031.jpg,44,405.81,392.71,413.91,400.82,high
cam10__frame_00031.jpg,45,385.66,391.0,400.26,405.54,medium
cam10__frame_00031.jpg,46,384.44,397.97,396.49,410.05,high
cam10__frame_00031.jpg,47,382.08,400.03,394.13,412.11,high
cam10__frame_00031.jpg,48,381.78,404.74,393.85,416.83,high
cam10__frame_00031.jpg,49,394.74,399.64,414.89,420.36,medium
cam10__frame_00031.jpg,50,392.69,410.34,405.33,423.02,high
cam10__frame_00031.jpg,51,391.5,413.87,404.14,426.54,high
cam10__frame_00031.jpg,52,392.69,420.95,404.74,433.03,high
cam10__frame_00031.jpg,53,407.15,380.49,452.41,426.0,low
cam10__frame_00031.jpg,54,413.34,411.66,429.55,427.91,high
cam10__frame_00031.jpg,55,411.45,414.53,427.66,430.77,high
cam10__frame_00031.jpg,56,408.98,417.19,425.18,433.43,high
cam10__frame_00031.jpg,57,407.67,421.02,423.09,436.48,high
cam10__frame_00031.jpg,58,405.51,423.54,420.81,438.88,high
cam10__frame_00031.jpg,59,404.85,428.1,419.29,442.57,high
cam10__frame_00031.jpg,60,403.85,430.89,418.33,445.42,high
cam10__frame_00031.jpg,61,404.53,437.1,416.24,448.84,high
cam10__frame_00031.jpg,62,429.11,406.46,474.37,451.98,low
cam10__frame_00031.jpg,63,427.81,428.22,446.83,447.3,high
cam10__frame_00031.jpg,64,425.59,430.4,444.61,449.48,high
cam10__frame_00031.jpg,65,423.1,432.53,445.02,454.51,high
cam10__frame_00031.jpg,66,421.34,435.55,444.47,458.75,high
cam10__frame_00031.jpg,67,419.38,438.2,442.59,461.47,high
cam10__frame_00031.jpg,68,417.08,441.03,441.34,465.37,high
cam10__frame_00031.jpg,69,415.31,444.58,438.92,468.25,high
cam10__frame_00031.jpg,70,413.55,447.95,437.16,471.63,high
cam10__frame_00031.jpg,71,443.5,428.83,497.15,480.07,low
cam10__frame_00031.jpg,72,444.45,465.43,464.28,486.45,high
cam10__frame_00031.jpg,73,444.11,473.98,461.87,492.78,high
cam10__frame_00031.jpg,74,444.89,484.13,461.87,502.05,high
cam10__frame_00031.jpg,75,444.43,492.88,460.45,509.7,high
cam10__frame_00031.jpg,76,463.21,461.21,509.8,507.58,low
cam10__frame_00031.jpg,77,462.42,485.03,484.67,509.95,high
cam10__frame_00031.jpg,78,461.55,489.65,484.58,513.87,high
cam10__frame_00031.jpg,79,460.08,494.19,483.69,517.87,high
cam10__frame_00031.jpg,80,459.84,498.93,482.47,521.64,high
cam10__frame_00031.jpg,81,459.84,503.21,482.75,526.19,high
cam10__frame_00031.jpg,82,458.89,507.48,481.41,530.06,high
cam10__frame_00031.jpg,83,459.13,512.93,481.91,535.78,high
cam10__frame_00031.jpg,84,478.66,486.68,540.32,549.39,low
cam10__frame_00031.jpg,85,480.3,519.5,512.18,551.46,high
cam10__frame_00031.jpg,86,479.47,523.87,511.35,555.83,high
cam10__frame_00031.jpg,87,478.37,528.53,510.25,560.5,high
cam10__frame_00031.jpg,88,477.0,532.38,508.88,564.34,high
cam10__frame_00031.jpg,89,474.81,535.67,506.68,567.63,high
cam10__frame_00031.jpg,90,594.82,595.54,617.76,621.48,medium
cam10__frame_00031.jpg,91,367.9,414.05,382.18,478.36,medium
cam10__frame_00031.jpg,92,382.18,443.07,397.54,505.68,medium
cam10__frame_00031.jpg,93,396.4,473.24,412.34,532.99,medium
cam10__frame_00031.jpg,94,412.34,486.89,427.71,543.24,medium
cam10__frame_00031.jpg,95,428.09,511.6,451.2,570.4,medium
cam10__frame_00031.jpg,96,450.57,542.58,465.64,610.92,medium
cam10__frame_00031.jpg,97,490.26,606.51,523.7,640.0,high
cam10__frame_00031.jpg,98,385.91,543.68,400.6,559.85,medium
cam10__frame_00031.jpg,99,404.65,544.78,426.32,596.59,high
cam10__frame_00031.jpg,100,427.79,575.65,448.0,630.03,high
cam10__frame_00031.jpg,101,449.47,618.64,467.84,640.0,high
cam10__frame_00031.jpg,102,393.78,34.6,415.3,106.5,medium
cam10__frame_00031.jpg,103,418.4,45.9,433.03,96.13,medium
cam10__frame_00031.jpg,104,433.03,43.43,451.14,98.32,medium
cam10__frame_00031.jpg,105,448.12,93.97,451.61,105.45,high
cam10__frame_00031.jpg,106,452.2,92.54,456.92,106.89,high
cam10__frame_00031.jpg,107,457.03,92.34,462.01,109.18,high
cam10__frame_00031.jpg,108,462.48,94.24,465.33,110.6,high
cam10__frame_00031.jpg,109,468.38,95.93,479.6,115.15,medium
cam10__frame_00031.jpg,110,479.33,91.82,493.6,120.63,medium
cam10__frame_00031.jpg,111,490.82,106.03,513.94,128.08,medium
cam10__frame_00031.jpg,112,516.66,100.32,525.99,112.4,medium
cam10__frame_00031.jpg,113,515.56,111.58,525.99,123.38,medium
cam10__frame_00031.jpg,114,512.81,123.38,526.81,137.1,medium
cam10__frame_00031.jpg,115,526.81,73.43,536.42,106.91,medium
cam10__frame_00031.jpg,116,526.26,106.36,536.42,116.79,medium
cam10__frame_00031.jpg,117,524.62,115.69,536.14,127.5,medium
cam10__frame_00031.jpg,118,525.71,126.67,536.42,140.4,medium
cam10__frame_00031.jpg,119,536.42,91.82,551.79,115.97,medium
cam10__frame_00031.jpg,120,536.42,113.5,552.61,132.16,medium
cam10__frame_00031.jpg,121,536.14,130.52,552.06,148.36,medium
cam10__frame_00031.jpg,122,552.61,109.93,572.92,164.0,medium
cam10__frame_00031.jpg,123,574.4,115.66,594.28,175.55,medium
cam10__frame_00031.jpg,124,597.82,115.8,621.15,191.46,medium
cam10__frame_00031.jpg,125,622.86,133.41,640.0,200.57,medium
cam10__frame_00031.jpg,126,488.94,157.94,517.2,188.8,medium
cam10__frame_00031.jpg,127,398.2,95.62,439.03,133.16,low
cam10__frame_00031.jpg,128,296.51,65.47,312.72,119.99,high
cam10__frame_00031.jpg,129,263.52,33.89,291.12,58.21,low
cam10__frame_00031.jpg,130,263.96,50.9,296.75,76.92,low
cam10__frame_00031.jpg,131,264.51,69.35,298.07,87.41,medium
cam10__frame_00031.jpg,132,274.48,82.26,303.93,126.85,low
cam10__frame_00031.jpg,133,266.37,88.77,277.35,124.45,high
cam10__frame_00031.jpg,134,237.53,63.6,261.07,71.45,high
cam10__frame_00031.jpg,135,236.16,71.2,266.03,142.64,low
cam10__frame_00031.jpg,136,208.34,49.24,231.63,68.49,medium
cam10__frame_00031.jpg,137,219.05,68.92,235.5,85.6,high
cam10__frame_00031.jpg,138,193.4,51.78,207.83,61.9,medium
cam10__frame_00031.jpg,139,195.04,62.66,211.68,78.55,high
cam10__frame_00031.jpg,140,192.18,74.55,218.42,94.93,high
cam10__frame_00031.jpg,141,175.37,64.17,192.8,89.89,medium
cam10__frame_00031.jpg,142,204.41,93.08,209.12,117.0,medium
cam10__frame_00031.jpg,143,209.89,94.83,214.59,118.75,medium
cam10__frame_00031.jpg,144,214.99,99.1,219.69,117.97,medium
cam10__frame_00031.jpg,145,220.08,101.1,224.79,117.19,medium
cam10__frame_00031.jpg,146,224.79,99.9,229.49,117.58,high
cam10__frame_00031.jpg,147,214.61,118.57,230.3,151.12,low
cam10__frame_00031.jpg,148,184.29,95.62,201.25,121.7,low
cam10__frame_00031.jpg,149,296.4,158.53,303.24,167.16,low
cam10__frame_00031.jpg,150,295.6,168.33,303.83,176.96,low
cam10__frame_00031.jpg,151,295.99,176.17,304.22,184.8,low
cam10__frame_00031.jpg,152,295.6,184.8,303.83,193.43,low
cam10__frame_00031.jpg,153,297.56,193.03,305.79,201.66,medium
cam10__frame_00031.jpg,154,300.46,201.77,308.69,210.4,medium
cam10__frame_00031.jpg,155,304.39,179.45,312.63,188.08,medium
cam10__frame_00031.jpg,156,305.27,188.64,313.51,197.27,medium
cam10__frame_00031.jpg,157,308.11,198.49,316.35,207.12,medium
cam10__frame_00031.jpg,158,319.71,191.71,327.95,200.33,medium
cam10__frame_00031.jpg,159,194.28,231.33,217.05,271.74,low
cam10__frame_00031.jpg,160,244.96,253.6,263.2,270.04,medium
cam10__frame_00031.jpg,161,287.9,285.2,312.0,303.52,medium
cam10__frame_00031.jpg,162,270.47,307.7,295.98,333.82,medium
cam10__frame_00031.jpg,163,331.2,285.23,368.26,341.72,low
cam10__frame_00031.jpg,164,342.14,341.72,373.73,377.56,medium
cam10__frame_00031.jpg,165,317.8,333.8,347.0,410.96,low
cam10__frame_00031.jpg,166,253.46,355.08,281.4,427.97,low
cam10__frame_00031.jpg,167,235.63,360.29,257.75,379.25,high
cam10__frame_00031.jpg,168,251.56,412.66,283.24,458.84,low
cam10__frame_00031.jpg,169,362.17,74.31,369.44,96.13,medium
cam10__frame_00031.jpg,170,352.8,67.5,361.65,91.5,medium
cam10__frame_00031.jpg,171,349.07,71.0,353.33,86.79,high
cam10__frame_00031.jpg,172,340.8,67.75,349.07,87.04,medium
cam10__frame_00031.jpg,173,333.54,67.52,341.05,85.54,medium
cam10__frame_00031.jpg,174,319.36,62.94,324.05,79.04,medium
cam10__frame_00031.jpg,175,315.0,58.91,319.02,78.37,medium
cam10__frame_00031.jpg,176,308.63,49.65,314.39,77.47,medium
cam10__frame_00031.jpg,177,295.35,46.15,305.12,66.69,high
cam10__frame_00031.jpg,178,350.6,35.71,365.68,48.76,medium
cam10__frame_00031.jpg,179,339.01,29.34,351.47,47.31,medium
cam10__frame_00031.jpg,180,327.99,29.63,339.59,44.99,medium
cam10__frame_00031.jpg,181,318.42,29.92,326.25,42.67,medium
cam10__frame_00031.jpg,182,314.65,17.74,323.06,29.63,high
cam10__frame_00031.jpg,183,308.35,26.79,312.8,41.39,medium
cam10__frame_00031.jpg,184,296.41,34.19,308.49,41.9,medium
cam10__frame_00031.jpg,185,296.74,27.92,308.2,35.0,medium
cam10__frame_00031.jpg,186,305.8,20.77,310.5,27.81,high
cam10__frame_00031.jpg,187,295.07,21.77,305.13,26.47,medium
cam10__frame_00031.jpg,188,298.09,17.41,308.15,23.1,medium
cam10__frame_00031.jpg,189,350.93,160.3,360.36,172.0,high
cam10__frame_00031.jpg,190,368.09,198.6,374.85,234.45,high
cam10__frame_00031.jpg,191,358.22,194.44,368.09,231.33,high
cam10__frame_00031.jpg,192,349.39,190.8,357.18,225.62,high
cam10__frame_00031.jpg,193,341.54,212.42,351.41,223.85,high
cam10__frame_00031.jpg,194,355.62,241.72,363.93,264.2,high
cam10__frame_00031.jpg,195,339.3,257.6,362.63,285.77,medium
cam10__frame_00031.jpg,196,152.98,508.56,189.15,539.08,high
cam10__frame_00031.jpg,197,141.08,412.07,235.52,467.49,low
cam10__frame_00031.jpg,198,145.5,401.25,224.2,440.65,low
cam10__frame_00031.jpg,199,141.35,391.63,221.86,440.17,medium
cam10__frame_00031.jpg,200,137.02,380.19,221.63,432.11,low
cam10__frame_00031.jpg,201,128.23,201.53,202.77,293.67,low
cam10__frame_00031.jpg,202,115.45,131.72,189.29,214.57,low
cam10__frame_00031.jpg,203,112.61,60.96,177.29,117.83,low
cam10__frame_00031.jpg,204,619.81,540.69,640.0,572.85,high
cam10__frame_00032.jpg,0,417.08,441.03,441.34,465.37,high
cam10__frame_00032.jpg,1,405.9,387.73,416.1,397.95,high
cam10__frame_00032.jpg,2,405.81,392.71,413.91,400.82,high
cam10__frame_00032.jpg,3,385.66,391.0,400.26,405.54,medium
cam10__frame_00032.jpg,4,384.44,397.97,396.49,410.05,high
cam10__frame_00032.jpg,5,184.29,95.62,201.25,121.7,low
cam10__frame_00032.jpg,6,214.61,118.57,230.3,151.12,low
cam10__frame_00032.jpg,7,224.79,99.9,229.49,117.58,high
cam10__frame_00032.jpg,8,220.08,101.1,224.79,117.19,medium
cam10__frame_00032.jpg,9,214.99,99.1,219.69,117.97,medium
cam10__frame_00032.jpg,10,209.89,94.83,214.59,118.75,medium
cam10__frame_00032.jpg,11,204.41,93.08,209.12,117.0,medium
cam10__frame_00032.jpg,12,175.37,64.17,192.8,89.89,medium
cam10__frame_00032.jpg,13,192.18,74.55,218.42,94.93,high
cam10__frame_00032.jpg,14,195.04,62.66,211.68,78.55,high
cam10__frame_00032.jpg,15,193.4,51.78,207.83,61.9,medium
cam10__frame_00032.jpg,16,219.05,68.92,235.5,85.6,high
cam10__frame_00032.jpg,17,208.34,49.24,231.63,68.49,medium
cam10__frame_00032.jpg,18,236.16,71.2,266.03,142.64,low
cam10__frame_00032.jpg,19,237.53,63.6,261.07,71.45,high
cam10__frame_00032.jpg,20,266.37,88.77,277.35,124.45,high
cam10__frame_00032.jpg,21,274.48,82.26,303.93,126.85,low
cam10__frame_00032.jpg,22,264.51,69.35,298.07,87.41,medium
cam10__frame_00032.jpg,23,263.96,50.9,296.75,76.92,low
cam10__frame_00032.jpg,24,263.52,33.89,291.12,58.21,low
cam10__frame_00032.jpg,25,296.51,65.47,312.72,119.99,high
cam10__frame_00032.jpg,26,492.77,163.07,515.69,186.88,medium
cam10__frame_00032.jpg,27,424.01,126.93,440.76,148.09,low
cam10__frame_00032.jpg,28,622.86,133.41,640.0,200.57,medium
cam10__frame_00032.jpg,29,597.82,115.8,621.15,191.46,medium
cam10__frame_00032.jpg,30,574.4,115.66,594.28,175.55,medium
cam10__frame_00032.jpg,31,536.14,130.52,542.9,146.4,high
cam10__frame_00032.jpg,32,536.42,113.5,544.9,130.9,high
cam10__frame_00032.jpg,33,536.42,91.82,546.9,114.2,high
cam10__frame_00032.jpg,34,525.71,126.67,536.42,140.4,medium
cam10__frame_00032.jpg,35,524.62,115.69,536.14,127.5,medium
cam10__frame_00032.jpg,36,526.26,106.36,536.42,116.79,medium
cam10__frame_00032.jpg,37,526.81,73.43,536.42,106.91,medium
cam10__frame_00032.jpg,38,512.81,123.38,526.81,137.1,medium
cam10__frame_00032.jpg,39,515.56,111.58,525.99,123.38,medium
cam10__frame_00032.jpg,40,516.66,100.32,525.99,112.4,medium
cam10__frame_00032.jpg,41,490.82,106.03,513.94,128.08,medium
cam10__frame_00032.jpg,42,479.33,91.82,493.6,120.63,medium
cam10__frame_00032.jpg,43,468.38,95.93,479.6,115.15,medium
cam10__frame_00032.jpg,44,462.48,94.24,465.33,110.6,high
cam10__frame_00032.jpg,45,457.03,92.34,462.01,109.18,high
cam10__frame_00032.jpg,46,452.2,92.54,456.92,106.89,high
cam10__frame_00032.jpg,47,448.12,93.97,451.61,105.45,high
cam10__frame_00032.jpg,48,433.03,43.43,451.14,98.32,medium
cam10__frame_00032.jpg,49,418.4,45.9,433.03,96.13,medium
cam10__frame_00032.jpg,50,393.78,34.6,419.85,112.59,medium
cam10__frame_00032.jpg,51,449.47,618.64,467.84,640.0,high
cam10__frame_00032.jpg,52,427.79,575.65,448.0,630.03,high
cam10__frame_00032.jpg,53,404.65,544.78,426.32,596.59,high
cam10__frame_00032.jpg,54,385.91,543.68,400.6,559.85,medium
cam10__frame_00032.jpg,55,490.26,606.51,523.7,640.0,high
cam10__frame_00032.jpg,56,450.57,542.58,465.64,610.92,medium
cam10__frame_00032.jpg,57,428.09,511.6,451.2,570.4,medium
cam10__frame_00032.jpg,58,412.34,486.89,427.71,543.24,medium
cam10__frame_00032.jpg,59,396.4,473.24,412.34,532.99,medium
cam10__frame_00032.jpg,60,382.18,443.07,397.54,505.68,medium
cam10__frame_00032.jpg,61,367.9,414.05,382.18,478.36,medium
cam10__frame_00032.jpg,62,594.82,595.54,617.76,621.48,medium
cam10__frame_00032.jpg,63,474.81,535.67,506.68,567.63,high
cam10__frame_00032.jpg,64,477.0,532.38,508.88,564.34,high
cam10__frame_00032.jpg,65,478.37,528.53,510.25,560.5,high
cam10__frame_00032.jpg,66,479.47,523.87,511.35,555.83,high
cam10__frame_00032.jpg,67,480.3,519.5,512.18,551.46,high
cam10__frame_00032.jpg,68,478.66,486.68,540.32,549.39,low
cam10__frame_00032.jpg,69,459.13,512.93,481.91,535.78,high
cam10__frame_00032.jpg,70,458.89,507.48,481.41,530.06,high
cam10__frame_00032.jpg,71,459.84,503.21,482.75,526.19,high
cam10__frame_00032.jpg,72,459.84,498.93,482.47,521.64,high
cam10__frame_00032.jpg,73,460.08,494.19,483.69,517.87,high
cam10__frame_00032.jpg,74,461.55,489.65,484.58,513.87,high
cam10__frame_00032.jpg,75,462.42,485.03,484.67,509.95,high
cam10__frame_00032.jpg,76,463.21,461.21,509.8,507.58,low
cam10__frame_00032.jpg,77,444.43,492.88,460.45,509.7,high
cam10__frame_00032.jpg,78,444.89,484.13,461.87,502.05,high
cam10__frame_00032.jpg,79,444.11,473.98,461.87,492.78,high
cam10__frame_00032.jpg,80,444.45,465.43,464.28,486.45,high
cam10__frame_00032.jpg,81,443.5,428.83,497.15,480.07,low
cam10__frame_00032.jpg,82,413.55,447.95,437.16,471.63,high
cam10__frame_00032.jpg,83,415.31,444.58,438.92,468.25,high
cam10__frame_00032.jpg,84,407.45,384.65,418.3,395.53,high
cam10__frame_00032.jpg,85,419.38,438.2,442.59,461.47,high
cam10__frame_00032.jpg,86,421.34,435.55,444.47,458.75,high
cam10__frame_00032.jpg,87,423.1,432.53,445.02,454.51,high
cam10__frame_00032.jpg,88,425.59,430.4,444.61,449.48,high
cam10__frame_00032.jpg,89,427.81,428.22,446.83,447.3,high
cam10__frame_00032.jpg,90,429.11,406.46,474.37,451.98,low
cam10__frame_00032.jpg,91,404.53,437.1,416.24,448.84,high
cam10__frame_00032.jpg,92,403.85,430.89,418.33,445.42,high
cam10__frame_00032.jpg,93,404.85,428.1,419.29,442.57,high
cam10__frame_00032.jpg,94,405.51,423.54,420.81,438.88,high
cam10__frame_00032.jpg,95,407.67,421.02,423.09,436.48,high
cam10__frame_00032.jpg,96,408.98,417.19,425.18,433.43,high
cam10__frame_00032.jpg,97,411.45,414.53,427.66,430.77,high
cam10__frame_00032.jpg,98,413.34,411.66,429.55,427.91,high
cam10__frame_00032.jpg,99,407.15,380.49,452.41,426.0,low
cam10__frame_00032.jpg,100,392.69,420.95,404.74,433.03,high
cam10__frame_00032.jpg,101,391.5,413.87,404.14,426.54,high
cam10__frame_00032.jpg,102,392.69,410.34,405.33,423.02,high
cam10__frame_00032.jpg,103,394.74,399.64,414.89,420.36,medium
cam10__frame_00032.jpg,104,381.78,404.74,393.85,416.83,high
cam10__frame_00032.jpg,105,382.08,400.03,394.13,412.11,high
cam10__frame_00032.jpg,106,623.2,537.03,635.0,570.25,high
cam10__frame_00032.jpg,107,112.61,60.96,177.29,117.83,low
cam10__frame_00032.jpg,108,115.45,131.72,189.29,214.57,low
cam10__frame_00032.jpg,109,128.23,201.53,202.77,293.67,low
cam10__frame_00032.jpg,110,137.02,380.19,221.63,432.11,low
cam10__frame_00032.jpg,111,141.35,391.63,221.86,440.17,medium
cam10__frame_00032.jpg,112,145.5,401.25,224.2,440.65,low
cam10__frame_00032.jpg,113,141.08,412.07,235.52,467.49,low
cam10__frame_00032.jpg,114,152.98,508.56,189.15,539.08,high
cam10__frame_00032.jpg,115,333.7,270.92,366.81,296.77,medium
cam10__frame_00032.jpg,116,355.62,241.72,363.93,275.5,high
cam10__frame_00032.jpg,117,341.54,212.42,351.41,223.85,high
cam10__frame_00032.jpg,118,349.39,190.8,357.18,225.62,high
cam10__frame_00032.jpg,119,358.22,194.44,368.09,231.33,high
cam10__frame_00032.jpg,120,368.09,198.6,374.85,234.45,high
cam10__frame_00032.jpg,121,350.93,160.3,360.36,172.0,high
cam10__frame_00032.jpg,122,298.09,17.41,308.15,23.1,medium
cam10__frame_00032.jpg,123,295.07,21.77,305.13,26.47,medium
cam10__frame_00032.jpg,124,305.8,20.77,310.5,27.81,high
cam10__frame_00032.jpg,125,296.74,27.92,308.2,35.0,medium
cam10__frame_00032.jpg,126,296.41,34.19,308.49,41.9,medium
cam10__frame_00032.jpg,127,308.35,26.79,312.8,41.39,medium
cam10__frame_00032.jpg,128,314.65,17.74,323.06,29.63,high
cam10__frame_00032.jpg,129,318.42,29.92,326.25,42.67,medium
cam10__frame_00032.jpg,130,327.99,29.63,339.59,44.99,medium
cam10__frame_00032.jpg,131,339.01,29.34,351.47,47.31,medium
cam10__frame_00032.jpg,132,350.6,35.71,365.68,48.76,medium
cam10__frame_00032.jpg,133,295.35,46.15,305.12,66.69,high
cam10__frame_00032.jpg,134,305.37,46.9,308.38,65.69,medium
cam10__frame_00032.jpg,135,308.63,49.65,314.39,77.47,medium
cam10__frame_00032.jpg,136,315.0,58.91,319.02,78.37,medium
cam10__frame_00032.jpg,137,319.36,62.94,324.05,79.04,medium
cam10__frame_00032.jpg,138,333.54,67.52,341.05,85.54,medium
cam10__frame_00032.jpg,139,340.8,67.75,349.07,87.04,medium
cam10__frame_00032.jpg,140,349.07,71.0,353.33,86.79,high
cam10__frame_00032.jpg,141,352.8,67.5,361.65,91.5,medium
cam10__frame_00032.jpg,142,362.17,74.31,369.44,96.13,medium
cam10__frame_00032.jpg,143,251.56,412.66,283.24,458.84,low
cam10__frame_00032.jpg,144,235.63,360.29,257.75,379.25,high
cam10__frame_00032.jpg,145,253.46,355.08,281.4,427.97,low
cam10__frame_00032.jpg,146,317.8,333.8,347.0,410.96,low
cam10__frame_00032.jpg,147,342.14,341.72,373.73,377.56,medium
cam10__frame_00032.jpg,148,331.2,285.23,368.26,341.72,low
cam10__frame_00032.jpg,149,270.47,307.7,295.98,333.82,medium
cam10__frame_00032.jpg,150,287.9,285.2,312.0,303.52,medium
cam10__frame_00032.jpg,151,244.96,253.6,263.2,270.04,medium
cam10__frame_00032.jpg,152,194.28,231.33,217.05,271.74,low
cam10__frame_00032.jpg,153,319.71,191.71,327.95,200.33,medium
cam10__frame_00032.jpg,154,308.11,198.49,316.35,207.12,medium
cam10__frame_00032.jpg,155,305.27,188.64,313.51,197.27,medium
cam10__frame_00032.jpg,156,304.39,179.45,312.63,188.08,medium
cam10__frame_00032.jpg,157,300.46,201.77,308.69,210.4,medium
cam10__frame_00032.jpg,158,297.56,193.03,305.79,201.66,medium
cam10__frame_00032.jpg,159,295.6,184.8,303.83,193.43,low
cam10__frame_00032.jpg,160,295.99,176.17,304.22,184.8,low
cam10__frame_00032.jpg,161,295.6,168.33,303.83,176.96,low
cam10__frame_00032.jpg,162,296.4,158.53,303.24,167.16,low
cam10__frame_00032.jpg,163,597.5,624.63,619.74,640.0,high
cam10__frame_00032.jpg,164,482.3,192.77,535.4,293.04,low
cam10__frame_00032.jpg,165,530.68,241.48,580.58,288.26,low
cam10__frame_00032.jpg,166,528.09,260.95,578.0,307.75,medium
cam10__frame_00032.jpg,167,495.3,296.4,535.71,364.01,low
cam10__frame_00032.jpg,168,452.2,345.5,522.0,424.9,low
cam10__frame_00032.jpg,169,575.8,267.23,610.69,306.77,high
cam10__frame_00032.jpg,170,531.13,283.39,617.8,367.66,low
cam10__frame_00032.jpg,171,534.43,334.49,592.01,384.66,medium
cam10__frame_00032.jpg,172,531.43,352.64,587.73,402.18,medium
cam10__frame_00032.jpg,173,529.27,372.5,587.24,423.36,medium
cam10__frame_00032.jpg,174,525.82,391.44,584.78,443.29,medium
cam10__frame_00032.jpg,175,524.23,411.06,578.21,458.22,medium
cam10__frame_00032.jpg,176,523.97,429.06,578.53,476.74,medium
cam10__frame_00032.jpg,177,520.04,445.92,576.23,495.25,medium
cam10__frame_00032.jpg,178,519.72,465.81,571.8,511.37,medium
cam10__frame_00032.jpg,179,525.84,489.72,569.4,526.36,low
cam10__frame_00032.jpg,180,606.5,263.23,640.0,309.4,medium
cam10__frame_00032.jpg,181,594.95,304.05,640.0,348.14,high
cam10__frame_00032.jpg,182,605.71,332.22,640.0,367.34,high
cam10__frame_00032.jpg,183,600.9,348.06,640.0,395.52,high
cam10__frame_00032.jpg,184,599.69,371.88,640.0,419.34,high
cam10__frame_00032.jpg,185,599.63,393.13,640.0,438.01,high
cam10__frame_00032.jpg,186,366.7,232.8,393.31,293.7,low
cam10__frame_00032.jpg,187,393.3,221.6,449.08,314.3,low
cam10__frame_00032.jpg,188,436.2,143.56,483.4,243.94,low
cam10__frame_00032.jpg,189,445.65,260.24,510.85,325.45,medium
cam10__frame_00032.jpg,190,410.47,301.4,477.4,370.06,low
cam10__frame_00032.jpg,191,391.63,328.5,405.98,342.88,high
cam10__frame_00032.jpg,192,391.69,332.72,406.03,347.1,high
cam10__frame_00032.jpg,193,392.45,338.33,404.5,350.41,high
cam10__frame_00032.jpg,194,390.3,341.53,402.72,353.97,high
cam10__frame_00032.jpg,195,379.97,344.11,401.94,366.41,low
cam10__frame_00032.jpg,196,378.58,356.28,390.62,368.36,high
cam10__frame_00032.jpg,197,378.31,360.35,390.38,372.44,high
cam10__frame_00032.jpg,198,378.32,364.43,390.37,376.51,high
cam10__frame_00032.jpg,199,378.07,368.76,390.11,380.84,high
cam10__frame_00032.jpg,200,365.57,368.6,387.54,390.89,low
cam10__frame_00032.jpg,201,364.15,380.53,376.2,392.61,high
cam10__frame_00032.jpg,202,405.94,362.43,424.86,381.91,medium
cam10__frame_00032.jpg,203,406.72,374.9,417.59,385.79,high
cam10__frame_00032.jpg,204,406.79,379.59,417.64,390.47,high
cam10__frame_00036.jpg,0,417.08,441.03,441.34,465.37,high
cam10__frame_00036.jpg,1,419.38,438.2,442.59,461.47,high
cam10__frame_00036.jpg,2,421.34,435.55,444.47,458.75,high
cam10__frame_00036.jpg,3,423.1,432.53,445.02,454.51,high
cam10__frame_00036.jpg,4,425.59,430.4,444.61,449.48,high
cam10__frame_00036.jpg,5,427.81,428.22,446.83,447.3,high
cam10__frame_00036.jpg,6,429.11,406.46,474.37,451.98,low
cam10__frame_00036.jpg,7,404.53,437.1,416.24,448.84,high
cam10__frame_00036.jpg,8,385.66,391.0,400.26,405.54,medium
cam10__frame_00036.jpg,9,405.81,392.71,413.91,400.82,high
cam10__frame_00036.jpg,10,405.9,387.73,416.1,397.95,high
cam10__frame_00036.jpg,11,407.45,384.65,418.3,395.53,high
cam10__frame_00036.jpg,12,406.79,379.59,417.64,390.47,high
cam10__frame_00036.jpg,13,406.72,374.9,417.59,385.79,high
cam10__frame_00036.jpg,14,405.94,362.43,424.86,381.91,medium
cam10__frame_00036.jpg,15,364.15,380.53,376.2,392.61,high
cam10__frame_00036.jpg,16,365.57,368.6,387.54,390.89,low
cam10__frame_00036.jpg,17,378.07,368.76,390.11,380.84,high
cam10__frame_00036.jpg,18,378.32,364.43,390.37,376.51,high
cam10__frame_00036.jpg,19,378.31,360.35,390.38,372.44,high
cam10__frame_00036.jpg,20,378.58,356.28,390.62,368.36,high
cam10__frame_00036.jpg,21,379.97,344.11,401.94,366.41,low
cam10__frame_00036.jpg,22,390.3,341.53,402.72,353.97,high
cam10__frame_00036.jpg,23,392.45,338.33,404.5,350.41,high
cam10__frame_00036.jpg,24,391.69,332.72,406.03,347.1,high
cam10__frame_00036.jpg,25,391.63,328.5,405.98,342.88,high
cam10__frame_00036.jpg,26,403.85,430.89,418.33,445.42,high
cam10__frame_00036.jpg,27,404.85,428.1,419.29,442.57,high
cam10__frame_00036.jpg,28,405.51,423.54,420.81,438.88,high
cam10__frame_00036.jpg,29,407.67,421.02,423.09,436.48,high
cam10__frame_00036.jpg,30,408.98,417.19,425.18,433.43,high
cam10__frame_00036.jpg,31,411.45,414.53,427.66,430.77,high
cam10__frame_00036.jpg,32,413.34,411.66,429.55,427.91,high
cam10__frame_00036.jpg,33,407.15,380.49,452.41,426.0,low
cam10__frame_00036.jpg,34,392.69,420.95,404.74,433.03,high
cam10__frame_00036.jpg,35,391.5,413.87,404.14,426.54,high
cam10__frame_00036.jpg,36,392.69,410.34,405.33,423.02,high
cam10__frame_00036.jpg,37,394.74,399.64,414.89,420.36,medium
cam10__frame_00036.jpg,38,381.78,404.74,393.85,416.83,high
cam10__frame_00036.jpg,39,382.08,400.03,394.13,412.11,high
cam10__frame_00036.jpg,40,384.44,397.97,396.49,410.05,high
cam10__frame_00036.jpg,41,112.61,60.96,177.29,117.83,low
cam10__frame_00036.jpg,42,115.45,131.72,189.29,214.57,low
cam10__frame_00036.jpg,43,128.23,201.53,202.77,293.67,low
cam10__frame_00036.jpg,44,137.02,380.19,221.63,432.11,low
cam10__frame_00036.jpg,45,141.35,391.63,221.86,440.17,medium
cam10__frame_00036.jpg,46,145.5,401.25,224.2,440.65,low
cam10__frame_00036.jpg,47,141.08,412.07,235.52,467.49,low
cam10__frame_00036.jpg,48,152.98,508.56,189.15,539.08,high
cam10__frame_00036.jpg,49,342.32,257.11,360.94,288.77,medium
cam10__frame_00036.jpg,50,355.62,241.72,363.93,275.5,high
cam10__frame_00036.jpg,51,341.54,212.42,351.41,223.85,high
cam10__frame_00036.jpg,52,349.39,190.8,357.18,225.62,high
cam10__frame_00036.jpg,53,358.22,194.44,368.09,231.33,high
cam10__frame_00036.jpg,54,368.09,198.6,374.85,234.45,high
cam10__frame_00036.jpg,55,350.93,160.3,360.36,172.0,high
cam10__frame_00036.jpg,56,298.09,17.41,308.15,23.1,medium
cam10__frame_00036.jpg,57,295.07,21.77,305.13,26.47,medium
cam10__frame_00036.jpg,58,305.8,20.77,310.5,27.81,high
cam10__frame_00036.jpg,59,296.74,27.92,308.2,35.0,medium
cam10__frame_00036.jpg,60,296.41,34.19,308.49,41.9,medium
cam10__frame_00036.jpg,61,308.35,26.79,312.8,41.39,medium
cam10__frame_00036.jpg,62,314.65,17.74,323.06,29.63,high
cam10__frame_00036.jpg,63,318.42,29.92,326.25,42.67,medium
cam10__frame_00036.jpg,64,327.99,29.63,339.59,44.99,medium
cam10__frame_00036.jpg,65,339.01,29.34,351.47,47.31,medium
cam10__frame_00036.jpg,66,350.6,35.71,365.68,48.76,medium
cam10__frame_00036.jpg,67,295.35,46.15,305.12,66.69,high
cam10__frame_00036.jpg,68,305.37,46.9,308.38,65.69,medium
cam10__frame_00036.jpg,69,308.63,49.65,314.39,77.47,medium
cam10__frame_00036.jpg,70,315.0,58.91,319.02,78.37,medium
cam10__frame_00036.jpg,71,319.36,62.94,324.05,79.04,medium
cam10__frame_00036.jpg,72,333.54,67.52,341.05,85.54,medium
cam10__frame_00036.jpg,73,340.8,67.75,349.07,87.04,medium
cam10__frame_00036.jpg,74,349.07,71.0,353.33,86.79,high
cam10__frame_00036.jpg,75,352.8,67.5,361.65,91.5,medium
cam10__frame_00036.jpg,76,362.17,74.31,369.44,96.13,medium
cam10__frame_00036.jpg,77,251.56,412.66,283.24,458.84,low
cam10__frame_00036.jpg,78,235.63,360.29,257.75,379.25,high
cam10__frame_00036.jpg,79,253.46,355.08,281.4,427.97,low
cam10__frame_00036.jpg,80,317.8,333.8,347.0,410.96,low
cam10__frame_00036.jpg,81,342.14,341.72,373.73,377.56,medium
cam10__frame_00036.jpg,82,331.2,285.23,368.26,341.72,low
cam10__frame_00036.jpg,83,270.47,307.7,295.98,333.82,medium
cam10__frame_00036.jpg,84,287.9,285.2,312.0,303.52,medium
cam10__frame_00036.jpg,85,244.96,253.6,263.2,270.04,medium
cam10__frame_00036.jpg,86,194.28,231.33,217.05,271.74,low
cam10__frame_00036.jpg,87,319.71,191.71,327.95,200.33,medium
cam10__frame_00036.jpg,88,308.11,198.49,316.35,207.12,medium
cam10__frame_00036.jpg,89,305.27,188.64,313.51,197.27,medium
cam10__frame_00036.jpg,90,304.39,179.45,312.63,188.08,medium
cam10__frame_00036.jpg,91,300.46,201.77,308.69,210.4,medium
cam10__frame_00036.jpg,92,297.56,193.03,305.79,201.66,medium
cam10__frame_00036.jpg,93,295.6,184.8,303.83,193.43,low
cam10__frame_00036.jpg,94,295.99,176.17,304.22,184.8,low
cam10__frame_00036.jpg,95,295.6,168.33,303.83,176.96,low
cam10__frame_00036.jpg,96,296.4,158.53,303.24,167.16,low
cam10__frame_00036.jpg,97,530.68,241.48,580.58,288.26,low
cam10__frame_00036.jpg,98,528.09,260.95,578.0,307.75,medium
cam10__frame_00036.jpg,99,495.3,296.4,535.71,364.01,low
cam10__frame_00036.jpg,100,452.2,345.5,522.0,424.9,low
cam10__frame_00036.jpg,101,575.8,267.23,610.69,306.77,high
cam10__frame_00036.jpg,102,531.13,283.39,617.8,367.66,low
cam10__frame_00036.jpg,103,534.43,334.49,592.01,384.66,medium
cam10__frame_00036.jpg,104,531.43,352.64,587.73,402.18,medium
cam10__frame_00036.jpg,105,529.27,372.5,587.24,423.36,medium
cam10__frame_00036.jpg,106,525.82,391.44,584.78,443.29,medium
cam10__frame_00036.jpg,107,524.23,411.06,578.21,458.22,medium
cam10__frame_00036.jpg,108,523.97,429.06,578.53,476.74,medium
cam10__frame_00036.jpg,109,520.04,445.92,576.23,495.25,medium
cam10__frame_00036.jpg,110,519.72,465.81,571.8,511.37,medium
cam10__frame_00036.jpg,111,525.84,489.72,569.4,526.36,low
cam10__frame_00036.jpg,112,606.5,263.23,640.0,309.4,medium
cam10__frame_00036.jpg,113,594.95,304.05,640.0,348.14,high
cam10__frame_00036.jpg,114,605.71,332.22,640.0,367.34,high
cam10__frame_00036.jpg,115,600.9,348.06,640.0,395.52,high
cam10__frame_00036.jpg,116,599.69,371.88,640.0,419.34,high
cam10__frame_00036.jpg,117,599.63,393.13,640.0,438.01,high
cam10__frame_00036.jpg,118,366.7,232.8,393.31,293.7,low
cam10__frame_00036.jpg,119,393.3,221.6,449.08,314.3,low
cam10__frame_00036.jpg,120,436.2,143.56,483.4,243.94,low
cam10__frame_00036.jpg,121,445.65,260.24,510.85,325.45,medium
cam10__frame_00036.jpg,122,410.47,301.4,477.4,370.06,low
cam10__frame_00036.jpg,123,393.78,34.6,419.85,112.59,medium
cam10__frame_00036.jpg,124,599.72,621.29,618.62,640.0,high
cam10__frame_00036.jpg,125,357.3,579.1,421.83,640.0,high
cam10__frame_00036.jpg,126,482.3,192.77,535.4,293.04,low
cam10__frame_00036.jpg,127,296.51,65.47,312.72,119.99,high
cam10__frame_00036.jpg,128,263.52,33.89,291.12,58.21,low
cam10__frame_00036.jpg,129,263.96,50.9,296.75,76.92,low
cam10__frame_00036.jpg,130,264.51,69.35,298.07,87.41,medium
cam10__frame_00036.jpg,131,274.48,82.26,303.93,126.85,low
cam10__frame_00036.jpg,132,266.37,88.77,277.35,124.45,high
cam10__frame_00036.jpg,133,237.53,63.6,261.07,71.45,high
cam10__frame_00036.jpg,134,236.16,71.2,266.03,142.64,low
cam10__frame_00036.jpg,135,208.34,49.24,231.63,68.49,medium
cam10__frame_00036.jpg,136,219.05,68.92,235.5,85.6,high
cam10__frame_00036.jpg,137,193.4,51.78,207.83,61.9,medium
cam10__frame_00036.jpg,138,195.04,62.66,211.68,78.55,high
cam10__frame_00036.jpg,139,192.18,74.55,218.42,94.93,high
cam10__frame_00036.jpg,140,175.37,64.17,192.8,89.89,medium
cam10__frame_00036.jpg,141,204.41,93.08,209.12,117.0,medium
cam10__frame_00036.jpg,142,209.89,94.83,214.59,118.75,medium
cam10__frame_00036.jpg,143,214.99,99.1,219.69,117.97,medium
cam10__frame_00036.jpg,144,220.08,101.1,224.79,117.19,medium
cam10__frame_00036.jpg,145,224.79,99.9,229.49,117.58,high
cam10__frame_00036.jpg,146,214.61,118.57,230.3,151.12,low
cam10__frame_00036.jpg,147,184.29,95.62,201.25,121.7,low
cam10__frame_00036.jpg,148,418.4,45.9,433.03,96.13,medium
cam10__frame_00036.jpg,149,433.03,43.43,451.14,98.32,medium
cam10__frame_00036.jpg,150,448.12,93.97,451.61,105.45,high
cam10__frame_00036.jpg,151,452.2,92.54,456.92,106.89,high
cam10__frame_00036.jpg,152,457.03,92.34,462.01,109.18,high
cam10__frame_00036.jpg,153,462.48,94.24,465.33,110.6,high
cam10__frame_00036.jpg,154,468.38,95.93,479.6,115.15,medium
cam10__frame_00036.jpg,155,479.33,91.82,493.6,120.63,medium
cam10__frame_00036.jpg,156,490.82,106.03,513.94,128.08,medium
cam10__frame_00036.jpg,157,516.66,100.32,525.99,112.4,medium
cam10__frame_00036.jpg,158,515.56,111.58,525.99,123.38,medium
cam10__frame_00036.jpg,159,512.81,123.38,526.81,137.1,medium
cam10__frame_00036.jpg,160,526.81,73.43,536.42,106.91,medium
cam10__frame_00036.jpg,161,526.26,106.36,536.42,116.79,medium
cam10__frame_00036.jpg,162,524.62,115.69,536.14,127.5,medium
cam10__frame_00036.jpg,163,525.71,126.67,536.42,140.4,medium
cam10__frame_00036.jpg,164,536.42,91.82,551.79,115.97,medium
cam10__frame_00036.jpg,165,536.42,113.5,552.61,132.16,medium
cam10__frame_00036.jpg,166,536.14,130.52,552.06,148.36,medium
cam10__frame_00036.jpg,167,552.61,109.93,572.92,164.0,medium
cam10__frame_00036.jpg,168,574.4,115.66,594.28,175.55,medium
cam10__frame_00036.jpg,169,597.82,115.8,621.15,191.46,medium
cam10__frame_00036.jpg,170,622.86,133.41,640.0,200.57,medium
cam10__frame_00036.jpg,171,523.84,161.33,542.95,184.12,low
cam10__frame_00036.jpg,172,508.04,153.99,523.1,172.36,low
cam10__frame_00036.jpg,173,481.58,122.75,495.91,153.62,low
cam10__frame_00036.jpg,174,450.35,122.39,465.42,139.29,low
cam10__frame_00036.jpg,175,449.47,618.64,467.84,640.0,high
cam10__frame_00036.jpg,176,427.79,575.65,448.0,630.03,high
cam10__frame_00036.jpg,177,404.65,544.78,426.32,596.59,high
cam10__frame_00036.jpg,178,385.91,543.68,400.6,559.85,medium
cam10__frame_00036.jpg,179,490.26,606.51,523.7,640.0,high
cam10__frame_00036.jpg,180,450.57,542.58,465.64,610.92,medium
cam10__frame_00036.jpg,181,428.09,511.6,451.2,570.4,medium
cam10__frame_00036.jpg,182,412.34,486.89,427.71,543.24,medium
cam10__frame_00036.jpg,183,396.4,473.24,412.34,532.99,medium
cam10__frame_00036.jpg,184,382.18,443.07,397.54,505.68,medium
cam10__frame_00036.jpg,185,367.9,414.05,382.18,478.36,medium
cam10__frame_00036.jpg,186,594.82,595.54,617.76,621.48,medium
cam10__frame_00036.jpg,187,474.81,535.67,506.68,567.63,high
cam10__frame_00036.jpg,188,477.0,532.38,508.88,564.34,high
cam10__frame_00036.jpg,189,478.37,528.53,510.25,560.5,high
cam10__frame_00036.jpg,190,479.47,523.87,511.35,555.83,high
cam10__frame_00036.jpg,191,480.3,519.5,512.18,551.46,high
cam10__frame_00036.jpg,192,478.66,486.68,540.32,549.39,low
cam10__frame_00036.jpg,193,459.13,512.93,481.91,535.78,high
cam10__frame_00036.jpg,194,458.89,507.48,481.41,530.06,high
cam10__frame_00036.jpg,195,459.84,503.21,482.75,526.19,high
cam10__frame_00036.jpg,196,459.84,498.93,482.47,521.64,high
cam10__frame_00036.jpg,197,460.08,494.19,483.69,517.87,high
cam10__frame_00036.jpg,198,461.55,489.65,484.58,513.87,high
cam10__frame_00036.jpg,199,462.42,485.03,484.67,509.95,high
cam10__frame_00036.jpg,200,463.21,461.21,509.8,507.58,low
cam10__frame_00036.jpg,201,444.43,492.88,460.45,509.7,high
cam10__frame_00036.jpg,202,444.89,484.13,461.87,502.05,high
cam10__frame_00036.jpg,203,444.11,473.98,461.87,492.78,high
cam10__frame_00036.jpg,204,444.45,465.43,464.28,486.45,high
cam10__frame_00036.jpg,205,443.5,428.83,497.15,480.07,low
cam10__frame_00036.jpg,206,413.55,447.95,437.16,471.63,high
cam10__frame_00036.jpg,207,415.31,444.58,438.92,468.25,high
cam10__frame_00038.jpg,0,482.3,192.77,535.4,293.04,low
cam10__frame_00038.jpg,1,391.63,328.5,405.98,342.88,high
cam10__frame_00038.jpg,2,391.69,332.72,406.03,347.1,high
cam10__frame_00038.jpg,3,392.45,338.33,404.5,350.41,high
cam10__frame_00038.jpg,4,390.3,341.53,402.72,353.97,high
cam10__frame_00038.jpg,5,379.97,344.11,401.94,366.41,low
cam10__frame_00038.jpg,6,378.58,356.28,390.62,368.36,high
cam10__frame_00038.jpg,7,378.31,360.35,390.38,372.44,high
cam10__frame_00038.jpg,8,378.32,364.43,390.37,376.51,high
cam10__frame_00038.jpg,9,378.07,368.76,390.11,380.84,high
cam10__frame_00038.jpg,10,365.57,368.6,387.54,390.89,low
cam10__frame_00038.jpg,11,364.15,380.53,376.2,392.61,high
cam10__frame_00038.jpg,12,405.94,362.43,424.86,381.91,medium
cam10__frame_00038.jpg,13,406.72,374.9,417.59,385.79,high
cam10__frame_00038.jpg,14,406.79,379.59,417.64,390.47,high
cam10__frame_00038.jpg,15,407.45,384.65,418.3,395.53,high
cam10__frame_00038.jpg,16,405.9,387.73,416.1,397.95,high
cam10__frame_00038.jpg,17,405.81,392.71,413.91,400.82,high
cam10__frame_00038.jpg,18,385.66,391.0,400.26,405.54,medium
cam10__frame_00038.jpg,19,384.44,397.97,396.49,410.05,high
cam10__frame_00038.jpg,20,382.08,400.03,394.13,412.11,high
cam10__frame_00038.jpg,21,381.78,404.74,393.85,416.83,high
cam10__frame_00038.jpg,22,394.74,399.64,414.89,420.36,medium
cam10__frame_00038.jpg,23,392.69,410.34,405.33,423.02,high
cam10__frame_00038.jpg,24,391.5,413.87,404.14,426.54,high
cam10__frame_00038.jpg,25,392.69,420.95,404.74,433.03,high
cam10__frame_00038.jpg,26,407.15,380.49,452.41,426.0,low
cam10__frame_00038.jpg,27,413.34,411.66,429.55,427.91,high
cam10__frame_00038.jpg,28,411.45,414.53,427.66,430.77,high
cam10__frame_00038.jpg,29,408.98,417.19,425.18,433.43,high
cam10__frame_00038.jpg,30,407.67,421.02,423.09,436.48,high
cam10__frame_00038.jpg,31,405.51,423.54,420.81,438.88,high
cam10__frame_00038.jpg,32,404.85,428.1,419.29,442.57,high
cam10__frame_00038.jpg,33,403.85,430.89,418.33,445.42,high
cam10__frame_00038.jpg,34,404.53,437.1,416.24,448.84,high
cam10__frame_00038.jpg,35,429.11,406.46,474.37,451.98,low
cam10__frame_00038.jpg,36,427.81,428.22,446.83,447.3,high
cam10__frame_00038.jpg,37,425.59,430.4,444.61,449.48,high
cam10__frame_00038.jpg,38,423.1,432.53,445.02,454.51,high
cam10__frame_00038.jpg,39,421.34,435.55,444.47,458.75,high
cam10__frame_00038.jpg,40,419.38,438.2,442.59,461.47,high
cam10__frame_00038.jpg,41,417.08,441.03,441.34,465.37,high
cam10__frame_00038.jpg,42,415.31,444.58,438.92,468.25,high
cam10__frame_00038.jpg,43,413.55,447.95,437.16,471.63,high
cam10__frame_00038.jpg,44,443.5,428.83,497.15,480.07,low
cam10__frame_00038.jpg,45,444.45,465.43,464.28,486.45,high
cam10__frame_00038.jpg,46,444.11,473.98,461.87,492.78,high
cam10__frame_00038.jpg,47,444.89,484.13,461.87,502.05,high
cam10__frame_00038.jpg,48,444.43,492.88,460.45,509.7,high
cam10__frame_00038.jpg,49,463.21,461.21,509.8,507.58,low
cam10__frame_00038.jpg,50,462.42,485.03,484.67,509.95,high
cam10__frame_00038.jpg,51,461.55,489.65,484.58,513.87,high
cam10__frame_00038.jpg,52,460.08,494.19,483.69,517.87,high
cam10__frame_00038.jpg,53,459.84,498.93,482.47,521.64,high
cam10__frame_00038.jpg,54,459.84,503.21,482.75,526.19,high
cam10__frame_00038.jpg,55,458.89,507.48,481.41,530.06,high
cam10__frame_00038.jpg,56,459.13,512.93,481.91,535.78,high
cam10__frame_00038.jpg,57,478.66,486.68,540.32,549.39,low
cam10__frame_00038.jpg,58,480.3,519.5,512.18,551.46,high
cam10__frame_00038.jpg,59,479.47,523.87,511.35,555.83,high
cam10__frame_00038.jpg,60,478.37,528.53,510.25,560.5,high
cam10__frame_00038.jpg,61,477.0,532.38,508.88,564.34,high
cam10__frame_00038.jpg,62,474.81,535.67,506.68,567.63,high
cam10__frame_00038.jpg,63,594.82,595.54,617.76,621.48,medium
cam10__frame_00038.jpg,64,367.9,414.05,382.18,478.36,medium
cam10__frame_00038.jpg,65,382.18,443.07,397.54,505.68,medium
cam10__frame_00038.jpg,66,396.4,473.24,412.34,532.99,medium
cam10__frame_00038.jpg,67,412.34,486.89,427.71,543.24,medium
cam10__frame_00038.jpg,68,428.09,511.6,451.2,570.4,medium
cam10__frame_00038.jpg,69,450.57,542.58,465.64,610.92,medium
cam10__frame_00038.jpg,70,490.26,606.51,523.7,640.0,high
cam10__frame_00038.jpg,71,385.91,543.68,400.6,559.85,medium
cam10__frame_00038.jpg,72,404.65,544.78,426.32,596.59,high
cam10__frame_00038.jpg,73,427.79,575.65,448.0,630.03,high
cam10__frame_00038.jpg,74,449.47,618.64,467.84,640.0,high
cam10__frame_00038.jpg,75,393.78,34.6,419.85,112.59,medium
cam10__frame_00038.jpg,76,418.4,45.9,433.03,96.13,medium
cam10__frame_00038.jpg,77,433.03,43.43,451.14,98.32,medium
cam10__frame_00038.jpg,78,448.12,93.97,451.61,105.45,high
cam10__frame_00038.jpg,79,452.2,92.54,456.92,106.89,high
cam10__frame_00038.jpg,80,457.03,92.34,462.01,109.18,high
cam10__frame_00038.jpg,81,462.48,94.24,465.33,110.6,high
cam10__frame_00038.jpg,82,468.38,95.93,479.6,115.15,medium
cam10__frame_00038.jpg,83,479.33,91.82,493.6,120.63,medium
cam10__frame_00038.jpg,84,490.82,106.03,513.94,128.08,medium
cam10__frame_00038.jpg,85,516.66,100.32,525.99,112.4,medium
cam10__frame_00038.jpg,86,515.56,111.58,525.99,123.38,medium
cam10__frame_00038.jpg,87,512.81,123.38,526.81,137.1,medium
cam10__frame_00038.jpg,88,526.81,73.43,536.42,106.91,medium
cam10__frame_00038.jpg,89,526.26,106.36,536.42,116.79,medium
cam10__frame_00038.jpg,90,524.62,115.69,536.14,127.5,medium
cam10__frame_00038.jpg,91,525.71,126.67,536.42,140.4,medium
cam10__frame_00038.jpg,92,536.42,91.82,551.79,115.97,medium
cam10__frame_00038.jpg,93,536.42,113.5,552.61,132.16,medium
cam10__frame_00038.jpg,94,536.14,130.52,552.06,148.36,medium
cam10__frame_00038.jpg,95,552.61,109.93,572.92,164.0,medium
cam10__frame_00038.jpg,96,574.4,115.66,594.28,175.55,medium
cam10__frame_00038.jpg,97,597.82,115.8,621.15,191.46,medium
cam10__frame_00038.jpg,98,622.86,133.41,640.0,200.57,medium
cam10__frame_00038.jpg,99,523.84,161.33,542.95,184.12,low
cam10__frame_00038.jpg,100,508.04,153.99,523.1,172.36,low
cam10__frame_00038.jpg,101,481.58,122.75,495.91,153.62,low
cam10__frame_00038.jpg,102,450.35,122.39,465.42,139.29,low
cam10__frame_00038.jpg,103,296.51,65.47,312.72,119.99,high
cam10__frame_00038.jpg,104,263.52,33.89,291.12,58.21,low
cam10__frame_00038.jpg,105,263.96,50.9,296.75,76.92,low
cam10__frame_00038.jpg,106,264.51,69.35,298.07,87.41,medium
cam10__frame_00038.jpg,107,274.48,82.26,303.93,126.85,low
cam10__frame_00038.jpg,108,266.37,88.77,277.35,124.45,high
cam10__frame_00038.jpg,109,237.53,63.6,261.07,71.45,high
cam10__frame_00038.jpg,110,236.16,71.2,266.03,142.64,low
cam10__frame_00038.jpg,111,208.34,49.24,231.63,68.49,medium
cam10__frame_00038.jpg,112,219.05,68.92,235.5,85.6,high
cam10__frame_00038.jpg,113,193.4,51.78,207.83,61.9,medium
cam10__frame_00038.jpg,114,195.04,62.66,211.68,78.55,high
cam10__frame_00038.jpg,115,192.18,74.55,218.42,94.93,high
cam10__frame_00038.jpg,116,175.37,64.17,192.8,89.89,medium
cam10__frame_00038.jpg,117,204.41,93.08,209.12,117.0,medium
cam10__frame_00038.jpg,118,209.89,94.83,214.59,118.75,medium
cam10__frame_00038.jpg,119,214.99,99.1,219.69,117.97,medium
cam10__frame_00038.jpg,120,220.08,101.1,224.79,117.19,medium
cam10__frame_00038.jpg,121,224.79,99.9,229.49,117.58,high
cam10__frame_00038.jpg,122,214.61,118.57,230.3,151.12,low
cam10__frame_00038.jpg,123,184.29,95.62,201.25,121.7,low
cam10__frame_00038.jpg,124,599.63,393.13,640.0,438.01,high
cam10__frame_00038.jpg,125,599.69,371.88,640.0,419.34,high
cam10__frame_00038.jpg,126,600.9,348.06,640.0,395.52,high
cam10__frame_00038.jpg,127,605.71,332.22,640.0,367.34,high
cam10__frame_00038.jpg,128,594.95,304.05,640.0,348.14,high
cam10__frame_00038.jpg,129,606.5,263.23,640.0,309.4,medium
cam10__frame_00038.jpg,130,525.84,489.72,569.4,526.36,low
cam10__frame_00038.jpg,131,519.72,465.81,571.8,511.37,medium
cam10__frame_00038.jpg,132,520.04,445.92,576.23,495.25,medium
cam10__frame_00038.jpg,133,523.97,429.06,578.53,476.74,medium
cam10__frame_00038.jpg,134,524.23,411.06,578.21,458.22,medium
cam10__frame_00038.jpg,135,525.82,391.44,584.78,443.29,medium
cam10__frame_00038.jpg,136,529.27,372.5,587.24,423.36,medium
cam10__frame_00038.jpg,137,531.43,352.64,587.73,402.18,medium
cam10__frame_00038.jpg,138,534.43,334.49,592.01,384.66,medium
cam10__frame_00038.jpg,139,531.13,283.39,617.8,367.66,low
cam10__frame_00038.jpg,140,575.8,267.23,610.69,306.77,high
cam10__frame_00038.jpg,141,452.2,345.5,522.0,424.9,low
cam10__frame_00038.jpg,142,495.3,296.4,535.71,364.01,low
cam10__frame_00038.jpg,143,528.09,260.95,578.0,307.75,medium
cam10__frame_00038.jpg,144,530.68,241.48,580.58,288.26,low
cam10__frame_00038.jpg,145,405.97,353.38,445.11,386.23,medium
cam10__frame_00038.jpg,146,404.28,334.61,441.46,369.78,low
cam10__frame_00038.jpg,147,400.32,309.36,441.64,354.69,low
cam10__frame_00038.jpg,148,400.04,259.54,480.41,340.1,low
cam10__frame_00038.jpg,149,385.53,301.97,408.03,324.73,high
cam10__frame_00038.jpg,150,387.7,288.24,410.22,311.01,medium
cam10__frame_00038.jpg,151,385.81,270.06,407.89,292.41,medium
cam10__frame_00038.jpg,152,449.61,243.63,503.07,302.44,medium
cam10__frame_00038.jpg,153,422.2,211.25,480.45,251.45,medium
cam10__frame_00038.jpg,154,434.2,180.8,478.6,211.25,low
cam10__frame_00038.jpg,155,371.4,255.15,395.43,294.42,high
cam10__frame_00038.jpg,156,374.17,186.8,432.4,258.38,low
cam10__frame_00038.jpg,157,619.74,537.9,636.41,571.26,high
cam10__frame_00038.jpg,158,599.72,624.63,619.74,640.0,high
cam10__frame_00038.jpg,159,296.4,158.53,303.24,167.16,low
cam10__frame_00038.jpg,160,295.6,168.33,303.83,176.96,low
cam10__frame_00038.jpg,161,295.99,176.17,304.22,184.8,low
cam10__frame_00038.jpg,162,295.6,184.8,303.83,193.43,low
cam10__frame_00038.jpg,163,297.56,193.03,305.79,201.66,medium
cam10__frame_00038.jpg,164,300.46,201.77,308.69,210.4,medium
cam10__frame_00038.jpg,165,304.39,179.45,312.63,188.08,medium
cam10__frame_00038.jpg,166,305.27,188.64,313.51,197.27,medium
cam10__frame_00038.jpg,167,308.11,198.49,316.35,207.12,medium
cam10__frame_00038.jpg,168,319.71,191.71,327.95,200.33,medium
cam10__frame_00038.jpg,169,195.36,231.33,205.18,265.3,high
cam10__frame_00038.jpg,170,244.96,253.6,263.2,270.04,medium
cam10__frame_00038.jpg,171,287.9,285.2,312.0,303.52,medium
cam10__frame_00038.jpg,172,270.47,307.7,295.98,333.82,medium
cam10__frame_00038.jpg,173,331.2,285.23,368.26,341.72,low
cam10__frame_00038.jpg,174,342.14,341.72,373.73,377.56,medium
cam10__frame_00038.jpg,175,317.8,333.8,347.0,410.96,low
cam10__frame_00038.jpg,176,253.46,355.08,281.4,427.97,low
cam10__frame_00038.jpg,177,235.63,360.29,257.75,379.25,high
cam10__frame_00038.jpg,178,339.9,259.31,361.45,286.24,medium
cam10__frame_00038.jpg,179,362.17,74.31,369.44,96.13,medium
cam10__frame_00038.jpg,180,352.8,67.5,361.65,91.5,medium
cam10__frame_00038.jpg,181,349.07,71.0,353.33,86.79,high
cam10__frame_00038.jpg,182,340.8,67.75,349.07,87.04,medium
cam10__frame_00038.jpg,183,333.54,67.52,341.05,85.54,medium
cam10__frame_00038.jpg,184,319.36,62.94,324.05,79.04,medium
cam10__frame_00038.jpg,185,315.0,58.91,319.02,78.37,medium
cam10__frame_00038.jpg,186,308.63,49.65,314.39,77.47,medium
cam10__frame_00038.jpg,187,305.37,46.9,308.38,65.69,medium
cam10__frame_00038.jpg,188,295.35,46.15,305.12,66.69,high
cam10__frame_00038.jpg,189,350.6,35.71,365.68,48.76,medium
cam10__frame_00038.jpg,190,339.01,29.34,351.47,47.31,medium
cam10__frame_00038.jpg,191,327.99,29.63,339.59,44.99,medium
cam10__frame_00038.jpg,192,318.42,29.92,326.25,42.67,medium
cam10__frame_00038.jpg,193,314.65,17.74,323.06,29.63,high
cam10__frame_00038.jpg,194,308.35,26.79,312.8,41.39,medium
cam10__frame_00038.jpg,195,296.41,34.19,308.49,41.9,medium
cam10__frame_00038.jpg,196,296.74,27.92,308.2,35.0,medium
cam10__frame_00038.jpg,197,305.8,20.77,310.5,27.81,high
cam10__frame_00038.jpg,198,295.07,21.77,305.13,26.47,medium
cam10__frame_00038.jpg,199,298.09,17.41,308.15,23.1,medium
cam10__frame_00038.jpg,200,350.93,160.3,360.36,172.0,high
cam10__frame_00038.jpg,201,368.09,198.6,374.85,234.45,high
cam10__frame_00038.jpg,202,358.22,194.44,368.09,231.33,high
cam10__frame_00038.jpg,203,349.39,190.8,357.18,225.62,high
cam10__frame_00038.jpg,204,341.54,212.42,351.41,223.85,high
cam10__frame_00038.jpg,205,364.97,246.4,374.85,281.21,high
cam10__frame_00038.jpg,206,355.62,241.72,363.93,275.5,high
cam10__frame_00038.jpg,207,152.98,508.56,189.15,539.08,high
cam10__frame_00038.jpg,208,141.08,412.07,235.52,467.49,low
cam10__frame_00038.jpg,209,145.5,401.25,224.2,440.65,low
cam10__frame_00038.jpg,210,141.35,391.63,221.86,440.17,medium
cam10__frame_00038.jpg,211,137.02,380.19,221.63,432.11,low
cam10__frame_00038.jpg,212,128.23,201.53,202.77,293.67,low
cam10__frame_00038.jpg,213,115.45,131.72,189.29,214.57,low
cam10__frame_00038.jpg,214,112.61,60.96,177.29,117.83,low
cam10__frame_00041.jpg,0,304.39,179.45,312.63,188.08,medium
cam10__frame_00041.jpg,1,308.63,49.65,314.39,77.47,medium
cam10__frame_00041.jpg,2,305.37,46.9,308.38,65.69,medium
cam10__frame_00041.jpg,3,295.35,46.15,305.12,66.69,high
cam10__frame_00041.jpg,4,350.6,35.71,365.68,48.76,medium
cam10__frame_00041.jpg,5,339.01,29.34,351.47,47.31,medium
cam10__frame_00041.jpg,6,327.99,29.63,339.59,44.99,medium
cam10__frame_00041.jpg,7,318.42,29.92,326.25,42.67,medium
cam10__frame_00041.jpg,8,314.65,17.74,323.06,29.63,high
cam10__frame_00041.jpg,9,308.35,26.79,312.8,41.39,medium
cam10__frame_00041.jpg,10,296.41,34.19,308.49,41.9,medium
cam10__frame_00041.jpg,11,296.74,27.92,308.2,35.0,medium
cam10__frame_00041.jpg,12,305.8,20.77,310.5,27.81,high
cam10__frame_00041.jpg,13,295.07,21.77,305.13,26.47,medium
cam10__frame_00041.jpg,14,298.09,17.41,308.15,23.1,medium
cam10__frame_00041.jpg,15,341.54,212.42,351.41,223.85,high
cam10__frame_00041.jpg,16,152.98,508.56,189.15,539.08,high
cam10__frame_00041.jpg,17,141.08,412.07,235.52,467.49,low
cam10__frame_00041.jpg,18,145.5,401.25,224.2,440.65,low
cam10__frame_00041.jpg,19,141.35,391.63,221.86,440.17,medium
cam10__frame_00041.jpg,20,137.02,380.19,221.63,432.11,low
cam10__frame_00041.jpg,21,128.23,201.53,202.77,293.67,low
cam10__frame_00041.jpg,22,115.45,131.72,189.29,214.57,low
cam10__frame_00041.jpg,23,112.61,60.96,177.29,117.83,low
cam10__frame_00041.jpg,24,618.6,537.9,638.64,569.04,high
cam10__frame_00041.jpg,25,593.1,625.74,619.74,640.0,high
cam10__frame_00041.jpg,26,184.29,95.62,201.25,121.7,low
cam10__frame_00041.jpg,27,214.61,118.57,230.3,151.12,low
cam10__frame_00041.jpg,28,224.79,99.9,229.49,117.58,high
cam10__frame_00041.jpg,29,220.08,101.1,224.79,117.19,medium
cam10__frame_00041.jpg,30,214.99,99.1,219.69,117.97,medium
cam10__frame_00041.jpg,31,209.89,94.83,214.59,118.75,medium
cam10__frame_00041.jpg,32,204.41,93.08,209.12,117.0,medium
cam10__frame_00041.jpg,33,175.37,64.17,192.8,89.89,medium
cam10__frame_00041.jpg,34,192.18,74.55,218.42,94.93,high
cam10__frame_00041.jpg,35,195.04,62.66,211.68,78.55,high
cam10__frame_00041.jpg,36,193.4,51.78,207.83,61.9,medium
cam10__frame_00041.jpg,37,219.05,68.92,235.5,85.6,high
cam10__frame_00041.jpg,38,208.34,49.24,231.63,68.49,medium
cam10__frame_00041.jpg,39,236.16,71.2,266.03,142.64,low
cam10__frame_00041.jpg,40,237.53,63.6,261.07,71.45,high
cam10__frame_00041.jpg,41,266.37,88.77,277.35,124.45,high
cam10__frame_00041.jpg,42,274.48,82.26,303.93,126.85,low
cam10__frame_00041.jpg,43,264.51,69.35,298.07,87.41,medium
cam10__frame_00041.jpg,44,263.96,50.9,296.75,76.92,low
cam10__frame_00041.jpg,45,263.52,33.89,291.12,58.21,low
cam10__frame_00041.jpg,46,296.51,65.47,312.72,119.99,high
cam10__frame_00041.jpg,47,450.35,122.39,465.42,139.29,low
cam10__frame_00041.jpg,48,481.58,122.75,495.91,153.62,low
cam10__frame_00041.jpg,49,508.04,153.99,523.1,172.36,low
cam10__frame_00041.jpg,50,523.84,161.33,542.95,184.12,low
cam10__frame_00041.jpg,51,622.86,133.41,640.0,200.57,medium
cam10__frame_00041.jpg,52,597.82,115.8,621.15,191.46,medium
cam10__frame_00041.jpg,53,574.4,115.66,594.28,175.55,medium
cam10__frame_00041.jpg,54,552.61,109.93,572.92,164.0,medium
cam10__frame_00041.jpg,55,536.14,130.52,552.06,148.36,medium
cam10__frame_00041.jpg,56,536.42,113.5,552.61,132.16,medium
cam10__frame_00041.jpg,57,536.42,91.82,551.79,115.97,medium
cam10__frame_00041.jpg,58,525.71,126.67,536.42,140.4,medium
cam10__frame_00041.jpg,59,524.62,115.69,536.14,127.5,medium
cam10__frame_00041.jpg,60,526.26,106.36,536.42,116.79,medium
cam10__frame_00041.jpg,61,526.81,73.43,536.42,106.91,medium
cam10__frame_00041.jpg,62,512.81,123.38,526.81,137.1,medium
cam10__frame_00041.jpg,63,515.56,111.58,525.99,123.38,medium
cam10__frame_00041.jpg,64,516.66,100.32,525.99,112.4,medium
cam10__frame_00041.jpg,65,490.82,106.03,513.94,128.08,medium
cam10__frame_00041.jpg,66,479.33,91.82,493.6,120.63,medium
cam10__frame_00041.jpg,67,468.38,95.93,479.6,115.15,medium
cam10__frame_00041.jpg,68,462.48,94.24,465.33,110.6,high
cam10__frame_00041.jpg,69,457.03,92.34,462.01,109.18,high
cam10__frame_00041.jpg,70,452.2,92.54,456.92,106.89,high
cam10__frame_00041.jpg,71,448.12,93.97,451.61,105.45,high
cam10__frame_00041.jpg,72,433.03,43.43,451.14,98.32,medium
cam10__frame_00041.jpg,73,418.4,45.9,433.03,96.13,medium
cam10__frame_00041.jpg,74,393.78,34.6,419.85,112.59,medium
cam10__frame_00041.jpg,75,449.47,618.64,467.84,640.0,high
cam10__frame_00041.jpg,76,427.79,575.65,448.0,630.03,high
cam10__frame_00041.jpg,77,404.65,544.78,426.32,596.59,high
cam10__frame_00041.jpg,78,385.91,543.68,400.6,559.85,medium
cam10__frame_00041.jpg,79,490.26,606.51,523.7,640.0,high
cam10__frame_00041.jpg,80,450.57,542.58,465.64,610.92,medium
cam10__frame_00041.jpg,81,428.09,511.6,451.2,570.4,medium
cam10__frame_00041.jpg,82,412.34,486.89,427.71,543.24,medium
cam10__frame_00041.jpg,83,396.4,473.24,412.34,532.99,medium
cam10__frame_00041.jpg,84,382.18,443.07,397.54,505.68,medium
cam10__frame_00041.jpg,85,367.9,414.05,382.18,478.36,medium
cam10__frame_00041.jpg,86,594.82,595.54,617.76,621.48,medium
cam10__frame_00041.jpg,87,474.81,535.67,506.68,567.63,high
cam10__frame_00041.jpg,88,477.0,532.38,508.88,564.34,high
cam10__frame_00041.jpg,89,478.37,528.53,510.25,560.5,high
cam10__frame_00041.jpg,90,479.47,523.87,511.35,555.83,high
cam10__frame_00041.jpg,91,480.3,519.5,512.18,551.46,high
cam10__frame_00041.jpg,92,478.66,486.68,540.32,549.39,low
cam10__frame_00041.jpg,93,459.13,512.93,481.91,535.78,high
cam10__frame_00041.jpg,94,458.89,507.48,481.41,530.06,high
cam10__frame_00041.jpg,95,459.84,503.21,482.75,526.19,high
cam10__frame_00041.jpg,96,459.84,498.93,482.47,521.64,high
cam10__frame_00041.jpg,97,460.08,494.19,483.69,517.87,high
cam10__frame_00041.jpg,98,461.55,489.65,484.58,513.87,high
cam10__frame_00041.jpg,99,462.42,485.03,484.67,509.95,high
cam10__frame_00041.jpg,100,463.21,461.21,509.8,507.58,low
cam10__frame_00041.jpg,101,444.43,492.88,460.45,509.7,high
cam10__frame_00041.jpg,102,444.89,484.13,461.87,502.05,high
cam10__frame_00041.jpg,103,444.11,473.98,461.87,492.78,high
cam10__frame_00041.jpg,104,444.45,465.43,464.28,486.45,high
cam10__frame_00041.jpg,105,443.5,428.83,497.15,480.07,low
cam10__frame_00041.jpg,106,413.55,447.95,437.16,471.63,high
cam10__frame_00041.jpg,107,415.31,444.58,438.92,468.25,high
cam10__frame_00041.jpg,108,417.08,441.03,441.34,465.37,high
cam10__frame_00041.jpg,109,419.38,438.2,442.59,461.47,high
cam10__frame_00041.jpg,110,421.34,435.55,444.47,458.75,high
cam10__frame_00041.jpg,111,423.1,432.53,445.02,454.51,high
cam10__frame_00041.jpg,112,425.59,430.4,444.61,449.48,high
cam10__frame_00041.jpg,113,427.81,428.22,446.83,447.3,high
cam10__frame_00041.jpg,114,429.11,406.46,474.37,451.98,low
cam10__frame_00041.jpg,115,404.53,437.1,416.24,448.84,high
cam10__frame_00041.jpg,116,403.85,430.89,418.33,445.42,high
cam10__frame_00041.jpg,117,404.85,428.1,419.29,442.57,high
cam10__frame_00041.jpg,118,405.51,423.54,420.81,438.88,high
cam10__frame_00041.jpg,119,407.67,421.02,423.09,436.48,high
cam10__frame_00041.jpg,120,408.98,417.19,425.18,433.43,high
cam10__frame_00041.jpg,121,411.45,414.53,427.66,430.77,high
cam10__frame_00041.jpg,122,413.34,411.66,429.55,427.91,high
cam10__frame_00041.jpg,123,407.15,380.49,452.41,426.0,low
cam10__frame_00041.jpg,124,392.69,420.95,404.74,433.03,high
cam10__frame_00041.jpg,125,391.5,413.87,404.14,426.54,high
cam10__frame_00041.jpg,126,392.69,410.34,405.33,423.02,high
cam10__frame_00041.jpg,127,394.74,399.64,414.89,420.36,medium
cam10__frame_00041.jpg,128,381.78,404.74,393.85,416.83,high
cam10__frame_00041.jpg,129,382.08,400.03,394.13,412.11,high
cam10__frame_00041.jpg,130,384.44,397.97,396.49,410.05,high
cam10__frame_00041.jpg,131,385.66,391.0,400.26,405.54,medium
cam10__frame_00041.jpg,132,405.81,392.71,413.91,400.82,high
cam10__frame_00041.jpg,133,405.9,387.73,416.1,397.95,high
cam10__frame_00041.jpg,134,407.45,384.65,418.3,395.53,high
cam10__frame_00041.jpg,135,406.79,379.59,417.64,390.47,high
cam10__frame_00041.jpg,136,406.72,374.9,417.59,385.79,high
cam10__frame_00041.jpg,137,405.94,362.43,424.86,381.91,medium
cam10__frame_00041.jpg,138,364.15,380.53,376.2,392.61,high
cam10__frame_00041.jpg,139,365.57,368.6,387.54,390.89,low
cam10__frame_00041.jpg,140,378.07,368.76,390.11,380.84,high
cam10__frame_00041.jpg,141,378.32,364.43,390.37,376.51,high
cam10__frame_00041.jpg,142,378.31,360.35,390.38,372.44,high
cam10__frame_00041.jpg,143,378.58,356.28,390.62,368.36,high
cam10__frame_00041.jpg,144,379.97,344.11,401.94,366.41,low
cam10__frame_00041.jpg,145,390.3,341.53,402.72,353.97,high
cam10__frame_00041.jpg,146,392.45,338.33,404.5,350.41,high
cam10__frame_00041.jpg,147,391.69,332.72,406.03,347.1,high
cam10__frame_00041.jpg,148,391.63,328.5,405.98,342.88,high
cam10__frame_00041.jpg,149,296.4,158.53,303.24,167.16,low
cam10__frame_00041.jpg,150,295.6,168.33,303.83,176.96,low
cam10__frame_00041.jpg,151,295.99,176.17,304.22,184.8,low
cam10__frame_00041.jpg,152,295.6,184.8,303.83,193.43,low
cam10__frame_00041.jpg,153,297.56,193.03,305.79,201.66,medium
cam10__frame_00041.jpg,154,300.46,201.77,308.69,210.4,medium
cam10__frame_00041.jpg,155,315.0,58.91,319.02,78.37,medium
cam10__frame_00041.jpg,156,305.27,188.64,313.51,197.27,medium
cam10__frame_00041.jpg,157,308.11,198.49,316.35,207.12,medium
cam10__frame_00041.jpg,158,319.71,191.71,327.95,200.33,medium
cam10__frame_00041.jpg,159,194.28,231.33,217.05,271.74,low
cam10__frame_00041.jpg,160,244.96,253.6,263.2,270.04,medium
cam10__frame_00041.jpg,161,287.9,285.2,312.0,303.52,medium
cam10__frame_00041.jpg,162,270.47,307.7,295.98,333.82,medium
cam10__frame_00041.jpg,163,331.2,285.23,368.26,341.72,low
cam10__frame_00041.jpg,164,342.14,341.72,373.73,377.56,medium
cam10__frame_00041.jpg,165,317.8,333.8,347.0,410.96,low
cam10__frame_00041.jpg,166,253.46,355.08,281.4,427.97,low
cam10__frame_00041.jpg,167,362.17,74.31,369.44,96.13,medium
cam10__frame_00041.jpg,168,352.8,67.5,361.65,91.5,medium
cam10__frame_00041.jpg,169,599.63,393.13,640.0,438.01,high
cam10__frame_00041.jpg,170,599.69,371.88,640.0,419.34,high
cam10__frame_00041.jpg,171,600.9,348.06,640.0,395.52,high
cam10__frame_00041.jpg,172,605.71,332.22,640.0,367.34,high
cam10__frame_00041.jpg,173,594.95,304.05,640.0,348.14,high
cam10__frame_00041.jpg,174,606.5,263.23,640.0,309.4,medium
cam10__frame_00041.jpg,175,525.84,489.72,569.4,526.36,low
cam10__frame_00041.jpg,176,519.72,465.81,571.8,511.37,medium
cam10__frame_00041.jpg,177,520.04,445.92,576.23,495.25,medium
cam10__frame_00041.jpg,178,523.97,429.06,578.53,476.74,medium
cam10__frame_00041.jpg,179,524.23,411.06,578.21,458.22,medium
cam10__frame_00041.jpg,180,525.82,391.44,584.78,443.29,medium
cam10__frame_00041.jpg,181,529.27,372.5,587.24,423.36,medium
cam10__frame_00041.jpg,182,531.43,352.64,587.73,402.18,medium
cam10__frame_00041.jpg,183,534.43,334.49,592.01,384.66,medium
cam10__frame_00041.jpg,184,531.13,283.39,617.8,367.66,low
cam10__frame_00041.jpg,185,575.8,267.23,610.69,306.77,high
cam10__frame_00041.jpg,186,452.2,345.5,522.0,424.9,low
cam10__frame_00041.jpg,187,495.3,296.4,535.71,364.01,low
cam10__frame_00041.jpg,188,528.09,260.95,578.0,307.75,medium
cam10__frame_00041.jpg,189,530.68,241.48,580.58,288.26,low
cam10__frame_00041.jpg,190,405.97,353.38,445.11,386.23,medium
cam10__frame_00041.jpg,191,404.28,334.61,441.46,369.78,low
cam10__frame_00041.jpg,192,400.32,309.36,441.64,354.69,low
cam10__frame_00041.jpg,193,400.04,259.54,480.41,340.1,low
cam10__frame_00041.jpg,194,385.53,301.97,408.03,324.73,high
cam10__frame_00041.jpg,195,387.7,288.24,410.22,311.01,medium
cam10__frame_00041.jpg,196,385.81,270.06,407.89,292.41,medium
cam10__frame_00041.jpg,197,449.61,243.63,503.07,302.44,medium
cam10__frame_00041.jpg,198,482.3,192.77,535.4,293.04,low
cam10__frame_00041.jpg,199,422.2,211.25,480.45,251.45,medium
cam10__frame_00041.jpg,200,434.2,180.8,478.6,211.25,low
cam10__frame_00041.jpg,201,371.4,255.15,395.43,294.42,high
cam10__frame_00041.jpg,202,374.17,186.8,432.4,258.38,low
cam10__frame_00041.jpg,203,349.07,71.0,353.33,86.79,high
cam10__frame_00041.jpg,204,340.8,67.75,349.07,87.04,medium
cam10__frame_00041.jpg,205,333.54,67.52,341.05,85.54,medium
cam10__frame_00041.jpg,206,319.36,62.94,324.05,79.04,medium
cam10__frame_00043.jpg,0,528.09,260.95,578.0,307.75,medium
cam10__frame_00043.jpg,1,530.68,241.48,580.58,288.26,low
cam10__frame_00043.jpg,2,405.97,353.38,445.11,386.23,medium
cam10__frame_00043.jpg,3,404.28,334.61,441.46,369.78,low
cam10__frame_00043.jpg,4,400.32,309.36,441.64,354.69,low
cam10__frame_00043.jpg,5,400.04,259.54,480.41,340.1,low
cam10__frame_00043.jpg,6,385.53,301.97,408.03,324.73,high
cam10__frame_00043.jpg,7,387.7,288.24,410.22,311.01,medium
cam10__frame_00043.jpg,8,385.81,270.06,407.89,292.41,medium
cam10__frame_00043.jpg,9,449.61,243.63,503.07,302.44,medium
cam10__frame_00043.jpg,10,482.3,192.77,535.4,293.04,low
cam10__frame_00043.jpg,11,422.2,211.25,480.45,251.45,medium
cam10__frame_00043.jpg,12,434.2,180.8,478.6,211.25,low
cam10__frame_00043.jpg,13,371.4,255.15,395.43,294.42,high
cam10__frame_00043.jpg,14,374.17,186.8,432.4,258.38,low
cam10__frame_00043.jpg,15,184.29,95.62,201.25,121.7,low
cam10__frame_00043.jpg,16,214.61,118.57,230.3,151.12,low
cam10__frame_00043.jpg,17,224.79,99.9,229.49,117.58,high
cam10__frame_00043.jpg,18,220.08,101.1,224.79,117.19,medium
cam10__frame_00043.jpg,19,214.99,99.1,219.69,117.97,medium
cam10__frame_00043.jpg,20,209.89,94.83,214.59,118.75,medium
cam10__frame_00043.jpg,21,204.41,93.08,209.12,117.0,medium
cam10__frame_00043.jpg,22,175.37,64.17,192.8,89.89,medium
cam10__frame_00043.jpg,23,192.18,74.55,218.42,94.93,high
cam10__frame_00043.jpg,24,195.04,62.66,211.68,78.55,high
cam10__frame_00043.jpg,25,193.4,51.78,207.83,61.9,medium
cam10__frame_00043.jpg,26,219.05,68.92,235.5,85.6,high
cam10__frame_00043.jpg,27,208.34,49.24,231.63,68.49,medium
cam10__frame_00043.jpg,28,236.16,71.2,266.03,142.64,low
cam10__frame_00043.jpg,29,296.4,158.53,303.24,167.16,low
cam10__frame_00043.jpg,30,263.52,33.89,291.12,58.21,low
cam10__frame_00043.jpg,31,295.6,168.33,303.83,176.96,low
cam10__frame_00043.jpg,32,295.99,176.17,304.22,184.8,low
cam10__frame_00043.jpg,33,295.6,184.8,303.83,193.43,low
cam10__frame_00043.jpg,34,297.56,193.03,305.79,201.66,medium
cam10__frame_00043.jpg,35,296.51,65.47,312.72,119.99,high
cam10__frame_00043.jpg,36,450.35,122.39,465.42,139.29,low
cam10__frame_00043.jpg,37,481.58,122.75,495.91,153.62,low
cam10__frame_00043.jpg,38,508.04,153.99,523.1,172.36,low
cam10__frame_00043.jpg,39,523.84,161.33,542.95,184.12,low
cam10__frame_00043.jpg,40,622.86,133.41,640.0,200.57,medium
cam10__frame_00043.jpg,41,597.82,115.8,621.15,191.46,medium
cam10__frame_00043.jpg,42,574.4,115.66,594.28,175.55,medium
cam10__frame_00043.jpg,43,552.61,109.93,572.92,164.0,medium
cam10__frame_00043.jpg,44,536.14,130.52,552.06,148.36,medium
cam10__frame_00043.jpg,45,536.42,113.5,552.61,132.16,medium
cam10__frame_00043.jpg,46,536.42,91.82,551.79,115.97,medium
cam10__frame_00043.jpg,47,525.71,126.67,536.42,140.4,medium
cam10__frame_00043.jpg,48,524.62,115.69,536.14,127.5,medium
cam10__frame_00043.jpg,49,526.26,106.36,536.42,116.79,medium
cam10__frame_00043.jpg,50,526.81,73.43,536.42,106.91,medium
cam10__frame_00043.jpg,51,512.81,123.38,526.81,137.1,medium
cam10__frame_00043.jpg,52,515.56,111.58,525.99,123.38,medium
cam10__frame_00043.jpg,53,516.66,100.32,525.99,112.4,medium
cam10__frame_00043.jpg,54,490.82,106.03,513.94,128.08,medium
cam10__frame_00043.jpg,55,479.33,91.82,493.6,120.63,medium
cam10__frame_00043.jpg,56,468.38,95.93,479.6,115.15,medium
cam10__frame_00043.jpg,57,462.48,94.24,465.33,110.6,high
cam10__frame_00043.jpg,58,457.03,92.34,462.01,109.18,high
cam10__frame_00043.jpg,59,452.2,92.54,456.92,106.89,high
cam10__frame_00043.jpg,60,448.12,93.97,451.61,105.45,high
cam10__frame_00043.jpg,61,433.03,43.43,451.14,98.32,medium
cam10__frame_00043.jpg,62,418.4,45.9,433.03,96.13,medium
cam10__frame_00043.jpg,63,393.78,34.6,419.85,112.59,medium
cam10__frame_00043.jpg,64,449.47,618.64,467.84,640.0,high
cam10__frame_00043.jpg,65,427.79,575.65,448.0,630.03,high
cam10__frame_00043.jpg,66,404.65,544.78,426.32,596.59,high
cam10__frame_00043.jpg,67,385.91,543.68,400.6,559.85,medium
cam10__frame_00043.jpg,68,490.26,606.51,523.7,640.0,high
cam10__frame_00043.jpg,69,450.57,542.58,465.64,610.92,medium
cam10__frame_00043.jpg,70,428.09,511.6,451.2,570.4,medium
cam10__frame_00043.jpg,71,412.34,486.89,427.71,543.24,medium
cam10__frame_00043.jpg,72,396.4,473.24,412.34,532.99,medium
cam10__frame_00043.jpg,73,382.18,443.07,397.54,505.68,medium
cam10__frame_00043.jpg,74,367.9,414.05,382.18,478.36,medium
cam10__frame_00043.jpg,75,594.82,595.54,617.76,621.48,medium
cam10__frame_00043.jpg,76,474.81,535.67,506.68,567.63,high
cam10__frame_00043.jpg,77,477.0,532.38,508.88,564.34,high
cam10__frame_00043.jpg,78,478.37,528.53,510.25,560.5,high
cam10__frame_00043.jpg,79,479.47,523.87,511.35,555.83,high
cam10__frame_00043.jpg,80,480.3,519.5,512.18,551.46,high
cam10__frame_00043.jpg,81,478.66,486.68,540.32,549.39,low
cam10__frame_00043.jpg,82,459.13,512.93,481.91,535.78,high
cam10__frame_00043.jpg,83,458.89,507.48,481.41,530.06,high
cam10__frame_00043.jpg,84,459.84,503.21,482.75,526.19,high
cam10__frame_00043.jpg,85,459.84,498.93,482.47,521.64,high
cam10__frame_00043.jpg,86,460.08,494.19,483.69,517.87,high
cam10__frame_00043.jpg,87,461.55,489.65,484.58,513.87,high
cam10__frame_00043.jpg,88,305.27,188.64,313.51,197.27,medium
cam10__frame_00043.jpg,89,308.11,198.49,316.35,207.12,medium
cam10__frame_00043.jpg,90,319.71,191.71,327.95,200.33,medium
cam10__frame_00043.jpg,91,194.28,231.33,217.05,271.74,low
cam10__frame_00043.jpg,92,287.9,285.2,312.0,303.52,medium
cam10__frame_00043.jpg,93,270.47,307.7,295.98,333.82,medium
cam10__frame_00043.jpg,94,331.2,285.23,368.26,341.72,low
cam10__frame_00043.jpg,95,342.14,341.72,373.73,377.56,medium
cam10__frame_00043.jpg,96,317.8,333.8,347.0,410.96,low
cam10__frame_00043.jpg,97,253.46,355.08,281.4,427.97,low
cam10__frame_00043.jpg,98,362.17,74.31,369.44,96.13,medium
cam10__frame_00043.jpg,99,352.8,67.5,361.65,91.5,medium
cam10__frame_00043.jpg,100,349.07,71.0,353.33,86.79,high
cam10__frame_00043.jpg,101,340.8,67.75,349.07,87.04,medium
cam10__frame_00043.jpg,102,333.54,67.52,341.05,85.54,medium
cam10__frame_00043.jpg,103,319.36,62.94,324.05,79.04,medium
cam10__frame_00043.jpg,104,315.0,58.91,319.02,78.37,medium
cam10__frame_00043.jpg,105,308.63,49.65,314.39,77.47,medium
cam10__frame_00043.jpg,106,305.37,46.9,308.38,65.69,medium
cam10__frame_00043.jpg,107,295.35,46.15,305.12,66.69,high
cam10__frame_00043.jpg,108,350.6,35.71,365.68,48.76,medium
cam10__frame_00043.jpg,109,339.01,29.34,351.47,47.31,medium
cam10__frame_00043.jpg,110,327.99,29.63,339.59,44.99,medium
cam10__frame_00043.jpg,111,318.42,29.92,326.25,42.67,medium
cam10__frame_00043.jpg,112,314.65,17.74,323.06,29.63,high
cam10__frame_00043.jpg,113,308.35,26.79,312.8,41.39,medium
cam10__frame_00043.jpg,114,296.41,34.19,308.49,41.9,medium
cam10__frame_00043.jpg,115,296.74,27.92,308.2,35.0,medium
cam10__frame_00043.jpg,116,462.42,485.03,484.67,509.95,high
cam10__frame_00043.jpg,117,305.8,20.77,310.5,27.81,high
cam10__frame_00043.jpg,118,295.07,21.77,305.13,26.47,medium
cam10__frame_00043.jpg,119,298.09,17.41,308.15,23.1,medium
cam10__frame_00043.jpg,120,350.93,160.3,360.36,172.0,high
cam10__frame_00043.jpg,121,368.09,198.6,374.85,234.45,high
cam10__frame_00043.jpg,122,358.22,194.44,368.09,231.33,high
cam10__frame_00043.jpg,123,349.39,190.8,357.18,225.62,high
cam10__frame_00043.jpg,124,341.54,212.42,351.41,223.85,high
cam10__frame_00043.jpg,125,364.97,246.4,374.85,281.21,high
cam10__frame_00043.jpg,126,355.62,241.72,363.93,275.5,high
cam10__frame_00043.jpg,127,152.98,508.56,189.15,539.08,high
cam10__frame_00043.jpg,128,141.08,412.07,235.52,467.49,low
cam10__frame_00043.jpg,129,145.5,401.25,224.2,440.65,low
cam10__frame_00043.jpg,130,141.35,391.63,221.86,440.17,medium
cam10__frame_00043.jpg,131,137.02,380.19,221.63,432.11,low
cam10__frame_00043.jpg,132,128.23,201.53,202.77,293.67,low
cam10__frame_00043.jpg,133,115.45,131.72,189.29,214.57,low
cam10__frame_00043.jpg,134,112.61,60.96,177.29,117.83,low
cam10__frame_00043.jpg,135,600.83,623.5,627.52,640.0,high
cam10__frame_00043.jpg,136,463.21,461.21,509.8,507.58,low
cam10__frame_00043.jpg,137,444.43,492.88,460.45,509.7,high
cam10__frame_00043.jpg,138,444.89,484.13,461.87,502.05,high
cam10__frame_00043.jpg,139,300.46,201.77,308.69,210.4,medium
cam10__frame_00043.jpg,140,304.39,179.45,312.63,188.08,medium
cam10__frame_00043.jpg,141,237.53,63.6,261.07,71.45,high
cam10__frame_00043.jpg,142,266.37,88.77,277.35,124.45,high
cam10__frame_00043.jpg,143,621.96,541.24,636.41,574.6,high
cam10__frame_00043.jpg,144,444.11,473.98,461.87,492.78,high
cam10__frame_00043.jpg,145,444.45,465.43,464.28,486.45,high
cam10__frame_00043.jpg,146,443.5,428.83,497.15,480.07,low
cam10__frame_00043.jpg,147,413.55,447.95,437.16,471.63,high
cam10__frame_00043.jpg,148,415.31,444.58,438.92,468.25,high
cam10__frame_00043.jpg,149,417.08,441.03,441.34,465.37,high
cam10__frame_00043.jpg,150,419.38,438.2,442.59,461.47,high
cam10__frame_00043.jpg,151,421.34,435.55,444.47,458.75,high
cam10__frame_00043.jpg,152,423.1,432.53,445.02,454.51,high
cam10__frame_00043.jpg,153,425.59,430.4,444.61,449.48,high
cam10__frame_00043.jpg,154,427.81,428.22,446.83,447.3,high
cam10__frame_00043.jpg,155,429.11,406.46,474.37,451.98,low
cam10__frame_00043.jpg,156,404.53,437.1,416.24,448.84,high
cam10__frame_00043.jpg,157,403.85,430.89,418.33,445.42,high
cam10__frame_00043.jpg,158,404.85,428.1,419.29,442.57,high
cam10__frame_00043.jpg,159,405.51,423.54,420.81,438.88,high
cam10__frame_00043.jpg,160,407.67,421.02,423.09,436.48,high
cam10__frame_00043.jpg,161,408.98,417.19,425.18,433.43,high
cam10__frame_00043.jpg,162,411.45,414.53,427.66,430.77,high
cam10__frame_00043.jpg,163,413.34,411.66,429.55,427.91,high
cam10__frame_00043.jpg,164,407.15,380.49,452.41,426.0,low
cam10__frame_00043.jpg,165,392.69,420.95,404.74,433.03,high
cam10__frame_00043.jpg,166,391.5,413.87,404.14,426.54,high
cam10__frame_00043.jpg,167,392.69,410.34,405.33,423.02,high
cam10__frame_00043.jpg,168,394.74,399.64,414.89,420.36,medium
cam10__frame_00043.jpg,169,381.78,404.74,393.85,416.83,high
cam10__frame_00043.jpg,170,382.08,400.03,394.13,412.11,high
cam10__frame_00043.jpg,171,384.44,397.97,396.49,410.05,high
cam10__frame_00043.jpg,172,385.66,391.0,400.26,405.54,medium
cam10__frame_00043.jpg,173,405.81,392.71,413.91,400.82,high
cam10__frame_00043.jpg,174,405.9,387.73,416.1,397.95,high
cam10__frame_00043.jpg,175,407.45,384.65,418.3,395.53,high
cam10__frame_00043.jpg,176,406.79,379.59,417.64,390.47,high
cam10__frame_00043.jpg,177,406.72,374.9,417.59,385.79,high
cam10__frame_00043.jpg,178,405.94,362.43,424.86,381.91,medium
cam10__frame_00043.jpg,179,364.15,380.53,376.2,392.61,high
cam10__frame_00043.jpg,180,365.57,368.6,387.54,390.89,low
cam10__frame_00043.jpg,181,378.07,368.76,390.11,380.84,high
cam10__frame_00043.jpg,182,378.32,364.43,390.37,376.51,high
cam10__frame_00043.jpg,183,378.31,360.35,390.38,372.44,high
cam10__frame_00043.jpg,184,378.58,356.28,390.62,368.36,high
cam10__frame_00043.jpg,185,379.97,344.11,401.94,366.41,low
cam10__frame_00043.jpg,186,390.3,341.53,402.72,353.97,high
cam10__frame_00043.jpg,187,392.45,338.33,404.5,350.41,high
cam10__frame_00043.jpg,188,391.69,332.72,406.03,347.1,high
cam10__frame_00043.jpg,189,391.63,328.5,405.98,342.88,high
cam10__frame_00043.jpg,190,274.48,82.26,303.93,126.85,low
cam10__frame_00043.jpg,191,264.51,69.35,298.07,87.41,medium
cam10__frame_00043.jpg,192,263.96,50.9,296.75,76.92,low
cam10__frame_00043.jpg,193,599.63,393.13,640.0,438.01,high
cam10__frame_00043.jpg,194,599.69,371.88,640.0,419.34,high
cam10__frame_00043.jpg,195,600.9,348.06,640.0,395.52,high
cam10__frame_00043.jpg,196,605.71,332.22,640.0,367.34,high
cam10__frame_00043.jpg,197,594.95,304.05,640.0,348.14,high
cam10__frame_00043.jpg,198,606.5,263.23,640.0,309.4,medium
cam10__frame_00043.jpg,199,525.84,489.72,569.4,526.36,low
cam10__frame_00043.jpg,200,519.72,465.81,571.8,511.37,medium
cam10__frame_00043.jpg,201,520.04,445.92,576.23,495.25,medium
cam10__frame_00043.jpg,202,523.97,429.06,578.53,476.74,medium
cam10__frame_00043.jpg,203,524.23,411.06,578.21,458.22,medium
cam10__frame_00043.jpg,204,525.82,391.44,584.78,443.29,medium
cam10__frame_00043.jpg,205,529.27,372.5,587.24,423.36,medium
cam10__frame_00043.jpg,206,531.43,352.64,587.73,402.18,medium
cam10__frame_00043.jpg,207,534.43,334.49,592.01,384.66,medium
cam10__frame_00043.jpg,208,531.13,283.39,617.8,367.66,low
cam10__frame_00043.jpg,209,575.8,267.23,610.69,306.77,high
cam10__frame_00043.jpg,210,452.2,345.5,522.0,424.9,low
cam10__frame_00043.jpg,211,495.3,296.4,535.71,364.01,low
