image_name,box_index,xtl,ytl,xbr,ybr,occlusion_level
cam04__frame_00000.jpg,0,550.95,368.99,557.6,381.52,high
cam04__frame_00000.jpg,1,550.5,382.52,558.27,395.98,high
cam04__frame_00000.jpg,2,549.99,398.31,557.49,411.51,high
cam04__frame_00000.jpg,3,548.69,411.51,559.82,421.86,high
cam04__frame_00000.jpg,4,226.3,139.2,235.33,168.25,high
cam04__frame_00000.jpg,5,549.55,327.95,578.37,353.46,medium
cam04__frame_00000.jpg,6,553.34,314.3,584.37,340.01,low
cam04__frame_00000.jpg,7,572.19,313.39,584.4,325.08,high
cam04__frame_00000.jpg,8,479.76,391.94,486.7,404.72,low
cam04__frame_00000.jpg,9,478.7,375.5,485.97,391.57,medium
cam04__frame_00000.jpg,10,487.06,395.99,493.91,412.62,high
cam04__frame_00000.jpg,11,486.6,378.19,494.53,394.3,medium
cam04__frame_00000.jpg,12,508.7,392.98,536.19,421.3,medium
cam04__frame_00000.jpg,13,495.19,444.93,506.3,458.09,low
cam04__frame_00000.jpg,14,494.34,429.33,507.87,443.28,low
cam04__frame_00000.jpg,15,494.34,412.85,507.87,429.75,low
cam04__frame_00000.jpg,16,493.9,394.67,508.72,412.0,low
cam04__frame_00000.jpg,17,496.46,371.84,518.02,392.98,low
cam04__frame_00000.jpg,18,518.0,367.62,540.0,389.8,low
cam04__frame_00000.jpg,19,487.58,341.41,495.19,356.2,high
cam04__frame_00000.jpg,20,479.55,357.05,488.0,376.07,high
cam04__frame_00000.jpg,21,519.28,346.06,542.11,370.57,high
cam04__frame_00000.jpg,22,551.73,353.14,558.78,368.01,high
cam04__frame_00000.jpg,23,496.88,349.86,515.48,360.43,high
cam04__frame_00000.jpg,24,536.19,321.12,545.91,336.76,high
cam04__frame_00000.jpg,25,535.3,305.05,546.34,324.08,high
cam04__frame_00000.jpg,26,517.34,318.4,534.21,344.35,low
cam04__frame_00000.jpg,27,496.85,334.52,516.68,349.31,medium
cam04__frame_00000.jpg,28,496.85,321.79,516.68,334.52,low
cam04__frame_00000.jpg,29,484.13,320.61,494.78,340.14,medium
cam04__frame_00000.jpg,30,495.99,301.89,516.16,322.05,low
cam04__frame_00000.jpg,31,516.16,288.59,536.33,310.59,low
cam04__frame_00000.jpg,32,469.33,333.21,480.28,347.12,high
cam04__frame_00000.jpg,33,469.55,323.35,482.25,334.36,high
cam04__frame_00000.jpg,34,469.97,305.14,482.25,323.56,medium
cam04__frame_00000.jpg,35,443.83,348.9,462.8,359.65,medium
cam04__frame_00000.jpg,36,440.15,336.97,463.11,347.75,medium
cam04__frame_00000.jpg,37,441.13,325.63,464.1,336.4,medium
cam04__frame_00000.jpg,38,441.13,304.08,464.94,324.8,low
cam04__frame_00000.jpg,39,537.22,298.7,544.03,304.65,high
cam04__frame_00000.jpg,40,535.81,290.19,543.74,297.85,high
cam04__frame_00000.jpg,41,535.52,283.96,542.33,290.19,high
cam04__frame_00000.jpg,42,522.0,283.06,535.36,290.38,high
cam04__frame_00000.jpg,43,522.36,275.2,533.89,282.14,high
cam04__frame_00000.jpg,44,496.32,293.94,513.44,300.45,high
cam04__frame_00000.jpg,45,498.37,282.64,520.97,293.6,high
cam04__frame_00000.jpg,46,499.06,271.0,521.65,283.33,high
cam04__frame_00000.jpg,47,499.4,258.68,519.94,271.69,high
cam04__frame_00000.jpg,48,471.67,291.2,495.29,303.87,medium
cam04__frame_00000.jpg,49,472.01,280.59,497.0,291.55,medium
cam04__frame_00000.jpg,50,472.69,270.32,498.37,280.25,medium
cam04__frame_00000.jpg,51,471.0,258.68,497.69,269.98,medium
cam04__frame_00000.jpg,52,472.7,245.67,498.37,256.97,medium
cam04__frame_00000.jpg,53,465.51,230.6,491.18,246.01,medium
cam04__frame_00000.jpg,54,412.47,261.98,429.1,275.44,high
cam04__frame_00000.jpg,55,409.3,250.09,429.5,261.18,high
cam04__frame_00000.jpg,56,419.1,233.52,428.33,251.27,high
cam04__frame_00000.jpg,57,563.9,153.7,605.62,296.18,low
cam04__frame_00000.jpg,58,544.26,41.86,562.06,78.06,low
cam04__frame_00000.jpg,59,546.1,78.06,565.12,141.26,low
cam04__frame_00000.jpg,60,544.26,140.03,563.9,205.68,low
cam04__frame_00000.jpg,61,542.4,205.07,562.06,268.88,low
cam04__frame_00000.jpg,62,522.79,191.57,539.97,251.7,low
cam04__frame_00000.jpg,63,501.31,207.52,514.81,237.59,low
cam04__frame_00000.jpg,64,498.86,161.51,514.81,205.68,low
cam04__frame_00000.jpg,65,484.13,201.39,501.92,225.93,low
cam04__frame_00000.jpg,66,482.29,151.69,500.08,201.39,low
cam04__frame_00000.jpg,67,455.25,187.81,470.37,214.85,medium
cam04__frame_00000.jpg,68,456.6,149.3,469.45,188.72,medium
cam04__frame_00000.jpg,69,445.2,185.05,454.79,203.39,medium
cam04__frame_00000.jpg,70,445.16,147.47,455.7,184.6,medium
cam04__frame_00000.jpg,71,433.25,175.43,441.95,196.97,medium
cam04__frame_00000.jpg,72,431.87,150.22,441.04,175.43,medium
cam04__frame_00000.jpg,73,412.22,175.56,427.9,187.1,medium
cam04__frame_00000.jpg,74,412.22,163.42,427.02,175.26,medium
cam04__frame_00000.jpg,75,391.72,170.42,405.08,175.89,medium
cam04__frame_00000.jpg,76,391.4,160.83,404.73,169.05,medium
cam04__frame_00000.jpg,77,391.38,151.24,410.55,158.43,medium
cam04__frame_00000.jpg,78,392.07,143.71,410.55,149.87,medium
cam04__frame_00000.jpg,79,385.9,134.47,399.26,140.29,medium
cam04__frame_00000.jpg,80,476.93,1.12,503.05,28.17,medium
cam04__frame_00000.jpg,81,454.51,22.9,473.3,37.89,medium
cam04__frame_00000.jpg,82,454.88,0.0,471.6,22.95,high
cam04__frame_00000.jpg,83,420.07,66.37,434.96,76.42,high
cam04__frame_00000.jpg,84,418.58,54.83,437.19,66.74,medium
cam04__frame_00000.jpg,85,417.46,42.54,435.7,54.09,medium
cam04__frame_00000.jpg,86,412.99,28.77,433.47,42.17,medium
cam04__frame_00000.jpg,87,403.11,75.8,412.0,119.77,medium
cam04__frame_00000.jpg,88,393.65,90.01,400.88,121.72,medium
cam04__frame_00000.jpg,89,371.4,101.42,383.92,127.28,medium
cam04__frame_00000.jpg,90,383.36,91.12,392.82,123.94,medium
cam04__frame_00000.jpg,91,402.44,26.3,409.92,46.87,medium
cam04__frame_00000.jpg,92,393.38,39.33,404.03,56.85,medium
cam04__frame_00000.jpg,93,385.03,49.87,399.48,66.41,high
cam04__frame_00000.jpg,94,287.35,168.07,299.01,198.75,low
cam04__frame_00000.jpg,95,278.78,143.23,285.2,155.96,high
cam04__frame_00000.jpg,96,309.45,335.9,333.28,411.47,low
cam04__frame_00000.jpg,97,267.5,565.9,283.09,591.37,medium
cam04__frame_00000.jpg,98,289.66,556.87,307.73,594.65,low
cam04__frame_00000.jpg,99,278.3,200.96,293.67,256.8,low
cam04__frame_00000.jpg,100,251.13,391.91,271.01,430.95,medium
cam04__frame_00000.jpg,101,250.42,342.92,266.04,392.62,medium
cam04__frame_00000.jpg,102,248.3,296.07,265.33,339.37,medium
cam04__frame_00000.jpg,103,246.16,143.43,275.27,155.5,high
cam04__frame_00000.jpg,104,247.01,246.16,274.59,290.71,medium
cam04__frame_00000.jpg,105,246.48,202.15,275.12,247.75,medium
cam04__frame_00000.jpg,106,248.1,157.1,279.89,202.15,medium
cam04__frame_00000.jpg,107,217.97,614.26,245.66,640.0,high
cam04__frame_00000.jpg,108,231.46,555.3,254.89,607.87,medium
cam04__frame_00000.jpg,109,161.0,419.6,211.37,480.7,high
cam04__frame_00000.jpg,110,222.16,446.9,247.0,494.5,high
cam04__frame_00000.jpg,111,183.1,474.62,237.1,581.82,low
cam04__frame_00000.jpg,112,162.53,510.82,199.44,637.9,medium
cam04__frame_00000.jpg,113,153.95,608.88,166.05,639.67,high
cam04__frame_00000.jpg,114,86.88,599.31,148.37,640.0,high
cam04__frame_00000.jpg,115,96.9,530.97,146.57,606.01,medium
cam04__frame_00000.jpg,116,2.22,544.43,33.59,636.62,high
cam04__frame_00000.jpg,117,25.03,457.0,82.06,519.72,high
cam04__frame_00000.jpg,118,97.26,436.09,132.43,494.06,high
cam04__frame_00000.jpg,119,150.81,307.92,212.58,363.3,medium
cam04__frame_00000.jpg,120,143.79,278.67,154.4,307.83,high
cam04__frame_00000.jpg,121,143.79,247.91,154.4,277.08,high
cam04__frame_00000.jpg,122,143.79,219.27,154.4,248.44,high
cam04__frame_00000.jpg,123,143.28,190.37,153.89,219.54,high
cam04__frame_00000.jpg,124,143.28,158.02,153.36,189.84,high
cam04__frame_00000.jpg,125,137.46,118.38,173.47,154.21,high
cam04__frame_00000.jpg,126,229.19,301.74,236.62,324.01,high
cam04__frame_00000.jpg,127,213.28,303.33,228.13,336.74,high
cam04__frame_00000.jpg,128,154.21,271.72,232.0,307.88,medium
cam04__frame_00000.jpg,129,153.64,238.68,233.08,282.07,low
cam04__frame_00000.jpg,130,154.7,206.87,229.41,247.05,low
cam04__frame_00000.jpg,131,153.11,174.0,227.82,214.17,low
cam04__frame_00000.jpg,132,153.15,139.83,227.86,180.0,low
cam04__frame_00000.jpg,133,233.15,263.88,242.18,292.92,high
cam04__frame_00000.jpg,134,232.09,233.65,241.11,262.7,high
cam04__frame_00000.jpg,135,230.5,203.42,239.52,232.47,high
cam04__frame_00000.jpg,136,226.25,172.14,235.28,201.18,high
cam04__frame_00000.jpg,137,559.46,351.51,577.07,368.38,medium
cam04__frame_00000.jpg,138,557.27,366.03,574.33,382.54,medium
cam04__frame_00000.jpg,139,559.05,382.16,569.79,395.67,medium
cam04__frame_00000.jpg,140,558.36,396.71,568.06,408.84,medium
cam04__frame_00000.jpg,141,577.96,334.89,592.94,351.03,medium
cam04__frame_00000.jpg,142,583.41,324.05,595.74,337.13,high
cam04__frame_00000.jpg,143,575.33,348.89,589.85,364.94,medium
cam04__frame_00000.jpg,144,574.41,363.62,586.5,380.0,medium
cam04__frame_00000.jpg,145,573.44,380.61,585.16,395.3,medium
cam04__frame_00000.jpg,146,570.4,394.75,583.78,408.11,medium
cam04__frame_00000.jpg,147,590.44,335.42,609.87,353.21,high
cam04__frame_00000.jpg,148,588.11,349.49,604.63,365.69,medium
cam04__frame_00000.jpg,149,586.03,362.86,602.46,380.12,medium
cam04__frame_00000.jpg,150,586.15,377.11,596.89,390.73,medium
cam04__frame_00000.jpg,151,585.03,391.62,595.3,404.67,high
cam04__frame_00000.jpg,152,585.71,405.32,593.93,414.56,low
cam04__frame_00000.jpg,153,603.38,346.04,620.74,367.42,high
cam04__frame_00000.jpg,154,601.04,364.85,616.95,380.66,medium
cam04__frame_00000.jpg,155,598.42,377.4,613.75,393.53,medium
cam04__frame_00000.jpg,156,596.87,391.52,610.95,406.15,medium
cam04__frame_00000.jpg,157,595.39,404.56,607.95,417.42,medium
cam04__frame_00000.jpg,158,598.07,419.11,605.86,432.64,high
cam04__frame_00000.jpg,159,597.66,434.28,604.63,443.3,high
cam04__frame_00000.jpg,160,561.17,410.91,578.8,433.05,medium
cam04__frame_00000.jpg,161,575.93,417.47,596.84,452.32,medium
cam04__frame_00000.jpg,162,515.94,425.14,526.57,447.6,medium
cam04__frame_00000.jpg,163,512.5,448.7,523.85,473.7,high
cam04__frame_00000.jpg,164,526.8,441.51,533.81,479.32,high
cam04__frame_00000.jpg,165,512.58,478.8,530.94,516.0,medium
cam04__frame_00000.jpg,166,538.9,448.01,556.74,512.53,medium
cam04__frame_00000.jpg,167,558.5,462.28,586.08,519.7,low
cam04__frame_00000.jpg,168,591.2,454.25,630.86,527.74,low
cam04__frame_00000.jpg,169,532.28,517.04,564.04,580.07,medium
cam04__frame_00000.jpg,170,565.53,519.52,590.34,538.88,high
cam04__frame_00000.jpg,171,559.8,538.76,584.1,610.72,medium
cam04__frame_00000.jpg,172,571.62,529.91,630.65,636.01,low
cam04__frame_00000.jpg,173,631.95,528.37,638.15,558.32,high
cam04__frame_00000.jpg,174,628.4,561.07,640.0,617.3,high
cam04__frame_00000.jpg,175,422.85,361.01,448.52,377.79,medium
cam04__frame_00000.jpg,176,423.19,378.82,453.32,399.7,medium
cam04__frame_00000.jpg,177,413.95,332.29,424.03,356.68,medium
cam04__frame_00000.jpg,178,415.5,358.3,422.44,379.48,low
cam04__frame_00000.jpg,179,414.48,377.89,423.5,399.1,low
cam04__frame_00000.jpg,180,411.98,399.7,434.18,437.88,medium
cam04__frame_00000.jpg,181,434.2,414.45,452.04,456.62,low
cam04__frame_00000.jpg,182,457.94,415.04,471.81,428.91,medium
cam04__frame_00000.jpg,183,453.6,430.49,476.56,450.69,medium
cam04__frame_00000.jpg,184,464.68,461.0,485.54,514.99,low
cam04__frame_00000.jpg,185,470.82,444.43,488.0,464.68,low
cam04__frame_00000.jpg,186,500.27,516.22,507.02,554.26,low
cam04__frame_00000.jpg,187,494.13,518.7,500.27,556.72,low
cam04__frame_00000.jpg,188,486.79,516.2,492.93,554.22,low
cam04__frame_00000.jpg,189,479.43,518.04,485.57,556.06,medium
cam04__frame_00000.jpg,190,472.7,519.43,478.84,551.5,low
cam04__frame_00000.jpg,191,465.7,515.98,472.11,556.31,low
cam04__frame_00000.jpg,192,457.45,522.39,464.78,558.14,medium
cam04__frame_00000.jpg,193,417.73,517.36,445.86,552.62,medium
cam04__frame_00000.jpg,194,418.53,553.81,432.79,566.88,high
cam04__frame_00000.jpg,195,436.7,566.62,460.68,601.18,medium
cam04__frame_00000.jpg,196,447.62,600.32,468.97,639.75,medium
cam04__frame_00001.jpg,0,433.25,175.43,441.95,196.97,medium
cam04__frame_00001.jpg,1,385.03,49.87,399.48,66.41,high
cam04__frame_00001.jpg,2,393.38,39.33,404.03,56.85,medium
cam04__frame_00001.jpg,3,402.44,26.3,409.92,46.87,medium
cam04__frame_00001.jpg,4,371.4,101.42,383.92,127.28,medium
cam04__frame_00001.jpg,5,383.36,91.12,392.82,123.94,medium
cam04__frame_00001.jpg,6,393.65,90.01,400.88,121.72,medium
cam04__frame_00001.jpg,7,403.11,75.8,412.0,119.77,medium
cam04__frame_00001.jpg,8,412.99,28.77,433.47,42.17,medium
cam04__frame_00001.jpg,9,417.46,42.54,435.7,54.09,medium
cam04__frame_00001.jpg,10,418.58,54.83,437.19,66.74,medium
cam04__frame_00001.jpg,11,420.07,66.37,434.96,76.42,high
cam04__frame_00001.jpg,12,454.88,0.0,471.6,22.95,high
cam04__frame_00001.jpg,13,454.51,22.9,473.3,37.89,medium
cam04__frame_00001.jpg,14,476.93,1.12,503.05,28.17,medium
cam04__frame_00001.jpg,15,385.9,134.47,399.26,140.29,medium
cam04__frame_00001.jpg,16,392.07,143.71,410.55,149.87,medium
cam04__frame_00001.jpg,17,391.38,151.24,410.55,158.43,medium
cam04__frame_00001.jpg,18,391.4,160.83,404.73,169.05,medium
cam04__frame_00001.jpg,19,391.72,170.42,405.08,175.89,medium
cam04__frame_00001.jpg,20,412.22,163.42,427.02,175.26,medium
cam04__frame_00001.jpg,21,412.22,175.56,427.9,187.1,medium
cam04__frame_00001.jpg,22,431.87,150.22,441.04,175.43,medium
cam04__frame_00001.jpg,23,445.16,147.47,455.7,184.6,medium
cam04__frame_00001.jpg,24,445.2,185.05,454.79,203.39,medium
cam04__frame_00001.jpg,25,456.6,149.3,469.45,188.72,medium
cam04__frame_00001.jpg,26,455.25,187.81,470.37,214.85,medium
cam04__frame_00001.jpg,27,482.29,151.69,500.08,201.39,low
cam04__frame_00001.jpg,28,484.13,201.39,501.92,225.93,low
cam04__frame_00001.jpg,29,498.86,161.51,514.81,205.68,low
cam04__frame_00001.jpg,30,501.31,207.52,514.81,237.59,low
cam04__frame_00001.jpg,31,522.79,191.57,539.97,251.7,low
cam04__frame_00001.jpg,32,544.26,41.86,562.06,78.06,low
cam04__frame_00001.jpg,33,544.7,77.36,563.72,140.56,low
cam04__frame_00001.jpg,34,544.26,140.03,563.9,205.68,low
cam04__frame_00001.jpg,35,542.4,205.07,562.06,268.88,low
cam04__frame_00001.jpg,36,563.9,153.7,605.62,296.18,low
cam04__frame_00001.jpg,37,419.1,233.52,428.33,251.27,high
cam04__frame_00001.jpg,38,409.3,250.09,429.5,261.18,high
cam04__frame_00001.jpg,39,412.47,261.98,429.1,275.44,high
cam04__frame_00001.jpg,40,465.51,230.6,491.18,246.01,medium
cam04__frame_00001.jpg,41,472.7,245.67,498.37,256.97,medium
cam04__frame_00001.jpg,42,471.0,258.68,497.69,269.98,medium
cam04__frame_00001.jpg,43,472.69,270.32,498.37,280.25,medium
cam04__frame_00001.jpg,44,472.01,280.59,497.0,291.55,medium
cam04__frame_00001.jpg,45,471.67,291.2,495.29,303.87,medium
cam04__frame_00001.jpg,46,499.4,258.68,519.94,271.69,high
cam04__frame_00001.jpg,47,499.06,271.0,521.65,283.33,high
cam04__frame_00001.jpg,48,498.37,282.64,520.97,293.6,high
cam04__frame_00001.jpg,49,496.32,293.94,513.44,300.45,high
cam04__frame_00001.jpg,50,522.36,275.2,533.89,282.14,high
cam04__frame_00001.jpg,51,522.0,283.06,535.36,290.38,high
cam04__frame_00001.jpg,52,516.16,288.59,536.33,310.59,low
cam04__frame_00001.jpg,53,535.52,283.96,542.33,290.19,high
cam04__frame_00001.jpg,54,535.81,290.19,543.74,297.85,high
cam04__frame_00001.jpg,55,537.22,298.7,544.03,304.65,high
cam04__frame_00001.jpg,56,535.3,305.05,546.34,324.08,high
cam04__frame_00001.jpg,57,536.19,321.12,545.91,336.76,high
cam04__frame_00001.jpg,58,441.13,304.08,464.94,324.8,low
cam04__frame_00001.jpg,59,441.13,325.63,464.1,336.4,medium
cam04__frame_00001.jpg,60,440.15,336.97,463.11,347.75,medium
cam04__frame_00001.jpg,61,443.83,348.9,462.8,359.65,medium
cam04__frame_00001.jpg,62,469.97,305.14,482.25,323.56,medium
cam04__frame_00001.jpg,63,469.55,323.35,482.25,334.36,high
cam04__frame_00001.jpg,64,469.33,333.21,480.28,347.12,high
cam04__frame_00001.jpg,65,484.13,320.61,494.78,340.14,medium
cam04__frame_00001.jpg,66,487.58,341.41,495.19,356.2,high
cam04__frame_00001.jpg,67,495.99,301.89,516.16,322.05,low
cam04__frame_00001.jpg,68,496.85,321.79,516.68,334.52,low
cam04__frame_00001.jpg,69,496.85,334.52,516.68,349.31,medium
cam04__frame_00001.jpg,70,496.88,349.86,515.48,360.43,high
cam04__frame_00001.jpg,71,517.34,318.4,534.21,344.35,low
cam04__frame_00001.jpg,72,519.28,346.06,542.11,370.57,high
cam04__frame_00001.jpg,73,518.0,367.62,540.0,383.3,low
cam04__frame_00001.jpg,74,496.46,371.84,518.02,392.98,low
cam04__frame_00001.jpg,75,479.55,357.05,488.0,376.07,high
cam04__frame_00001.jpg,76,478.7,375.5,485.97,391.57,medium
cam04__frame_00001.jpg,77,479.76,391.94,486.7,404.72,low
cam04__frame_00001.jpg,78,486.6,378.19,494.53,394.3,medium
cam04__frame_00001.jpg,79,487.06,395.99,493.91,412.62,high
cam04__frame_00001.jpg,80,493.9,394.67,508.72,412.0,low
cam04__frame_00001.jpg,81,494.34,412.85,507.87,429.75,low
cam04__frame_00001.jpg,82,494.34,429.33,507.87,443.28,low
cam04__frame_00001.jpg,83,495.19,444.93,506.3,458.09,low
cam04__frame_00001.jpg,84,508.7,392.98,536.19,421.3,medium
cam04__frame_00001.jpg,85,515.94,425.14,526.57,447.6,medium
cam04__frame_00001.jpg,86,512.5,448.7,523.85,473.7,high
cam04__frame_00001.jpg,87,526.8,441.51,533.81,479.32,high
cam04__frame_00001.jpg,88,512.58,478.8,530.94,516.0,medium
cam04__frame_00001.jpg,89,572.19,313.39,584.4,325.08,high
cam04__frame_00001.jpg,90,553.34,314.3,584.37,340.01,low
cam04__frame_00001.jpg,91,549.55,327.95,578.37,353.46,medium
cam04__frame_00001.jpg,92,551.73,353.14,558.78,368.01,high
cam04__frame_00001.jpg,93,550.95,368.99,557.6,381.52,high
cam04__frame_00001.jpg,94,550.5,382.52,558.27,395.98,high
cam04__frame_00001.jpg,95,549.99,398.31,557.49,411.51,high
cam04__frame_00001.jpg,96,548.69,411.51,559.82,421.86,high
cam04__frame_00001.jpg,97,559.46,351.51,577.07,368.38,medium
cam04__frame_00001.jpg,98,557.27,366.03,574.33,382.54,medium
cam04__frame_00001.jpg,99,559.05,382.16,569.79,395.67,medium
cam04__frame_00001.jpg,100,558.36,396.71,568.06,408.84,medium
cam04__frame_00001.jpg,101,561.17,410.91,578.8,433.05,medium
cam04__frame_00001.jpg,102,583.41,324.05,595.74,337.13,high
cam04__frame_00001.jpg,103,577.96,334.89,592.94,351.03,medium
cam04__frame_00001.jpg,104,575.33,348.89,589.85,364.94,medium
cam04__frame_00001.jpg,105,574.41,363.62,586.5,380.0,medium
cam04__frame_00001.jpg,106,573.44,380.61,585.16,395.3,medium
cam04__frame_00001.jpg,107,570.4,394.75,583.78,408.11,medium
cam04__frame_00001.jpg,108,590.44,335.42,609.87,353.21,high
cam04__frame_00001.jpg,109,588.11,349.49,604.63,365.69,medium
cam04__frame_00001.jpg,110,586.03,362.86,602.46,380.12,medium
cam04__frame_00001.jpg,111,586.15,377.11,596.89,390.73,medium
cam04__frame_00001.jpg,112,585.03,391.62,595.3,404.67,high
cam04__frame_00001.jpg,113,585.71,405.32,593.93,414.56,low
cam04__frame_00001.jpg,114,603.38,346.04,620.74,367.42,high
cam04__frame_00001.jpg,115,601.04,364.85,616.95,380.66,medium
cam04__frame_00001.jpg,116,598.42,377.4,613.75,393.53,medium
cam04__frame_00001.jpg,117,596.87,391.52,610.95,406.15,medium
cam04__frame_00001.jpg,118,595.39,404.56,607.95,417.42,medium
cam04__frame_00001.jpg,119,598.07,419.11,605.86,432.64,high
cam04__frame_00001.jpg,120,597.66,434.28,604.63,443.3,high
cam04__frame_00001.jpg,121,575.93,417.47,596.84,452.32,medium
cam04__frame_00001.jpg,122,538.9,448.01,556.74,512.53,medium
cam04__frame_00001.jpg,123,558.5,462.28,586.08,519.7,low
cam04__frame_00001.jpg,124,591.2,454.25,630.86,527.74,low
cam04__frame_00001.jpg,125,532.28,517.04,564.04,580.07,medium
cam04__frame_00001.jpg,126,565.53,519.52,590.34,538.88,high
cam04__frame_00001.jpg,127,559.8,538.76,584.1,610.72,medium
cam04__frame_00001.jpg,128,571.62,529.91,630.65,636.01,low
cam04__frame_00001.jpg,129,631.95,528.37,638.15,558.32,high
cam04__frame_00001.jpg,130,628.4,561.07,640.0,617.3,high
cam04__frame_00001.jpg,131,289.66,556.87,307.73,594.65,low
cam04__frame_00001.jpg,132,267.5,565.9,283.09,591.37,medium
cam04__frame_00001.jpg,133,217.97,614.26,245.66,640.0,high
cam04__frame_00001.jpg,134,231.46,555.3,254.89,607.87,medium
cam04__frame_00001.jpg,135,183.1,474.62,237.1,581.82,low
cam04__frame_00001.jpg,136,162.53,510.82,199.44,637.9,medium
cam04__frame_00001.jpg,137,86.88,599.31,148.37,640.0,high
cam04__frame_00001.jpg,138,96.9,530.97,146.57,606.01,medium
cam04__frame_00001.jpg,139,161.0,419.6,211.37,480.7,high
cam04__frame_00001.jpg,140,97.26,436.09,132.43,494.06,high
cam04__frame_00001.jpg,141,25.03,457.0,82.06,519.72,high
cam04__frame_00001.jpg,142,2.22,544.43,33.59,636.62,high
cam04__frame_00001.jpg,143,229.19,301.74,236.62,324.01,high
cam04__frame_00001.jpg,144,213.28,303.33,228.13,336.74,high
cam04__frame_00001.jpg,145,150.81,307.92,212.58,363.3,medium
cam04__frame_00001.jpg,146,154.21,271.72,232.0,307.88,medium
cam04__frame_00001.jpg,147,143.79,278.67,154.4,307.83,high
cam04__frame_00001.jpg,148,143.79,247.91,154.4,277.08,high
cam04__frame_00001.jpg,149,153.64,238.68,233.08,282.07,low
cam04__frame_00001.jpg,150,232.09,233.65,241.11,262.7,high
cam04__frame_00001.jpg,151,143.79,219.27,154.4,248.44,high
cam04__frame_00001.jpg,152,154.7,206.87,229.41,247.05,low
cam04__frame_00001.jpg,153,230.5,203.42,239.52,232.47,high
cam04__frame_00001.jpg,154,143.28,190.37,153.89,219.54,high
cam04__frame_00001.jpg,155,153.11,174.0,227.82,214.17,low
cam04__frame_00001.jpg,156,226.25,172.14,235.28,201.18,high
cam04__frame_00001.jpg,157,143.28,158.02,153.36,189.84,high
cam04__frame_00001.jpg,158,153.15,139.83,227.86,180.0,low
cam04__frame_00001.jpg,159,226.3,139.2,235.33,168.25,high
cam04__frame_00001.jpg,160,137.46,118.38,173.47,154.21,high
cam04__frame_00001.jpg,161,251.13,391.91,271.01,430.95,medium
cam04__frame_00001.jpg,162,250.42,342.92,266.04,392.62,medium
cam04__frame_00001.jpg,163,309.45,335.9,333.28,411.47,low
cam04__frame_00001.jpg,164,248.3,296.07,265.33,339.37,medium
cam04__frame_00001.jpg,165,247.01,246.16,274.59,290.71,medium
cam04__frame_00001.jpg,166,246.48,202.15,275.12,247.75,medium
cam04__frame_00001.jpg,167,278.3,200.96,293.67,256.8,low
cam04__frame_00001.jpg,168,248.1,157.1,279.89,202.15,medium
cam04__frame_00001.jpg,169,287.35,168.07,299.01,198.75,low
cam04__frame_00001.jpg,170,246.16,143.43,275.27,155.5,high
cam04__frame_00001.jpg,171,278.78,143.23,285.2,155.96,high
cam04__frame_00001.jpg,172,447.62,600.32,468.97,639.75,medium
cam04__frame_00001.jpg,173,436.7,566.62,460.68,601.18,medium
cam04__frame_00001.jpg,174,418.53,553.81,432.79,566.88,high
cam04__frame_00001.jpg,175,417.73,517.36,445.86,552.62,medium
cam04__frame_00001.jpg,176,457.45,522.39,464.78,558.14,medium
cam04__frame_00001.jpg,177,465.7,515.98,472.11,556.31,low
cam04__frame_00001.jpg,178,472.7,519.43,478.84,551.5,low
cam04__frame_00001.jpg,179,479.43,518.04,485.57,556.06,medium
cam04__frame_00001.jpg,180,486.79,516.2,492.93,554.22,low
cam04__frame_00001.jpg,181,494.13,518.7,500.27,556.72,low
cam04__frame_00001.jpg,182,500.27,516.22,507.02,554.26,low
cam04__frame_00001.jpg,183,464.68,461.0,485.54,514.99,low
cam04__frame_00001.jpg,184,470.82,444.43,488.0,464.68,low
cam04__frame_00001.jpg,185,453.6,430.49,476.56,450.69,medium
cam04__frame_00001.jpg,186,457.94,415.04,471.81,428.91,medium
cam04__frame_00001.jpg,187,434.2,414.45,452.04,456.62,low
cam04__frame_00001.jpg,188,411.98,399.7,434.18,437.88,medium
cam04__frame_00001.jpg,189,423.19,378.82,453.32,399.7,medium
cam04__frame_00001.jpg,190,422.85,361.01,448.52,377.79,medium
cam04__frame_00001.jpg,191,414.48,377.89,423.5,399.1,low
cam04__frame_00001.jpg,192,415.5,358.3,422.44,379.48,low
cam04__frame_00001.jpg,193,413.95,332.29,424.03,356.68,medium
cam04__frame_00002.jpg,0,469.55,323.35,482.25,334.36,high
cam04__frame_00002.jpg,1,469.33,333.21,480.28,347.12,high
cam04__frame_00002.jpg,2,484.13,320.61,494.78,340.14,medium
cam04__frame_00002.jpg,3,487.58,341.41,495.19,356.2,high
cam04__frame_00002.jpg,4,495.99,301.89,516.16,322.05,low
cam04__frame_00002.jpg,5,496.85,321.79,516.68,334.52,low
cam04__frame_00002.jpg,6,496.85,334.52,516.68,349.31,medium
cam04__frame_00002.jpg,7,496.88,349.86,515.48,360.43,high
cam04__frame_00002.jpg,8,517.34,318.4,534.21,344.35,low
cam04__frame_00002.jpg,9,519.28,346.06,542.11,370.57,high
cam04__frame_00002.jpg,10,518.0,367.62,540.0,383.3,low
cam04__frame_00002.jpg,11,496.46,371.84,518.02,392.98,low
cam04__frame_00002.jpg,12,479.55,357.05,488.0,376.07,high
cam04__frame_00002.jpg,13,478.7,375.5,485.97,391.57,medium
cam04__frame_00002.jpg,14,479.76,391.94,486.7,404.72,low
cam04__frame_00002.jpg,15,486.6,378.19,494.53,394.3,medium
cam04__frame_00002.jpg,16,487.06,395.99,493.91,412.62,high
cam04__frame_00002.jpg,17,493.9,394.67,508.72,412.0,low
cam04__frame_00002.jpg,18,494.34,412.85,507.87,429.75,low
cam04__frame_00002.jpg,19,494.34,429.33,507.87,443.28,low
cam04__frame_00002.jpg,20,495.19,444.93,506.3,458.09,low
cam04__frame_00002.jpg,21,508.7,392.98,536.19,421.3,medium
cam04__frame_00002.jpg,22,515.94,425.14,526.57,447.6,medium
cam04__frame_00002.jpg,23,512.5,448.7,523.85,473.7,high
cam04__frame_00002.jpg,24,526.8,441.51,533.81,479.32,high
cam04__frame_00002.jpg,25,512.58,478.8,530.94,516.0,medium
cam04__frame_00002.jpg,26,572.19,313.39,584.4,325.08,high
cam04__frame_00002.jpg,27,553.34,314.3,584.37,340.01,low
cam04__frame_00002.jpg,28,549.55,327.95,578.37,353.46,medium
cam04__frame_00002.jpg,29,551.73,353.14,558.78,368.01,high
cam04__frame_00002.jpg,30,550.95,368.99,557.6,381.52,high
cam04__frame_00002.jpg,31,550.5,382.52,558.27,395.98,high
cam04__frame_00002.jpg,32,549.99,398.31,557.49,411.51,high
cam04__frame_00002.jpg,33,548.69,411.51,559.82,421.86,high
cam04__frame_00002.jpg,34,559.46,351.51,577.07,368.38,medium
cam04__frame_00002.jpg,35,557.27,366.03,574.33,382.54,medium
cam04__frame_00002.jpg,36,559.05,382.16,569.79,395.67,medium
cam04__frame_00002.jpg,37,558.36,396.71,568.06,408.84,medium
cam04__frame_00002.jpg,38,561.17,410.91,578.8,433.05,medium
cam04__frame_00002.jpg,39,583.41,324.05,595.74,337.13,high
cam04__frame_00002.jpg,40,577.96,334.89,592.94,351.03,medium
cam04__frame_00002.jpg,41,575.33,348.89,589.85,364.94,medium
cam04__frame_00002.jpg,42,574.41,363.62,586.5,380.0,medium
cam04__frame_00002.jpg,43,573.44,380.61,585.16,395.3,medium
cam04__frame_00002.jpg,44,570.4,394.75,583.78,408.11,medium
cam04__frame_00002.jpg,45,590.44,335.42,609.87,353.21,high
cam04__frame_00002.jpg,46,588.11,349.49,604.63,365.69,medium
cam04__frame_00002.jpg,47,586.03,362.86,602.46,380.12,medium
cam04__frame_00002.jpg,48,586.15,377.11,596.89,390.73,medium
cam04__frame_00002.jpg,49,585.03,391.62,595.3,404.67,high
cam04__frame_00002.jpg,50,585.71,405.32,593.93,414.56,low
cam04__frame_00002.jpg,51,603.38,346.04,620.74,367.42,high
cam04__frame_00002.jpg,52,601.04,364.85,616.95,380.66,medium
cam04__frame_00002.jpg,53,598.42,377.4,613.75,393.53,medium
cam04__frame_00002.jpg,54,596.87,391.52,610.95,406.15,medium
cam04__frame_00002.jpg,55,595.39,404.56,607.95,417.42,medium
cam04__frame_00002.jpg,56,598.07,419.11,605.86,432.64,high
cam04__frame_00002.jpg,57,597.66,434.28,604.63,443.3,high
cam04__frame_00002.jpg,58,575.93,417.47,596.84,452.32,medium
cam04__frame_00002.jpg,59,538.9,448.01,556.74,512.53,medium
cam04__frame_00002.jpg,60,558.5,462.28,586.08,519.7,low
cam04__frame_00002.jpg,61,591.2,454.25,630.86,527.74,low
cam04__frame_00002.jpg,62,532.28,517.04,564.04,580.07,medium
cam04__frame_00002.jpg,63,565.53,519.52,590.34,538.88,high
cam04__frame_00002.jpg,64,559.8,538.76,584.1,610.72,medium
cam04__frame_00002.jpg,65,571.62,529.91,630.65,636.01,low
cam04__frame_00002.jpg,66,631.95,528.37,638.15,558.32,high
cam04__frame_00002.jpg,67,628.4,561.07,640.0,617.3,high
cam04__frame_00002.jpg,68,289.66,556.87,307.73,594.65,low
cam04__frame_00002.jpg,69,267.5,565.9,283.09,591.37,medium
cam04__frame_00002.jpg,70,217.97,614.26,245.66,640.0,high
cam04__frame_00002.jpg,71,231.46,555.3,254.89,607.87,medium
cam04__frame_00002.jpg,72,183.1,474.62,237.1,581.82,low
cam04__frame_00002.jpg,73,162.53,510.82,199.44,637.9,medium
cam04__frame_00002.jpg,74,86.88,599.31,148.37,640.0,high
cam04__frame_00002.jpg,75,96.9,530.97,146.57,606.01,medium
cam04__frame_00002.jpg,76,161.0,419.6,211.37,480.7,high
cam04__frame_00002.jpg,77,97.26,436.09,132.43,494.06,high
cam04__frame_00002.jpg,78,25.03,457.0,82.06,519.72,high
cam04__frame_00002.jpg,79,2.22,544.43,33.59,636.62,high
cam04__frame_00002.jpg,80,229.19,301.74,236.62,324.01,high
cam04__frame_00002.jpg,81,213.28,303.33,228.13,336.74,high
cam04__frame_00002.jpg,82,150.81,307.92,212.58,363.3,medium
cam04__frame_00002.jpg,83,154.21,271.72,232.0,307.88,medium
cam04__frame_00002.jpg,84,143.79,278.67,154.4,307.83,high
cam04__frame_00002.jpg,85,143.79,247.91,154.4,277.08,high
cam04__frame_00002.jpg,86,153.64,238.68,233.08,282.07,low
cam04__frame_00002.jpg,87,232.09,233.65,241.11,262.7,high
cam04__frame_00002.jpg,88,143.79,219.27,154.4,248.44,high
cam04__frame_00002.jpg,89,154.7,206.87,229.41,247.05,low
cam04__frame_00002.jpg,90,230.5,203.42,239.52,232.47,high
cam04__frame_00002.jpg,91,143.28,190.37,153.89,219.54,high
cam04__frame_00002.jpg,92,153.11,174.0,227.82,214.17,low
cam04__frame_00002.jpg,93,226.25,172.14,235.28,201.18,high
cam04__frame_00002.jpg,94,143.28,158.02,153.36,189.84,high
cam04__frame_00002.jpg,95,153.15,139.83,227.86,180.0,low
cam04__frame_00002.jpg,96,226.3,139.2,235.33,168.25,high
cam04__frame_00002.jpg,97,137.46,118.38,173.47,154.21,high
cam04__frame_00002.jpg,98,251.13,391.91,271.01,430.95,medium
cam04__frame_00002.jpg,99,250.42,342.92,266.04,392.62,medium
cam04__frame_00002.jpg,100,309.45,335.9,333.28,411.47,low
cam04__frame_00002.jpg,101,248.3,296.07,265.33,339.37,medium
cam04__frame_00002.jpg,102,247.01,246.16,274.59,290.71,medium
cam04__frame_00002.jpg,103,246.48,202.15,275.12,247.75,medium
cam04__frame_00002.jpg,104,278.3,200.96,293.67,256.8,low
cam04__frame_00002.jpg,105,248.1,157.1,279.89,202.15,medium
cam04__frame_00002.jpg,106,287.35,168.07,299.01,198.75,low
cam04__frame_00002.jpg,107,246.16,143.43,275.27,155.5,high
cam04__frame_00002.jpg,108,278.78,143.23,285.2,155.96,high
cam04__frame_00002.jpg,109,447.62,600.32,468.97,639.75,medium
cam04__frame_00002.jpg,110,436.7,566.62,460.68,601.18,medium
cam04__frame_00002.jpg,111,418.53,553.81,432.79,566.88,high
cam04__frame_00002.jpg,112,417.73,517.36,445.86,552.62,medium
cam04__frame_00002.jpg,113,457.45,522.39,464.78,558.14,medium
cam04__frame_00002.jpg,114,465.7,515.98,472.11,556.31,low
cam04__frame_00002.jpg,115,472.7,519.43,478.84,551.5,low
cam04__frame_00002.jpg,116,479.43,518.04,485.57,556.06,medium
cam04__frame_00002.jpg,117,486.79,516.2,492.93,554.22,low
cam04__frame_00002.jpg,118,494.13,518.7,500.27,556.72,low
cam04__frame_00002.jpg,119,500.27,516.22,507.02,554.26,low
cam04__frame_00002.jpg,120,464.68,461.0,485.54,514.99,low
cam04__frame_00002.jpg,121,470.82,444.43,488.0,464.68,low
cam04__frame_00002.jpg,122,453.6,430.49,476.56,450.69,medium
cam04__frame_00002.jpg,123,457.94,415.04,471.81,428.91,medium
cam04__frame_00002.jpg,124,434.2,414.45,452.04,456.62,low
cam04__frame_00002.jpg,125,411.98,399.7,434.18,437.88,medium
cam04__frame_00002.jpg,126,423.19,378.82,453.32,399.7,medium
cam04__frame_00002.jpg,127,422.85,361.01,448.52,377.79,medium
cam04__frame_00002.jpg,128,414.48,377.89,423.5,399.1,low
cam04__frame_00002.jpg,129,415.5,358.3,422.44,379.48,low
cam04__frame_00002.jpg,130,413.95,332.29,424.03,356.68,medium
cam04__frame_00002.jpg,131,385.03,49.87,399.48,66.41,high
cam04__frame_00002.jpg,132,393.38,39.33,404.03,56.85,medium
cam04__frame_00002.jpg,133,402.44,26.3,409.92,46.87,medium
cam04__frame_00002.jpg,134,371.4,101.42,383.92,127.28,medium
cam04__frame_00002.jpg,135,383.36,91.12,392.82,123.94,medium
cam04__frame_00002.jpg,136,393.65,90.01,400.88,121.72,medium
cam04__frame_00002.jpg,137,403.11,75.8,412.0,119.77,medium
cam04__frame_00002.jpg,138,412.99,28.77,433.47,42.17,medium
cam04__frame_00002.jpg,139,417.46,42.54,435.7,54.09,medium
cam04__frame_00002.jpg,140,418.58,54.83,437.19,66.74,medium
cam04__frame_00002.jpg,141,420.07,66.37,434.96,76.42,high
cam04__frame_00002.jpg,142,454.88,0.0,471.6,22.95,high
cam04__frame_00002.jpg,143,454.51,22.9,473.3,37.89,medium
cam04__frame_00002.jpg,144,476.93,1.12,503.05,28.17,medium
cam04__frame_00002.jpg,145,385.9,134.47,399.26,140.29,medium
cam04__frame_00002.jpg,146,392.07,143.71,410.55,149.87,medium
cam04__frame_00002.jpg,147,391.38,151.24,410.55,158.43,medium
cam04__frame_00002.jpg,148,391.4,160.83,404.73,169.05,medium
cam04__frame_00002.jpg,149,391.72,170.42,405.08,175.89,medium
cam04__frame_00002.jpg,150,412.22,163.42,427.02,175.26,medium
cam04__frame_00002.jpg,151,412.22,175.56,427.9,187.1,medium
cam04__frame_00002.jpg,152,431.87,150.22,441.04,175.43,medium
cam04__frame_00002.jpg,153,433.25,175.43,441.95,196.97,medium
cam04__frame_00002.jpg,154,445.16,147.47,455.7,184.6,medium
cam04__frame_00002.jpg,155,445.2,185.05,454.79,203.39,medium
cam04__frame_00002.jpg,156,456.6,149.3,469.45,188.72,medium
cam04__frame_00002.jpg,157,455.25,187.81,470.37,214.85,medium
cam04__frame_00002.jpg,158,482.29,151.69,500.08,201.39,low
cam04__frame_00002.jpg,159,484.13,201.39,501.92,225.93,low
cam04__frame_00002.jpg,160,498.86,161.51,514.81,205.68,low
cam04__frame_00002.jpg,161,501.31,207.52,514.81,237.59,low
cam04__frame_00002.jpg,162,522.79,191.57,539.97,251.7,low
cam04__frame_00002.jpg,163,544.26,41.86,562.06,78.06,low
cam04__frame_00002.jpg,164,546.1,78.06,565.12,141.26,low
cam04__frame_00002.jpg,165,544.26,140.03,563.9,205.68,low
cam04__frame_00002.jpg,166,542.4,205.07,562.06,268.88,low
cam04__frame_00002.jpg,167,563.9,153.7,605.62,296.18,low
cam04__frame_00002.jpg,168,419.1,233.52,428.33,251.27,high
cam04__frame_00002.jpg,169,409.3,250.09,429.5,261.18,high
cam04__frame_00002.jpg,170,412.47,261.98,429.1,275.44,high
cam04__frame_00002.jpg,171,465.51,230.6,491.18,246.01,medium
cam04__frame_00002.jpg,172,472.7,245.67,498.37,256.97,medium
cam04__frame_00002.jpg,173,471.0,258.68,497.69,269.98,medium
cam04__frame_00002.jpg,174,472.69,270.32,498.37,280.25,medium
cam04__frame_00002.jpg,175,472.01,280.59,497.0,291.55,medium
cam04__frame_00002.jpg,176,471.67,291.2,495.29,303.87,medium
cam04__frame_00002.jpg,177,499.4,258.68,519.94,271.69,high
cam04__frame_00002.jpg,178,499.06,271.0,521.65,283.33,high
cam04__frame_00002.jpg,179,498.37,282.64,520.97,293.6,high
cam04__frame_00002.jpg,180,496.32,293.94,513.44,300.45,high
cam04__frame_00002.jpg,181,522.36,275.2,533.89,282.14,high
cam04__frame_00002.jpg,182,522.0,283.06,535.36,290.38,high
cam04__frame_00002.jpg,183,516.16,288.59,536.33,310.59,low
cam04__frame_00002.jpg,184,535.52,283.96,542.33,290.19,high
cam04__frame_00002.jpg,185,535.81,290.19,543.74,297.85,high
cam04__frame_00002.jpg,186,537.22,298.7,544.03,304.65,high
cam04__frame_00002.jpg,187,535.3,305.05,546.34,324.08,high
cam04__frame_00002.jpg,188,536.19,321.12,545.91,336.76,high
cam04__frame_00002.jpg,189,441.13,304.08,464.94,324.8,low
cam04__frame_00002.jpg,190,441.13,325.63,464.1,336.4,medium
cam04__frame_00002.jpg,191,440.15,336.97,463.11,347.75,medium
cam04__frame_00002.jpg,192,443.83,348.9,462.8,359.65,medium
cam04__frame_00002.jpg,193,469.97,305.14,482.25,323.56,medium
cam04__frame_00003.jpg,0,434.2,414.45,452.04,456.62,low
cam04__frame_00003.jpg,1,423.19,378.82,453.32,399.7,medium
cam04__frame_00003.jpg,2,422.85,361.01,448.52,377.79,medium
cam04__frame_00003.jpg,3,414.48,377.89,423.5,399.1,low
cam04__frame_00003.jpg,4,415.5,358.3,422.44,379.48,low
cam04__frame_00003.jpg,5,413.95,332.29,424.03,356.68,medium
cam04__frame_00003.jpg,6,385.03,49.87,399.48,66.41,high
cam04__frame_00003.jpg,7,393.38,39.33,404.03,56.85,medium
cam04__frame_00003.jpg,8,402.44,26.3,409.92,46.87,medium
cam04__frame_00003.jpg,9,371.4,101.42,383.92,127.28,medium
cam04__frame_00003.jpg,10,383.36,91.12,392.82,123.94,medium
cam04__frame_00003.jpg,11,393.65,90.01,400.88,121.72,medium
cam04__frame_00003.jpg,12,403.11,75.8,412.0,119.77,medium
cam04__frame_00003.jpg,13,412.99,28.77,433.47,42.17,medium
cam04__frame_00003.jpg,14,417.46,42.54,435.7,54.09,medium
cam04__frame_00003.jpg,15,418.58,54.83,437.19,66.74,medium
cam04__frame_00003.jpg,16,420.07,66.37,434.96,76.42,high
cam04__frame_00003.jpg,17,454.88,0.0,471.6,22.95,high
cam04__frame_00003.jpg,18,454.51,22.9,473.3,37.89,medium
cam04__frame_00003.jpg,19,476.93,1.12,503.05,28.17,medium
cam04__frame_00003.jpg,20,385.9,134.47,399.26,140.29,medium
cam04__frame_00003.jpg,21,392.07,143.71,410.55,149.87,medium
cam04__frame_00003.jpg,22,391.38,151.24,410.55,158.43,medium
cam04__frame_00003.jpg,23,391.4,160.83,404.73,169.05,medium
cam04__frame_00003.jpg,24,391.72,170.42,405.08,175.89,medium
cam04__frame_00003.jpg,25,412.22,163.42,427.02,175.26,medium
cam04__frame_00003.jpg,26,412.22,175.56,427.9,187.1,medium
cam04__frame_00003.jpg,27,431.87,150.22,441.04,175.43,medium
cam04__frame_00003.jpg,28,433.25,175.43,441.95,196.97,medium
cam04__frame_00003.jpg,29,445.16,147.47,455.7,184.6,medium
cam04__frame_00003.jpg,30,445.2,185.05,454.79,203.39,medium
cam04__frame_00003.jpg,31,456.6,149.3,469.45,188.72,medium
cam04__frame_00003.jpg,32,455.25,187.81,470.37,214.85,medium
cam04__frame_00003.jpg,33,482.29,151.69,500.08,201.39,low
cam04__frame_00003.jpg,34,484.13,201.39,501.92,225.93,low
cam04__frame_00003.jpg,35,498.86,161.51,514.81,205.68,low
cam04__frame_00003.jpg,36,501.31,207.52,514.81,237.59,low
cam04__frame_00003.jpg,37,522.79,191.57,539.97,251.7,low
cam04__frame_00003.jpg,38,544.26,41.86,562.06,78.06,low
cam04__frame_00003.jpg,39,546.1,78.06,565.12,141.26,low
cam04__frame_00003.jpg,40,544.26,140.03,563.9,205.68,low
cam04__frame_00003.jpg,41,542.4,205.07,562.06,268.88,low
cam04__frame_00003.jpg,42,563.9,153.7,605.62,296.18,low
cam04__frame_00003.jpg,43,419.1,233.52,428.33,251.27,high
cam04__frame_00003.jpg,44,409.3,250.09,429.5,261.18,high
cam04__frame_00003.jpg,45,412.47,261.98,429.1,275.44,high
cam04__frame_00003.jpg,46,465.51,230.6,491.18,246.01,medium
cam04__frame_00003.jpg,47,472.7,245.67,498.37,256.97,medium
cam04__frame_00003.jpg,48,471.0,258.68,497.69,269.98,medium
cam04__frame_00003.jpg,49,472.69,270.32,498.37,280.25,medium
cam04__frame_00003.jpg,50,472.01,280.59,497.0,291.55,medium
cam04__frame_00003.jpg,51,471.67,291.2,495.29,303.87,medium
cam04__frame_00003.jpg,52,499.4,258.68,519.94,271.69,high
cam04__frame_00003.jpg,53,499.06,271.0,521.65,283.33,high
cam04__frame_00003.jpg,54,498.37,282.64,520.97,293.6,high
cam04__frame_00003.jpg,55,496.32,293.94,513.44,300.45,high
cam04__frame_00003.jpg,56,522.36,275.2,533.89,282.14,high
cam04__frame_00003.jpg,57,522.0,283.06,535.36,290.38,high
cam04__frame_00003.jpg,58,516.16,288.59,536.33,310.59,low
cam04__frame_00003.jpg,59,535.52,283.96,542.33,290.19,high
cam04__frame_00003.jpg,60,535.81,290.19,543.74,297.85,high
cam04__frame_00003.jpg,61,537.22,298.7,544.03,304.65,high
cam04__frame_00003.jpg,62,535.3,305.05,546.34,324.08,high
cam04__frame_00003.jpg,63,536.19,321.12,545.91,336.76,high
cam04__frame_00003.jpg,64,441.13,304.08,464.94,324.8,low
cam04__frame_00003.jpg,65,441.13,325.63,464.1,336.4,medium
cam04__frame_00003.jpg,66,440.15,336.97,463.11,347.75,medium
cam04__frame_00003.jpg,67,443.83,348.9,462.8,359.65,medium
cam04__frame_00003.jpg,68,469.97,305.14,482.25,323.56,medium
cam04__frame_00003.jpg,69,469.55,323.35,482.25,334.36,high
cam04__frame_00003.jpg,70,469.33,333.21,480.28,347.12,high
cam04__frame_00003.jpg,71,484.13,320.61,494.78,340.14,medium
cam04__frame_00003.jpg,72,487.58,341.41,495.19,356.2,high
cam04__frame_00003.jpg,73,495.99,301.89,516.16,322.05,low
cam04__frame_00003.jpg,74,496.85,321.79,516.68,334.52,low
cam04__frame_00003.jpg,75,496.85,334.52,516.68,349.31,medium
cam04__frame_00003.jpg,76,496.88,349.86,515.48,360.43,high
cam04__frame_00003.jpg,77,517.34,318.4,534.21,344.35,low
cam04__frame_00003.jpg,78,519.28,346.06,542.11,370.57,high
cam04__frame_00003.jpg,79,518.0,367.62,540.0,383.3,low
cam04__frame_00003.jpg,80,496.46,371.84,518.02,392.98,low
cam04__frame_00003.jpg,81,479.55,357.05,488.0,376.07,high
cam04__frame_00003.jpg,82,478.7,375.5,485.97,391.57,medium
cam04__frame_00003.jpg,83,479.76,391.94,486.7,404.72,low
cam04__frame_00003.jpg,84,486.6,378.19,494.53,394.3,medium
cam04__frame_00003.jpg,85,487.06,395.99,493.91,412.62,high
cam04__frame_00003.jpg,86,493.9,394.67,508.72,412.0,low
cam04__frame_00003.jpg,87,494.34,412.85,507.87,429.75,low
cam04__frame_00003.jpg,88,494.34,429.33,507.87,443.28,low
cam04__frame_00003.jpg,89,495.19,444.93,506.3,458.09,low
cam04__frame_00003.jpg,90,508.7,392.98,536.19,421.3,medium
cam04__frame_00003.jpg,91,515.94,425.14,526.57,447.6,medium
cam04__frame_00003.jpg,92,512.5,448.7,523.85,473.7,high
cam04__frame_00003.jpg,93,526.8,441.51,533.81,479.32,high
cam04__frame_00003.jpg,94,512.58,478.8,530.94,516.0,medium
cam04__frame_00003.jpg,95,572.19,313.39,584.4,325.08,high
cam04__frame_00003.jpg,96,553.34,314.3,584.37,340.01,low
cam04__frame_00003.jpg,97,549.55,327.95,578.37,353.46,medium
cam04__frame_00003.jpg,98,551.73,353.14,558.78,368.01,high
cam04__frame_00003.jpg,99,550.95,368.99,557.6,381.52,high
cam04__frame_00003.jpg,100,550.5,382.52,558.27,395.98,high
cam04__frame_00003.jpg,101,549.99,398.31,557.49,411.51,high
cam04__frame_00003.jpg,102,548.69,411.51,559.82,421.86,high
cam04__frame_00003.jpg,103,559.46,351.51,577.07,368.38,medium
cam04__frame_00003.jpg,104,557.27,366.03,574.33,382.54,medium
cam04__frame_00003.jpg,105,559.05,382.16,569.79,395.67,medium
cam04__frame_00003.jpg,106,558.36,396.71,568.06,408.84,medium
cam04__frame_00003.jpg,107,561.17,410.91,578.8,433.05,medium
cam04__frame_00003.jpg,108,583.41,324.05,595.74,337.13,high
cam04__frame_00003.jpg,109,577.96,334.89,592.94,351.03,medium
cam04__frame_00003.jpg,110,575.33,348.89,589.85,364.94,medium
cam04__frame_00003.jpg,111,574.41,363.62,586.5,380.0,medium
cam04__frame_00003.jpg,112,573.44,380.61,585.16,395.3,medium
cam04__frame_00003.jpg,113,570.4,394.75,583.78,408.11,medium
cam04__frame_00003.jpg,114,590.44,335.42,609.87,353.21,high
cam04__frame_00003.jpg,115,588.11,349.49,604.63,365.69,medium
cam04__frame_00003.jpg,116,586.03,362.86,602.46,380.12,medium
cam04__frame_00003.jpg,117,586.15,377.11,596.89,390.73,medium
cam04__frame_00003.jpg,118,585.03,391.62,595.3,404.67,high
cam04__frame_00003.jpg,119,585.71,405.32,593.93,414.56,low
cam04__frame_00003.jpg,120,603.38,346.04,620.74,367.42,high
cam04__frame_00003.jpg,121,601.04,364.85,616.95,380.66,medium
cam04__frame_00003.jpg,122,598.42,377.4,613.75,393.53,medium
cam04__frame_00003.jpg,123,596.87,391.52,610.95,406.15,medium
cam04__frame_00003.jpg,124,595.39,404.56,607.95,417.42,medium
cam04__frame_00003.jpg,125,598.07,419.11,605.86,432.64,high
cam04__frame_00003.jpg,126,597.66,434.28,604.63,443.3,high
cam04__frame_00003.jpg,127,575.93,417.47,596.84,452.32,medium
cam04__frame_00003.jpg,128,538.9,448.01,556.74,512.53,medium
cam04__frame_00003.jpg,129,558.5,462.28,586.08,519.7,low
cam04__frame_00003.jpg,130,591.2,454.25,630.86,527.74,low
cam04__frame_00003.jpg,131,532.28,517.04,564.04,580.07,medium
cam04__frame_00003.jpg,132,565.53,519.52,590.34,538.88,high
cam04__frame_00003.jpg,133,559.8,538.76,584.1,610.72,medium
cam04__frame_00003.jpg,134,571.62,529.91,630.65,636.01,low
cam04__frame_00003.jpg,135,631.95,528.37,638.15,558.32,high
cam04__frame_00003.jpg,136,628.4,561.07,640.0,617.3,high
cam04__frame_00003.jpg,137,289.66,556.87,307.73,594.65,low
cam04__frame_00003.jpg,138,267.5,565.9,283.09,591.37,medium
cam04__frame_00003.jpg,139,217.97,614.26,245.66,640.0,high
cam04__frame_00003.jpg,140,231.46,555.3,254.89,607.87,medium
cam04__frame_00003.jpg,141,183.1,474.62,237.1,581.82,low
cam04__frame_00003.jpg,142,162.53,510.82,199.44,637.9,medium
cam04__frame_00003.jpg,143,86.88,599.31,148.37,640.0,high
cam04__frame_00003.jpg,144,96.9,530.97,146.57,606.01,medium
cam04__frame_00003.jpg,145,161.0,419.6,211.37,480.7,high
cam04__frame_00003.jpg,146,97.26,436.09,132.43,494.06,high
cam04__frame_00003.jpg,147,25.03,457.0,82.06,519.72,high
cam04__frame_00003.jpg,148,2.22,544.43,33.59,636.62,high
cam04__frame_00003.jpg,149,229.19,301.74,236.62,324.01,high
cam04__frame_00003.jpg,150,213.28,303.33,228.13,336.74,high
cam04__frame_00003.jpg,151,150.81,307.92,212.58,363.3,medium
cam04__frame_00003.jpg,152,154.21,271.72,232.0,307.88,medium
cam04__frame_00003.jpg,153,143.79,278.67,154.4,307.83,high
cam04__frame_00003.jpg,154,143.79,247.91,154.4,277.08,high
cam04__frame_00003.jpg,155,153.64,238.68,233.08,282.07,low
cam04__frame_00003.jpg,156,232.09,233.65,241.11,262.7,high
cam04__frame_00003.jpg,157,143.79,219.27,154.4,248.44,high
cam04__frame_00003.jpg,158,154.7,206.87,229.41,247.05,low
cam04__frame_00003.jpg,159,230.5,203.42,239.52,232.47,high
cam04__frame_00003.jpg,160,143.28,190.37,153.89,219.54,high
cam04__frame_00003.jpg,161,153.11,174.0,227.82,214.17,low
cam04__frame_00003.jpg,162,226.25,172.14,235.28,201.18,high
cam04__frame_00003.jpg,163,143.28,158.02,153.36,189.84,high
cam04__frame_00003.jpg,164,153.15,139.83,227.86,180.0,low
cam04__frame_00003.jpg,165,226.3,139.2,235.33,168.25,high
cam04__frame_00003.jpg,166,137.46,118.38,173.47,154.21,high
cam04__frame_00003.jpg,167,251.13,391.91,271.01,430.95,medium
cam04__frame_00003.jpg,168,250.42,342.92,266.04,392.62,medium
cam04__frame_00003.jpg,169,309.45,335.9,333.28,411.47,low
cam04__frame_00003.jpg,170,248.3,296.07,265.33,339.37,medium
cam04__frame_00003.jpg,171,247.01,246.16,274.59,290.71,medium
cam04__frame_00003.jpg,172,246.48,202.15,275.12,247.75,medium
cam04__frame_00003.jpg,173,278.3,200.96,293.67,256.8,low
cam04__frame_00003.jpg,174,248.1,157.1,279.89,202.15,medium
cam04__frame_00003.jpg,175,287.35,168.07,299.01,198.75,low
cam04__frame_00003.jpg,176,246.16,143.43,275.27,155.5,high
cam04__frame_00003.jpg,177,278.78,143.23,285.2,155.96,high
cam04__frame_00003.jpg,178,447.62,600.32,468.97,639.75,medium
cam04__frame_00003.jpg,179,436.7,566.62,460.68,601.18,medium
cam04__frame_00003.jpg,180,418.53,553.81,432.79,566.88,high
cam04__frame_00003.jpg,181,417.73,517.36,445.86,552.62,medium
cam04__frame_00003.jpg,182,457.45,522.39,464.78,558.14,medium
cam04__frame_00003.jpg,183,465.7,515.98,472.11,556.31,low
cam04__frame_00003.jpg,184,472.7,519.43,478.84,551.5,low
cam04__frame_00003.jpg,185,479.43,518.04,485.57,556.06,medium
cam04__frame_00003.jpg,186,486.79,516.2,492.93,554.22,low
cam04__frame_00003.jpg,187,494.13,518.7,500.27,556.72,low
cam04__frame_00003.jpg,188,500.27,516.22,507.02,554.26,low
cam04__frame_00003.jpg,189,458.27,473.95,477.85,514.1,low
cam04__frame_00003.jpg,190,470.82,444.43,496.1,495.5,low
cam04__frame_00003.jpg,191,453.6,430.49,476.56,467.7,medium
cam04__frame_00003.jpg,192,457.94,415.04,471.81,428.91,medium
cam04__frame_00003.jpg,193,411.98,399.7,434.18,437.88,medium
cam04__frame_00004.jpg,0,418.58,54.83,437.19,66.74,medium
cam04__frame_00004.jpg,1,417.46,42.54,435.7,54.09,medium
cam04__frame_00004.jpg,2,412.99,28.77,433.47,42.17,medium
cam04__frame_00004.jpg,3,403.11,75.8,412.0,119.77,medium
cam04__frame_00004.jpg,4,393.65,90.01,400.88,121.72,medium
cam04__frame_00004.jpg,5,383.36,91.12,392.82,123.94,medium
cam04__frame_00004.jpg,6,371.4,101.42,383.92,127.28,medium
cam04__frame_00004.jpg,7,402.44,26.3,409.92,46.87,medium
cam04__frame_00004.jpg,8,393.38,39.33,404.03,56.85,medium
cam04__frame_00004.jpg,9,385.03,49.87,399.48,66.41,high
cam04__frame_00004.jpg,10,628.4,561.07,640.0,617.3,high
cam04__frame_00004.jpg,11,631.95,528.37,638.15,558.32,high
cam04__frame_00004.jpg,12,571.62,529.91,630.65,636.01,low
cam04__frame_00004.jpg,13,559.8,538.76,584.1,610.72,medium
cam04__frame_00004.jpg,14,565.53,519.52,590.34,538.88,high
cam04__frame_00004.jpg,15,532.28,517.04,564.04,580.07,medium
cam04__frame_00004.jpg,16,591.2,454.25,630.86,527.74,low
cam04__frame_00004.jpg,17,558.5,462.28,586.08,519.7,low
cam04__frame_00004.jpg,18,538.9,448.01,556.74,512.53,medium
cam04__frame_00004.jpg,19,575.93,417.47,596.84,452.32,medium
cam04__frame_00004.jpg,20,597.66,434.28,604.63,443.3,high
cam04__frame_00004.jpg,21,598.07,419.11,605.86,432.64,high
cam04__frame_00004.jpg,22,595.39,404.56,607.95,417.42,medium
cam04__frame_00004.jpg,23,596.87,391.52,610.95,406.15,medium
cam04__frame_00004.jpg,24,598.42,377.4,613.75,393.53,medium
cam04__frame_00004.jpg,25,601.04,364.85,616.95,380.66,medium
cam04__frame_00004.jpg,26,603.38,346.04,620.74,367.42,high
cam04__frame_00004.jpg,27,585.71,405.32,593.93,414.56,low
cam04__frame_00004.jpg,28,585.03,391.62,595.3,404.67,high
cam04__frame_00004.jpg,29,586.15,377.11,596.89,390.73,medium
cam04__frame_00004.jpg,30,586.03,362.86,602.46,380.12,medium
cam04__frame_00004.jpg,31,588.11,349.49,604.63,365.69,medium
cam04__frame_00004.jpg,32,590.44,335.42,609.87,353.21,high
cam04__frame_00004.jpg,33,570.4,394.75,583.78,408.11,medium
cam04__frame_00004.jpg,34,573.44,380.61,585.16,395.3,medium
cam04__frame_00004.jpg,35,574.41,363.62,586.5,380.0,medium
cam04__frame_00004.jpg,36,575.33,348.89,589.85,364.94,medium
cam04__frame_00004.jpg,37,577.96,334.89,592.94,351.03,medium
cam04__frame_00004.jpg,38,583.41,324.05,595.74,337.13,high
cam04__frame_00004.jpg,39,561.17,410.91,578.8,433.05,medium
cam04__frame_00004.jpg,40,558.36,396.71,568.06,408.84,medium
cam04__frame_00004.jpg,41,559.05,382.16,569.79,395.67,medium
cam04__frame_00004.jpg,42,557.27,366.03,574.33,382.54,medium
cam04__frame_00004.jpg,43,559.46,351.51,577.07,368.38,medium
cam04__frame_00004.jpg,44,548.69,411.51,559.82,421.86,high
cam04__frame_00004.jpg,45,549.99,398.31,557.49,411.51,high
cam04__frame_00004.jpg,46,550.5,382.52,558.27,395.98,high
cam04__frame_00004.jpg,47,550.95,368.99,557.6,381.52,high
cam04__frame_00004.jpg,48,551.73,353.14,558.78,368.01,high
cam04__frame_00004.jpg,49,549.55,327.95,578.37,353.46,medium
cam04__frame_00004.jpg,50,553.34,314.3,584.37,340.01,low
cam04__frame_00004.jpg,51,572.19,313.39,584.4,325.08,high
cam04__frame_00004.jpg,52,512.58,478.8,530.94,516.0,medium
cam04__frame_00004.jpg,53,526.8,441.51,533.81,479.32,high
cam04__frame_00004.jpg,54,512.5,448.7,523.85,473.7,high
cam04__frame_00004.jpg,55,515.94,425.14,526.57,447.6,medium
cam04__frame_00004.jpg,56,508.7,392.98,536.19,421.3,medium
cam04__frame_00004.jpg,57,495.19,444.93,506.3,458.09,low
cam04__frame_00004.jpg,58,494.34,429.33,507.87,443.28,low
cam04__frame_00004.jpg,59,494.34,412.85,507.87,429.75,low
cam04__frame_00004.jpg,60,493.9,394.67,508.72,412.0,low
cam04__frame_00004.jpg,61,487.06,395.99,493.91,412.62,high
cam04__frame_00004.jpg,62,486.6,378.19,494.53,394.3,medium
cam04__frame_00004.jpg,63,479.76,391.94,486.7,404.72,low
cam04__frame_00004.jpg,64,478.7,375.5,485.97,391.57,medium
cam04__frame_00004.jpg,65,479.55,357.05,488.0,376.07,high
cam04__frame_00004.jpg,66,496.46,371.84,518.02,392.98,low
cam04__frame_00004.jpg,67,518.0,367.62,540.0,383.3,low
cam04__frame_00004.jpg,68,519.28,346.06,542.11,370.57,high
cam04__frame_00004.jpg,69,517.34,318.4,534.21,344.35,low
cam04__frame_00004.jpg,70,496.88,349.86,515.48,360.43,high
cam04__frame_00004.jpg,71,496.85,334.52,516.68,349.31,medium
cam04__frame_00004.jpg,72,496.85,321.79,516.68,334.52,low
cam04__frame_00004.jpg,73,495.99,301.89,516.16,322.05,low
cam04__frame_00004.jpg,74,289.66,556.87,307.73,594.65,low
cam04__frame_00004.jpg,75,267.5,565.9,283.09,591.37,medium
cam04__frame_00004.jpg,76,217.97,614.26,245.66,640.0,high
cam04__frame_00004.jpg,77,231.46,555.3,254.89,607.87,medium
cam04__frame_00004.jpg,78,183.1,474.62,237.1,581.82,low
cam04__frame_00004.jpg,79,162.53,510.82,199.44,637.9,medium
cam04__frame_00004.jpg,80,86.88,599.31,148.37,640.0,high
cam04__frame_00004.jpg,81,96.9,530.97,146.57,606.01,medium
cam04__frame_00004.jpg,82,161.0,419.6,211.37,480.7,high
cam04__frame_00004.jpg,83,97.26,436.09,132.43,494.06,high
cam04__frame_00004.jpg,84,25.03,457.0,82.06,519.72,high
cam04__frame_00004.jpg,85,2.22,544.43,33.59,636.62,high
cam04__frame_00004.jpg,86,229.19,301.74,236.62,324.01,high
cam04__frame_00004.jpg,87,213.28,303.33,228.13,336.74,high
cam04__frame_00004.jpg,88,150.81,307.92,212.58,363.3,medium
cam04__frame_00004.jpg,89,154.21,271.72,232.0,307.88,medium
cam04__frame_00004.jpg,90,143.79,278.67,154.4,307.83,high
cam04__frame_00004.jpg,91,143.79,247.91,154.4,277.08,high
cam04__frame_00004.jpg,92,153.64,238.68,233.08,282.07,low
cam04__frame_00004.jpg,93,232.09,233.65,241.11,262.7,high
cam04__frame_00004.jpg,94,143.79,219.27,154.4,248.44,high
cam04__frame_00004.jpg,95,154.7,206.87,229.41,247.05,low
cam04__frame_00004.jpg,96,230.5,203.42,239.52,232.47,high
cam04__frame_00004.jpg,97,143.28,190.37,153.89,219.54,high
cam04__frame_00004.jpg,98,153.11,174.0,227.82,214.17,low
cam04__frame_00004.jpg,99,226.25,172.14,235.28,201.18,high
cam04__frame_00004.jpg,100,143.28,158.02,153.36,189.84,high
cam04__frame_00004.jpg,101,153.15,139.83,227.86,180.0,low
cam04__frame_00004.jpg,102,226.3,139.2,235.33,168.25,high
cam04__frame_00004.jpg,103,137.46,118.38,173.47,154.21,high
cam04__frame_00004.jpg,104,251.13,391.91,271.01,430.95,medium
cam04__frame_00004.jpg,105,250.42,342.92,266.04,392.62,medium
cam04__frame_00004.jpg,106,309.45,335.9,333.28,411.47,low
cam04__frame_00004.jpg,107,248.3,296.07,265.33,339.37,medium
cam04__frame_00004.jpg,108,247.01,246.16,274.59,290.71,medium
cam04__frame_00004.jpg,109,246.48,202.15,275.12,247.75,medium
cam04__frame_00004.jpg,110,278.3,200.96,293.67,256.8,low
cam04__frame_00004.jpg,111,248.1,157.1,279.89,202.15,medium
cam04__frame_00004.jpg,112,287.35,168.07,299.01,198.75,low
cam04__frame_00004.jpg,113,246.16,143.43,275.27,155.5,high
cam04__frame_00004.jpg,114,278.78,143.23,285.2,155.96,high
cam04__frame_00004.jpg,115,447.62,600.32,468.97,639.75,medium
cam04__frame_00004.jpg,116,436.7,566.62,460.68,601.18,medium
cam04__frame_00004.jpg,117,418.53,553.81,432.79,566.88,high
cam04__frame_00004.jpg,118,417.73,517.36,445.86,552.62,medium
cam04__frame_00004.jpg,119,457.45,522.39,464.78,558.14,medium
cam04__frame_00004.jpg,120,465.7,515.98,472.11,556.31,low
cam04__frame_00004.jpg,121,472.7,519.43,478.84,551.5,low
cam04__frame_00004.jpg,122,479.43,518.04,485.57,556.06,medium
cam04__frame_00004.jpg,123,486.79,516.2,492.93,554.22,low
cam04__frame_00004.jpg,124,494.13,518.7,500.27,556.72,low
cam04__frame_00004.jpg,125,500.27,516.22,507.02,554.26,low
cam04__frame_00004.jpg,126,455.9,471.0,476.76,514.99,low
cam04__frame_00004.jpg,127,470.82,444.43,494.3,491.0,low
cam04__frame_00004.jpg,128,453.6,430.49,476.56,450.69,medium
cam04__frame_00004.jpg,129,457.94,415.04,471.81,428.91,medium
cam04__frame_00004.jpg,130,434.2,414.45,452.04,456.62,low
cam04__frame_00004.jpg,131,411.98,399.7,434.18,437.88,medium
cam04__frame_00004.jpg,132,423.19,378.82,453.32,399.7,medium
cam04__frame_00004.jpg,133,422.85,361.01,448.52,377.79,medium
cam04__frame_00004.jpg,134,414.48,377.89,423.5,399.1,low
cam04__frame_00004.jpg,135,415.5,358.3,422.44,379.48,low
cam04__frame_00004.jpg,136,413.95,332.29,424.03,356.68,medium
cam04__frame_00004.jpg,137,487.58,341.41,495.19,356.2,high
cam04__frame_00004.jpg,138,484.13,320.61,494.78,340.14,medium
cam04__frame_00004.jpg,139,469.33,333.21,480.28,347.12,high
cam04__frame_00004.jpg,140,469.55,323.35,482.25,334.36,high
cam04__frame_00004.jpg,141,469.97,305.14,482.25,323.56,medium
cam04__frame_00004.jpg,142,443.83,348.9,462.8,359.65,medium
cam04__frame_00004.jpg,143,440.15,336.97,463.11,347.75,medium
cam04__frame_00004.jpg,144,441.13,325.63,464.1,336.4,medium
cam04__frame_00004.jpg,145,441.13,304.08,464.94,324.8,low
cam04__frame_00004.jpg,146,536.19,321.12,545.91,336.76,high
cam04__frame_00004.jpg,147,535.3,305.05,546.34,324.08,high
cam04__frame_00004.jpg,148,537.22,298.7,544.03,304.65,high
cam04__frame_00004.jpg,149,535.81,290.19,543.74,297.85,high
cam04__frame_00004.jpg,150,535.52,283.96,542.33,290.19,high
cam04__frame_00004.jpg,151,516.16,288.59,536.33,310.59,low
cam04__frame_00004.jpg,152,522.0,283.06,535.36,290.38,high
cam04__frame_00004.jpg,153,522.36,275.2,533.89,282.14,high
cam04__frame_00004.jpg,154,496.32,293.94,513.44,300.45,high
cam04__frame_00004.jpg,155,498.37,282.64,520.97,293.6,high
cam04__frame_00004.jpg,156,499.06,271.0,521.65,283.33,high
cam04__frame_00004.jpg,157,499.4,258.68,519.94,271.69,high
cam04__frame_00004.jpg,158,471.67,291.2,495.29,303.87,medium
cam04__frame_00004.jpg,159,472.01,280.59,497.0,291.55,medium
cam04__frame_00004.jpg,160,472.69,270.32,498.37,280.25,medium
cam04__frame_00004.jpg,161,471.0,258.68,497.69,269.98,medium
cam04__frame_00004.jpg,162,472.7,245.67,498.37,256.97,medium
cam04__frame_00004.jpg,163,465.51,230.6,491.18,246.01,medium
cam04__frame_00004.jpg,164,412.47,261.98,429.1,275.44,high
cam04__frame_00004.jpg,165,409.3,250.09,429.5,261.18,high
cam04__frame_00004.jpg,166,419.1,233.52,428.33,251.27,high
cam04__frame_00004.jpg,167,563.9,153.7,605.62,296.18,low
cam04__frame_00004.jpg,168,542.4,205.07,562.06,268.88,low
cam04__frame_00004.jpg,169,544.26,140.03,563.9,205.68,low
cam04__frame_00004.jpg,170,546.1,78.06,565.12,141.26,low
cam04__frame_00004.jpg,171,544.26,41.86,562.06,78.06,low
cam04__frame_00004.jpg,172,522.79,191.57,539.97,251.7,low
cam04__frame_00004.jpg,173,501.31,207.52,514.81,237.59,low
cam04__frame_00004.jpg,174,498.86,161.51,514.81,205.68,low
cam04__frame_00004.jpg,175,484.13,201.39,501.92,225.93,low
cam04__frame_00004.jpg,176,482.29,151.69,500.08,201.39,low
cam04__frame_00004.jpg,177,455.25,187.81,470.37,214.85,medium
cam04__frame_00004.jpg,178,456.6,149.3,469.45,188.72,medium
cam04__frame_00004.jpg,179,445.2,185.05,454.79,203.39,medium
cam04__frame_00004.jpg,180,445.16,147.47,455.7,184.6,medium
cam04__frame_00004.jpg,181,433.25,175.43,441.95,196.97,medium
cam04__frame_00004.jpg,182,431.87,150.22,441.04,175.43,medium
cam04__frame_00004.jpg,183,412.22,175.56,427.9,187.1,medium
cam04__frame_00004.jpg,184,412.22,163.42,427.02,175.26,medium
cam04__frame_00004.jpg,185,391.72,170.42,405.08,175.89,medium
cam04__frame_00004.jpg,186,391.4,160.83,404.73,169.05,medium
cam04__frame_00004.jpg,187,391.38,151.24,410.55,158.43,medium
cam04__frame_00004.jpg,188,392.07,143.71,410.55,149.87,medium
cam04__frame_00004.jpg,189,385.9,134.47,399.26,140.29,medium
cam04__frame_00004.jpg,190,476.93,1.12,503.05,28.17,medium
cam04__frame_00004.jpg,191,454.51,22.9,473.3,37.89,medium
cam04__frame_00004.jpg,192,454.88,0.0,471.6,22.95,high
cam04__frame_00004.jpg,193,420.07,66.37,434.96,76.42,high
cam04__frame_00005.jpg,0,441.13,304.08,464.94,324.8,low
cam04__frame_00005.jpg,1,536.19,321.12,545.91,336.76,high
cam04__frame_00005.jpg,2,441.13,325.63,464.1,336.4,medium
cam04__frame_00005.jpg,3,440.15,336.97,463.11,347.75,medium
cam04__frame_00005.jpg,4,443.83,348.9,462.8,359.65,medium
cam04__frame_00005.jpg,5,469.97,305.14,482.25,323.56,medium
cam04__frame_00005.jpg,6,469.55,323.35,482.25,334.36,high
cam04__frame_00005.jpg,7,469.33,333.21,480.28,347.12,high
cam04__frame_00005.jpg,8,484.13,320.61,494.78,340.14,medium
cam04__frame_00005.jpg,9,487.58,341.41,495.19,356.2,high
cam04__frame_00005.jpg,10,495.99,301.89,516.16,322.05,low
cam04__frame_00005.jpg,11,496.85,321.79,516.68,334.52,low
cam04__frame_00005.jpg,12,496.85,334.52,516.68,349.31,medium
cam04__frame_00005.jpg,13,496.88,349.86,515.48,360.43,high
cam04__frame_00005.jpg,14,517.34,318.4,534.21,344.35,low
cam04__frame_00005.jpg,15,519.28,346.06,542.11,370.57,high
cam04__frame_00005.jpg,16,518.0,367.62,540.0,383.3,low
cam04__frame_00005.jpg,17,496.46,371.84,518.02,392.98,low
cam04__frame_00005.jpg,18,479.55,357.05,488.0,376.07,high
cam04__frame_00005.jpg,19,478.7,375.5,485.97,391.57,medium
cam04__frame_00005.jpg,20,479.76,391.94,486.7,404.72,low
cam04__frame_00005.jpg,21,486.6,378.19,494.53,394.3,medium
cam04__frame_00005.jpg,22,487.06,395.99,493.91,412.62,high
cam04__frame_00005.jpg,23,493.9,394.67,508.72,412.0,low
cam04__frame_00005.jpg,24,494.34,412.85,507.87,429.75,low
cam04__frame_00005.jpg,25,494.34,429.33,507.87,443.28,low
cam04__frame_00005.jpg,26,495.19,444.93,506.3,458.09,low
cam04__frame_00005.jpg,27,508.7,392.98,536.19,421.3,medium
cam04__frame_00005.jpg,28,515.94,425.14,526.57,447.6,medium
cam04__frame_00005.jpg,29,512.5,448.7,523.85,473.7,high
cam04__frame_00005.jpg,30,526.8,441.51,533.81,479.32,high
cam04__frame_00005.jpg,31,512.58,478.8,530.94,516.0,medium
cam04__frame_00005.jpg,32,572.19,313.39,584.4,325.08,high
cam04__frame_00005.jpg,33,553.34,314.3,584.37,340.01,low
cam04__frame_00005.jpg,34,549.55,327.95,578.37,353.46,medium
cam04__frame_00005.jpg,35,551.73,353.14,558.78,368.01,high
cam04__frame_00005.jpg,36,550.95,368.99,557.6,381.52,high
cam04__frame_00005.jpg,37,550.5,382.52,558.27,395.98,high
cam04__frame_00005.jpg,38,549.99,398.31,557.49,411.51,high
cam04__frame_00005.jpg,39,548.69,411.51,559.82,421.86,high
cam04__frame_00005.jpg,40,559.46,351.51,577.07,368.38,medium
cam04__frame_00005.jpg,41,557.27,366.03,574.33,382.54,medium
cam04__frame_00005.jpg,42,559.05,382.16,569.79,395.67,medium
cam04__frame_00005.jpg,43,558.36,396.71,568.06,408.84,medium
cam04__frame_00005.jpg,44,561.17,410.91,578.8,433.05,medium
cam04__frame_00005.jpg,45,583.41,324.05,595.74,337.13,high
cam04__frame_00005.jpg,46,577.96,334.89,592.94,351.03,medium
cam04__frame_00005.jpg,47,575.33,348.89,589.85,364.94,medium
cam04__frame_00005.jpg,48,574.41,363.62,586.5,380.0,medium
cam04__frame_00005.jpg,49,573.44,380.61,585.16,395.3,medium
cam04__frame_00005.jpg,50,570.4,394.75,583.78,408.11,medium
cam04__frame_00005.jpg,51,590.44,335.42,609.87,353.21,high
cam04__frame_00005.jpg,52,588.11,349.49,604.63,365.69,medium
cam04__frame_00005.jpg,53,586.03,362.86,602.46,380.12,medium
cam04__frame_00005.jpg,54,586.15,377.11,596.89,390.73,medium
cam04__frame_00005.jpg,55,585.03,391.62,595.3,404.67,high
cam04__frame_00005.jpg,56,585.71,405.32,593.93,414.56,low
cam04__frame_00005.jpg,57,603.38,346.04,620.74,367.42,high
cam04__frame_00005.jpg,58,601.04,364.85,616.95,380.66,medium
cam04__frame_00005.jpg,59,598.42,377.4,613.75,393.53,medium
cam04__frame_00005.jpg,60,596.87,391.52,610.95,406.15,medium
cam04__frame_00005.jpg,61,595.39,404.56,607.95,417.42,medium
cam04__frame_00005.jpg,62,598.07,419.11,605.86,432.64,high
cam04__frame_00005.jpg,63,597.66,434.28,604.63,443.3,high
cam04__frame_00005.jpg,64,575.93,417.47,596.84,452.32,medium
cam04__frame_00005.jpg,65,538.9,448.01,556.74,512.53,medium
cam04__frame_00005.jpg,66,558.5,462.28,586.08,519.7,low
cam04__frame_00005.jpg,67,591.2,454.25,630.86,527.74,low
cam04__frame_00005.jpg,68,532.28,517.04,564.04,580.07,medium
cam04__frame_00005.jpg,69,565.53,519.52,590.34,538.88,high
cam04__frame_00005.jpg,70,559.8,538.76,584.1,610.72,medium
cam04__frame_00005.jpg,71,571.62,529.91,630.65,636.01,low
cam04__frame_00005.jpg,72,631.95,528.37,638.15,558.32,high
cam04__frame_00005.jpg,73,628.4,561.07,640.0,617.3,high
cam04__frame_00005.jpg,74,385.03,49.87,399.48,66.41,high
cam04__frame_00005.jpg,75,295.95,428.35,317.29,502.38,low
cam04__frame_00005.jpg,76,289.66,556.87,307.73,594.65,low
cam04__frame_00005.jpg,77,267.5,565.9,283.09,591.37,medium
cam04__frame_00005.jpg,78,217.97,614.26,245.66,640.0,high
cam04__frame_00005.jpg,79,231.46,555.3,254.89,607.87,medium
cam04__frame_00005.jpg,80,183.1,474.62,237.1,581.82,low
cam04__frame_00005.jpg,81,162.53,510.82,199.44,637.9,medium
cam04__frame_00005.jpg,82,86.88,599.31,148.37,640.0,high
cam04__frame_00005.jpg,83,96.9,530.97,146.57,606.01,medium
cam04__frame_00005.jpg,84,161.0,419.6,211.37,480.7,high
cam04__frame_00005.jpg,85,97.26,436.09,132.43,494.06,high
cam04__frame_00005.jpg,86,25.03,457.0,82.06,519.72,high
cam04__frame_00005.jpg,87,2.22,544.43,33.59,636.62,high
cam04__frame_00005.jpg,88,229.19,301.74,236.62,324.01,high
cam04__frame_00005.jpg,89,213.28,303.33,228.13,336.74,high
cam04__frame_00005.jpg,90,150.81,307.92,212.58,363.3,medium
cam04__frame_00005.jpg,91,154.21,271.72,232.0,307.88,medium
cam04__frame_00005.jpg,92,143.79,278.67,154.4,307.83,high
cam04__frame_00005.jpg,93,143.79,247.91,154.4,277.08,high
cam04__frame_00005.jpg,94,153.64,238.68,233.08,282.07,low
cam04__frame_00005.jpg,95,232.09,233.65,241.11,262.7,high
cam04__frame_00005.jpg,96,143.79,219.27,154.4,248.44,high
cam04__frame_00005.jpg,97,154.7,206.87,229.41,247.05,low
cam04__frame_00005.jpg,98,230.5,203.42,239.52,232.47,high
cam04__frame_00005.jpg,99,143.28,190.37,153.89,219.54,high
cam04__frame_00005.jpg,100,153.11,174.0,227.82,214.17,low
cam04__frame_00005.jpg,101,226.25,172.14,235.28,201.18,high
cam04__frame_00005.jpg,102,143.28,158.02,153.36,189.84,high
cam04__frame_00005.jpg,103,153.15,139.83,227.86,180.0,low
cam04__frame_00005.jpg,104,226.3,139.2,235.33,168.25,high
cam04__frame_00005.jpg,105,137.46,118.38,173.47,154.21,high
cam04__frame_00005.jpg,106,251.13,391.91,271.01,430.95,medium
cam04__frame_00005.jpg,107,250.42,342.92,266.04,392.62,medium
cam04__frame_00005.jpg,108,309.45,335.9,333.28,411.47,low
cam04__frame_00005.jpg,109,248.3,296.07,265.33,339.37,medium
cam04__frame_00005.jpg,110,247.01,246.16,274.59,290.71,medium
cam04__frame_00005.jpg,111,246.48,202.15,275.12,247.75,medium
cam04__frame_00005.jpg,112,278.3,200.96,293.67,256.8,low
cam04__frame_00005.jpg,113,248.1,157.1,279.89,202.15,medium
cam04__frame_00005.jpg,114,287.35,168.07,299.01,198.75,low
cam04__frame_00005.jpg,115,246.16,143.43,275.27,155.5,high
cam04__frame_00005.jpg,116,278.78,143.23,285.2,155.96,high
cam04__frame_00005.jpg,117,447.62,600.32,468.97,639.75,medium
cam04__frame_00005.jpg,118,436.7,566.62,460.68,601.18,medium
cam04__frame_00005.jpg,119,418.53,553.81,432.79,566.88,high
cam04__frame_00005.jpg,120,417.73,517.36,445.86,552.62,medium
cam04__frame_00005.jpg,121,457.45,522.39,464.78,558.14,medium
cam04__frame_00005.jpg,122,465.7,515.98,472.11,556.31,low
cam04__frame_00005.jpg,123,472.7,519.43,478.84,551.5,low
cam04__frame_00005.jpg,124,479.43,518.04,485.57,556.06,medium
cam04__frame_00005.jpg,125,486.79,516.2,492.93,554.22,low
cam04__frame_00005.jpg,126,494.13,518.7,500.27,556.72,low
cam04__frame_00005.jpg,127,500.27,516.22,507.02,554.26,low
cam04__frame_00005.jpg,128,454.6,473.5,474.25,516.25,low
cam04__frame_00005.jpg,129,470.82,444.43,494.3,494.8,low
cam04__frame_00005.jpg,130,453.6,430.49,476.56,450.69,medium
cam04__frame_00005.jpg,131,457.94,415.04,471.81,428.91,medium
cam04__frame_00005.jpg,132,434.2,414.45,452.04,456.62,low
cam04__frame_00005.jpg,133,411.98,399.7,434.18,437.88,medium
cam04__frame_00005.jpg,134,423.19,378.82,453.32,399.7,medium
cam04__frame_00005.jpg,135,422.85,361.01,448.52,377.79,medium
cam04__frame_00005.jpg,136,414.48,377.89,423.5,399.1,low
cam04__frame_00005.jpg,137,415.5,358.3,422.44,379.48,low
cam04__frame_00005.jpg,138,413.95,332.29,424.03,356.68,medium
cam04__frame_00005.jpg,139,393.38,39.33,404.03,56.85,medium
cam04__frame_00005.jpg,140,402.44,26.3,409.92,46.87,medium
cam04__frame_00005.jpg,141,371.4,101.42,383.92,127.28,medium
cam04__frame_00005.jpg,142,383.36,91.12,392.82,123.94,medium
cam04__frame_00005.jpg,143,393.65,90.01,400.88,121.72,medium
cam04__frame_00005.jpg,144,403.11,75.8,412.0,119.77,medium
cam04__frame_00005.jpg,145,412.99,28.77,433.47,42.17,medium
cam04__frame_00005.jpg,146,417.46,42.54,435.7,54.09,medium
cam04__frame_00005.jpg,147,418.58,54.83,437.19,66.74,medium
cam04__frame_00005.jpg,148,420.07,66.37,434.96,76.42,high
cam04__frame_00005.jpg,149,454.88,0.0,471.6,22.95,high
cam04__frame_00005.jpg,150,454.51,22.9,473.3,37.89,medium
cam04__frame_00005.jpg,151,476.93,1.12,503.05,28.17,medium
cam04__frame_00005.jpg,152,385.9,134.47,399.26,140.29,medium
cam04__frame_00005.jpg,153,392.07,143.71,410.55,149.87,medium
cam04__frame_00005.jpg,154,391.38,151.24,410.55,158.43,medium
cam04__frame_00005.jpg,155,391.4,160.83,404.73,169.05,medium
cam04__frame_00005.jpg,156,391.72,170.42,405.08,175.89,medium
cam04__frame_00005.jpg,157,412.22,163.42,427.02,175.26,medium
cam04__frame_00005.jpg,158,412.22,175.56,427.9,187.1,medium
cam04__frame_00005.jpg,159,431.87,150.22,441.04,175.43,medium
cam04__frame_00005.jpg,160,433.25,175.43,441.95,196.97,medium
cam04__frame_00005.jpg,161,445.16,147.47,455.7,184.6,medium
cam04__frame_00005.jpg,162,445.2,185.05,454.79,203.39,medium
cam04__frame_00005.jpg,163,456.6,149.3,469.45,188.72,medium
cam04__frame_00005.jpg,164,455.25,187.81,470.37,214.85,medium
cam04__frame_00005.jpg,165,482.29,151.69,500.08,201.39,low
cam04__frame_00005.jpg,166,484.13,201.39,501.92,225.93,low
cam04__frame_00005.jpg,167,498.86,161.51,514.81,205.68,low
cam04__frame_00005.jpg,168,501.31,207.52,514.81,237.59,low
cam04__frame_00005.jpg,169,522.79,191.57,539.97,251.7,low
cam04__frame_00005.jpg,170,544.26,41.86,562.06,78.06,low
cam04__frame_00005.jpg,171,546.1,78.06,565.12,141.26,low
cam04__frame_00005.jpg,172,544.26,140.03,563.9,205.68,low
cam04__frame_00005.jpg,173,542.4,205.07,562.06,268.88,low
cam04__frame_00005.jpg,174,563.9,153.7,605.62,296.18,low
cam04__frame_00005.jpg,175,419.1,233.52,428.33,251.27,high
cam04__frame_00005.jpg,176,409.3,250.09,429.5,261.18,high
cam04__frame_00005.jpg,177,412.47,261.98,429.1,275.44,high
cam04__frame_00005.jpg,178,465.51,230.6,491.18,246.01,medium
cam04__frame_00005.jpg,179,472.7,245.67,498.37,256.97,medium
cam04__frame_00005.jpg,180,471.0,258.68,497.69,269.98,medium
cam04__frame_00005.jpg,181,472.69,270.32,498.37,280.25,medium
cam04__frame_00005.jpg,182,472.01,280.59,497.0,291.55,medium
cam04__frame_00005.jpg,183,471.67,291.2,495.29,303.87,medium
cam04__frame_00005.jpg,184,499.4,258.68,519.94,271.69,high
cam04__frame_00005.jpg,185,499.06,271.0,521.65,283.33,high
cam04__frame_00005.jpg,186,498.37,282.64,520.97,293.6,high
cam04__frame_00005.jpg,187,496.32,293.94,513.44,300.45,high
cam04__frame_00005.jpg,188,522.36,275.2,533.89,282.14,high
cam04__frame_00005.jpg,189,522.0,283.06,535.36,290.38,high
cam04__frame_00005.jpg,190,516.16,288.59,536.33,310.59,low
cam04__frame_00005.jpg,191,535.52,283.96,542.33,290.19,high
cam04__frame_00005.jpg,192,535.81,290.19,543.74,297.85,high
cam04__frame_00005.jpg,193,537.22,298.7,544.03,304.65,high
cam04__frame_00005.jpg,194,535.3,305.05,546.34,324.08,high
cam04__frame_00006.jpg,0,217.97,614.26,245.66,640.0,high
cam04__frame_00006.jpg,1,385.03,49.87,399.48,66.41,high
cam04__frame_00006.jpg,2,393.38,39.33,404.03,56.85,medium
cam04__frame_00006.jpg,3,402.44,26.3,409.92,46.87,medium
cam04__frame_00006.jpg,4,371.4,101.42,383.92,127.28,medium
cam04__frame_00006.jpg,5,383.36,91.12,392.82,123.94,medium
cam04__frame_00006.jpg,6,393.65,90.01,400.88,121.72,medium
cam04__frame_00006.jpg,7,403.11,75.8,412.0,119.77,medium
cam04__frame_00006.jpg,8,412.99,28.77,433.47,42.17,medium
cam04__frame_00006.jpg,9,417.46,42.54,435.7,54.09,medium
cam04__frame_00006.jpg,10,418.58,54.83,437.19,66.74,medium
cam04__frame_00006.jpg,11,420.07,66.37,434.96,76.42,high
cam04__frame_00006.jpg,12,454.88,0.0,471.6,22.95,high
cam04__frame_00006.jpg,13,454.51,22.9,473.3,37.89,medium
cam04__frame_00006.jpg,14,476.93,1.12,503.05,28.17,medium
cam04__frame_00006.jpg,15,385.9,134.47,399.26,140.29,medium
cam04__frame_00006.jpg,16,392.07,143.71,410.55,149.87,medium
cam04__frame_00006.jpg,17,391.38,151.24,410.55,158.43,medium
cam04__frame_00006.jpg,18,391.4,160.83,404.73,169.05,medium
cam04__frame_00006.jpg,19,391.72,170.42,405.08,175.89,medium
cam04__frame_00006.jpg,20,412.22,163.42,427.02,175.26,medium
cam04__frame_00006.jpg,21,412.22,175.56,427.9,187.1,medium
cam04__frame_00006.jpg,22,431.87,150.22,441.04,175.43,medium
cam04__frame_00006.jpg,23,433.25,175.43,441.95,196.97,medium
cam04__frame_00006.jpg,24,445.16,147.47,455.7,184.6,medium
cam04__frame_00006.jpg,25,445.2,185.05,454.79,203.39,medium
cam04__frame_00006.jpg,26,456.6,149.3,469.45,188.72,medium
cam04__frame_00006.jpg,27,455.25,187.81,470.37,214.85,medium
cam04__frame_00006.jpg,28,482.29,151.69,500.08,201.39,low
cam04__frame_00006.jpg,29,484.13,201.39,501.92,225.93,low
cam04__frame_00006.jpg,30,498.86,161.51,514.81,205.68,low
cam04__frame_00006.jpg,31,501.31,207.52,514.81,237.59,low
cam04__frame_00006.jpg,32,522.79,191.57,539.97,251.7,low
cam04__frame_00006.jpg,33,544.26,41.86,562.06,78.06,low
cam04__frame_00006.jpg,34,546.1,78.06,565.12,141.26,low
cam04__frame_00006.jpg,35,544.26,140.03,563.9,205.68,low
cam04__frame_00006.jpg,36,542.4,205.07,562.06,268.88,low
cam04__frame_00006.jpg,37,563.9,153.7,605.62,296.18,low
cam04__frame_00006.jpg,38,419.1,233.52,428.33,251.27,high
cam04__frame_00006.jpg,39,409.3,250.09,429.5,261.18,high
cam04__frame_00006.jpg,40,412.47,261.98,429.1,275.44,high
cam04__frame_00006.jpg,41,465.51,230.6,491.18,246.01,medium
cam04__frame_00006.jpg,42,472.7,245.67,498.37,256.97,medium
cam04__frame_00006.jpg,43,471.0,258.68,497.69,269.98,medium
cam04__frame_00006.jpg,44,472.69,270.32,498.37,280.25,medium
cam04__frame_00006.jpg,45,472.01,280.59,497.0,291.55,medium
cam04__frame_00006.jpg,46,471.67,291.2,495.29,303.87,medium
cam04__frame_00006.jpg,47,499.4,258.68,519.94,271.69,high
cam04__frame_00006.jpg,48,499.06,271.0,521.65,283.33,high
cam04__frame_00006.jpg,49,498.37,282.64,520.97,293.6,high
cam04__frame_00006.jpg,50,496.32,293.94,513.44,300.45,high
cam04__frame_00006.jpg,51,522.36,275.2,533.89,282.14,high
cam04__frame_00006.jpg,52,522.0,283.06,535.36,290.38,high
cam04__frame_00006.jpg,53,516.16,288.59,536.33,310.59,low
cam04__frame_00006.jpg,54,535.52,283.96,542.33,290.19,high
cam04__frame_00006.jpg,55,535.81,290.19,543.74,297.85,high
cam04__frame_00006.jpg,56,537.22,298.7,544.03,304.65,high
cam04__frame_00006.jpg,57,535.3,305.05,546.34,324.08,high
cam04__frame_00006.jpg,58,536.19,321.12,545.91,336.76,high
cam04__frame_00006.jpg,59,441.13,304.08,464.94,324.8,low
cam04__frame_00006.jpg,60,441.13,325.63,464.1,336.4,medium
cam04__frame_00006.jpg,61,440.15,336.97,463.11,347.75,medium
cam04__frame_00006.jpg,62,443.83,348.9,462.8,359.65,medium
cam04__frame_00006.jpg,63,469.97,305.14,482.25,323.56,medium
cam04__frame_00006.jpg,64,469.55,323.35,482.25,334.36,high
cam04__frame_00006.jpg,65,469.33,333.21,480.28,347.12,high
cam04__frame_00006.jpg,66,484.13,320.61,494.78,340.14,medium
cam04__frame_00006.jpg,67,487.58,341.41,495.19,356.2,high
cam04__frame_00006.jpg,68,495.99,301.89,516.16,322.05,low
cam04__frame_00006.jpg,69,496.85,321.79,516.68,334.52,low
cam04__frame_00006.jpg,70,496.85,334.52,516.68,349.31,medium
cam04__frame_00006.jpg,71,496.88,349.86,515.48,360.43,high
cam04__frame_00006.jpg,72,517.34,318.4,534.21,344.35,low
cam04__frame_00006.jpg,73,519.28,346.06,542.11,370.57,high
cam04__frame_00006.jpg,74,518.0,367.62,540.0,383.3,low
cam04__frame_00006.jpg,75,496.46,371.84,518.02,392.98,low
cam04__frame_00006.jpg,76,479.55,357.05,488.0,376.07,high
cam04__frame_00006.jpg,77,478.7,375.5,485.97,391.57,medium
cam04__frame_00006.jpg,78,479.76,391.94,486.7,404.72,low
cam04__frame_00006.jpg,79,486.6,378.19,494.53,394.3,medium
cam04__frame_00006.jpg,80,487.06,395.99,493.91,412.62,high
cam04__frame_00006.jpg,81,493.9,394.67,508.72,412.0,low
cam04__frame_00006.jpg,82,494.34,412.85,507.87,429.75,low
cam04__frame_00006.jpg,83,494.34,429.33,507.87,443.28,low
cam04__frame_00006.jpg,84,495.19,444.93,506.3,458.09,low
cam04__frame_00006.jpg,85,508.7,392.98,536.19,421.3,medium
cam04__frame_00006.jpg,86,515.94,425.14,526.57,447.6,medium
cam04__frame_00006.jpg,87,512.5,448.7,523.85,473.7,high
cam04__frame_00006.jpg,88,526.8,441.51,533.81,479.32,high
cam04__frame_00006.jpg,89,512.58,478.8,530.94,516.0,medium
cam04__frame_00006.jpg,90,572.19,313.39,584.4,325.08,high
cam04__frame_00006.jpg,91,553.34,314.3,584.37,340.01,low
cam04__frame_00006.jpg,92,549.55,327.95,578.37,353.46,medium
cam04__frame_00006.jpg,93,551.73,353.14,558.78,368.01,high
cam04__frame_00006.jpg,94,550.95,368.99,557.6,381.52,high
cam04__frame_00006.jpg,95,550.5,382.52,558.27,395.98,high
cam04__frame_00006.jpg,96,549.99,398.31,557.49,411.51,high
cam04__frame_00006.jpg,97,548.69,411.51,559.82,421.86,high
cam04__frame_00006.jpg,98,559.46,351.51,577.07,368.38,medium
cam04__frame_00006.jpg,99,557.27,366.03,574.33,382.54,medium
cam04__frame_00006.jpg,100,559.05,382.16,569.79,395.67,medium
cam04__frame_00006.jpg,101,558.36,396.71,568.06,408.84,medium
cam04__frame_00006.jpg,102,561.17,410.91,578.8,433.05,medium
cam04__frame_00006.jpg,103,583.41,324.05,595.74,337.13,high
cam04__frame_00006.jpg,104,577.96,334.89,592.94,351.03,medium
cam04__frame_00006.jpg,105,575.33,348.89,589.85,364.94,medium
cam04__frame_00006.jpg,106,574.41,363.62,586.5,380.0,medium
cam04__frame_00006.jpg,107,573.44,380.61,585.16,395.3,medium
cam04__frame_00006.jpg,108,570.4,394.75,583.78,408.11,medium
cam04__frame_00006.jpg,109,590.44,335.42,609.87,353.21,high
cam04__frame_00006.jpg,110,588.11,349.49,604.63,365.69,medium
cam04__frame_00006.jpg,111,586.03,362.86,602.46,380.12,medium
cam04__frame_00006.jpg,112,586.15,377.11,596.89,390.73,medium
cam04__frame_00006.jpg,113,585.03,391.62,595.3,404.67,high
cam04__frame_00006.jpg,114,585.71,405.32,593.93,414.56,low
cam04__frame_00006.jpg,115,603.38,346.04,620.74,367.42,high
cam04__frame_00006.jpg,116,601.04,364.85,616.95,380.66,medium
cam04__frame_00006.jpg,117,598.42,377.4,613.75,393.53,medium
cam04__frame_00006.jpg,118,596.87,391.52,610.95,406.15,medium
cam04__frame_00006.jpg,119,595.39,404.56,607.95,417.42,medium
cam04__frame_00006.jpg,120,598.07,419.11,605.86,432.64,high
cam04__frame_00006.jpg,121,597.66,434.28,604.63,443.3,high
cam04__frame_00006.jpg,122,575.93,417.47,596.84,452.32,medium
cam04__frame_00006.jpg,123,538.9,448.01,556.74,512.53,medium
cam04__frame_00006.jpg,124,558.5,462.28,586.08,519.7,low
cam04__frame_00006.jpg,125,591.2,454.25,630.86,527.74,low
cam04__frame_00006.jpg,126,532.28,517.04,564.04,580.07,medium
cam04__frame_00006.jpg,127,565.53,519.52,590.34,538.88,high
cam04__frame_00006.jpg,128,559.8,538.76,584.1,610.72,medium
cam04__frame_00006.jpg,129,571.62,529.91,630.65,636.01,low
cam04__frame_00006.jpg,130,631.95,528.37,638.15,558.32,high
cam04__frame_00006.jpg,131,628.4,561.07,640.0,617.3,high
cam04__frame_00006.jpg,132,413.95,332.29,424.03,356.68,medium
cam04__frame_00006.jpg,133,415.5,358.3,422.44,379.48,low
cam04__frame_00006.jpg,134,414.48,377.89,423.5,399.1,low
cam04__frame_00006.jpg,135,422.85,361.01,448.52,377.79,medium
cam04__frame_00006.jpg,136,423.19,378.82,453.32,399.7,medium
cam04__frame_00006.jpg,137,411.98,399.7,434.18,437.88,medium
cam04__frame_00006.jpg,138,434.2,414.45,452.04,456.62,low
cam04__frame_00006.jpg,139,457.94,415.04,471.81,428.91,medium
cam04__frame_00006.jpg,140,453.6,430.49,476.56,450.69,medium
cam04__frame_00006.jpg,141,468.65,447.68,492.33,495.05,low
cam04__frame_00006.jpg,142,455.9,474.8,476.76,517.5,low
cam04__frame_00006.jpg,143,500.27,516.22,507.02,554.26,low
cam04__frame_00006.jpg,144,494.13,518.7,500.27,556.72,low
cam04__frame_00006.jpg,145,486.79,516.2,492.93,554.22,low
cam04__frame_00006.jpg,146,479.43,518.04,485.57,556.06,medium
cam04__frame_00006.jpg,147,472.7,519.43,478.84,551.5,low
cam04__frame_00006.jpg,148,465.7,515.98,472.11,556.31,low
cam04__frame_00006.jpg,149,457.45,522.39,464.78,558.14,medium
cam04__frame_00006.jpg,150,417.73,517.36,445.86,552.62,medium
cam04__frame_00006.jpg,151,418.53,553.81,432.79,566.88,high
cam04__frame_00006.jpg,152,436.7,566.62,460.68,601.18,medium
cam04__frame_00006.jpg,153,447.62,600.32,468.97,639.75,medium
cam04__frame_00006.jpg,154,278.78,143.23,285.2,155.96,high
cam04__frame_00006.jpg,155,246.16,143.43,275.27,155.5,high
cam04__frame_00006.jpg,156,287.35,168.07,299.01,198.75,low
cam04__frame_00006.jpg,157,248.1,157.1,279.89,202.15,medium
cam04__frame_00006.jpg,158,278.3,200.96,293.67,256.8,low
cam04__frame_00006.jpg,159,246.48,202.15,275.12,247.75,medium
cam04__frame_00006.jpg,160,247.01,246.16,274.59,290.71,medium
cam04__frame_00006.jpg,161,248.3,296.07,265.33,339.37,medium
cam04__frame_00006.jpg,162,309.45,335.9,333.28,411.47,low
cam04__frame_00006.jpg,163,250.42,342.92,266.04,392.62,medium
cam04__frame_00006.jpg,164,251.13,391.91,271.01,430.95,medium
cam04__frame_00006.jpg,165,137.46,118.38,173.47,154.21,high
cam04__frame_00006.jpg,166,226.3,139.2,235.33,168.25,high
cam04__frame_00006.jpg,167,153.15,139.83,227.86,180.0,low
cam04__frame_00006.jpg,168,143.28,158.02,153.36,189.84,high
cam04__frame_00006.jpg,169,226.25,172.14,235.28,201.18,high
cam04__frame_00006.jpg,170,153.11,174.0,227.82,214.17,low
cam04__frame_00006.jpg,171,143.28,190.37,153.89,219.54,high
cam04__frame_00006.jpg,172,230.5,203.42,239.52,232.47,high
cam04__frame_00006.jpg,173,154.7,206.87,229.41,247.05,low
cam04__frame_00006.jpg,174,143.79,219.27,154.4,248.44,high
cam04__frame_00006.jpg,175,232.09,233.65,241.11,262.7,high
cam04__frame_00006.jpg,176,153.64,238.68,233.08,282.07,low
cam04__frame_00006.jpg,177,143.79,247.91,154.4,277.08,high
cam04__frame_00006.jpg,178,143.79,278.67,154.4,307.83,high
cam04__frame_00006.jpg,179,154.21,271.72,232.0,307.88,medium
cam04__frame_00006.jpg,180,150.81,307.92,212.58,363.3,medium
cam04__frame_00006.jpg,181,213.28,303.33,228.13,336.74,high
cam04__frame_00006.jpg,182,229.19,301.74,236.62,324.01,high
cam04__frame_00006.jpg,183,2.22,544.43,33.59,636.62,high
cam04__frame_00006.jpg,184,25.03,457.0,82.06,519.72,high
cam04__frame_00006.jpg,185,97.26,436.09,132.43,494.06,high
cam04__frame_00006.jpg,186,161.0,419.6,211.37,480.7,high
cam04__frame_00006.jpg,187,96.9,530.97,146.57,606.01,medium
cam04__frame_00006.jpg,188,86.88,599.31,148.37,640.0,high
cam04__frame_00006.jpg,189,162.53,510.82,199.44,637.9,medium
cam04__frame_00006.jpg,190,183.1,474.62,237.1,581.82,low
cam04__frame_00006.jpg,191,231.46,555.3,254.89,607.87,medium
cam04__frame_00006.jpg,192,267.5,565.9,283.09,591.37,medium
cam04__frame_00006.jpg,193,289.66,556.87,307.73,594.65,low
cam04__frame_00006.jpg,194,293.44,427.09,319.8,506.15,low
cam04__frame_00007.jpg,0,143.79,247.91,154.4,277.08,high
cam04__frame_00007.jpg,1,484.13,320.61,494.78,340.14,medium
cam04__frame_00007.jpg,2,469.33,333.21,480.28,347.12,high
cam04__frame_00007.jpg,3,469.55,323.35,482.25,334.36,high
cam04__frame_00007.jpg,4,469.97,305.14,482.25,323.56,medium
cam04__frame_00007.jpg,5,443.83,348.9,462.8,359.65,medium
cam04__frame_00007.jpg,6,440.15,336.97,463.11,347.75,medium
cam04__frame_00007.jpg,7,441.13,325.63,464.1,336.4,medium
cam04__frame_00007.jpg,8,441.13,304.08,464.94,324.8,low
cam04__frame_00007.jpg,9,536.19,321.12,545.91,336.76,high
cam04__frame_00007.jpg,10,535.3,305.05,546.34,324.08,high
cam04__frame_00007.jpg,11,537.22,298.7,544.03,304.65,high
cam04__frame_00007.jpg,12,535.81,290.19,543.74,297.85,high
cam04__frame_00007.jpg,13,535.52,283.96,542.33,290.19,high
cam04__frame_00007.jpg,14,516.16,288.59,536.33,310.59,low
cam04__frame_00007.jpg,15,522.0,283.06,535.36,290.38,high
cam04__frame_00007.jpg,16,522.36,275.2,533.89,282.14,high
cam04__frame_00007.jpg,17,496.32,293.94,513.44,300.45,high
cam04__frame_00007.jpg,18,498.37,282.64,520.97,293.6,high
cam04__frame_00007.jpg,19,499.06,271.0,521.65,283.33,high
cam04__frame_00007.jpg,20,499.4,258.68,519.94,271.69,high
cam04__frame_00007.jpg,21,471.67,291.2,495.29,303.87,medium
cam04__frame_00007.jpg,22,472.01,280.59,497.0,291.55,medium
cam04__frame_00007.jpg,23,472.69,270.32,498.37,280.25,medium
cam04__frame_00007.jpg,24,471.0,258.68,497.69,269.98,medium
cam04__frame_00007.jpg,25,472.7,245.67,498.37,256.97,medium
cam04__frame_00007.jpg,26,465.51,230.6,491.18,246.01,medium
cam04__frame_00007.jpg,27,412.47,261.98,429.1,275.44,high
cam04__frame_00007.jpg,28,409.3,250.09,429.5,261.18,high
cam04__frame_00007.jpg,29,419.1,233.52,428.33,251.27,high
cam04__frame_00007.jpg,30,563.9,153.7,605.62,296.18,low
cam04__frame_00007.jpg,31,542.4,205.07,562.06,268.88,low
cam04__frame_00007.jpg,32,544.26,140.03,563.9,205.68,low
cam04__frame_00007.jpg,33,546.1,78.06,565.12,141.26,low
cam04__frame_00007.jpg,34,544.26,41.86,562.06,78.06,low
cam04__frame_00007.jpg,35,522.79,191.57,539.97,251.7,low
cam04__frame_00007.jpg,36,501.31,207.52,514.81,237.59,low
cam04__frame_00007.jpg,37,498.86,161.51,514.81,205.68,low
cam04__frame_00007.jpg,38,484.13,201.39,501.92,225.93,low
cam04__frame_00007.jpg,39,482.29,151.69,500.08,201.39,low
cam04__frame_00007.jpg,40,455.25,187.81,470.37,214.85,medium
cam04__frame_00007.jpg,41,456.6,149.3,469.45,188.72,medium
cam04__frame_00007.jpg,42,445.2,185.05,454.79,203.39,medium
cam04__frame_00007.jpg,43,445.16,147.47,455.7,184.6,medium
cam04__frame_00007.jpg,44,433.25,175.43,441.95,196.97,medium
cam04__frame_00007.jpg,45,431.87,150.22,441.04,175.43,medium
cam04__frame_00007.jpg,46,412.22,175.56,427.9,187.1,medium
cam04__frame_00007.jpg,47,412.22,163.42,427.02,175.26,medium
cam04__frame_00007.jpg,48,391.72,170.42,405.08,175.89,medium
cam04__frame_00007.jpg,49,391.4,160.83,404.73,169.05,medium
cam04__frame_00007.jpg,50,391.38,151.24,410.55,158.43,medium
cam04__frame_00007.jpg,51,392.07,143.71,410.55,149.87,medium
cam04__frame_00007.jpg,52,385.9,134.47,399.26,140.29,medium
cam04__frame_00007.jpg,53,476.93,1.12,503.05,28.17,medium
cam04__frame_00007.jpg,54,454.51,22.9,473.3,37.89,medium
cam04__frame_00007.jpg,55,454.88,0.0,471.6,22.95,high
cam04__frame_00007.jpg,56,420.07,66.37,434.96,76.42,high
cam04__frame_00007.jpg,57,418.58,54.83,437.19,66.74,medium
cam04__frame_00007.jpg,58,417.46,42.54,435.7,54.09,medium
cam04__frame_00007.jpg,59,412.99,28.77,433.47,42.17,medium
cam04__frame_00007.jpg,60,403.11,75.8,412.0,119.77,medium
cam04__frame_00007.jpg,61,393.65,90.01,400.88,121.72,medium
cam04__frame_00007.jpg,62,383.36,91.12,392.82,123.94,medium
cam04__frame_00007.jpg,63,371.4,101.42,383.92,127.28,medium
cam04__frame_00007.jpg,64,402.44,26.3,409.92,46.87,medium
cam04__frame_00007.jpg,65,393.38,39.33,404.03,56.85,medium
cam04__frame_00007.jpg,66,413.95,332.29,424.03,356.68,medium
cam04__frame_00007.jpg,67,385.03,49.87,399.48,66.41,high
cam04__frame_00007.jpg,68,295.18,426.29,315.5,501.79,low
cam04__frame_00007.jpg,69,289.66,556.87,307.73,594.65,low
cam04__frame_00007.jpg,70,267.5,565.9,283.09,591.37,medium
cam04__frame_00007.jpg,71,217.97,614.26,245.66,640.0,high
cam04__frame_00007.jpg,72,231.46,555.3,254.89,607.87,medium
cam04__frame_00007.jpg,73,183.1,474.62,237.1,581.82,low
cam04__frame_00007.jpg,74,162.53,510.82,199.44,637.9,medium
cam04__frame_00007.jpg,75,86.88,599.31,148.37,640.0,high
cam04__frame_00007.jpg,76,96.9,530.97,146.57,606.01,medium
cam04__frame_00007.jpg,77,161.0,419.6,211.37,480.7,high
cam04__frame_00007.jpg,78,97.26,436.09,132.43,494.06,high
cam04__frame_00007.jpg,79,25.03,457.0,82.06,519.72,high
cam04__frame_00007.jpg,80,2.22,544.43,33.59,636.62,high
cam04__frame_00007.jpg,81,229.19,301.74,236.62,324.01,high
cam04__frame_00007.jpg,82,213.28,303.33,228.13,336.74,high
cam04__frame_00007.jpg,83,150.81,307.92,212.58,363.3,medium
cam04__frame_00007.jpg,84,154.21,271.72,232.0,307.88,medium
cam04__frame_00007.jpg,85,143.79,278.67,154.4,307.83,high
cam04__frame_00007.jpg,86,487.58,341.41,495.19,356.2,high
cam04__frame_00007.jpg,87,153.64,238.68,233.08,282.07,low
cam04__frame_00007.jpg,88,232.09,233.65,241.11,262.7,high
cam04__frame_00007.jpg,89,143.79,219.27,154.4,248.44,high
cam04__frame_00007.jpg,90,154.7,206.87,229.41,247.05,low
cam04__frame_00007.jpg,91,230.5,203.42,239.52,232.47,high
cam04__frame_00007.jpg,92,143.28,190.37,153.89,219.54,high
cam04__frame_00007.jpg,93,153.11,174.0,227.82,214.17,low
cam04__frame_00007.jpg,94,226.25,172.14,235.28,201.18,high
cam04__frame_00007.jpg,95,143.28,158.02,153.36,189.84,high
cam04__frame_00007.jpg,96,153.15,139.83,227.86,180.0,low
cam04__frame_00007.jpg,97,226.3,139.2,235.33,168.25,high
cam04__frame_00007.jpg,98,137.46,118.38,173.47,154.21,high
cam04__frame_00007.jpg,99,251.13,391.91,271.01,430.95,medium
cam04__frame_00007.jpg,100,250.42,342.92,266.04,392.62,medium
cam04__frame_00007.jpg,101,309.45,335.9,333.28,411.47,low
cam04__frame_00007.jpg,102,248.3,296.07,265.33,339.37,medium
cam04__frame_00007.jpg,103,247.01,246.16,274.59,290.71,medium
cam04__frame_00007.jpg,104,246.48,202.15,275.12,247.75,medium
cam04__frame_00007.jpg,105,278.3,200.96,293.67,256.8,low
cam04__frame_00007.jpg,106,248.1,157.1,279.89,202.15,medium
cam04__frame_00007.jpg,107,287.35,168.07,299.01,198.75,low
cam04__frame_00007.jpg,108,246.16,143.43,275.27,155.5,high
cam04__frame_00007.jpg,109,278.78,143.23,285.2,155.96,high
cam04__frame_00007.jpg,110,447.62,600.32,468.97,639.75,medium
cam04__frame_00007.jpg,111,436.7,566.62,460.68,601.18,medium
cam04__frame_00007.jpg,112,418.53,553.81,432.79,566.88,high
cam04__frame_00007.jpg,113,417.73,517.36,445.86,552.62,medium
cam04__frame_00007.jpg,114,457.45,522.39,464.78,558.14,medium
cam04__frame_00007.jpg,115,465.7,515.98,472.11,556.31,low
cam04__frame_00007.jpg,116,472.7,519.43,478.84,551.5,low
cam04__frame_00007.jpg,117,479.43,518.04,485.57,556.06,medium
cam04__frame_00007.jpg,118,486.79,516.2,492.93,554.22,low
cam04__frame_00007.jpg,119,494.13,518.7,500.27,556.72,low
cam04__frame_00007.jpg,120,500.27,516.22,507.02,554.26,low
cam04__frame_00007.jpg,121,458.2,475.1,479.03,514.99,low
cam04__frame_00007.jpg,122,470.82,444.43,495.6,496.1,low
cam04__frame_00007.jpg,123,453.6,430.49,476.56,450.69,medium
cam04__frame_00007.jpg,124,457.94,415.04,471.81,428.91,medium
cam04__frame_00007.jpg,125,434.2,414.45,452.04,456.62,low
cam04__frame_00007.jpg,126,411.98,399.7,434.18,437.88,medium
cam04__frame_00007.jpg,127,423.19,378.82,453.32,399.7,medium
cam04__frame_00007.jpg,128,422.85,361.01,448.52,377.79,medium
cam04__frame_00007.jpg,129,414.48,377.89,423.5,399.1,low
cam04__frame_00007.jpg,130,415.5,358.3,422.44,379.48,low
cam04__frame_00007.jpg,131,558.5,473.9,586.08,519.7,low
cam04__frame_00007.jpg,132,628.4,561.07,640.0,617.3,high
cam04__frame_00007.jpg,133,631.95,528.37,638.15,558.32,high
cam04__frame_00007.jpg,134,571.62,529.91,630.65,636.01,low
cam04__frame_00007.jpg,135,559.8,538.76,584.1,610.72,medium
cam04__frame_00007.jpg,136,565.53,519.52,590.34,538.88,high
cam04__frame_00007.jpg,137,532.28,517.04,564.04,580.07,medium
cam04__frame_00007.jpg,138,591.2,454.25,630.86,527.74,low
cam04__frame_00007.jpg,139,538.9,448.01,556.74,512.53,medium
cam04__frame_00007.jpg,140,575.93,417.47,596.84,452.32,medium
cam04__frame_00007.jpg,141,597.66,434.28,604.63,443.3,high
cam04__frame_00007.jpg,142,598.07,419.11,605.86,432.64,high
cam04__frame_00007.jpg,143,595.39,404.56,607.95,417.42,medium
cam04__frame_00007.jpg,144,596.87,391.52,610.95,406.15,medium
cam04__frame_00007.jpg,145,598.42,377.4,613.75,393.53,medium
cam04__frame_00007.jpg,146,601.04,364.85,616.95,380.66,medium
cam04__frame_00007.jpg,147,603.38,346.04,620.74,367.42,high
cam04__frame_00007.jpg,148,585.71,405.32,593.93,414.56,low
cam04__frame_00007.jpg,149,585.03,391.62,595.3,404.67,high
cam04__frame_00007.jpg,150,586.15,377.11,596.89,390.73,medium
cam04__frame_00007.jpg,151,586.03,362.86,602.46,380.12,medium
cam04__frame_00007.jpg,152,588.11,349.49,604.63,365.69,medium
cam04__frame_00007.jpg,153,590.44,335.42,609.87,353.21,high
cam04__frame_00007.jpg,154,570.4,394.75,583.78,408.11,medium
cam04__frame_00007.jpg,155,573.44,380.61,585.16,395.3,medium
cam04__frame_00007.jpg,156,574.41,363.62,586.5,380.0,medium
cam04__frame_00007.jpg,157,575.33,348.89,589.85,364.94,medium
cam04__frame_00007.jpg,158,577.96,334.89,592.94,351.03,medium
cam04__frame_00007.jpg,159,583.41,324.05,595.74,337.13,high
cam04__frame_00007.jpg,160,561.17,410.91,578.8,433.05,medium
cam04__frame_00007.jpg,161,558.36,396.71,568.06,408.84,medium
cam04__frame_00007.jpg,162,559.05,382.16,569.79,395.67,medium
cam04__frame_00007.jpg,163,557.27,366.03,574.33,382.54,medium
cam04__frame_00007.jpg,164,559.46,351.51,577.07,368.38,medium
cam04__frame_00007.jpg,165,548.69,411.51,559.82,421.86,high
cam04__frame_00007.jpg,166,549.99,398.31,557.49,411.51,high
cam04__frame_00007.jpg,167,550.5,382.52,558.27,395.98,high
cam04__frame_00007.jpg,168,550.95,368.99,557.6,381.52,high
cam04__frame_00007.jpg,169,551.73,353.14,558.78,368.01,high
cam04__frame_00007.jpg,170,549.55,327.95,578.37,353.46,medium
cam04__frame_00007.jpg,171,553.34,314.3,584.37,340.01,low
cam04__frame_00007.jpg,172,572.19,313.39,584.4,325.08,high
cam04__frame_00007.jpg,173,512.58,478.8,530.94,516.0,medium
cam04__frame_00007.jpg,174,526.8,441.51,533.81,479.32,high
cam04__frame_00007.jpg,175,512.5,448.7,523.85,473.7,high
cam04__frame_00007.jpg,176,515.94,425.14,526.57,447.6,medium
cam04__frame_00007.jpg,177,508.7,392.98,536.19,421.3,medium
cam04__frame_00007.jpg,178,495.19,444.93,506.3,458.09,low
cam04__frame_00007.jpg,179,494.34,429.33,507.87,443.28,low
cam04__frame_00007.jpg,180,494.34,412.85,507.87,429.75,low
cam04__frame_00007.jpg,181,493.9,394.67,508.72,412.0,low
cam04__frame_00007.jpg,182,487.06,395.99,493.91,412.62,high
cam04__frame_00007.jpg,183,486.6,378.19,494.53,394.3,medium
cam04__frame_00007.jpg,184,479.76,391.94,486.7,404.72,low
cam04__frame_00007.jpg,185,478.7,375.5,485.97,391.57,medium
cam04__frame_00007.jpg,186,479.55,357.05,488.0,376.07,high
cam04__frame_00007.jpg,187,496.46,371.84,518.02,392.98,low
cam04__frame_00007.jpg,188,518.0,367.62,540.0,383.3,low
cam04__frame_00007.jpg,189,519.28,346.06,542.11,370.57,high
cam04__frame_00007.jpg,190,517.34,318.4,534.21,344.35,low
cam04__frame_00007.jpg,191,496.88,349.86,515.48,360.43,high
cam04__frame_00007.jpg,192,496.85,334.52,516.68,349.31,medium
cam04__frame_00007.jpg,193,496.85,321.79,516.68,334.52,low
cam04__frame_00007.jpg,194,495.99,301.89,516.16,322.05,low
cam04__frame_00008.jpg,0,465.7,515.98,472.11,556.31,low
cam04__frame_00008.jpg,1,472.7,519.43,478.84,551.5,low
cam04__frame_00008.jpg,2,479.43,518.04,485.57,556.06,medium
cam04__frame_00008.jpg,3,486.79,516.2,492.93,554.22,low
cam04__frame_00008.jpg,4,494.13,518.7,500.27,556.72,low
cam04__frame_00008.jpg,5,628.4,561.07,640.0,617.3,high
cam04__frame_00008.jpg,6,631.95,528.37,638.15,558.32,high
cam04__frame_00008.jpg,7,571.62,529.91,630.65,636.01,low
cam04__frame_00008.jpg,8,559.8,538.76,584.1,610.72,medium
cam04__frame_00008.jpg,9,565.53,519.52,590.34,538.88,high
cam04__frame_00008.jpg,10,532.28,517.04,564.04,580.07,medium
cam04__frame_00008.jpg,11,591.2,454.25,630.86,527.74,low
cam04__frame_00008.jpg,12,558.5,462.28,586.08,519.7,low
cam04__frame_00008.jpg,13,538.9,448.01,556.74,512.53,medium
cam04__frame_00008.jpg,14,575.93,417.47,596.84,452.32,medium
cam04__frame_00008.jpg,15,597.66,434.28,604.63,443.3,high
cam04__frame_00008.jpg,16,598.07,419.11,605.86,432.64,high
cam04__frame_00008.jpg,17,595.39,404.56,607.95,417.42,medium
cam04__frame_00008.jpg,18,596.87,391.52,610.95,406.15,medium
cam04__frame_00008.jpg,19,598.42,377.4,613.75,393.53,medium
cam04__frame_00008.jpg,20,601.04,364.85,616.95,380.66,medium
cam04__frame_00008.jpg,21,603.38,346.04,620.74,367.42,high
cam04__frame_00008.jpg,22,585.71,405.32,593.93,414.56,low
cam04__frame_00008.jpg,23,585.03,391.62,595.3,404.67,high
cam04__frame_00008.jpg,24,586.15,377.11,596.89,390.73,medium
cam04__frame_00008.jpg,25,586.03,362.86,602.46,380.12,medium
cam04__frame_00008.jpg,26,588.11,349.49,604.63,365.69,medium
cam04__frame_00008.jpg,27,590.44,335.42,609.87,353.21,high
cam04__frame_00008.jpg,28,570.4,394.75,583.78,408.11,medium
cam04__frame_00008.jpg,29,573.44,380.61,585.16,395.3,medium
cam04__frame_00008.jpg,30,574.41,363.62,586.5,380.0,medium
cam04__frame_00008.jpg,31,575.33,348.89,589.85,364.94,medium
cam04__frame_00008.jpg,32,577.96,334.89,592.94,351.03,medium
cam04__frame_00008.jpg,33,583.41,324.05,595.74,337.13,high
cam04__frame_00008.jpg,34,561.17,410.91,578.8,433.05,medium
cam04__frame_00008.jpg,35,558.36,396.71,568.06,408.84,medium
cam04__frame_00008.jpg,36,559.05,382.16,569.79,395.67,medium
cam04__frame_00008.jpg,37,557.27,366.03,574.33,382.54,medium
cam04__frame_00008.jpg,38,559.46,351.51,577.07,368.38,medium
cam04__frame_00008.jpg,39,548.69,411.51,559.82,421.86,high
cam04__frame_00008.jpg,40,549.99,398.31,557.49,411.51,high
cam04__frame_00008.jpg,41,550.5,382.52,558.27,395.98,high
cam04__frame_00008.jpg,42,550.95,368.99,557.6,381.52,high
cam04__frame_00008.jpg,43,551.73,353.14,558.78,368.01,high
cam04__frame_00008.jpg,44,549.55,327.95,578.37,353.46,medium
cam04__frame_00008.jpg,45,553.34,314.3,584.37,340.01,low
cam04__frame_00008.jpg,46,572.19,313.39,584.4,325.08,high
cam04__frame_00008.jpg,47,512.58,478.8,530.94,516.0,medium
cam04__frame_00008.jpg,48,526.8,441.51,533.81,479.32,high
cam04__frame_00008.jpg,49,512.5,448.7,523.85,473.7,high
cam04__frame_00008.jpg,50,515.94,425.14,526.57,447.6,medium
cam04__frame_00008.jpg,51,508.7,392.98,536.19,421.3,medium
cam04__frame_00008.jpg,52,495.19,444.93,506.3,458.09,low
cam04__frame_00008.jpg,53,494.34,429.33,507.87,443.28,low
cam04__frame_00008.jpg,54,494.34,412.85,507.87,429.75,low
cam04__frame_00008.jpg,55,493.9,394.67,508.72,412.0,low
cam04__frame_00008.jpg,56,487.06,395.99,493.91,412.62,high
cam04__frame_00008.jpg,57,486.6,378.19,494.53,394.3,medium
cam04__frame_00008.jpg,58,479.76,391.94,486.7,404.72,low
cam04__frame_00008.jpg,59,478.7,375.5,485.97,391.57,medium
cam04__frame_00008.jpg,60,479.55,357.05,488.0,376.07,high
cam04__frame_00008.jpg,61,496.46,371.84,518.02,392.98,low
cam04__frame_00008.jpg,62,518.0,367.62,540.0,383.3,low
cam04__frame_00008.jpg,63,519.28,346.06,542.11,370.57,high
cam04__frame_00008.jpg,64,517.34,318.4,534.21,344.35,low
cam04__frame_00008.jpg,65,496.88,349.86,515.48,360.43,high
cam04__frame_00008.jpg,66,496.85,334.52,516.68,349.31,medium
cam04__frame_00008.jpg,67,496.85,321.79,516.68,334.52,low
cam04__frame_00008.jpg,68,495.99,301.89,516.16,322.05,low
cam04__frame_00008.jpg,69,487.58,341.41,495.19,356.2,high
cam04__frame_00008.jpg,70,484.13,320.61,494.78,340.14,medium
cam04__frame_00008.jpg,71,469.33,333.21,480.28,347.12,high
cam04__frame_00008.jpg,72,500.27,516.22,507.02,554.26,low
cam04__frame_00008.jpg,73,464.68,461.0,485.54,514.99,low
cam04__frame_00008.jpg,74,470.82,444.43,488.0,464.68,low
cam04__frame_00008.jpg,75,453.6,430.49,476.56,450.69,medium
cam04__frame_00008.jpg,76,457.94,415.04,471.81,428.91,medium
cam04__frame_00008.jpg,77,434.2,414.45,452.04,456.62,low
cam04__frame_00008.jpg,78,411.98,399.7,434.18,437.88,medium
cam04__frame_00008.jpg,79,423.19,378.82,453.32,399.7,medium
cam04__frame_00008.jpg,80,422.85,361.01,448.52,377.79,medium
cam04__frame_00008.jpg,81,414.48,377.89,423.5,399.1,low
cam04__frame_00008.jpg,82,415.5,358.3,422.44,379.48,low
cam04__frame_00008.jpg,83,413.95,332.29,424.03,356.68,medium
cam04__frame_00008.jpg,84,469.55,323.35,482.25,334.36,high
cam04__frame_00008.jpg,85,469.97,305.14,482.25,323.56,medium
cam04__frame_00008.jpg,86,443.83,348.9,462.8,359.65,medium
cam04__frame_00008.jpg,87,440.15,336.97,463.11,347.75,medium
cam04__frame_00008.jpg,88,441.13,325.63,464.1,336.4,medium
cam04__frame_00008.jpg,89,441.13,304.08,464.94,324.8,low
cam04__frame_00008.jpg,90,536.19,321.12,545.91,336.76,high
cam04__frame_00008.jpg,91,535.3,305.05,546.34,324.08,high
cam04__frame_00008.jpg,92,537.22,298.7,544.03,304.65,high
cam04__frame_00008.jpg,93,535.81,290.19,543.74,297.85,high
cam04__frame_00008.jpg,94,535.52,283.96,542.33,290.19,high
cam04__frame_00008.jpg,95,516.16,288.59,536.33,310.59,low
cam04__frame_00008.jpg,96,522.0,283.06,535.36,290.38,high
cam04__frame_00008.jpg,97,522.36,275.2,533.89,282.14,high
cam04__frame_00008.jpg,98,496.32,293.94,513.44,300.45,high
cam04__frame_00008.jpg,99,498.37,282.64,520.97,293.6,high
cam04__frame_00008.jpg,100,499.06,271.0,521.65,283.33,high
cam04__frame_00008.jpg,101,499.4,258.68,519.94,271.69,high
cam04__frame_00008.jpg,102,471.67,291.2,495.29,303.87,medium
cam04__frame_00008.jpg,103,472.01,280.59,497.0,291.55,medium
cam04__frame_00008.jpg,104,472.69,270.32,498.37,280.25,medium
cam04__frame_00008.jpg,105,471.0,258.68,497.69,269.98,medium
cam04__frame_00008.jpg,106,472.7,245.67,498.37,256.97,medium
cam04__frame_00008.jpg,107,465.51,230.6,491.18,246.01,medium
cam04__frame_00008.jpg,108,412.47,261.98,429.1,275.44,high
cam04__frame_00008.jpg,109,409.3,250.09,429.5,261.18,high
cam04__frame_00008.jpg,110,419.1,233.52,428.33,251.27,high
cam04__frame_00008.jpg,111,563.9,153.7,605.62,296.18,low
cam04__frame_00008.jpg,112,542.4,205.07,562.06,268.88,low
cam04__frame_00008.jpg,113,544.26,140.03,563.9,205.68,low
cam04__frame_00008.jpg,114,546.1,78.06,565.12,141.26,low
cam04__frame_00008.jpg,115,544.26,41.86,562.06,78.06,low
cam04__frame_00008.jpg,116,522.79,191.57,539.97,251.7,low
cam04__frame_00008.jpg,117,501.31,207.52,514.81,237.59,low
cam04__frame_00008.jpg,118,498.86,161.51,514.81,205.68,low
cam04__frame_00008.jpg,119,484.13,201.39,501.92,225.93,low
cam04__frame_00008.jpg,120,482.29,151.69,500.08,201.39,low
cam04__frame_00008.jpg,121,455.25,187.81,470.37,214.85,medium
cam04__frame_00008.jpg,122,456.6,149.3,469.45,188.72,medium
cam04__frame_00008.jpg,123,445.2,185.05,454.79,203.39,medium
cam04__frame_00008.jpg,124,445.16,147.47,455.7,184.6,medium
cam04__frame_00008.jpg,125,433.25,175.43,441.95,196.97,medium
cam04__frame_00008.jpg,126,431.87,150.22,441.04,175.43,medium
cam04__frame_00008.jpg,127,412.22,175.56,427.9,187.1,medium
cam04__frame_00008.jpg,128,412.22,163.42,427.02,175.26,medium
cam04__frame_00008.jpg,129,391.72,170.42,405.08,175.89,medium
cam04__frame_00008.jpg,130,391.4,160.83,404.73,169.05,medium
cam04__frame_00008.jpg,131,391.38,151.24,410.55,158.43,medium
cam04__frame_00008.jpg,132,392.07,143.71,410.55,149.87,medium
cam04__frame_00008.jpg,133,385.9,134.47,399.26,140.29,medium
cam04__frame_00008.jpg,134,476.93,1.12,503.05,28.17,medium
cam04__frame_00008.jpg,135,454.51,22.9,473.3,37.89,medium
cam04__frame_00008.jpg,136,454.88,0.0,471.6,22.95,high
cam04__frame_00008.jpg,137,420.07,66.37,434.96,76.42,high
cam04__frame_00008.jpg,138,418.58,54.83,437.19,66.74,medium
cam04__frame_00008.jpg,139,417.46,42.54,435.7,54.09,medium
cam04__frame_00008.jpg,140,412.99,28.77,433.47,42.17,medium
cam04__frame_00008.jpg,141,403.11,75.8,412.0,119.77,medium
cam04__frame_00008.jpg,142,393.65,90.01,400.88,121.72,medium
cam04__frame_00008.jpg,143,383.36,91.12,392.82,123.94,medium
cam04__frame_00008.jpg,144,371.4,101.42,383.92,127.28,medium
cam04__frame_00008.jpg,145,402.44,26.3,409.92,46.87,medium
cam04__frame_00008.jpg,146,393.38,39.33,404.03,56.85,medium
cam04__frame_00008.jpg,147,385.03,49.87,399.48,66.41,high
cam04__frame_00008.jpg,148,342.64,258.56,360.2,277.38,low
cam04__frame_00008.jpg,149,347.68,308.65,377.4,352.76,low
cam04__frame_00008.jpg,150,346.8,546.95,411.55,639.0,low
cam04__frame_00008.jpg,151,345.2,494.24,405.96,546.51,medium
cam04__frame_00008.jpg,152,294.16,421.64,314.49,501.5,low
cam04__frame_00008.jpg,153,289.66,556.87,307.73,594.65,low
cam04__frame_00008.jpg,154,267.5,565.9,283.09,591.37,medium
cam04__frame_00008.jpg,155,217.97,614.26,245.66,640.0,high
cam04__frame_00008.jpg,156,231.46,555.3,254.89,607.87,medium
cam04__frame_00008.jpg,157,183.1,474.62,237.1,581.82,low
cam04__frame_00008.jpg,158,162.53,510.82,199.44,637.9,medium
cam04__frame_00008.jpg,159,86.88,599.31,148.37,640.0,high
cam04__frame_00008.jpg,160,96.9,530.97,146.57,606.01,medium
cam04__frame_00008.jpg,161,161.0,419.6,211.37,480.7,high
cam04__frame_00008.jpg,162,97.26,436.09,132.43,494.06,high
cam04__frame_00008.jpg,163,25.03,457.0,82.06,519.72,high
cam04__frame_00008.jpg,164,2.22,544.43,33.59,636.62,high
cam04__frame_00008.jpg,165,229.19,301.74,236.62,324.01,high
cam04__frame_00008.jpg,166,213.28,303.33,228.13,336.74,high
cam04__frame_00008.jpg,167,150.81,307.92,212.58,363.3,medium
cam04__frame_00008.jpg,168,154.21,271.72,232.0,307.88,medium
cam04__frame_00008.jpg,169,143.79,278.67,154.4,307.83,high
cam04__frame_00008.jpg,170,143.79,247.91,154.4,277.08,high
cam04__frame_00008.jpg,171,153.64,238.68,233.08,282.07,low
cam04__frame_00008.jpg,172,232.09,233.65,241.11,262.7,high
cam04__frame_00008.jpg,173,143.79,219.27,154.4,248.44,high
cam04__frame_00008.jpg,174,154.7,206.87,229.41,247.05,low
cam04__frame_00008.jpg,175,230.5,203.42,239.52,232.47,high
cam04__frame_00008.jpg,176,143.28,190.37,153.89,219.54,high
cam04__frame_00008.jpg,177,153.11,174.0,227.82,214.17,low
cam04__frame_00008.jpg,178,226.25,172.14,235.28,201.18,high
cam04__frame_00008.jpg,179,143.28,158.02,153.36,189.84,high
cam04__frame_00008.jpg,180,153.15,139.83,227.86,180.0,low
cam04__frame_00008.jpg,181,226.3,139.2,235.33,168.25,high
cam04__frame_00008.jpg,182,137.46,118.38,173.47,154.21,high
cam04__frame_00008.jpg,183,251.13,391.91,271.01,430.95,medium
cam04__frame_00008.jpg,184,250.42,342.92,266.04,392.62,medium
cam04__frame_00008.jpg,185,309.45,335.9,333.28,411.47,low
cam04__frame_00008.jpg,186,248.3,296.07,265.33,339.37,medium
cam04__frame_00008.jpg,187,247.01,246.16,274.59,290.71,medium
cam04__frame_00008.jpg,188,246.48,202.15,275.12,247.75,medium
cam04__frame_00008.jpg,189,278.3,200.96,293.67,256.8,low
cam04__frame_00008.jpg,190,248.1,157.1,279.89,202.15,medium
cam04__frame_00008.jpg,191,287.35,168.07,299.01,198.75,low
cam04__frame_00008.jpg,192,246.16,143.43,275.27,155.5,high
cam04__frame_00008.jpg,193,278.78,143.23,285.2,155.96,high
cam04__frame_00008.jpg,194,447.62,600.32,468.97,639.75,medium
cam04__frame_00008.jpg,195,436.7,566.62,460.68,601.18,medium
cam04__frame_00008.jpg,196,418.53,553.81,432.79,566.88,high
cam04__frame_00008.jpg,197,417.73,517.36,445.86,552.62,medium
cam04__frame_00008.jpg,198,457.45,522.39,464.78,558.14,medium
cam04__frame_00009.jpg,0,595.39,404.56,607.95,417.42,medium
cam04__frame_00009.jpg,1,597.66,434.28,604.63,443.3,high
cam04__frame_00009.jpg,2,575.93,417.47,596.84,452.32,medium
cam04__frame_00009.jpg,3,538.9,448.01,556.74,512.53,medium
cam04__frame_00009.jpg,4,558.5,462.28,586.08,519.7,low
cam04__frame_00009.jpg,5,591.2,454.25,630.86,527.74,low
cam04__frame_00009.jpg,6,532.28,517.04,564.04,580.07,medium
cam04__frame_00009.jpg,7,565.53,519.52,590.34,538.88,high
cam04__frame_00009.jpg,8,559.8,538.76,584.1,610.72,medium
cam04__frame_00009.jpg,9,571.62,529.91,630.65,636.01,low
cam04__frame_00009.jpg,10,631.95,528.37,638.15,558.32,high
cam04__frame_00009.jpg,11,628.4,561.07,640.0,617.3,high
cam04__frame_00009.jpg,12,537.22,298.7,544.03,304.65,high
cam04__frame_00009.jpg,13,535.81,290.19,543.74,297.85,high
cam04__frame_00009.jpg,14,535.52,283.96,542.33,290.19,high
cam04__frame_00009.jpg,15,516.16,288.59,536.33,310.59,low
cam04__frame_00009.jpg,16,522.0,283.06,535.36,290.38,high
cam04__frame_00009.jpg,17,522.36,275.2,533.89,282.14,high
cam04__frame_00009.jpg,18,496.32,293.94,513.44,300.45,high
cam04__frame_00009.jpg,19,498.37,282.64,520.97,293.6,high
cam04__frame_00009.jpg,20,499.06,271.0,521.65,283.33,high
cam04__frame_00009.jpg,21,499.4,258.68,519.94,271.69,high
cam04__frame_00009.jpg,22,471.67,291.2,495.29,303.87,medium
cam04__frame_00009.jpg,23,472.01,280.59,497.0,291.55,medium
cam04__frame_00009.jpg,24,472.69,270.32,498.37,280.25,medium
cam04__frame_00009.jpg,25,471.0,258.68,497.69,269.98,medium
cam04__frame_00009.jpg,26,472.7,245.67,498.37,256.97,medium
cam04__frame_00009.jpg,27,465.51,230.6,491.18,246.01,medium
cam04__frame_00009.jpg,28,412.47,261.98,429.1,275.44,high
cam04__frame_00009.jpg,29,409.3,250.09,429.5,261.18,high
cam04__frame_00009.jpg,30,419.1,233.52,428.33,251.27,high
cam04__frame_00009.jpg,31,563.9,153.7,605.62,296.18,low
cam04__frame_00009.jpg,32,542.4,205.07,562.06,268.88,low
cam04__frame_00009.jpg,33,544.26,140.03,563.9,205.68,low
cam04__frame_00009.jpg,34,546.1,78.06,565.12,141.26,low
cam04__frame_00009.jpg,35,544.26,41.86,562.06,78.06,low
cam04__frame_00009.jpg,36,522.79,191.57,539.97,251.7,low
cam04__frame_00009.jpg,37,501.31,207.52,514.81,237.59,low
cam04__frame_00009.jpg,38,498.86,161.51,514.81,205.68,low
cam04__frame_00009.jpg,39,484.13,201.39,501.92,225.93,low
cam04__frame_00009.jpg,40,482.29,151.69,500.08,201.39,low
cam04__frame_00009.jpg,41,455.25,187.81,470.37,214.85,medium
cam04__frame_00009.jpg,42,456.6,149.3,469.45,188.72,medium
cam04__frame_00009.jpg,43,445.2,185.05,454.79,203.39,medium
cam04__frame_00009.jpg,44,445.16,147.47,455.7,184.6,medium
cam04__frame_00009.jpg,45,433.25,175.43,441.95,196.97,medium
cam04__frame_00009.jpg,46,431.87,150.22,441.04,175.43,medium
cam04__frame_00009.jpg,47,412.22,175.56,427.9,187.1,medium
cam04__frame_00009.jpg,48,412.22,163.42,427.02,175.26,medium
cam04__frame_00009.jpg,49,391.72,170.42,405.08,175.89,medium
cam04__frame_00009.jpg,50,391.4,160.83,404.73,169.05,medium
cam04__frame_00009.jpg,51,391.38,151.24,410.55,158.43,medium
cam04__frame_00009.jpg,52,392.07,143.71,410.55,149.87,medium
cam04__frame_00009.jpg,53,385.9,134.47,399.26,140.29,medium
cam04__frame_00009.jpg,54,476.93,1.12,503.05,28.17,medium
cam04__frame_00009.jpg,55,454.51,22.9,473.3,37.89,medium
cam04__frame_00009.jpg,56,454.88,0.0,471.6,22.95,high
cam04__frame_00009.jpg,57,420.07,66.37,434.96,76.42,high
cam04__frame_00009.jpg,58,418.58,54.83,437.19,66.74,medium
cam04__frame_00009.jpg,59,417.46,42.54,435.7,54.09,medium
cam04__frame_00009.jpg,60,412.99,28.77,433.47,42.17,medium
cam04__frame_00009.jpg,61,403.11,75.8,412.0,119.77,medium
cam04__frame_00009.jpg,62,393.65,90.01,400.88,121.72,medium
cam04__frame_00009.jpg,63,383.36,91.12,392.82,123.94,medium
cam04__frame_00009.jpg,64,371.4,101.42,383.92,127.28,medium
cam04__frame_00009.jpg,65,402.44,26.3,409.92,46.87,medium
cam04__frame_00009.jpg,66,393.38,39.33,404.03,56.85,medium
cam04__frame_00009.jpg,67,385.03,49.87,399.48,66.41,high
cam04__frame_00009.jpg,68,413.95,332.29,424.03,356.68,medium
cam04__frame_00009.jpg,69,415.5,358.3,422.44,379.48,low
cam04__frame_00009.jpg,70,414.48,377.89,423.5,399.1,low
cam04__frame_00009.jpg,71,422.85,361.01,448.52,377.79,medium
cam04__frame_00009.jpg,72,423.19,378.82,453.32,399.7,medium
cam04__frame_00009.jpg,73,411.98,399.7,434.18,437.88,medium
cam04__frame_00009.jpg,74,434.2,414.45,452.04,456.62,low
cam04__frame_00009.jpg,75,457.94,415.04,471.81,428.91,medium
cam04__frame_00009.jpg,76,453.6,430.49,476.56,450.69,medium
cam04__frame_00009.jpg,77,470.82,444.43,490.8,492.8,low
cam04__frame_00009.jpg,78,454.4,474.1,475.23,514.06,low
cam04__frame_00009.jpg,79,500.27,516.22,507.02,554.26,low
cam04__frame_00009.jpg,80,494.13,518.7,500.27,556.72,low
cam04__frame_00009.jpg,81,486.79,516.2,492.93,554.22,low
cam04__frame_00009.jpg,82,479.43,518.04,485.57,556.06,medium
cam04__frame_00009.jpg,83,472.7,519.43,478.84,551.5,low
cam04__frame_00009.jpg,84,465.7,515.98,472.11,556.31,low
cam04__frame_00009.jpg,85,457.45,522.39,464.78,558.14,medium
cam04__frame_00009.jpg,86,417.73,517.36,445.86,552.62,medium
cam04__frame_00009.jpg,87,418.53,553.81,432.79,566.88,high
cam04__frame_00009.jpg,88,436.7,566.62,460.68,601.18,medium
cam04__frame_00009.jpg,89,447.62,600.32,468.97,639.75,medium
cam04__frame_00009.jpg,90,278.78,143.23,285.2,155.96,high
cam04__frame_00009.jpg,91,246.16,143.43,275.27,155.5,high
cam04__frame_00009.jpg,92,287.35,168.07,299.01,198.75,low
cam04__frame_00009.jpg,93,248.1,157.1,279.89,202.15,medium
cam04__frame_00009.jpg,94,278.3,200.96,293.67,256.8,low
cam04__frame_00009.jpg,95,246.48,202.15,275.12,247.75,medium
cam04__frame_00009.jpg,96,247.01,246.16,274.59,290.71,medium
cam04__frame_00009.jpg,97,248.3,296.07,265.33,339.37,medium
cam04__frame_00009.jpg,98,309.45,335.9,333.28,411.47,low
cam04__frame_00009.jpg,99,250.42,342.92,266.04,392.62,medium
cam04__frame_00009.jpg,100,251.13,391.91,271.01,430.95,medium
cam04__frame_00009.jpg,101,137.46,118.38,173.47,154.21,high
cam04__frame_00009.jpg,102,226.3,139.2,235.33,168.25,high
cam04__frame_00009.jpg,103,153.15,139.83,227.86,180.0,low
cam04__frame_00009.jpg,104,143.28,158.02,153.36,189.84,high
cam04__frame_00009.jpg,105,226.25,172.14,235.28,201.18,high
cam04__frame_00009.jpg,106,153.11,174.0,227.82,214.17,low
cam04__frame_00009.jpg,107,143.28,190.37,153.89,219.54,high
cam04__frame_00009.jpg,108,230.5,203.42,239.52,232.47,high
cam04__frame_00009.jpg,109,154.7,206.87,229.41,247.05,low
cam04__frame_00009.jpg,110,143.79,219.27,154.4,248.44,high
cam04__frame_00009.jpg,111,232.09,233.65,241.11,262.7,high
cam04__frame_00009.jpg,112,153.64,238.68,233.08,282.07,low
cam04__frame_00009.jpg,113,143.79,247.91,154.4,277.08,high
cam04__frame_00009.jpg,114,143.79,278.67,154.4,307.83,high
cam04__frame_00009.jpg,115,154.21,271.72,232.0,307.88,medium
cam04__frame_00009.jpg,116,150.81,307.92,212.58,363.3,medium
cam04__frame_00009.jpg,117,213.28,303.33,228.13,336.74,high
cam04__frame_00009.jpg,118,229.19,301.74,236.62,324.01,high
cam04__frame_00009.jpg,119,2.22,544.43,33.59,636.62,high
cam04__frame_00009.jpg,120,25.03,457.0,82.06,519.72,high
cam04__frame_00009.jpg,121,97.26,436.09,132.43,494.06,high
cam04__frame_00009.jpg,122,161.0,419.6,211.37,480.7,high
cam04__frame_00009.jpg,123,96.9,530.97,146.57,606.01,medium
cam04__frame_00009.jpg,124,86.88,599.31,148.37,640.0,high
cam04__frame_00009.jpg,125,162.53,510.82,199.44,637.9,medium
cam04__frame_00009.jpg,126,183.1,474.62,237.1,581.82,low
cam04__frame_00009.jpg,127,231.46,555.3,254.89,607.87,medium
cam04__frame_00009.jpg,128,217.97,614.26,245.66,640.0,high
cam04__frame_00009.jpg,129,267.5,565.9,283.09,591.37,medium
cam04__frame_00009.jpg,130,289.66,556.87,307.73,594.65,low
cam04__frame_00009.jpg,131,294.21,424.42,318.06,499.71,low
cam04__frame_00009.jpg,132,346.21,310.4,376.2,353.5,low
cam04__frame_00009.jpg,133,345.3,496.0,400.58,545.68,medium
cam04__frame_00009.jpg,134,344.33,547.56,409.95,636.61,low
cam04__frame_00009.jpg,135,535.3,305.05,546.34,324.08,high
cam04__frame_00009.jpg,136,536.19,321.12,545.91,336.76,high
cam04__frame_00009.jpg,137,441.13,304.08,464.94,324.8,low
cam04__frame_00009.jpg,138,441.13,325.63,464.1,336.4,medium
cam04__frame_00009.jpg,139,440.15,336.97,463.11,347.75,medium
cam04__frame_00009.jpg,140,443.83,348.9,462.8,359.65,medium
cam04__frame_00009.jpg,141,469.97,305.14,482.25,323.56,medium
cam04__frame_00009.jpg,142,469.55,323.35,482.25,334.36,high
cam04__frame_00009.jpg,143,469.33,333.21,480.28,347.12,high
cam04__frame_00009.jpg,144,484.13,320.61,494.78,340.14,medium
cam04__frame_00009.jpg,145,487.58,341.41,495.19,356.2,high
cam04__frame_00009.jpg,146,495.99,301.89,516.16,322.05,low
cam04__frame_00009.jpg,147,496.85,321.79,516.68,334.52,low
cam04__frame_00009.jpg,148,496.85,334.52,516.68,349.31,medium
cam04__frame_00009.jpg,149,496.88,349.86,515.48,360.43,high
cam04__frame_00009.jpg,150,517.34,318.4,534.21,344.35,low
cam04__frame_00009.jpg,151,519.28,346.06,542.11,370.57,high
cam04__frame_00009.jpg,152,518.0,367.62,540.0,383.3,low
cam04__frame_00009.jpg,153,496.46,371.84,518.02,392.98,low
cam04__frame_00009.jpg,154,479.55,357.05,488.0,376.07,high
cam04__frame_00009.jpg,155,478.7,375.5,485.97,391.57,medium
cam04__frame_00009.jpg,156,479.76,391.94,486.7,404.72,low
cam04__frame_00009.jpg,157,486.6,378.19,494.53,394.3,medium
cam04__frame_00009.jpg,158,487.06,395.99,493.91,412.62,high
cam04__frame_00009.jpg,159,493.9,394.67,508.72,412.0,low
cam04__frame_00009.jpg,160,494.34,412.85,507.87,429.75,low
cam04__frame_00009.jpg,161,494.34,429.33,507.87,443.28,low
cam04__frame_00009.jpg,162,495.19,444.93,506.3,458.09,low
cam04__frame_00009.jpg,163,508.7,392.98,536.19,421.3,medium
cam04__frame_00009.jpg,164,515.94,425.14,526.57,447.6,medium
cam04__frame_00009.jpg,165,512.5,448.7,523.85,473.7,high
cam04__frame_00009.jpg,166,526.8,441.51,533.81,479.32,high
cam04__frame_00009.jpg,167,512.58,478.8,530.94,516.0,medium
cam04__frame_00009.jpg,168,572.19,313.39,584.4,325.08,high
cam04__frame_00009.jpg,169,553.34,314.3,584.37,340.01,low
cam04__frame_00009.jpg,170,549.55,327.95,578.37,353.46,medium
cam04__frame_00009.jpg,171,551.73,353.14,558.78,368.01,high
cam04__frame_00009.jpg,172,550.95,368.99,557.6,381.52,high
cam04__frame_00009.jpg,173,550.5,382.52,558.27,395.98,high
cam04__frame_00009.jpg,174,549.99,398.31,557.49,411.51,high
cam04__frame_00009.jpg,175,548.69,411.51,559.82,421.86,high
cam04__frame_00009.jpg,176,559.46,351.51,577.07,368.38,medium
cam04__frame_00009.jpg,177,557.27,366.03,574.33,382.54,medium
cam04__frame_00009.jpg,178,559.05,382.16,569.79,395.67,medium
cam04__frame_00009.jpg,179,558.36,396.71,568.06,408.84,medium
cam04__frame_00009.jpg,180,561.17,410.91,578.8,433.05,medium
cam04__frame_00009.jpg,181,583.41,324.05,595.74,337.13,high
cam04__frame_00009.jpg,182,577.96,334.89,592.94,351.03,medium
cam04__frame_00009.jpg,183,575.33,348.89,589.85,364.94,medium
cam04__frame_00009.jpg,184,574.41,363.62,586.5,380.0,medium
cam04__frame_00009.jpg,185,573.44,380.61,585.16,395.3,medium
cam04__frame_00009.jpg,186,570.4,394.75,583.78,408.11,medium
cam04__frame_00009.jpg,187,590.44,335.42,609.87,353.21,high
cam04__frame_00009.jpg,188,588.11,349.49,604.63,365.69,medium
cam04__frame_00009.jpg,189,586.03,362.86,602.46,380.12,medium
cam04__frame_00009.jpg,190,586.15,377.11,596.89,390.73,medium
cam04__frame_00009.jpg,191,585.03,391.62,595.3,404.67,high
cam04__frame_00009.jpg,192,585.71,405.32,593.93,414.56,low
cam04__frame_00009.jpg,193,603.38,346.04,620.74,367.42,high
cam04__frame_00009.jpg,194,601.04,364.85,616.95,380.66,medium
cam04__frame_00009.jpg,195,598.42,377.4,613.75,393.53,medium
cam04__frame_00009.jpg,196,596.87,391.52,610.95,406.15,medium
cam04__frame_00009.jpg,197,598.07,419.11,605.86,432.64,high
cam04__frame_00012.jpg,0,469.55,323.35,482.25,334.36,high
cam04__frame_00012.jpg,1,469.97,305.14,482.25,323.56,medium
cam04__frame_00012.jpg,2,443.83,348.9,462.8,359.65,medium
cam04__frame_00012.jpg,3,440.15,336.97,463.11,347.75,medium
cam04__frame_00012.jpg,4,441.13,325.63,464.1,336.4,medium
cam04__frame_00012.jpg,5,441.13,304.08,464.94,324.8,low
cam04__frame_00012.jpg,6,536.19,321.12,545.91,336.76,high
cam04__frame_00012.jpg,7,535.3,305.05,546.34,324.08,high
cam04__frame_00012.jpg,8,537.22,298.7,544.03,304.65,high
cam04__frame_00012.jpg,9,535.81,290.19,543.74,297.85,high
cam04__frame_00012.jpg,10,535.52,283.96,542.33,290.19,high
cam04__frame_00012.jpg,11,516.16,288.59,536.33,310.59,low
cam04__frame_00012.jpg,12,522.0,283.06,535.36,290.38,high
cam04__frame_00012.jpg,13,522.36,275.2,533.89,282.14,high
cam04__frame_00012.jpg,14,496.32,293.94,513.44,300.45,high
cam04__frame_00012.jpg,15,498.37,282.64,520.97,293.6,high
cam04__frame_00012.jpg,16,499.06,271.0,521.65,283.33,high
cam04__frame_00012.jpg,17,499.4,258.68,519.94,271.69,high
cam04__frame_00012.jpg,18,471.67,291.2,495.29,303.87,medium
cam04__frame_00012.jpg,19,472.01,280.59,497.0,291.55,medium
cam04__frame_00012.jpg,20,472.69,270.32,498.37,280.25,medium
cam04__frame_00012.jpg,21,471.0,258.68,497.69,269.98,medium
cam04__frame_00012.jpg,22,472.7,245.67,498.37,256.97,medium
cam04__frame_00012.jpg,23,465.51,230.6,491.18,246.01,medium
cam04__frame_00012.jpg,24,412.47,261.98,429.1,275.44,high
cam04__frame_00012.jpg,25,409.3,250.09,429.5,261.18,high
cam04__frame_00012.jpg,26,419.1,233.52,428.33,251.27,high
cam04__frame_00012.jpg,27,563.9,153.7,605.62,296.18,low
cam04__frame_00012.jpg,28,542.4,205.07,562.06,268.88,low
cam04__frame_00012.jpg,29,544.26,140.03,563.9,205.68,low
cam04__frame_00012.jpg,30,546.1,78.06,565.12,141.26,low
cam04__frame_00012.jpg,31,544.26,41.86,562.06,78.06,low
cam04__frame_00012.jpg,32,522.79,191.57,539.97,251.7,low
cam04__frame_00012.jpg,33,501.31,207.52,514.81,237.59,low
cam04__frame_00012.jpg,34,498.86,161.51,514.81,205.68,low
cam04__frame_00012.jpg,35,484.13,201.39,501.92,225.93,low
cam04__frame_00012.jpg,36,482.29,151.69,500.08,201.39,low
cam04__frame_00012.jpg,37,455.25,187.81,470.37,214.85,medium
cam04__frame_00012.jpg,38,456.6,149.3,469.45,188.72,medium
cam04__frame_00012.jpg,39,445.2,185.05,454.79,203.39,medium
cam04__frame_00012.jpg,40,445.16,147.47,455.7,184.6,medium
cam04__frame_00012.jpg,41,433.25,175.43,441.95,196.97,medium
cam04__frame_00012.jpg,42,431.87,150.22,441.04,175.43,medium
cam04__frame_00012.jpg,43,412.22,175.56,427.9,187.1,medium
cam04__frame_00012.jpg,44,412.22,163.42,427.02,175.26,medium
cam04__frame_00012.jpg,45,391.72,170.42,405.08,175.89,medium
cam04__frame_00012.jpg,46,391.4,160.83,404.73,169.05,medium
cam04__frame_00012.jpg,47,391.38,151.24,410.55,158.43,medium
cam04__frame_00012.jpg,48,392.07,143.71,410.55,149.87,medium
cam04__frame_00012.jpg,49,385.9,134.47,399.26,140.29,medium
cam04__frame_00012.jpg,50,476.93,1.12,503.05,28.17,medium
cam04__frame_00012.jpg,51,454.51,22.9,473.3,37.89,medium
cam04__frame_00012.jpg,52,454.88,0.0,471.6,22.95,high
cam04__frame_00012.jpg,53,420.07,66.37,434.96,76.42,high
cam04__frame_00012.jpg,54,418.58,54.83,437.19,66.74,medium
cam04__frame_00012.jpg,55,417.46,42.54,435.7,54.09,medium
cam04__frame_00012.jpg,56,412.99,28.77,433.47,42.17,medium
cam04__frame_00012.jpg,57,403.11,75.8,412.0,119.77,medium
cam04__frame_00012.jpg,58,393.65,90.01,400.88,121.72,medium
cam04__frame_00012.jpg,59,383.36,91.12,392.82,123.94,medium
cam04__frame_00012.jpg,60,371.4,101.42,383.92,127.28,medium
cam04__frame_00012.jpg,61,402.44,26.3,409.92,46.87,medium
cam04__frame_00012.jpg,62,393.38,39.33,404.03,56.85,medium
cam04__frame_00012.jpg,63,385.03,49.87,399.48,66.41,high
cam04__frame_00012.jpg,64,415.5,358.3,422.44,379.48,low
cam04__frame_00012.jpg,65,414.48,377.89,423.5,399.1,low
cam04__frame_00012.jpg,66,422.85,361.01,448.52,377.79,medium
cam04__frame_00012.jpg,67,413.95,332.29,424.03,356.68,medium
cam04__frame_00012.jpg,68,434.2,414.45,452.04,456.62,low
cam04__frame_00012.jpg,69,457.94,415.04,471.81,428.91,medium
cam04__frame_00012.jpg,70,453.6,430.49,476.56,450.69,medium
cam04__frame_00012.jpg,71,458.36,476.1,475.56,514.99,low
cam04__frame_00012.jpg,72,500.27,516.22,507.02,554.26,low
cam04__frame_00012.jpg,73,494.13,518.7,500.27,556.72,low
cam04__frame_00012.jpg,74,486.79,516.2,492.93,554.22,low
cam04__frame_00012.jpg,75,479.43,518.04,485.57,556.06,medium
cam04__frame_00012.jpg,76,472.7,519.43,478.84,551.5,low
cam04__frame_00012.jpg,77,465.7,515.98,472.11,556.31,low
cam04__frame_00012.jpg,78,457.45,522.39,464.78,558.14,medium
cam04__frame_00012.jpg,79,417.73,517.36,445.86,552.62,medium
cam04__frame_00012.jpg,80,418.53,553.81,432.79,566.88,high
cam04__frame_00012.jpg,81,436.7,566.62,460.68,601.18,medium
cam04__frame_00012.jpg,82,447.62,600.32,468.97,639.75,medium
cam04__frame_00012.jpg,83,278.78,143.23,285.2,155.96,high
cam04__frame_00012.jpg,84,246.16,143.43,275.27,155.5,high
cam04__frame_00012.jpg,85,287.35,168.07,299.01,198.75,low
cam04__frame_00012.jpg,86,248.1,157.1,279.89,202.15,medium
cam04__frame_00012.jpg,87,278.3,200.96,293.67,256.8,low
cam04__frame_00012.jpg,88,246.48,202.15,275.12,247.75,medium
cam04__frame_00012.jpg,89,247.01,246.16,274.59,290.71,medium
cam04__frame_00012.jpg,90,248.3,296.07,265.33,339.37,medium
cam04__frame_00012.jpg,91,309.45,335.9,333.28,411.47,low
cam04__frame_00012.jpg,92,250.42,342.92,266.04,392.62,medium
cam04__frame_00012.jpg,93,251.13,391.91,271.01,430.95,medium
cam04__frame_00012.jpg,94,137.46,118.38,173.47,154.21,high
cam04__frame_00012.jpg,95,226.3,139.2,235.33,168.25,high
cam04__frame_00012.jpg,96,153.15,139.83,227.86,180.0,low
cam04__frame_00012.jpg,97,143.28,158.02,153.36,189.84,high
cam04__frame_00012.jpg,98,226.25,172.14,235.28,201.18,high
cam04__frame_00012.jpg,99,153.11,174.0,227.82,214.17,low
cam04__frame_00012.jpg,100,143.28,190.37,153.89,219.54,high
cam04__frame_00012.jpg,101,230.5,203.42,239.52,232.47,high
cam04__frame_00012.jpg,102,154.7,206.87,229.41,247.05,low
cam04__frame_00012.jpg,103,143.79,219.27,154.4,248.44,high
cam04__frame_00012.jpg,104,232.09,233.65,241.11,262.7,high
cam04__frame_00012.jpg,105,153.64,238.68,233.08,282.07,low
cam04__frame_00012.jpg,106,143.79,247.91,154.4,277.08,high
cam04__frame_00012.jpg,107,143.79,278.67,154.4,307.83,high
cam04__frame_00012.jpg,108,154.21,271.72,232.0,307.88,medium
cam04__frame_00012.jpg,109,150.81,307.92,212.58,363.3,medium
cam04__frame_00012.jpg,110,213.28,303.33,228.13,336.74,high
cam04__frame_00012.jpg,111,229.19,301.74,236.62,324.01,high
cam04__frame_00012.jpg,112,2.22,544.43,33.59,636.62,high
cam04__frame_00012.jpg,113,25.03,457.0,82.06,519.72,high
cam04__frame_00012.jpg,114,97.26,436.09,132.43,494.06,high
cam04__frame_00012.jpg,115,161.0,419.6,211.37,480.7,high
cam04__frame_00012.jpg,116,96.9,530.97,146.57,606.01,medium
cam04__frame_00012.jpg,117,86.88,599.31,148.37,640.0,high
cam04__frame_00012.jpg,118,162.53,510.82,199.44,637.9,medium
cam04__frame_00012.jpg,119,183.1,474.62,237.1,581.82,low
cam04__frame_00012.jpg,120,231.46,555.3,254.89,607.87,medium
cam04__frame_00012.jpg,121,217.97,614.26,245.66,640.0,high
cam04__frame_00012.jpg,122,267.5,565.9,283.09,591.37,medium
cam04__frame_00012.jpg,123,289.66,556.87,307.73,594.65,low
cam04__frame_00012.jpg,124,294.82,425.33,316.16,499.37,low
cam04__frame_00012.jpg,125,351.29,498.12,405.25,547.06,medium
cam04__frame_00012.jpg,126,411.98,399.7,434.18,437.88,medium
cam04__frame_00012.jpg,127,346.3,544.55,414.04,633.65,low
cam04__frame_00012.jpg,128,347.42,308.43,375.55,348.74,low
cam04__frame_00012.jpg,129,470.82,444.43,495.5,491.0,medium
cam04__frame_00012.jpg,130,423.19,378.82,453.32,399.7,medium
cam04__frame_00012.jpg,131,628.4,561.07,640.0,617.3,high
cam04__frame_00012.jpg,132,631.95,528.37,638.15,558.32,high
cam04__frame_00012.jpg,133,571.62,529.91,630.65,636.01,low
cam04__frame_00012.jpg,134,559.8,538.76,584.1,610.72,medium
cam04__frame_00012.jpg,135,565.53,519.52,590.34,538.88,high
cam04__frame_00012.jpg,136,532.28,517.04,564.04,580.07,medium
cam04__frame_00012.jpg,137,591.2,454.25,630.86,527.74,low
cam04__frame_00012.jpg,138,558.5,462.28,586.08,519.7,low
cam04__frame_00012.jpg,139,538.9,448.01,556.74,512.53,medium
cam04__frame_00012.jpg,140,575.93,417.47,596.84,452.32,medium
cam04__frame_00012.jpg,141,597.66,434.28,604.63,443.3,high
cam04__frame_00012.jpg,142,598.07,419.11,605.86,432.64,high
cam04__frame_00012.jpg,143,595.39,404.56,607.95,417.42,medium
cam04__frame_00012.jpg,144,596.87,391.52,610.95,406.15,medium
cam04__frame_00012.jpg,145,598.42,377.4,613.75,393.53,medium
cam04__frame_00012.jpg,146,601.04,364.85,616.95,380.66,medium
cam04__frame_00012.jpg,147,603.38,346.04,620.74,367.42,high
cam04__frame_00012.jpg,148,585.71,405.32,593.93,414.56,low
cam04__frame_00012.jpg,149,585.03,391.62,595.3,404.67,high
cam04__frame_00012.jpg,150,586.15,377.11,596.89,390.73,medium
cam04__frame_00012.jpg,151,586.03,362.86,602.46,380.12,medium
cam04__frame_00012.jpg,152,588.11,349.49,604.63,365.69,medium
cam04__frame_00012.jpg,153,590.44,335.42,609.87,353.21,high
cam04__frame_00012.jpg,154,570.4,394.75,583.78,408.11,medium
cam04__frame_00012.jpg,155,573.44,380.61,585.16,395.3,medium
cam04__frame_00012.jpg,156,574.41,363.62,586.5,380.0,medium
cam04__frame_00012.jpg,157,575.33,348.89,589.85,364.94,medium
cam04__frame_00012.jpg,158,577.96,334.89,592.94,351.03,medium
cam04__frame_00012.jpg,159,583.41,324.05,595.74,337.13,high
cam04__frame_00012.jpg,160,561.17,410.91,578.8,433.05,medium
cam04__frame_00012.jpg,161,558.36,396.71,568.06,408.84,medium
cam04__frame_00012.jpg,162,559.05,382.16,569.79,395.67,medium
cam04__frame_00012.jpg,163,557.27,366.03,574.33,382.54,medium
cam04__frame_00012.jpg,164,559.46,351.51,577.07,368.38,medium
cam04__frame_00012.jpg,165,548.69,411.51,559.82,421.86,high
cam04__frame_00012.jpg,166,549.99,398.31,557.49,411.51,high
cam04__frame_00012.jpg,167,550.5,382.52,558.27,395.98,high
cam04__frame_00012.jpg,168,550.95,368.99,557.6,381.52,high
cam04__frame_00012.jpg,169,551.73,353.14,558.78,368.01,high
cam04__frame_00012.jpg,170,549.55,327.95,578.37,353.46,medium
cam04__frame_00012.jpg,171,553.34,314.3,584.37,340.01,low
cam04__frame_00012.jpg,172,572.19,313.39,584.4,325.08,high
cam04__frame_00012.jpg,173,512.58,478.8,530.94,516.0,medium
cam04__frame_00012.jpg,174,526.8,441.51,533.81,479.32,high
cam04__frame_00012.jpg,175,512.5,448.7,523.85,473.7,high
cam04__frame_00012.jpg,176,515.94,425.14,526.57,447.6,medium
cam04__frame_00012.jpg,177,508.7,392.98,536.19,421.3,medium
cam04__frame_00012.jpg,178,495.19,444.93,506.3,458.09,low
cam04__frame_00012.jpg,179,494.34,429.33,507.87,443.28,low
cam04__frame_00012.jpg,180,494.34,412.85,507.87,429.75,low
cam04__frame_00012.jpg,181,493.9,394.67,508.72,412.0,low
cam04__frame_00012.jpg,182,487.06,395.99,493.91,412.62,high
cam04__frame_00012.jpg,183,486.6,378.19,494.53,394.3,medium
cam04__frame_00012.jpg,184,479.76,391.94,486.7,404.72,low
cam04__frame_00012.jpg,185,478.7,375.5,485.97,391.57,medium
cam04__frame_00012.jpg,186,479.55,357.05,488.0,376.07,high
cam04__frame_00012.jpg,187,496.46,371.84,518.02,392.98,low
cam04__frame_00012.jpg,188,518.0,367.62,540.0,383.3,low
cam04__frame_00012.jpg,189,519.28,346.06,542.11,370.57,high
cam04__frame_00012.jpg,190,517.34,318.4,534.21,344.35,low
cam04__frame_00012.jpg,191,496.88,349.86,515.48,360.43,high
cam04__frame_00012.jpg,192,496.85,334.52,516.68,349.31,medium
cam04__frame_00012.jpg,193,496.85,321.79,516.68,334.52,low
cam04__frame_00012.jpg,194,495.99,301.89,516.16,322.05,low
cam04__frame_00012.jpg,195,487.58,341.41,495.19,356.2,high
cam04__frame_00012.jpg,196,484.13,320.61,494.78,340.14,medium
cam04__frame_00012.jpg,197,469.33,333.21,480.28,347.12,high
