image_name,box_index,xtl,ytl,xbr,ybr,occlusion_level
cam05__frame_00001.jpg,0,418.06,338.65,443.68,420.81,medium
cam05__frame_00001.jpg,1,429.7,307.29,444.33,338.96,medium
cam05__frame_00001.jpg,2,417.46,302.66,428.85,322.4,high
cam05__frame_00001.jpg,3,440.69,290.46,454.77,307.47,high
cam05__frame_00001.jpg,4,410.59,278.79,430.79,298.74,high
cam05__frame_00001.jpg,5,418.69,266.5,439.51,283.7,medium
cam05__frame_00001.jpg,6,403.35,289.42,408.6,301.26,medium
cam05__frame_00001.jpg,7,403.8,278.55,409.21,288.78,high
cam05__frame_00001.jpg,8,404.61,264.74,409.47,279.06,high
cam05__frame_00001.jpg,9,374.0,253.11,381.64,284.82,medium
cam05__frame_00001.jpg,10,361.48,240.06,372.7,275.0,medium
cam05__frame_00001.jpg,11,353.93,238.2,361.95,263.99,medium
cam05__frame_00001.jpg,12,343.87,244.21,349.48,250.32,medium
cam05__frame_00001.jpg,13,344.03,237.93,349.81,243.38,medium
cam05__frame_00001.jpg,14,343.36,233.09,350.3,238.0,medium
cam05__frame_00001.jpg,15,522.15,155.21,579.41,193.38,low
cam05__frame_00001.jpg,16,628.21,338.39,635.01,360.36,high
cam05__frame_00001.jpg,17,575.19,296.48,635.25,357.32,low
cam05__frame_00001.jpg,18,582.18,256.27,638.67,305.96,medium
cam05__frame_00001.jpg,19,585.85,205.54,638.67,262.03,low
cam05__frame_00001.jpg,20,584.8,158.99,639.72,213.91,low
cam05__frame_00001.jpg,21,584.28,105.11,640.0,161.08,low
cam05__frame_00001.jpg,22,560.74,275.63,584.8,328.98,medium
cam05__frame_00001.jpg,23,538.26,269.78,561.91,321.45,medium
cam05__frame_00001.jpg,24,511.24,254.69,541.48,303.06,medium
cam05__frame_00001.jpg,25,514.73,200.9,582.27,268.31,medium
cam05__frame_00001.jpg,26,505.8,245.28,514.89,289.58,high
cam05__frame_00001.jpg,27,474.18,238.32,505.01,277.33,medium
cam05__frame_00001.jpg,28,473.25,203.09,516.83,240.57,medium
cam05__frame_00001.jpg,29,464.63,234.22,471.72,270.51,high
cam05__frame_00001.jpg,30,466.48,193.54,474.31,233.75,high
cam05__frame_00001.jpg,31,479.63,163.44,526.64,187.87,low
cam05__frame_00001.jpg,32,457.48,146.28,477.82,183.8,medium
cam05__frame_00001.jpg,33,447.62,163.65,458.3,180.37,medium
cam05__frame_00001.jpg,34,447.03,228.8,463.25,263.62,medium
cam05__frame_00001.jpg,35,447.03,189.99,463.78,228.8,low
cam05__frame_00001.jpg,36,435.87,219.23,446.77,257.77,medium
cam05__frame_00001.jpg,37,415.7,218.72,435.57,251.92,medium
cam05__frame_00001.jpg,38,422.03,185.72,446.09,219.19,medium
cam05__frame_00001.jpg,39,396.12,207.14,411.82,239.05,medium
cam05__frame_00001.jpg,40,372.34,206.11,394.83,230.17,low
cam05__frame_00001.jpg,41,372.34,176.82,413.3,205.07,low
cam05__frame_00001.jpg,42,354.09,182.86,362.8,211.73,high
cam05__frame_00001.jpg,43,471.21,308.08,483.55,342.5,high
cam05__frame_00001.jpg,44,470.6,341.85,497.18,381.46,medium
cam05__frame_00001.jpg,45,496.0,357.16,509.43,402.1,medium
cam05__frame_00001.jpg,46,510.51,374.92,521.75,418.76,medium
cam05__frame_00001.jpg,47,516.84,374.02,570.29,443.35,low
cam05__frame_00001.jpg,48,558.74,362.4,573.77,381.94,high
cam05__frame_00001.jpg,49,567.0,392.46,588.79,416.5,high
cam05__frame_00001.jpg,50,588.04,389.45,616.6,416.5,high
cam05__frame_00001.jpg,51,557.69,414.57,612.81,487.99,low
cam05__frame_00001.jpg,52,616.6,427.77,628.62,463.09,high
cam05__frame_00001.jpg,53,604.6,475.11,618.85,506.67,high
cam05__frame_00001.jpg,54,339.07,272.57,345.77,284.31,low
cam05__frame_00001.jpg,55,344.93,282.63,350.38,295.63,low
cam05__frame_00001.jpg,56,350.8,278.02,360.87,290.6,medium
cam05__frame_00001.jpg,57,351.22,289.34,359.19,304.43,medium
cam05__frame_00001.jpg,58,359.19,293.11,364.64,317.43,medium
cam05__frame_00001.jpg,59,365.06,290.6,369.67,325.4,high
cam05__frame_00001.jpg,60,370.08,300.45,375.75,315.57,medium
cam05__frame_00001.jpg,61,370.5,315.34,378.9,325.4,high
cam05__frame_00001.jpg,62,376.84,327.03,382.74,341.54,medium
cam05__frame_00001.jpg,63,391.31,334.83,398.75,343.15,low
cam05__frame_00001.jpg,64,387.67,341.54,394.56,355.31,medium
cam05__frame_00001.jpg,65,398.56,344.56,407.9,348.9,high
cam05__frame_00001.jpg,66,396.9,347.23,400.9,369.58,medium
cam05__frame_00001.jpg,67,400.9,350.23,405.9,376.25,medium
cam05__frame_00001.jpg,68,408.87,330.62,419.21,370.3,high
cam05__frame_00001.jpg,69,439.53,370.42,454.96,432.68,medium
cam05__frame_00001.jpg,70,450.58,393.96,484.1,452.9,medium
cam05__frame_00001.jpg,71,468.44,428.79,510.86,481.0,medium
cam05__frame_00001.jpg,72,499.25,455.58,517.11,510.05,medium
cam05__frame_00001.jpg,73,514.0,479.69,534.52,542.2,medium
cam05__frame_00001.jpg,74,532.95,497.32,547.29,562.48,medium
cam05__frame_00001.jpg,75,571.2,553.51,598.1,626.44,low
cam05__frame_00001.jpg,76,331.81,316.04,351.01,357.57,low
cam05__frame_00001.jpg,77,350.56,326.76,357.26,346.85,high
cam05__frame_00001.jpg,78,359.04,329.44,367.53,339.26,high
cam05__frame_00001.jpg,79,357.1,340.0,366.19,350.87,high
cam05__frame_00001.jpg,80,359.28,352.1,367.93,368.73,high
cam05__frame_00001.jpg,81,382.4,358.45,388.37,367.15,high
cam05__frame_00001.jpg,82,370.97,368.88,378.68,380.81,high
cam05__frame_00001.jpg,83,381.9,368.14,398.8,384.79,high
cam05__frame_00001.jpg,84,387.3,384.04,404.27,412.1,high
cam05__frame_00001.jpg,85,408.93,393.08,418.73,412.67,low
cam05__frame_00001.jpg,86,392.2,416.7,417.19,444.88,medium
cam05__frame_00001.jpg,87,417.77,426.48,439.33,452.65,medium
cam05__frame_00001.jpg,88,400.26,445.13,416.3,464.21,high
cam05__frame_00001.jpg,89,416.73,453.37,437.76,481.12,high
cam05__frame_00001.jpg,90,429.1,472.88,446.43,507.56,medium
cam05__frame_00001.jpg,91,438.8,439.28,447.95,469.41,high
cam05__frame_00001.jpg,92,450.38,509.13,475.1,534.76,low
cam05__frame_00001.jpg,93,473.31,525.8,502.5,565.32,medium
cam05__frame_00001.jpg,94,517.36,594.09,532.19,630.05,medium
cam05__frame_00001.jpg,95,3.77,116.4,29.52,166.23,low
cam05__frame_00001.jpg,96,31.18,152.94,46.96,165.4,medium
cam05__frame_00001.jpg,97,56.93,143.8,68.6,159.58,high
cam05__frame_00001.jpg,98,68.81,129.67,75.01,156.96,high
cam05__frame_00001.jpg,99,74.39,122.22,86.18,156.96,high
cam05__frame_00001.jpg,100,87.42,125.32,104.79,156.96,high
cam05__frame_00001.jpg,101,105.6,122.27,115.62,139.89,high
cam05__frame_00001.jpg,102,105.2,139.49,115.22,159.1,high
cam05__frame_00001.jpg,103,126.43,151.91,155.67,159.12,high
cam05__frame_00001.jpg,104,156.87,151.91,164.48,163.52,high
cam05__frame_00001.jpg,105,165.28,151.91,175.7,163.12,high
cam05__frame_00001.jpg,106,4.0,266.2,25.86,326.1,low
cam05__frame_00001.jpg,107,23.43,256.2,39.0,309.2,low
cam05__frame_00001.jpg,108,37.63,247.9,48.71,299.14,medium
cam05__frame_00001.jpg,109,67.96,204.64,74.24,230.07,medium
cam05__frame_00001.jpg,110,70.05,230.97,75.44,247.73,medium
cam05__frame_00001.jpg,111,76.64,189.07,88.01,216.61,medium
cam05__frame_00001.jpg,112,76.34,216.91,87.11,242.05,medium
cam05__frame_00001.jpg,113,89.8,184.29,100.28,215.71,medium
cam05__frame_00001.jpg,114,88.31,215.71,99.98,238.16,medium
cam05__frame_00001.jpg,115,101.68,184.75,110.62,210.24,medium
cam05__frame_00001.jpg,116,101.3,210.53,109.8,232.2,medium
cam05__frame_00001.jpg,117,111.1,177.12,119.83,204.95,medium
cam05__frame_00001.jpg,118,111.2,205.2,119.23,225.89,medium
cam05__frame_00001.jpg,119,118.93,201.95,127.61,221.4,medium
cam05__frame_00001.jpg,120,127.61,199.26,134.49,217.51,medium
cam05__frame_00001.jpg,121,135.38,176.22,146.75,214.22,medium
cam05__frame_00001.jpg,122,146.64,176.39,153.4,210.97,medium
cam05__frame_00001.jpg,123,153.6,170.4,162.68,208.26,medium
cam05__frame_00001.jpg,124,163.03,179.07,172.21,202.94,medium
cam05__frame_00001.jpg,125,173.55,179.57,175.38,199.61,high
cam05__frame_00001.jpg,126,176.72,179.49,179.42,198.23,high
cam05__frame_00001.jpg,127,16.21,326.45,36.22,332.45,medium
cam05__frame_00001.jpg,128,11.51,332.72,27.02,338.22,medium
cam05__frame_00001.jpg,129,9.9,338.0,29.41,345.76,medium
cam05__frame_00001.jpg,130,17.78,345.76,29.41,352.87,medium
cam05__frame_00001.jpg,131,19.08,353.48,30.7,361.27,medium
cam05__frame_00001.jpg,132,18.43,361.23,30.06,369.02,medium
cam05__frame_00001.jpg,133,18.43,369.31,30.06,377.09,medium
cam05__frame_00001.jpg,134,19.4,377.38,31.03,385.17,medium
cam05__frame_00001.jpg,135,17.72,386.41,29.35,394.19,medium
cam05__frame_00001.jpg,136,19.01,395.45,30.64,403.24,medium
cam05__frame_00001.jpg,137,17.4,402.88,29.03,410.66,medium
cam05__frame_00001.jpg,138,19.34,411.92,30.97,419.71,medium
cam05__frame_00001.jpg,139,19.98,420.97,31.61,428.75,medium
cam05__frame_00001.jpg,140,19.04,430.37,29.98,438.16,medium
cam05__frame_00001.jpg,141,0.0,463.6,10.94,471.39,medium
cam05__frame_00001.jpg,142,18.53,439.68,30.15,447.46,medium
cam05__frame_00001.jpg,143,43.11,370.34,55.61,408.74,high
cam05__frame_00001.jpg,144,46.23,362.75,55.16,372.13,high
cam05__frame_00001.jpg,145,48.95,346.21,84.3,388.23,medium
cam05__frame_00001.jpg,146,64.62,256.2,89.3,338.87,medium
cam05__frame_00001.jpg,147,88.3,267.17,99.97,313.19,medium
cam05__frame_00001.jpg,148,100.26,262.4,109.09,303.31,medium
cam05__frame_00001.jpg,149,109.35,258.13,124.79,297.88,medium
cam05__frame_00001.jpg,150,123.68,249.19,132.9,281.47,medium
cam05__frame_00001.jpg,151,136.38,233.55,145.35,266.93,medium
cam05__frame_00001.jpg,152,145.96,233.58,149.87,259.82,medium
cam05__frame_00001.jpg,153,137.03,223.53,153.96,231.72,high
cam05__frame_00001.jpg,154,149.49,233.58,154.33,257.77,medium
cam05__frame_00001.jpg,155,153.96,223.53,161.78,249.4,high
cam05__frame_00001.jpg,156,161.4,221.11,167.36,234.7,high
cam05__frame_00001.jpg,157,162.15,234.7,167.92,244.19,high
cam05__frame_00001.jpg,158,166.99,216.09,172.57,242.51,high
cam05__frame_00001.jpg,159,172.75,215.16,178.15,235.81,high
cam05__frame_00001.jpg,160,185.28,219.88,190.88,227.63,high
cam05__frame_00001.jpg,161,184.85,229.14,191.31,242.49,medium
cam05__frame_00001.jpg,162,192.17,222.46,200.35,235.17,medium
cam05__frame_00001.jpg,163,83.7,347.76,112.81,369.38,low
cam05__frame_00001.jpg,164,110.5,320.96,122.9,366.21,medium
cam05__frame_00001.jpg,165,119.15,323.84,129.53,348.63,medium
cam05__frame_00001.jpg,166,120.79,301.81,134.99,324.23,high
cam05__frame_00001.jpg,167,133.74,294.34,144.95,327.22,high
cam05__frame_00001.jpg,168,144.95,281.38,161.39,311.02,medium
cam05__frame_00001.jpg,169,151.18,271.17,160.14,280.63,high
cam05__frame_00001.jpg,170,159.86,265.59,169.91,289.28,medium
cam05__frame_00001.jpg,171,171.3,256.27,179.1,274.09,high
cam05__frame_00001.jpg,172,1.39,503.89,32.85,521.52,low
cam05__frame_00001.jpg,173,2.48,493.83,33.94,511.46,low
cam05__frame_00001.jpg,174,4.26,484.02,33.69,501.11,low
cam05__frame_00001.jpg,175,17.19,475.11,48.64,492.74,low
cam05__frame_00001.jpg,176,24.46,467.46,42.28,477.71,medium
cam05__frame_00001.jpg,177,28.92,460.33,41.84,467.91,high
cam05__frame_00001.jpg,178,31.59,447.41,41.39,460.33,high
cam05__frame_00001.jpg,179,32.47,496.02,45.42,512.99,low
cam05__frame_00001.jpg,180,27.98,520.81,41.08,532.75,low
cam05__frame_00001.jpg,181,30.29,536.21,42.62,545.84,medium
cam05__frame_00001.jpg,182,29.91,545.07,44.93,556.62,medium
cam05__frame_00001.jpg,183,29.52,556.24,42.23,562.78,high
cam05__frame_00001.jpg,184,38.71,513.02,46.19,521.94,high
cam05__frame_00001.jpg,185,39.85,520.92,47.33,529.84,high
cam05__frame_00001.jpg,186,41.0,531.28,48.48,540.2,high
cam05__frame_00001.jpg,187,42.44,540.2,49.92,549.12,high
cam05__frame_00001.jpg,188,44.18,488.36,53.62,497.39,high
cam05__frame_00001.jpg,189,46.17,501.5,55.16,517.39,high
cam05__frame_00001.jpg,190,52.59,496.05,60.62,509.05,high
cam05__frame_00001.jpg,191,46.97,518.52,56.77,526.38,high
cam05__frame_00001.jpg,192,80.92,471.84,85.37,486.76,high
cam05__frame_00001.jpg,193,86.61,451.2,95.32,465.37,medium
cam05__frame_00001.jpg,194,89.85,464.88,96.31,481.04,high
cam05__frame_00001.jpg,195,96.56,430.32,108.74,447.22,medium
cam05__frame_00001.jpg,196,95.32,413.66,101.28,426.09,high
cam05__frame_00001.jpg,197,102.0,414.25,114.77,426.85,medium
cam05__frame_00001.jpg,198,97.27,403.35,105.67,414.45,high
cam05__frame_00001.jpg,199,108.07,410.25,120.27,419.05,high
cam05__frame_00001.jpg,200,99.87,397.05,123.27,403.85,medium
cam05__frame_00001.jpg,201,115.75,370.34,128.76,398.99,low
cam05__frame_00001.jpg,202,128.76,372.82,132.79,392.18,medium
cam05__frame_00001.jpg,203,136.21,340.68,145.26,351.02,medium
cam05__frame_00001.jpg,204,136.3,350.94,144.98,361.29,medium
cam05__frame_00001.jpg,205,136.47,360.96,145.32,375.15,medium
cam05__frame_00001.jpg,206,148.09,321.36,152.33,353.7,medium
cam05__frame_00001.jpg,207,153.0,327.43,159.66,347.32,high
cam05__frame_00001.jpg,208,35.9,586.5,56.76,610.55,high
cam05__frame_00001.jpg,209,51.66,539.6,74.83,590.16,medium
cam05__frame_00001.jpg,210,100.3,444.2,122.56,478.01,high
cam05__frame_00001.jpg,211,149.44,368.18,159.64,380.23,low
cam05__frame_00001.jpg,212,194.63,616.13,292.25,640.0,high
cam05__frame_00001.jpg,213,206.12,559.43,289.38,616.85,low
cam05__frame_00001.jpg,214,137.9,519.95,201.09,639.82,low
cam05__frame_00001.jpg,215,206.12,528.56,292.25,560.14,low
cam05__frame_00001.jpg,216,155.15,485.49,206.8,521.4,low
cam05__frame_00001.jpg,217,212.58,458.93,283.64,525.69,low
cam05__frame_00001.jpg,218,163.0,448.88,209.7,484.77,low
cam05__frame_00001.jpg,219,173.1,417.3,214.01,453.91,low
cam05__frame_00001.jpg,220,217.4,434.43,234.17,460.99,medium
cam05__frame_00001.jpg,221,240.41,422.06,262.74,456.8,medium
cam05__frame_00001.jpg,222,216.83,404.07,279.49,459.28,low
cam05__frame_00001.jpg,223,179.61,397.24,219.31,419.58,low
cam05__frame_00001.jpg,224,226.14,390.42,288.18,404.07,high
cam05__frame_00001.jpg,225,182.7,377.39,218.69,401.59,medium
cam05__frame_00001.jpg,226,227.38,353.2,278.25,393.52,low
cam05__frame_00001.jpg,227,180.23,340.17,224.9,377.39,low
cam05__frame_00001.jpg,228,189.54,288.67,226.14,342.03,low
cam05__frame_00001.jpg,229,226.14,314.73,275.77,346.99,low
cam05__frame_00001.jpg,230,229.24,273.79,276.39,314.73,low
cam05__frame_00001.jpg,231,202.93,273.19,226.97,290.81,high
cam05__frame_00001.jpg,232,221.76,258.77,261.01,274.79,high
cam05__frame_00001.jpg,233,210.94,242.35,223.76,261.57,high
cam05__frame_00001.jpg,234,226.16,244.35,255.8,260.37,high
cam05__frame_00001.jpg,235,301.46,608.1,388.91,640.0,high
cam05__frame_00001.jpg,236,292.81,563.9,390.83,608.1,low
cam05__frame_00001.jpg,237,289.93,494.71,392.75,560.05,low
cam05__frame_00001.jpg,238,292.81,373.63,400.44,496.63,low
cam05__frame_00001.jpg,239,389.87,482.22,450.41,638.85,medium
cam05__frame_00001.jpg,240,308.7,347.98,359.52,380.87,high
cam05__frame_00001.jpg,241,279.49,349.85,311.13,380.25,high
cam05__frame_00001.jpg,242,279.49,330.61,326.02,349.85,high
cam05__frame_00001.jpg,243,280.11,280.98,326.02,332.47,medium
cam05__frame_00001.jpg,244,282.59,276.02,318.58,281.6,high
cam05__frame_00001.jpg,245,279.58,268.36,314.14,275.81,high
cam05__frame_00001.jpg,246,280.53,262.65,313.98,269.29,high
cam05__frame_00001.jpg,247,0.0,512.91,43.54,638.63,medium
cam05__frame_00001.jpg,248,447.43,331.06,457.1,349.22,medium
cam05__frame_00001.jpg,249,446.49,311.33,458.08,330.43,medium
cam05__frame_00004.jpg,0,35.9,586.5,56.76,610.55,high
cam05__frame_00004.jpg,1,51.66,539.6,74.83,590.16,medium
cam05__frame_00004.jpg,2,80.92,471.84,85.37,486.76,high
cam05__frame_00004.jpg,3,89.85,464.88,96.31,481.04,high
cam05__frame_00004.jpg,4,86.61,451.2,95.32,465.37,medium
cam05__frame_00004.jpg,5,100.3,444.2,122.56,478.01,high
cam05__frame_00004.jpg,6,96.56,430.32,108.74,447.22,medium
cam05__frame_00004.jpg,7,95.32,413.66,101.28,426.09,high
cam05__frame_00004.jpg,8,102.0,414.25,114.77,426.85,medium
cam05__frame_00004.jpg,9,108.07,410.25,120.27,419.05,high
cam05__frame_00004.jpg,10,97.27,403.35,105.67,414.45,high
cam05__frame_00004.jpg,11,99.87,397.05,123.27,403.85,medium
cam05__frame_00004.jpg,12,115.75,370.34,128.76,398.99,low
cam05__frame_00004.jpg,13,128.76,372.82,132.79,392.18,medium
cam05__frame_00004.jpg,14,136.21,340.68,145.26,351.02,medium
cam05__frame_00004.jpg,15,136.3,350.94,144.98,361.29,medium
cam05__frame_00004.jpg,16,136.47,360.96,145.32,375.15,medium
cam05__frame_00004.jpg,17,149.44,368.18,159.64,380.23,low
cam05__frame_00004.jpg,18,148.09,321.36,152.33,353.7,medium
cam05__frame_00004.jpg,19,153.0,327.43,159.66,347.32,high
cam05__frame_00004.jpg,20,194.63,616.13,292.25,640.0,high
cam05__frame_00004.jpg,21,301.46,608.1,388.91,640.0,high
cam05__frame_00004.jpg,22,137.9,519.95,201.09,639.82,low
cam05__frame_00004.jpg,23,206.12,559.43,289.38,616.85,low
cam05__frame_00004.jpg,24,292.81,563.9,390.83,608.1,low
cam05__frame_00004.jpg,25,389.87,482.22,450.41,638.85,medium
cam05__frame_00004.jpg,26,289.93,494.71,392.75,560.05,low
cam05__frame_00004.jpg,27,155.15,485.49,206.8,521.4,low
cam05__frame_00004.jpg,28,212.58,458.93,283.64,525.69,low
cam05__frame_00004.jpg,29,292.81,373.63,400.44,496.63,low
cam05__frame_00004.jpg,30,163.0,448.88,209.7,484.77,low
cam05__frame_00004.jpg,31,173.1,417.3,214.01,453.91,low
cam05__frame_00004.jpg,32,216.83,404.07,279.49,459.28,low
cam05__frame_00004.jpg,33,217.4,434.43,234.17,460.99,medium
cam05__frame_00004.jpg,34,240.41,422.06,262.74,456.8,medium
cam05__frame_00004.jpg,35,182.7,377.39,218.69,401.59,medium
cam05__frame_00004.jpg,36,226.14,390.42,288.18,404.07,high
cam05__frame_00004.jpg,37,180.23,340.17,224.9,377.39,low
cam05__frame_00004.jpg,38,227.38,353.2,278.25,393.52,low
cam05__frame_00004.jpg,39,279.49,349.85,311.13,380.25,high
cam05__frame_00004.jpg,40,308.7,347.98,359.52,380.87,high
cam05__frame_00004.jpg,41,279.49,330.61,326.02,349.85,high
cam05__frame_00004.jpg,42,189.54,288.67,226.14,342.03,low
cam05__frame_00004.jpg,43,226.14,314.73,275.77,346.99,low
cam05__frame_00004.jpg,44,229.24,273.79,276.39,314.73,low
cam05__frame_00004.jpg,45,280.11,280.98,326.02,332.47,medium
cam05__frame_00004.jpg,46,282.59,276.02,318.58,281.6,high
cam05__frame_00004.jpg,47,279.58,268.36,314.14,275.81,high
cam05__frame_00004.jpg,48,280.53,262.65,313.98,269.29,high
cam05__frame_00004.jpg,49,202.93,273.19,226.97,290.81,high
cam05__frame_00004.jpg,50,221.76,258.77,261.01,274.79,high
cam05__frame_00004.jpg,51,210.94,242.35,223.76,261.57,high
cam05__frame_00004.jpg,52,226.16,244.35,255.8,260.37,high
cam05__frame_00004.jpg,53,144.95,281.38,161.39,311.02,medium
cam05__frame_00004.jpg,54,11.51,332.72,27.02,338.22,medium
cam05__frame_00004.jpg,55,16.21,326.45,36.22,332.45,medium
cam05__frame_00004.jpg,56,192.17,222.46,200.35,235.17,medium
cam05__frame_00004.jpg,57,184.85,229.14,191.31,242.49,medium
cam05__frame_00004.jpg,58,172.75,215.16,178.15,235.81,high
cam05__frame_00004.jpg,59,166.99,216.09,172.57,242.51,high
cam05__frame_00004.jpg,60,162.15,234.7,167.92,244.19,high
cam05__frame_00004.jpg,61,161.4,221.11,167.36,234.7,high
cam05__frame_00004.jpg,62,153.96,223.53,161.78,249.4,high
cam05__frame_00004.jpg,63,137.03,223.53,153.96,231.72,high
cam05__frame_00004.jpg,64,149.49,233.58,154.33,257.77,medium
cam05__frame_00004.jpg,65,145.96,233.58,149.87,259.82,medium
cam05__frame_00004.jpg,66,136.38,233.55,145.35,266.93,medium
cam05__frame_00004.jpg,67,123.68,249.19,132.9,281.47,medium
cam05__frame_00004.jpg,68,109.35,258.13,124.79,297.88,medium
cam05__frame_00004.jpg,69,100.26,262.4,109.09,303.31,medium
cam05__frame_00004.jpg,70,88.3,267.17,99.97,313.19,medium
cam05__frame_00004.jpg,71,64.62,256.2,89.3,338.87,medium
cam05__frame_00004.jpg,72,176.72,179.49,179.42,198.23,high
cam05__frame_00004.jpg,73,173.55,179.57,175.38,199.61,high
cam05__frame_00004.jpg,74,163.03,179.07,172.21,202.94,medium
cam05__frame_00004.jpg,75,153.6,170.4,162.68,208.26,medium
cam05__frame_00004.jpg,76,146.64,176.39,153.4,210.97,medium
cam05__frame_00004.jpg,77,135.38,176.22,146.75,214.22,medium
cam05__frame_00004.jpg,78,127.61,199.26,134.49,217.51,medium
cam05__frame_00004.jpg,79,118.93,201.95,127.61,221.4,medium
cam05__frame_00004.jpg,80,111.2,205.2,119.23,225.89,medium
cam05__frame_00004.jpg,81,111.1,177.12,119.83,204.95,medium
cam05__frame_00004.jpg,82,101.3,210.53,109.8,232.2,medium
cam05__frame_00004.jpg,83,101.68,184.75,110.62,210.24,medium
cam05__frame_00004.jpg,84,88.31,215.71,99.98,238.16,medium
cam05__frame_00004.jpg,85,89.8,184.29,100.28,215.71,medium
cam05__frame_00004.jpg,86,76.34,216.91,87.11,242.05,medium
cam05__frame_00004.jpg,87,76.64,189.07,88.01,216.61,medium
cam05__frame_00004.jpg,88,70.05,230.97,75.44,247.73,medium
cam05__frame_00004.jpg,89,67.96,204.64,74.24,230.07,medium
cam05__frame_00004.jpg,90,37.63,247.9,48.71,299.14,medium
cam05__frame_00004.jpg,91,23.43,256.2,39.0,309.2,low
cam05__frame_00004.jpg,92,4.0,266.2,25.86,326.1,low
cam05__frame_00004.jpg,93,165.28,151.91,175.7,163.12,high
cam05__frame_00004.jpg,94,156.87,151.91,164.48,163.52,high
cam05__frame_00004.jpg,95,126.43,151.91,155.67,159.12,high
cam05__frame_00004.jpg,96,105.2,139.49,115.22,159.1,high
cam05__frame_00004.jpg,97,105.6,122.27,115.62,139.89,high
cam05__frame_00004.jpg,98,87.42,125.32,104.79,156.96,high
cam05__frame_00004.jpg,99,74.39,122.22,86.18,156.96,high
cam05__frame_00004.jpg,100,68.81,129.67,75.01,156.96,high
cam05__frame_00004.jpg,101,56.93,143.8,68.6,159.58,high
cam05__frame_00004.jpg,102,31.18,152.94,46.96,165.4,medium
cam05__frame_00004.jpg,103,3.77,116.4,29.52,166.23,low
cam05__frame_00004.jpg,104,151.18,271.17,160.14,280.63,high
cam05__frame_00004.jpg,105,133.74,294.34,144.95,327.22,high
cam05__frame_00004.jpg,106,159.86,265.59,169.91,289.28,medium
cam05__frame_00004.jpg,107,171.3,256.27,179.1,274.09,high
cam05__frame_00004.jpg,108,354.09,182.86,362.8,211.73,high
cam05__frame_00004.jpg,109,372.34,176.82,413.3,205.07,low
cam05__frame_00004.jpg,110,372.34,206.11,394.83,230.17,low
cam05__frame_00004.jpg,111,396.12,207.14,411.82,239.05,medium
cam05__frame_00004.jpg,112,422.03,185.72,446.09,219.19,medium
cam05__frame_00004.jpg,113,415.7,218.72,435.57,251.92,medium
cam05__frame_00004.jpg,114,435.87,219.23,446.77,257.77,medium
cam05__frame_00004.jpg,115,447.03,189.99,463.78,228.8,low
cam05__frame_00004.jpg,116,447.03,228.8,463.25,263.62,medium
cam05__frame_00004.jpg,117,447.62,163.65,458.3,180.37,medium
cam05__frame_00004.jpg,118,457.48,146.28,477.82,183.8,medium
cam05__frame_00004.jpg,119,479.63,163.44,526.64,187.87,low
cam05__frame_00004.jpg,120,466.48,193.54,474.31,233.75,high
cam05__frame_00004.jpg,121,464.63,234.22,471.72,270.51,high
cam05__frame_00004.jpg,122,473.25,203.09,516.83,240.57,medium
cam05__frame_00004.jpg,123,0.0,512.91,43.54,638.63,medium
cam05__frame_00004.jpg,124,474.18,238.32,505.01,277.33,medium
cam05__frame_00004.jpg,125,505.8,245.28,514.89,289.58,high
cam05__frame_00004.jpg,126,514.73,200.9,582.27,268.31,medium
cam05__frame_00004.jpg,127,511.24,254.69,541.48,303.06,medium
cam05__frame_00004.jpg,128,538.26,269.78,561.91,321.45,medium
cam05__frame_00004.jpg,129,560.74,275.63,584.8,328.98,medium
cam05__frame_00004.jpg,130,584.28,105.11,640.0,161.08,low
cam05__frame_00004.jpg,131,584.8,158.99,639.72,213.91,low
cam05__frame_00004.jpg,132,585.85,205.54,638.67,262.03,low
cam05__frame_00004.jpg,133,582.18,256.27,638.67,305.96,medium
cam05__frame_00004.jpg,134,575.19,296.48,635.25,357.32,low
cam05__frame_00004.jpg,135,628.21,338.39,635.01,360.36,high
cam05__frame_00004.jpg,136,522.15,155.21,579.41,193.38,low
cam05__frame_00004.jpg,137,343.36,233.09,350.3,238.0,medium
cam05__frame_00004.jpg,138,344.03,237.93,349.81,243.38,medium
cam05__frame_00004.jpg,139,343.87,244.21,349.48,250.32,medium
cam05__frame_00004.jpg,140,353.93,238.2,361.95,263.99,medium
cam05__frame_00004.jpg,141,361.48,240.06,372.7,275.0,medium
cam05__frame_00004.jpg,142,374.0,253.11,381.64,284.82,medium
cam05__frame_00004.jpg,143,404.61,264.74,409.47,279.06,high
cam05__frame_00004.jpg,144,403.8,278.55,409.21,288.78,high
cam05__frame_00004.jpg,145,403.35,289.42,408.6,301.26,medium
cam05__frame_00004.jpg,146,418.69,266.5,439.51,283.7,medium
cam05__frame_00004.jpg,147,410.59,278.79,430.79,298.74,high
cam05__frame_00004.jpg,148,440.69,290.46,454.77,307.47,high
cam05__frame_00004.jpg,149,417.46,302.66,428.85,322.4,high
cam05__frame_00004.jpg,150,429.7,307.29,444.33,338.96,medium
cam05__frame_00004.jpg,151,446.49,311.33,458.08,330.43,medium
cam05__frame_00004.jpg,152,447.43,331.06,457.1,349.22,medium
cam05__frame_00004.jpg,153,471.21,308.08,483.55,342.5,high
cam05__frame_00004.jpg,154,470.6,341.85,497.18,381.46,medium
cam05__frame_00004.jpg,155,496.0,357.16,509.43,402.1,medium
cam05__frame_00004.jpg,156,510.51,374.92,521.75,418.76,medium
cam05__frame_00004.jpg,157,516.84,374.02,570.29,443.35,low
cam05__frame_00004.jpg,158,558.74,362.4,573.77,381.94,high
cam05__frame_00004.jpg,159,567.0,392.46,588.79,416.5,high
cam05__frame_00004.jpg,160,588.04,389.45,616.6,416.5,high
cam05__frame_00004.jpg,161,557.69,414.57,612.81,487.99,low
cam05__frame_00004.jpg,162,616.6,427.77,628.62,463.09,high
cam05__frame_00004.jpg,163,604.6,475.11,618.85,506.67,high
cam05__frame_00004.jpg,164,339.07,272.57,345.77,284.31,low
cam05__frame_00004.jpg,165,344.93,282.63,350.38,295.63,low
cam05__frame_00004.jpg,166,350.8,278.02,360.87,290.6,medium
cam05__frame_00004.jpg,167,351.22,289.34,359.19,304.43,medium
cam05__frame_00004.jpg,168,359.19,293.11,364.64,317.43,medium
cam05__frame_00004.jpg,169,365.06,290.6,369.67,325.4,high
cam05__frame_00004.jpg,170,370.08,300.45,375.75,315.57,medium
cam05__frame_00004.jpg,171,370.5,315.34,378.9,325.4,high
cam05__frame_00004.jpg,172,376.84,327.03,382.74,341.54,medium
cam05__frame_00004.jpg,173,391.31,334.83,398.75,343.15,low
cam05__frame_00004.jpg,174,387.67,341.54,394.56,355.31,medium
cam05__frame_00004.jpg,175,398.56,344.56,407.9,348.9,high
cam05__frame_00004.jpg,176,396.9,347.23,400.9,369.58,medium
cam05__frame_00004.jpg,177,400.9,350.23,405.9,376.25,medium
cam05__frame_00004.jpg,178,408.87,330.62,419.21,370.3,high
cam05__frame_00004.jpg,179,418.06,338.65,443.68,420.81,medium
cam05__frame_00004.jpg,180,439.53,370.42,454.96,432.68,medium
cam05__frame_00004.jpg,181,450.58,393.96,484.1,452.9,medium
cam05__frame_00004.jpg,182,468.44,428.79,510.86,481.0,medium
cam05__frame_00004.jpg,183,499.25,455.58,517.11,510.05,medium
cam05__frame_00004.jpg,184,514.0,479.69,534.52,542.2,medium
cam05__frame_00004.jpg,185,532.95,497.32,547.29,562.48,medium
cam05__frame_00004.jpg,186,571.2,553.51,598.1,626.44,low
cam05__frame_00004.jpg,187,331.81,316.04,351.01,357.57,low
cam05__frame_00004.jpg,188,350.56,326.76,357.26,346.85,high
cam05__frame_00004.jpg,189,359.04,329.44,367.53,339.26,high
cam05__frame_00004.jpg,190,357.1,340.0,366.19,350.87,high
cam05__frame_00004.jpg,191,359.28,352.1,367.93,368.73,high
cam05__frame_00004.jpg,192,382.4,358.45,388.37,367.15,high
cam05__frame_00004.jpg,193,370.97,368.88,378.68,380.81,high
cam05__frame_00004.jpg,194,381.9,368.14,398.8,384.79,high
cam05__frame_00004.jpg,195,387.3,384.04,404.27,412.1,high
cam05__frame_00004.jpg,196,408.93,393.08,418.73,412.67,low
cam05__frame_00004.jpg,197,392.2,416.7,417.19,444.88,medium
cam05__frame_00004.jpg,198,417.77,426.48,439.33,452.65,medium
cam05__frame_00004.jpg,199,400.26,445.13,416.3,464.21,high
cam05__frame_00004.jpg,200,416.73,453.37,437.76,481.12,high
cam05__frame_00004.jpg,201,429.1,472.88,446.43,507.56,medium
cam05__frame_00004.jpg,202,438.8,439.28,447.95,469.41,high
cam05__frame_00004.jpg,203,450.38,509.13,475.1,534.76,low
cam05__frame_00004.jpg,204,473.31,525.8,502.5,565.32,medium
cam05__frame_00004.jpg,205,517.36,594.09,532.19,630.05,medium
cam05__frame_00004.jpg,206,133.74,294.34,144.95,327.22,high
cam05__frame_00004.jpg,207,120.79,301.81,134.99,324.23,high
cam05__frame_00004.jpg,208,119.15,323.84,129.53,348.63,medium
cam05__frame_00004.jpg,209,110.5,320.96,122.9,366.21,medium
cam05__frame_00004.jpg,210,83.7,347.76,112.81,369.38,low
cam05__frame_00004.jpg,211,48.95,346.21,84.3,388.23,medium
cam05__frame_00004.jpg,212,46.23,362.75,55.16,372.13,high
cam05__frame_00004.jpg,213,43.11,370.34,55.61,408.74,high
cam05__frame_00004.jpg,214,19.4,377.38,31.03,385.17,medium
cam05__frame_00004.jpg,215,27.98,520.81,41.08,532.75,low
cam05__frame_00004.jpg,216,29.52,556.24,42.23,562.78,high
cam05__frame_00004.jpg,217,29.91,545.07,44.93,556.62,medium
cam05__frame_00004.jpg,218,30.29,536.21,42.62,545.84,medium
cam05__frame_00004.jpg,219,42.44,540.2,49.92,549.12,high
cam05__frame_00004.jpg,220,41.0,531.28,48.48,540.2,high
cam05__frame_00004.jpg,221,39.85,520.92,47.33,529.84,high
cam05__frame_00004.jpg,222,38.71,513.02,46.19,521.94,high
cam05__frame_00004.jpg,223,32.47,496.02,45.42,512.99,low
cam05__frame_00004.jpg,224,46.97,518.52,56.77,526.38,high
cam05__frame_00004.jpg,225,46.17,501.5,55.16,517.39,high
cam05__frame_00004.jpg,226,52.59,496.05,60.62,509.05,high
cam05__frame_00004.jpg,227,44.18,488.36,53.62,497.39,high
cam05__frame_00004.jpg,228,1.39,503.89,32.85,521.52,low
cam05__frame_00004.jpg,229,2.48,493.83,33.94,511.46,low
cam05__frame_00004.jpg,230,4.26,484.02,33.69,501.11,low
cam05__frame_00004.jpg,231,17.19,475.11,48.64,492.74,low
cam05__frame_00004.jpg,232,24.46,467.46,42.28,477.71,medium
cam05__frame_00004.jpg,233,28.92,460.33,41.84,467.91,high
cam05__frame_00004.jpg,234,31.59,447.41,41.39,460.33,high
cam05__frame_00004.jpg,235,0.0,463.6,10.94,471.39,medium
cam05__frame_00004.jpg,236,18.53,439.68,30.15,447.46,medium
cam05__frame_00004.jpg,237,19.04,430.37,29.98,438.16,medium
cam05__frame_00004.jpg,238,19.98,420.97,31.61,428.75,medium
cam05__frame_00004.jpg,239,19.34,411.92,30.97,419.71,medium
cam05__frame_00004.jpg,240,17.4,402.88,29.03,410.66,medium
cam05__frame_00004.jpg,241,19.01,395.45,30.64,403.24,medium
cam05__frame_00004.jpg,242,17.72,386.41,29.35,394.19,medium
cam05__frame_00004.jpg,243,18.43,369.31,30.06,377.09,medium
cam05__frame_00004.jpg,244,18.43,361.23,30.06,369.02,medium
cam05__frame_00004.jpg,245,19.08,353.48,30.7,361.27,medium
cam05__frame_00004.jpg,246,17.78,345.76,29.41,352.87,medium
cam05__frame_00004.jpg,247,9.9,338.0,29.41,345.76,medium
cam05__frame_00007.jpg,0,35.9,586.5,56.76,610.55,high
cam05__frame_00007.jpg,1,517.36,594.09,532.19,637.5,medium
cam05__frame_00007.jpg,2,354.09,182.86,362.8,211.73,high
cam05__frame_00007.jpg,3,372.34,176.82,413.3,205.07,low
cam05__frame_00007.jpg,4,372.34,206.11,394.83,230.17,low
cam05__frame_00007.jpg,5,396.12,207.14,411.82,239.05,medium
cam05__frame_00007.jpg,6,422.03,185.72,446.09,219.19,medium
cam05__frame_00007.jpg,7,415.7,218.72,435.57,251.92,medium
cam05__frame_00007.jpg,8,435.87,219.23,446.77,257.77,medium
cam05__frame_00007.jpg,9,447.03,189.99,463.78,228.8,low
cam05__frame_00007.jpg,10,447.03,228.8,463.25,263.62,medium
cam05__frame_00007.jpg,11,447.62,163.65,458.3,180.37,medium
cam05__frame_00007.jpg,12,457.48,146.28,477.82,183.8,medium
cam05__frame_00007.jpg,13,479.63,163.44,526.64,187.87,low
cam05__frame_00007.jpg,14,466.48,193.54,474.31,233.75,high
cam05__frame_00007.jpg,15,464.63,234.22,471.72,270.51,high
cam05__frame_00007.jpg,16,473.25,203.09,516.83,240.57,medium
cam05__frame_00007.jpg,17,474.18,238.32,505.01,277.33,medium
cam05__frame_00007.jpg,18,505.8,245.28,514.89,289.58,high
cam05__frame_00007.jpg,19,514.73,200.9,582.27,268.31,medium
cam05__frame_00007.jpg,20,511.24,254.69,541.48,303.06,medium
cam05__frame_00007.jpg,21,538.26,269.78,561.91,321.45,medium
cam05__frame_00007.jpg,22,560.74,275.63,584.8,328.98,medium
cam05__frame_00007.jpg,23,584.28,105.11,640.0,161.08,low
cam05__frame_00007.jpg,24,584.8,158.99,639.72,213.91,low
cam05__frame_00007.jpg,25,585.85,205.54,638.67,262.03,low
cam05__frame_00007.jpg,26,582.18,256.27,638.67,305.96,medium
cam05__frame_00007.jpg,27,575.19,296.48,635.25,357.32,low
cam05__frame_00007.jpg,28,628.21,338.39,635.01,360.36,high
cam05__frame_00007.jpg,29,522.15,155.21,579.41,193.38,low
cam05__frame_00007.jpg,30,343.36,233.09,350.3,238.0,medium
cam05__frame_00007.jpg,31,344.03,237.93,349.81,243.38,medium
cam05__frame_00007.jpg,32,343.87,244.21,349.48,250.32,medium
cam05__frame_00007.jpg,33,353.93,238.2,361.95,263.99,medium
cam05__frame_00007.jpg,34,361.48,240.06,372.7,275.0,medium
cam05__frame_00007.jpg,35,374.0,253.11,381.64,284.82,medium
cam05__frame_00007.jpg,36,404.61,264.74,409.47,279.06,high
cam05__frame_00007.jpg,37,403.8,278.55,409.21,288.78,high
cam05__frame_00007.jpg,38,403.35,289.42,408.6,301.26,medium
cam05__frame_00007.jpg,39,418.69,266.5,439.51,283.7,medium
cam05__frame_00007.jpg,40,410.59,278.79,430.79,298.74,high
cam05__frame_00007.jpg,41,440.69,290.46,454.77,307.47,high
cam05__frame_00007.jpg,42,417.46,302.66,428.85,322.4,high
cam05__frame_00007.jpg,43,429.7,307.29,444.33,338.96,medium
cam05__frame_00007.jpg,44,446.49,311.33,458.08,330.43,medium
cam05__frame_00007.jpg,45,447.43,331.06,457.1,349.22,medium
cam05__frame_00007.jpg,46,471.21,308.08,483.55,342.5,high
cam05__frame_00007.jpg,47,470.6,341.85,497.18,381.46,medium
cam05__frame_00007.jpg,48,496.0,357.16,509.43,402.1,medium
cam05__frame_00007.jpg,49,510.51,374.92,521.75,418.76,medium
cam05__frame_00007.jpg,50,516.84,374.02,570.29,443.35,low
cam05__frame_00007.jpg,51,558.74,362.4,573.77,381.94,high
cam05__frame_00007.jpg,52,567.0,392.46,588.79,416.5,high
cam05__frame_00007.jpg,53,588.04,389.45,616.6,416.5,high
cam05__frame_00007.jpg,54,557.69,414.57,612.81,487.99,low
cam05__frame_00007.jpg,55,616.6,427.77,628.62,463.09,high
cam05__frame_00007.jpg,56,604.6,475.11,618.85,506.67,high
cam05__frame_00007.jpg,57,339.07,272.57,345.77,284.31,low
cam05__frame_00007.jpg,58,344.93,282.63,350.38,295.63,low
cam05__frame_00007.jpg,59,350.8,278.02,360.87,290.6,medium
cam05__frame_00007.jpg,60,351.22,289.34,359.19,304.43,medium
cam05__frame_00007.jpg,61,359.19,293.11,364.64,317.43,medium
cam05__frame_00007.jpg,62,365.06,290.6,369.67,325.4,high
cam05__frame_00007.jpg,63,370.08,300.45,375.75,315.57,medium
cam05__frame_00007.jpg,64,370.5,315.34,378.9,325.4,high
cam05__frame_00007.jpg,65,376.84,327.03,382.74,341.54,medium
cam05__frame_00007.jpg,66,391.31,334.83,398.75,343.15,low
cam05__frame_00007.jpg,67,387.67,341.54,394.56,355.31,medium
cam05__frame_00007.jpg,68,398.56,344.56,407.9,348.9,high
cam05__frame_00007.jpg,69,396.9,347.23,400.9,369.58,medium
cam05__frame_00007.jpg,70,400.9,350.23,405.9,376.25,medium
cam05__frame_00007.jpg,71,408.87,330.62,419.21,370.3,high
cam05__frame_00007.jpg,72,418.06,338.65,443.68,420.81,medium
cam05__frame_00007.jpg,73,439.53,370.42,454.96,432.68,medium
cam05__frame_00007.jpg,74,450.58,393.96,484.1,452.9,medium
cam05__frame_00007.jpg,75,468.44,428.79,510.86,481.0,medium
cam05__frame_00007.jpg,76,499.25,455.58,517.11,510.05,medium
cam05__frame_00007.jpg,77,514.0,479.69,534.52,542.2,medium
cam05__frame_00007.jpg,78,532.95,497.32,547.29,562.48,medium
cam05__frame_00007.jpg,79,571.2,553.51,598.1,626.44,low
cam05__frame_00007.jpg,80,331.81,316.04,351.01,357.57,low
cam05__frame_00007.jpg,81,350.56,326.76,357.26,346.85,high
cam05__frame_00007.jpg,82,359.04,329.44,367.53,339.26,high
cam05__frame_00007.jpg,83,357.1,340.0,366.19,350.87,high
cam05__frame_00007.jpg,84,359.28,352.1,367.93,368.73,high
cam05__frame_00007.jpg,85,382.4,358.45,388.37,367.15,high
cam05__frame_00007.jpg,86,370.97,368.88,378.68,380.81,high
cam05__frame_00007.jpg,87,381.9,368.14,398.8,384.79,high
cam05__frame_00007.jpg,88,387.3,384.04,404.27,412.1,high
cam05__frame_00007.jpg,89,408.93,393.08,418.73,412.67,low
cam05__frame_00007.jpg,90,392.2,416.7,417.19,444.88,medium
cam05__frame_00007.jpg,91,417.77,426.48,439.33,452.65,medium
cam05__frame_00007.jpg,92,400.26,445.13,416.3,464.21,high
cam05__frame_00007.jpg,93,416.73,453.37,437.76,481.12,high
cam05__frame_00007.jpg,94,429.1,472.88,446.43,507.56,medium
cam05__frame_00007.jpg,95,438.8,439.28,447.95,469.41,high
cam05__frame_00007.jpg,96,450.38,509.13,475.1,534.76,low
cam05__frame_00007.jpg,97,473.31,525.8,502.5,565.32,medium
cam05__frame_00007.jpg,98,226.16,244.35,255.8,260.37,high
cam05__frame_00007.jpg,99,210.94,242.35,223.76,261.57,high
cam05__frame_00007.jpg,100,221.76,258.77,261.01,274.79,high
cam05__frame_00007.jpg,101,202.93,273.19,226.97,290.81,high
cam05__frame_00007.jpg,102,280.53,262.65,313.98,269.29,high
cam05__frame_00007.jpg,103,279.58,268.36,314.14,275.81,high
cam05__frame_00007.jpg,104,282.59,276.02,318.58,281.6,high
cam05__frame_00007.jpg,105,280.11,280.98,326.02,332.47,medium
cam05__frame_00007.jpg,106,229.24,273.79,276.39,314.73,low
cam05__frame_00007.jpg,107,226.14,314.73,275.77,346.99,low
cam05__frame_00007.jpg,108,189.54,288.67,226.14,342.03,low
cam05__frame_00007.jpg,109,279.49,330.61,326.02,349.85,high
cam05__frame_00007.jpg,110,308.7,347.98,359.52,380.87,high
cam05__frame_00007.jpg,111,279.49,349.85,311.13,380.25,high
cam05__frame_00007.jpg,112,227.38,353.2,278.25,393.52,low
cam05__frame_00007.jpg,113,180.23,340.17,224.9,377.39,low
cam05__frame_00007.jpg,114,226.14,390.42,288.18,404.07,high
cam05__frame_00007.jpg,115,182.7,377.39,218.69,401.59,medium
cam05__frame_00007.jpg,116,240.41,422.06,262.74,456.8,medium
cam05__frame_00007.jpg,117,217.4,434.43,234.17,460.99,medium
cam05__frame_00007.jpg,118,216.83,404.07,279.49,459.28,low
cam05__frame_00007.jpg,119,173.1,417.3,214.01,453.91,low
cam05__frame_00007.jpg,120,163.0,448.88,209.7,484.77,low
cam05__frame_00007.jpg,121,286.2,373.63,400.44,496.63,low
cam05__frame_00007.jpg,122,212.58,458.93,283.64,525.69,low
cam05__frame_00007.jpg,123,155.15,485.49,206.8,521.4,low
cam05__frame_00007.jpg,124,289.93,494.71,392.75,560.05,low
cam05__frame_00007.jpg,125,389.87,482.22,430.0,638.85,medium
cam05__frame_00007.jpg,126,288.5,563.9,390.83,608.1,low
cam05__frame_00007.jpg,127,206.12,559.43,289.38,616.85,low
cam05__frame_00007.jpg,128,137.9,519.95,201.09,639.82,low
cam05__frame_00007.jpg,129,301.46,608.1,388.91,640.0,high
cam05__frame_00007.jpg,130,194.63,616.13,292.25,640.0,high
cam05__frame_00007.jpg,131,153.0,327.43,159.66,347.32,high
cam05__frame_00007.jpg,132,148.09,321.36,152.33,353.7,medium
cam05__frame_00007.jpg,133,149.44,368.18,159.64,380.23,low
cam05__frame_00007.jpg,134,136.47,360.96,145.32,375.15,medium
cam05__frame_00007.jpg,135,136.3,350.94,144.98,361.29,medium
cam05__frame_00007.jpg,136,136.21,340.68,145.26,351.02,medium
cam05__frame_00007.jpg,137,128.76,372.82,132.79,392.18,medium
cam05__frame_00007.jpg,138,115.75,370.34,128.76,398.99,low
cam05__frame_00007.jpg,139,99.87,397.05,123.27,403.85,medium
cam05__frame_00007.jpg,140,97.27,403.35,105.67,414.45,high
cam05__frame_00007.jpg,141,108.07,410.25,120.27,419.05,high
cam05__frame_00007.jpg,142,102.0,414.25,114.77,426.85,medium
cam05__frame_00007.jpg,143,95.32,413.66,101.28,426.09,high
cam05__frame_00007.jpg,144,96.56,430.32,108.74,447.22,medium
cam05__frame_00007.jpg,145,100.3,444.2,122.56,478.01,high
cam05__frame_00007.jpg,146,86.61,451.2,95.32,465.37,medium
cam05__frame_00007.jpg,147,89.85,464.88,96.31,481.04,high
cam05__frame_00007.jpg,148,80.92,471.84,85.37,486.76,high
cam05__frame_00007.jpg,149,51.66,539.6,74.83,590.16,medium
cam05__frame_00007.jpg,150,0.0,512.91,43.54,638.63,medium
cam05__frame_00007.jpg,151,171.3,256.27,179.1,274.09,high
cam05__frame_00007.jpg,152,159.86,265.59,169.91,289.28,medium
cam05__frame_00007.jpg,153,151.18,271.17,160.14,280.63,high
cam05__frame_00007.jpg,154,144.95,281.38,161.39,311.02,medium
cam05__frame_00007.jpg,155,133.74,294.34,144.95,327.22,high
cam05__frame_00007.jpg,156,133.74,294.34,144.95,327.22,high
cam05__frame_00007.jpg,157,120.79,301.81,134.99,324.23,high
cam05__frame_00007.jpg,158,119.15,323.84,129.53,348.63,medium
cam05__frame_00007.jpg,159,110.5,320.96,122.9,366.21,medium
cam05__frame_00007.jpg,160,83.7,347.76,112.81,369.38,low
cam05__frame_00007.jpg,161,48.95,346.21,84.3,388.23,medium
cam05__frame_00007.jpg,162,46.23,362.75,55.16,372.13,high
cam05__frame_00007.jpg,163,43.11,370.34,55.61,408.74,high
cam05__frame_00007.jpg,164,19.4,377.38,31.03,385.17,medium
cam05__frame_00007.jpg,165,27.98,520.81,41.08,532.75,low
cam05__frame_00007.jpg,166,29.52,556.24,42.23,562.78,high
cam05__frame_00007.jpg,167,29.91,545.07,44.93,556.62,medium
cam05__frame_00007.jpg,168,30.29,536.21,42.62,545.84,medium
cam05__frame_00007.jpg,169,42.44,540.2,49.92,549.12,high
cam05__frame_00007.jpg,170,41.0,531.28,48.48,540.2,high
cam05__frame_00007.jpg,171,39.85,520.92,47.33,529.84,high
cam05__frame_00007.jpg,172,38.71,513.02,46.19,521.94,high
cam05__frame_00007.jpg,173,32.47,496.02,45.42,512.99,low
cam05__frame_00007.jpg,174,46.97,518.52,56.77,526.38,high
cam05__frame_00007.jpg,175,46.17,501.5,55.16,517.39,high
cam05__frame_00007.jpg,176,52.59,496.05,60.62,509.05,high
cam05__frame_00007.jpg,177,44.18,488.36,53.62,497.39,high
cam05__frame_00007.jpg,178,1.39,503.89,32.85,521.52,low
cam05__frame_00007.jpg,179,2.48,493.83,33.94,511.46,low
cam05__frame_00007.jpg,180,4.26,484.02,33.69,501.11,low
cam05__frame_00007.jpg,181,17.19,475.11,48.64,492.74,low
cam05__frame_00007.jpg,182,24.46,467.46,42.28,477.71,medium
cam05__frame_00007.jpg,183,28.92,460.33,41.84,467.91,high
cam05__frame_00007.jpg,184,31.59,447.41,41.39,460.33,high
cam05__frame_00007.jpg,185,0.0,463.6,10.94,471.39,medium
cam05__frame_00007.jpg,186,18.53,439.68,30.15,447.46,medium
cam05__frame_00007.jpg,187,19.04,430.37,29.98,438.16,medium
cam05__frame_00007.jpg,188,19.98,420.97,31.61,428.75,medium
cam05__frame_00007.jpg,189,19.34,411.92,30.97,419.71,medium
cam05__frame_00007.jpg,190,17.4,402.88,29.03,410.66,medium
cam05__frame_00007.jpg,191,19.01,395.45,30.64,403.24,medium
cam05__frame_00007.jpg,192,17.72,386.41,29.35,394.19,medium
cam05__frame_00007.jpg,193,18.43,369.31,30.06,377.09,medium
cam05__frame_00007.jpg,194,18.43,361.23,30.06,369.02,medium
cam05__frame_00007.jpg,195,19.08,353.48,30.7,361.27,medium
cam05__frame_00007.jpg,196,17.78,345.76,29.41,352.87,medium
cam05__frame_00007.jpg,197,9.9,338.0,29.41,345.76,medium
cam05__frame_00007.jpg,198,11.51,332.72,27.02,338.22,medium
cam05__frame_00007.jpg,199,16.21,326.45,36.22,332.45,medium
cam05__frame_00007.jpg,200,192.17,222.46,200.35,235.17,medium
cam05__frame_00007.jpg,201,184.85,229.14,191.31,242.49,medium
cam05__frame_00007.jpg,202,172.75,215.16,178.15,235.81,high
cam05__frame_00007.jpg,203,166.99,216.09,172.57,242.51,high
cam05__frame_00007.jpg,204,162.15,234.7,167.92,244.19,high
cam05__frame_00007.jpg,205,161.4,221.11,167.36,234.7,high
cam05__frame_00007.jpg,206,153.96,223.53,161.78,249.4,high
cam05__frame_00007.jpg,207,137.03,223.53,153.96,231.72,high
cam05__frame_00007.jpg,208,149.49,233.58,154.33,257.77,medium
cam05__frame_00007.jpg,209,145.96,233.58,149.87,259.82,medium
cam05__frame_00007.jpg,210,136.38,233.55,145.35,266.93,medium
cam05__frame_00007.jpg,211,123.68,249.19,132.9,281.47,medium
cam05__frame_00007.jpg,212,109.35,258.13,124.79,297.88,medium
cam05__frame_00007.jpg,213,100.26,262.4,109.09,303.31,medium
cam05__frame_00007.jpg,214,88.3,267.17,99.97,313.19,medium
cam05__frame_00007.jpg,215,64.62,256.2,89.3,338.87,medium
cam05__frame_00007.jpg,216,176.72,179.49,179.42,198.23,high
cam05__frame_00007.jpg,217,173.55,179.57,175.38,199.61,high
cam05__frame_00007.jpg,218,163.03,179.07,172.21,202.94,medium
cam05__frame_00007.jpg,219,153.6,170.4,162.68,208.26,medium
cam05__frame_00007.jpg,220,146.64,176.39,153.4,210.97,medium
cam05__frame_00007.jpg,221,135.38,176.22,146.75,214.22,medium
cam05__frame_00007.jpg,222,127.61,199.26,134.49,217.51,medium
cam05__frame_00007.jpg,223,118.93,201.95,127.61,221.4,medium
cam05__frame_00007.jpg,224,111.2,205.2,119.23,225.89,medium
cam05__frame_00007.jpg,225,111.1,177.12,119.83,204.95,medium
cam05__frame_00007.jpg,226,101.3,210.53,109.8,232.2,medium
cam05__frame_00007.jpg,227,101.68,184.75,110.62,210.24,medium
cam05__frame_00007.jpg,228,88.31,215.71,99.98,238.16,medium
cam05__frame_00007.jpg,229,89.8,184.29,100.28,215.71,medium
cam05__frame_00007.jpg,230,76.34,216.91,87.11,242.05,medium
cam05__frame_00007.jpg,231,76.64,189.07,88.01,216.61,medium
cam05__frame_00007.jpg,232,70.05,230.97,75.44,247.73,medium
cam05__frame_00007.jpg,233,67.96,204.64,74.24,230.07,medium
cam05__frame_00007.jpg,234,37.63,247.9,48.71,299.14,medium
cam05__frame_00007.jpg,235,23.43,256.2,39.0,309.2,low
cam05__frame_00007.jpg,236,4.0,266.2,25.86,326.1,low
cam05__frame_00007.jpg,237,165.28,151.91,175.7,163.12,high
cam05__frame_00007.jpg,238,156.87,151.91,164.48,163.52,high
cam05__frame_00007.jpg,239,126.43,151.91,155.67,159.12,high
cam05__frame_00007.jpg,240,105.2,139.49,115.22,159.1,high
cam05__frame_00007.jpg,241,105.6,122.27,115.62,139.89,high
cam05__frame_00007.jpg,242,87.42,125.32,104.79,156.96,high
cam05__frame_00007.jpg,243,74.39,122.22,86.18,156.96,high
cam05__frame_00007.jpg,244,68.81,129.67,75.01,156.96,high
cam05__frame_00007.jpg,245,56.93,143.8,68.6,159.58,high
cam05__frame_00007.jpg,246,31.18,152.94,46.96,165.4,medium
cam05__frame_00007.jpg,247,3.77,116.4,29.52,166.23,low
cam05__frame_00010.jpg,0,149.49,233.58,154.33,257.77,medium
cam05__frame_00010.jpg,1,145.96,233.58,149.87,259.82,medium
cam05__frame_00010.jpg,2,136.38,233.55,145.35,266.93,medium
cam05__frame_00010.jpg,3,123.68,249.19,132.9,281.47,medium
cam05__frame_00010.jpg,4,109.35,258.13,124.79,297.88,medium
cam05__frame_00010.jpg,5,100.26,262.4,109.09,303.31,medium
cam05__frame_00010.jpg,6,88.3,267.17,99.97,313.19,medium
cam05__frame_00010.jpg,7,64.62,256.2,89.3,338.87,medium
cam05__frame_00010.jpg,8,176.72,179.49,179.42,198.23,high
cam05__frame_00010.jpg,9,173.55,179.57,175.38,199.61,high
cam05__frame_00010.jpg,10,163.03,179.07,172.21,202.94,medium
cam05__frame_00010.jpg,11,153.6,170.4,162.68,208.26,medium
cam05__frame_00010.jpg,12,146.64,176.39,153.4,210.97,medium
cam05__frame_00010.jpg,13,135.38,176.22,146.75,214.22,medium
cam05__frame_00010.jpg,14,127.61,199.26,134.49,217.51,medium
cam05__frame_00010.jpg,15,118.93,201.95,127.61,221.4,medium
cam05__frame_00010.jpg,16,111.2,205.2,119.23,225.89,medium
cam05__frame_00010.jpg,17,111.1,177.12,119.83,204.95,medium
cam05__frame_00010.jpg,18,101.3,210.53,109.8,232.2,medium
cam05__frame_00010.jpg,19,101.68,184.75,110.62,210.24,medium
cam05__frame_00010.jpg,20,88.31,215.71,99.98,238.16,medium
cam05__frame_00010.jpg,21,89.8,184.29,100.28,215.71,medium
cam05__frame_00010.jpg,22,76.34,216.91,87.11,242.05,medium
cam05__frame_00010.jpg,23,76.64,189.07,88.01,216.61,medium
cam05__frame_00010.jpg,24,70.05,230.97,75.44,247.73,medium
cam05__frame_00010.jpg,25,67.96,204.64,74.24,230.07,medium
cam05__frame_00010.jpg,26,37.63,247.9,48.71,299.14,medium
cam05__frame_00010.jpg,27,23.43,256.2,39.0,309.2,low
cam05__frame_00010.jpg,28,4.0,266.2,25.86,326.1,low
cam05__frame_00010.jpg,29,165.28,151.91,175.7,163.12,high
cam05__frame_00010.jpg,30,156.87,151.91,164.48,163.52,high
cam05__frame_00010.jpg,31,126.43,151.91,155.67,159.12,high
cam05__frame_00010.jpg,32,105.2,139.49,115.22,159.1,high
cam05__frame_00010.jpg,33,105.6,122.27,115.62,139.89,high
cam05__frame_00010.jpg,34,87.42,125.32,104.79,156.96,high
cam05__frame_00010.jpg,35,74.39,122.22,86.18,156.96,high
cam05__frame_00010.jpg,36,68.81,129.67,75.01,156.96,high
cam05__frame_00010.jpg,37,56.93,143.8,68.6,159.58,high
cam05__frame_00010.jpg,38,31.18,152.94,46.96,165.4,medium
cam05__frame_00010.jpg,39,3.77,116.4,29.52,166.23,low
cam05__frame_00010.jpg,40,404.61,264.74,409.47,279.06,high
cam05__frame_00010.jpg,41,374.0,253.11,381.64,284.82,medium
cam05__frame_00010.jpg,42,361.48,240.06,372.7,275.0,medium
cam05__frame_00010.jpg,43,353.93,238.2,361.95,263.99,medium
cam05__frame_00010.jpg,44,343.87,244.21,349.48,250.32,medium
cam05__frame_00010.jpg,45,344.03,237.93,349.81,243.38,medium
cam05__frame_00010.jpg,46,343.36,233.09,350.3,238.0,medium
cam05__frame_00010.jpg,47,522.15,155.21,579.41,193.38,low
cam05__frame_00010.jpg,48,628.21,338.39,635.01,360.36,high
cam05__frame_00010.jpg,49,575.19,296.48,635.25,357.32,low
cam05__frame_00010.jpg,50,582.18,256.27,638.67,305.96,medium
cam05__frame_00010.jpg,51,585.85,205.54,638.67,262.03,low
cam05__frame_00010.jpg,52,584.8,158.99,639.72,213.91,low
cam05__frame_00010.jpg,53,584.28,105.11,640.0,161.08,low
cam05__frame_00010.jpg,54,560.74,275.63,584.8,328.98,medium
cam05__frame_00010.jpg,55,538.26,269.78,561.91,321.45,medium
cam05__frame_00010.jpg,56,511.24,254.69,541.48,303.06,medium
cam05__frame_00010.jpg,57,514.73,200.9,582.27,268.31,medium
cam05__frame_00010.jpg,58,505.8,245.28,514.89,289.58,high
cam05__frame_00010.jpg,59,474.18,238.32,505.01,277.33,medium
cam05__frame_00010.jpg,60,473.25,203.09,516.83,240.57,medium
cam05__frame_00010.jpg,61,464.63,234.22,471.72,270.51,high
cam05__frame_00010.jpg,62,466.48,193.54,474.31,233.75,high
cam05__frame_00010.jpg,63,479.63,163.44,526.64,187.87,low
cam05__frame_00010.jpg,64,457.48,146.28,477.82,183.8,medium
cam05__frame_00010.jpg,65,447.62,163.65,458.3,180.37,medium
cam05__frame_00010.jpg,66,447.03,228.8,463.25,263.62,medium
cam05__frame_00010.jpg,67,447.03,189.99,463.78,228.8,low
cam05__frame_00010.jpg,68,435.87,219.23,446.77,257.77,medium
cam05__frame_00010.jpg,69,415.7,218.72,435.57,251.92,medium
cam05__frame_00010.jpg,70,422.03,185.72,446.09,219.19,medium
cam05__frame_00010.jpg,71,396.12,207.14,411.82,239.05,medium
cam05__frame_00010.jpg,72,372.34,206.11,394.83,230.17,low
cam05__frame_00010.jpg,73,372.34,176.82,413.3,205.07,low
cam05__frame_00010.jpg,74,354.09,182.86,362.8,211.73,high
cam05__frame_00010.jpg,75,389.87,482.22,428.8,638.85,medium
cam05__frame_00010.jpg,76,339.07,272.57,345.77,284.31,low
cam05__frame_00010.jpg,77,604.6,475.11,618.85,506.67,high
cam05__frame_00010.jpg,78,616.6,427.77,628.62,463.09,high
cam05__frame_00010.jpg,79,557.69,414.57,612.81,487.99,low
cam05__frame_00010.jpg,80,588.04,389.45,616.6,416.5,high
cam05__frame_00010.jpg,81,567.0,392.46,588.79,416.5,high
cam05__frame_00010.jpg,82,558.74,362.4,573.77,381.94,high
cam05__frame_00010.jpg,83,516.84,374.02,570.29,443.35,low
cam05__frame_00010.jpg,84,510.51,374.92,521.75,418.76,medium
cam05__frame_00010.jpg,85,496.0,357.16,509.43,402.1,medium
cam05__frame_00010.jpg,86,470.6,341.85,497.18,381.46,medium
cam05__frame_00010.jpg,87,471.21,308.08,483.55,342.5,high
cam05__frame_00010.jpg,88,447.43,331.06,457.1,349.22,medium
cam05__frame_00010.jpg,89,446.49,311.33,458.08,330.43,medium
cam05__frame_00010.jpg,90,429.7,307.29,444.33,338.96,medium
cam05__frame_00010.jpg,91,417.46,302.66,428.85,322.4,high
cam05__frame_00010.jpg,92,344.93,282.63,350.38,295.63,low
cam05__frame_00010.jpg,93,440.69,290.46,454.77,307.47,high
cam05__frame_00010.jpg,94,410.59,278.79,430.79,298.74,high
cam05__frame_00010.jpg,95,418.69,266.5,439.51,283.7,medium
cam05__frame_00010.jpg,96,403.35,289.42,408.6,301.26,medium
cam05__frame_00010.jpg,97,403.8,278.55,409.21,288.78,high
cam05__frame_00010.jpg,98,499.25,455.58,517.11,510.05,medium
cam05__frame_00010.jpg,99,468.44,428.79,510.86,481.0,medium
cam05__frame_00010.jpg,100,450.58,393.96,484.1,452.9,medium
cam05__frame_00010.jpg,101,439.53,370.42,454.96,432.68,medium
cam05__frame_00010.jpg,102,418.06,338.65,443.68,420.81,medium
cam05__frame_00010.jpg,103,408.87,330.62,419.21,370.3,high
cam05__frame_00010.jpg,104,400.9,350.23,405.9,376.25,medium
cam05__frame_00010.jpg,105,396.9,347.23,400.9,369.58,medium
cam05__frame_00010.jpg,106,398.56,344.56,407.9,348.9,high
cam05__frame_00010.jpg,107,387.67,341.54,394.56,355.31,medium
cam05__frame_00010.jpg,108,391.31,334.83,398.75,343.15,low
cam05__frame_00010.jpg,109,376.84,327.03,382.74,341.54,medium
cam05__frame_00010.jpg,110,370.5,315.34,378.9,325.4,high
cam05__frame_00010.jpg,111,370.08,300.45,375.75,315.57,medium
cam05__frame_00010.jpg,112,473.31,525.8,502.5,565.32,medium
cam05__frame_00010.jpg,113,365.06,290.6,369.67,325.4,high
cam05__frame_00010.jpg,114,359.19,293.11,364.64,317.43,medium
cam05__frame_00010.jpg,115,351.22,289.34,359.19,304.43,medium
cam05__frame_00010.jpg,116,350.8,278.02,360.87,290.6,medium
cam05__frame_00010.jpg,117,450.38,509.13,475.1,534.76,low
cam05__frame_00010.jpg,118,438.8,439.28,447.95,469.41,high
cam05__frame_00010.jpg,119,429.1,472.88,446.43,507.56,medium
cam05__frame_00010.jpg,120,416.73,453.37,437.76,481.12,high
cam05__frame_00010.jpg,121,400.26,445.13,416.3,464.21,high
cam05__frame_00010.jpg,122,417.77,426.48,439.33,452.65,medium
cam05__frame_00010.jpg,123,392.2,416.7,417.19,444.88,medium
cam05__frame_00010.jpg,124,408.93,393.08,418.73,412.67,low
cam05__frame_00010.jpg,125,387.3,384.04,404.27,412.1,high
cam05__frame_00010.jpg,126,381.9,368.14,398.8,384.79,high
cam05__frame_00010.jpg,127,370.97,368.88,378.68,380.81,high
cam05__frame_00010.jpg,128,382.4,358.45,388.37,367.15,high
cam05__frame_00010.jpg,129,359.28,352.1,367.93,368.73,high
cam05__frame_00010.jpg,130,357.1,340.0,366.19,350.87,high
cam05__frame_00010.jpg,131,359.04,329.44,367.53,339.26,high
cam05__frame_00010.jpg,132,350.56,326.76,357.26,346.85,high
cam05__frame_00010.jpg,133,331.81,316.04,351.01,357.57,low
cam05__frame_00010.jpg,134,571.2,553.51,598.1,626.44,low
cam05__frame_00010.jpg,135,532.95,497.32,547.29,562.48,medium
cam05__frame_00010.jpg,136,514.0,479.69,534.52,542.2,medium
cam05__frame_00010.jpg,137,226.16,244.35,255.8,260.37,high
cam05__frame_00010.jpg,138,210.94,242.35,223.76,261.57,high
cam05__frame_00010.jpg,139,221.76,258.77,261.01,274.79,high
cam05__frame_00010.jpg,140,202.93,273.19,226.97,290.81,high
cam05__frame_00010.jpg,141,280.53,262.65,313.98,269.29,high
cam05__frame_00010.jpg,142,279.58,268.36,314.14,275.81,high
cam05__frame_00010.jpg,143,282.59,276.02,318.58,281.6,high
cam05__frame_00010.jpg,144,280.11,280.98,326.02,332.47,medium
cam05__frame_00010.jpg,145,229.24,273.79,276.39,314.73,low
cam05__frame_00010.jpg,146,226.14,314.73,275.77,346.99,low
cam05__frame_00010.jpg,147,189.54,288.67,226.14,342.03,low
cam05__frame_00010.jpg,148,279.49,330.61,326.02,349.85,high
cam05__frame_00010.jpg,149,308.7,347.98,359.52,380.87,high
cam05__frame_00010.jpg,150,279.49,349.85,311.13,380.25,high
cam05__frame_00010.jpg,151,227.38,353.2,278.25,393.52,low
cam05__frame_00010.jpg,152,180.23,340.17,224.9,377.39,low
cam05__frame_00010.jpg,153,226.14,390.42,288.18,404.07,high
cam05__frame_00010.jpg,154,182.7,377.39,218.69,401.59,medium
cam05__frame_00010.jpg,155,240.41,422.06,262.74,456.8,medium
cam05__frame_00010.jpg,156,217.4,434.43,234.17,460.99,medium
cam05__frame_00010.jpg,157,216.83,404.07,279.49,459.28,low
cam05__frame_00010.jpg,158,173.1,417.3,214.01,453.91,low
cam05__frame_00010.jpg,159,163.0,448.88,209.7,484.77,low
cam05__frame_00010.jpg,160,292.81,373.63,400.44,496.63,low
cam05__frame_00010.jpg,161,212.58,458.93,283.64,525.69,low
cam05__frame_00010.jpg,162,155.15,485.49,206.8,521.4,low
cam05__frame_00010.jpg,163,289.93,494.71,392.75,560.05,low
cam05__frame_00010.jpg,164,292.81,563.9,390.83,608.1,low
cam05__frame_00010.jpg,165,206.12,559.43,289.38,616.85,low
cam05__frame_00010.jpg,166,137.9,519.95,201.09,639.82,low
cam05__frame_00010.jpg,167,301.46,608.1,388.91,640.0,high
cam05__frame_00010.jpg,168,194.63,616.13,292.25,640.0,high
cam05__frame_00010.jpg,169,153.0,327.43,159.66,347.32,high
cam05__frame_00010.jpg,170,148.09,321.36,152.33,353.7,medium
cam05__frame_00010.jpg,171,149.44,368.18,159.64,380.23,low
cam05__frame_00010.jpg,172,136.47,360.96,145.32,375.15,medium
cam05__frame_00010.jpg,173,136.3,350.94,144.98,361.29,medium
cam05__frame_00010.jpg,174,136.21,340.68,145.26,351.02,medium
cam05__frame_00010.jpg,175,128.76,372.82,132.79,392.18,medium
cam05__frame_00010.jpg,176,115.75,370.34,128.76,398.99,low
cam05__frame_00010.jpg,177,99.87,397.05,123.27,403.85,medium
cam05__frame_00010.jpg,178,97.27,403.35,105.67,414.45,high
cam05__frame_00010.jpg,179,108.07,410.25,120.27,419.05,high
cam05__frame_00010.jpg,180,102.0,414.25,114.77,426.85,medium
cam05__frame_00010.jpg,181,95.32,413.66,101.28,426.09,high
cam05__frame_00010.jpg,182,96.56,430.32,108.74,447.22,medium
cam05__frame_00010.jpg,183,100.3,444.2,122.56,478.01,high
cam05__frame_00010.jpg,184,86.61,451.2,95.32,465.37,medium
cam05__frame_00010.jpg,185,89.85,464.88,96.31,481.04,high
cam05__frame_00010.jpg,186,80.92,471.84,85.37,486.76,high
cam05__frame_00010.jpg,187,51.66,539.6,74.83,590.16,medium
cam05__frame_00010.jpg,188,35.9,586.5,56.76,610.55,high
cam05__frame_00010.jpg,189,0.0,512.91,43.54,638.63,medium
cam05__frame_00010.jpg,190,171.3,256.27,179.1,274.09,high
cam05__frame_00010.jpg,191,159.86,265.59,169.91,289.28,medium
cam05__frame_00010.jpg,192,151.18,271.17,160.14,280.63,high
cam05__frame_00010.jpg,193,144.95,281.38,161.39,311.02,medium
cam05__frame_00010.jpg,194,133.74,294.34,144.95,327.22,high
cam05__frame_00010.jpg,195,133.74,294.34,144.95,327.22,high
cam05__frame_00010.jpg,196,120.79,301.81,134.99,324.23,high
cam05__frame_00010.jpg,197,119.15,323.84,129.53,348.63,medium
cam05__frame_00010.jpg,198,110.5,320.96,122.9,366.21,medium
cam05__frame_00010.jpg,199,83.7,347.76,112.81,369.38,low
cam05__frame_00010.jpg,200,48.95,346.21,84.3,388.23,medium
cam05__frame_00010.jpg,201,46.23,362.75,55.16,372.13,high
cam05__frame_00010.jpg,202,43.11,370.34,55.61,408.74,high
cam05__frame_00010.jpg,203,19.4,377.38,31.03,385.17,medium
cam05__frame_00010.jpg,204,27.98,520.81,41.08,532.75,low
cam05__frame_00010.jpg,205,29.52,556.24,42.23,562.78,high
cam05__frame_00010.jpg,206,29.91,545.07,44.93,556.62,medium
cam05__frame_00010.jpg,207,30.29,536.21,42.62,545.84,medium
cam05__frame_00010.jpg,208,42.44,540.2,49.92,549.12,high
cam05__frame_00010.jpg,209,41.0,531.28,48.48,540.2,high
cam05__frame_00010.jpg,210,39.85,520.92,47.33,529.84,high
cam05__frame_00010.jpg,211,38.71,513.02,46.19,521.94,high
cam05__frame_00010.jpg,212,32.47,496.02,45.42,512.99,low
cam05__frame_00010.jpg,213,46.97,518.52,56.77,526.38,high
cam05__frame_00010.jpg,214,46.17,501.5,55.16,517.39,high
cam05__frame_00010.jpg,215,52.59,496.05,60.62,509.05,high
cam05__frame_00010.jpg,216,44.18,488.36,53.62,497.39,high
cam05__frame_00010.jpg,217,1.39,503.89,32.85,521.52,low
cam05__frame_00010.jpg,218,2.48,493.83,33.94,511.46,low
cam05__frame_00010.jpg,219,4.26,484.02,33.69,501.11,low
cam05__frame_00010.jpg,220,17.19,475.11,48.64,492.74,low
cam05__frame_00010.jpg,221,24.46,467.46,42.28,477.71,medium
cam05__frame_00010.jpg,222,28.92,460.33,41.84,467.91,high
cam05__frame_00010.jpg,223,31.59,447.41,41.39,460.33,high
cam05__frame_00010.jpg,224,0.0,463.6,10.94,471.39,medium
cam05__frame_00010.jpg,225,18.53,439.68,30.15,447.46,medium
cam05__frame_00010.jpg,226,19.04,430.37,29.98,438.16,medium
cam05__frame_00010.jpg,227,19.98,420.97,31.61,428.75,medium
cam05__frame_00010.jpg,228,19.34,411.92,30.97,419.71,medium
cam05__frame_00010.jpg,229,17.4,402.88,29.03,410.66,medium
cam05__frame_00010.jpg,230,19.01,395.45,30.64,403.24,medium
cam05__frame_00010.jpg,231,17.72,386.41,29.35,394.19,medium
cam05__frame_00010.jpg,232,18.43,369.31,30.06,377.09,medium
cam05__frame_00010.jpg,233,18.43,361.23,30.06,369.02,medium
cam05__frame_00010.jpg,234,19.08,353.48,30.7,361.27,medium
cam05__frame_00010.jpg,235,17.78,345.76,29.41,352.87,medium
cam05__frame_00010.jpg,236,9.9,338.0,29.41,345.76,medium
cam05__frame_00010.jpg,237,11.51,332.72,27.02,338.22,medium
cam05__frame_00010.jpg,238,16.21,326.45,36.22,332.45,medium
cam05__frame_00010.jpg,239,192.17,222.46,200.35,235.17,medium
cam05__frame_00010.jpg,240,184.85,229.14,191.31,242.49,medium
cam05__frame_00010.jpg,241,172.75,215.16,178.15,235.81,high
cam05__frame_00010.jpg,242,166.99,216.09,172.57,242.51,high
cam05__frame_00010.jpg,243,162.15,234.7,167.92,244.19,high
cam05__frame_00010.jpg,244,161.4,221.11,167.36,234.7,high
cam05__frame_00010.jpg,245,153.96,223.53,161.78,249.4,high
cam05__frame_00010.jpg,246,137.03,223.53,153.96,231.72,high
cam05__frame_00010.jpg,247,517.36,594.09,532.19,630.05,medium
cam05__frame_00013.jpg,0,372.34,176.82,413.3,205.07,low
cam05__frame_00013.jpg,1,354.09,182.86,362.8,211.73,high
cam05__frame_00013.jpg,2,35.9,586.5,56.76,610.55,high
cam05__frame_00013.jpg,3,0.0,512.91,43.54,638.63,medium
cam05__frame_00013.jpg,4,171.3,256.27,179.1,274.09,high
cam05__frame_00013.jpg,5,159.86,265.59,169.91,289.28,medium
cam05__frame_00013.jpg,6,151.18,271.17,160.14,280.63,high
cam05__frame_00013.jpg,7,144.95,281.38,161.39,311.02,medium
cam05__frame_00013.jpg,8,133.74,294.34,144.95,327.22,high
cam05__frame_00013.jpg,9,133.74,294.34,144.95,327.22,high
cam05__frame_00013.jpg,10,120.79,301.81,134.99,324.23,high
cam05__frame_00013.jpg,11,119.15,323.84,129.53,348.63,medium
cam05__frame_00013.jpg,12,110.5,320.96,122.9,366.21,medium
cam05__frame_00013.jpg,13,83.7,347.76,112.81,369.38,low
cam05__frame_00013.jpg,14,48.95,346.21,84.3,388.23,medium
cam05__frame_00013.jpg,15,46.23,362.75,55.16,372.13,high
cam05__frame_00013.jpg,16,43.11,370.34,55.61,408.74,high
cam05__frame_00013.jpg,17,19.4,377.38,31.03,385.17,medium
cam05__frame_00013.jpg,18,27.98,520.81,41.08,532.75,low
cam05__frame_00013.jpg,19,29.52,556.24,42.23,562.78,high
cam05__frame_00013.jpg,20,29.91,545.07,44.93,556.62,medium
cam05__frame_00013.jpg,21,30.29,536.21,42.62,545.84,medium
cam05__frame_00013.jpg,22,42.44,540.2,49.92,549.12,high
cam05__frame_00013.jpg,23,41.0,531.28,48.48,540.2,high
cam05__frame_00013.jpg,24,39.85,520.92,47.33,529.84,high
cam05__frame_00013.jpg,25,38.71,513.02,46.19,521.94,high
cam05__frame_00013.jpg,26,32.47,496.02,45.42,512.99,low
cam05__frame_00013.jpg,27,46.97,518.52,56.77,526.38,high
cam05__frame_00013.jpg,28,46.17,501.5,55.16,517.39,high
cam05__frame_00013.jpg,29,52.59,496.05,60.62,509.05,high
cam05__frame_00013.jpg,30,44.18,488.36,53.62,497.39,high
cam05__frame_00013.jpg,31,1.39,503.89,32.85,521.52,low
cam05__frame_00013.jpg,32,2.48,493.83,33.94,511.46,low
cam05__frame_00013.jpg,33,4.26,484.02,33.69,501.11,low
cam05__frame_00013.jpg,34,17.19,475.11,48.64,492.74,low
cam05__frame_00013.jpg,35,24.46,467.46,42.28,477.71,medium
cam05__frame_00013.jpg,36,28.92,460.33,41.84,467.91,high
cam05__frame_00013.jpg,37,31.59,447.41,41.39,460.33,high
cam05__frame_00013.jpg,38,0.0,463.6,10.94,471.39,medium
cam05__frame_00013.jpg,39,18.53,439.68,30.15,447.46,medium
cam05__frame_00013.jpg,40,19.04,430.37,29.98,438.16,medium
cam05__frame_00013.jpg,41,19.98,420.97,31.61,428.75,medium
cam05__frame_00013.jpg,42,19.34,411.92,30.97,419.71,medium
cam05__frame_00013.jpg,43,17.4,402.88,29.03,410.66,medium
cam05__frame_00013.jpg,44,19.01,395.45,30.64,403.24,medium
cam05__frame_00013.jpg,45,17.72,386.41,29.35,394.19,medium
cam05__frame_00013.jpg,46,18.43,369.31,30.06,377.09,medium
cam05__frame_00013.jpg,47,18.43,361.23,30.06,369.02,medium
cam05__frame_00013.jpg,48,19.08,353.48,30.7,361.27,medium
cam05__frame_00013.jpg,49,17.78,345.76,29.41,352.87,medium
cam05__frame_00013.jpg,50,9.9,338.0,29.41,345.76,medium
cam05__frame_00013.jpg,51,11.51,332.72,27.02,338.22,medium
cam05__frame_00013.jpg,52,16.21,326.45,36.22,332.45,medium
cam05__frame_00013.jpg,53,192.17,222.46,200.35,235.17,medium
cam05__frame_00013.jpg,54,184.85,229.14,191.31,242.49,medium
cam05__frame_00013.jpg,55,172.75,215.16,178.15,235.81,high
cam05__frame_00013.jpg,56,166.99,216.09,172.57,242.51,high
cam05__frame_00013.jpg,57,162.15,234.7,167.92,244.19,high
cam05__frame_00013.jpg,58,161.4,221.11,167.36,234.7,high
cam05__frame_00013.jpg,59,153.96,223.53,161.78,249.4,high
cam05__frame_00013.jpg,60,137.03,223.53,153.96,231.72,high
cam05__frame_00013.jpg,61,149.49,233.58,154.33,257.77,medium
cam05__frame_00013.jpg,62,145.96,233.58,149.87,259.82,medium
cam05__frame_00013.jpg,63,136.38,233.55,145.35,266.93,medium
cam05__frame_00013.jpg,64,123.68,249.19,132.9,281.47,medium
cam05__frame_00013.jpg,65,109.35,258.13,124.79,297.88,medium
cam05__frame_00013.jpg,66,100.26,262.4,109.09,303.31,medium
cam05__frame_00013.jpg,67,88.3,267.17,99.97,313.19,medium
cam05__frame_00013.jpg,68,64.62,256.2,89.3,338.87,medium
cam05__frame_00013.jpg,69,176.72,179.49,179.42,198.23,high
cam05__frame_00013.jpg,70,173.55,179.57,175.38,199.61,high
cam05__frame_00013.jpg,71,163.03,179.07,172.21,202.94,medium
cam05__frame_00013.jpg,72,153.6,170.4,162.68,208.26,medium
cam05__frame_00013.jpg,73,146.64,176.39,153.4,210.97,medium
cam05__frame_00013.jpg,74,135.38,176.22,146.75,214.22,medium
cam05__frame_00013.jpg,75,127.61,199.26,134.49,217.51,medium
cam05__frame_00013.jpg,76,118.93,201.95,127.61,221.4,medium
cam05__frame_00013.jpg,77,111.2,205.2,119.23,225.89,medium
cam05__frame_00013.jpg,78,111.1,177.12,119.83,204.95,medium
cam05__frame_00013.jpg,79,101.3,210.53,109.8,232.2,medium
cam05__frame_00013.jpg,80,101.68,184.75,110.62,210.24,medium
cam05__frame_00013.jpg,81,88.31,215.71,99.98,238.16,medium
cam05__frame_00013.jpg,82,89.8,184.29,100.28,215.71,medium
cam05__frame_00013.jpg,83,76.34,216.91,87.11,242.05,medium
cam05__frame_00013.jpg,84,76.64,189.07,88.01,216.61,medium
cam05__frame_00013.jpg,85,70.05,230.97,75.44,247.73,medium
cam05__frame_00013.jpg,86,67.96,204.64,74.24,230.07,medium
cam05__frame_00013.jpg,87,37.63,247.9,48.71,299.14,medium
cam05__frame_00013.jpg,88,23.43,256.2,39.0,309.2,low
cam05__frame_00013.jpg,89,4.0,266.2,25.86,326.1,low
cam05__frame_00013.jpg,90,165.28,151.91,175.7,163.12,high
cam05__frame_00013.jpg,91,156.87,151.91,164.48,163.52,high
cam05__frame_00013.jpg,92,126.43,151.91,155.67,159.12,high
cam05__frame_00013.jpg,93,105.2,139.49,115.22,159.1,high
cam05__frame_00013.jpg,94,105.6,122.27,115.62,139.89,high
cam05__frame_00013.jpg,95,87.42,125.32,104.79,156.96,high
cam05__frame_00013.jpg,96,74.39,122.22,86.18,156.96,high
cam05__frame_00013.jpg,97,68.81,129.67,75.01,156.96,high
cam05__frame_00013.jpg,98,56.93,143.8,68.6,159.58,high
cam05__frame_00013.jpg,99,31.18,152.94,46.96,165.4,medium
cam05__frame_00013.jpg,100,3.77,116.4,29.52,166.23,low
cam05__frame_00013.jpg,101,396.12,207.14,411.82,239.05,medium
cam05__frame_00013.jpg,102,422.03,185.72,446.09,219.19,medium
cam05__frame_00013.jpg,103,415.7,218.72,435.57,251.92,medium
cam05__frame_00013.jpg,104,435.87,219.23,446.77,257.77,medium
cam05__frame_00013.jpg,105,447.03,189.99,463.78,228.8,low
cam05__frame_00013.jpg,106,447.03,228.8,463.25,263.62,medium
cam05__frame_00013.jpg,107,447.62,163.65,458.3,180.37,medium
cam05__frame_00013.jpg,108,457.48,146.28,477.82,183.8,medium
cam05__frame_00013.jpg,109,479.63,163.44,526.64,187.87,low
cam05__frame_00013.jpg,110,466.48,193.54,474.31,233.75,high
cam05__frame_00013.jpg,111,464.63,234.22,471.72,270.51,high
cam05__frame_00013.jpg,112,473.25,203.09,516.83,240.57,medium
cam05__frame_00013.jpg,113,474.18,238.32,505.01,277.33,medium
cam05__frame_00013.jpg,114,505.8,245.28,514.89,289.58,high
cam05__frame_00013.jpg,115,514.73,200.9,582.27,268.31,medium
cam05__frame_00013.jpg,116,511.24,254.69,541.48,303.06,medium
cam05__frame_00013.jpg,117,538.26,269.78,561.91,321.45,medium
cam05__frame_00013.jpg,118,560.74,275.63,584.8,328.98,medium
cam05__frame_00013.jpg,119,584.28,105.11,640.0,161.08,low
cam05__frame_00013.jpg,120,584.8,158.99,639.72,213.91,low
cam05__frame_00013.jpg,121,585.85,205.54,638.67,262.03,low
cam05__frame_00013.jpg,122,582.18,256.27,638.67,305.96,medium
cam05__frame_00013.jpg,123,575.19,296.48,635.25,357.32,low
cam05__frame_00013.jpg,124,628.21,338.39,635.01,360.36,high
cam05__frame_00013.jpg,125,522.15,155.21,579.41,193.38,low
cam05__frame_00013.jpg,126,343.36,233.09,350.3,238.0,medium
cam05__frame_00013.jpg,127,344.03,237.93,349.81,243.38,medium
cam05__frame_00013.jpg,128,343.87,244.21,349.48,250.32,medium
cam05__frame_00013.jpg,129,353.93,238.2,361.95,263.99,medium
cam05__frame_00013.jpg,130,361.48,240.06,372.7,275.0,medium
cam05__frame_00013.jpg,131,374.0,253.11,381.64,284.82,medium
cam05__frame_00013.jpg,132,404.61,264.74,409.47,279.06,high
cam05__frame_00013.jpg,133,403.8,278.55,409.21,288.78,high
cam05__frame_00013.jpg,134,403.35,289.42,408.6,301.26,medium
cam05__frame_00013.jpg,135,418.69,266.5,439.51,283.7,medium
cam05__frame_00013.jpg,136,410.59,278.79,430.79,298.74,high
cam05__frame_00013.jpg,137,440.69,290.46,454.77,307.47,high
cam05__frame_00013.jpg,138,417.46,302.66,428.85,322.4,high
cam05__frame_00013.jpg,139,429.7,307.29,444.33,338.96,medium
cam05__frame_00013.jpg,140,446.49,311.33,458.08,330.43,medium
cam05__frame_00013.jpg,141,447.43,331.06,457.1,349.22,medium
cam05__frame_00013.jpg,142,471.21,308.08,483.55,342.5,high
cam05__frame_00013.jpg,143,470.6,341.85,497.18,381.46,medium
cam05__frame_00013.jpg,144,496.0,357.16,509.43,402.1,medium
cam05__frame_00013.jpg,145,510.51,374.92,521.75,418.76,medium
cam05__frame_00013.jpg,146,516.84,374.02,570.29,443.35,low
cam05__frame_00013.jpg,147,558.74,362.4,573.77,381.94,high
cam05__frame_00013.jpg,148,567.0,392.46,588.79,416.5,high
cam05__frame_00013.jpg,149,588.04,389.45,616.6,416.5,high
cam05__frame_00013.jpg,150,557.69,414.57,612.81,487.99,low
cam05__frame_00013.jpg,151,616.6,427.77,628.62,463.09,high
cam05__frame_00013.jpg,152,604.6,475.11,618.85,506.67,high
cam05__frame_00013.jpg,153,339.07,272.57,345.77,284.31,low
cam05__frame_00013.jpg,154,344.93,282.63,350.38,295.63,low
cam05__frame_00013.jpg,155,350.8,278.02,360.87,290.6,medium
cam05__frame_00013.jpg,156,351.22,289.34,359.19,304.43,medium
cam05__frame_00013.jpg,157,359.19,293.11,364.64,317.43,medium
cam05__frame_00013.jpg,158,365.06,290.6,369.67,325.4,high
cam05__frame_00013.jpg,159,370.08,300.45,375.75,315.57,medium
cam05__frame_00013.jpg,160,370.5,315.34,378.9,325.4,high
cam05__frame_00013.jpg,161,376.84,327.03,382.74,341.54,medium
cam05__frame_00013.jpg,162,391.31,334.83,398.75,343.15,low
cam05__frame_00013.jpg,163,387.67,341.54,394.56,355.31,medium
cam05__frame_00013.jpg,164,398.56,344.56,407.9,348.9,high
cam05__frame_00013.jpg,165,396.9,347.23,400.9,369.58,medium
cam05__frame_00013.jpg,166,400.9,350.23,405.9,376.25,medium
cam05__frame_00013.jpg,167,408.87,330.62,419.21,370.3,high
cam05__frame_00013.jpg,168,418.06,338.65,443.68,420.81,medium
cam05__frame_00013.jpg,169,439.53,370.42,454.96,432.68,medium
cam05__frame_00013.jpg,170,450.58,393.96,484.1,452.9,medium
cam05__frame_00013.jpg,171,468.44,428.79,510.86,481.0,medium
cam05__frame_00013.jpg,172,499.25,455.58,517.11,510.05,medium
cam05__frame_00013.jpg,173,514.0,479.69,534.52,542.2,medium
cam05__frame_00013.jpg,174,532.95,497.32,547.29,562.48,medium
cam05__frame_00013.jpg,175,571.2,553.51,598.1,626.44,low
cam05__frame_00013.jpg,176,331.81,316.04,351.01,357.57,low
cam05__frame_00013.jpg,177,350.56,326.76,357.26,346.85,high
cam05__frame_00013.jpg,178,359.04,329.44,367.53,339.26,high
cam05__frame_00013.jpg,179,357.1,340.0,366.19,350.87,high
cam05__frame_00013.jpg,180,359.28,352.1,367.93,368.73,high
cam05__frame_00013.jpg,181,382.4,358.45,388.37,367.15,high
cam05__frame_00013.jpg,182,370.97,368.88,378.68,380.81,high
cam05__frame_00013.jpg,183,381.9,368.14,398.8,384.79,high
cam05__frame_00013.jpg,184,387.3,384.04,404.27,412.1,high
cam05__frame_00013.jpg,185,408.93,393.08,418.73,412.67,low
cam05__frame_00013.jpg,186,392.2,416.7,417.19,444.88,medium
cam05__frame_00013.jpg,187,417.77,426.48,439.33,452.65,medium
cam05__frame_00013.jpg,188,400.26,445.13,416.3,464.21,high
cam05__frame_00013.jpg,189,416.73,453.37,437.76,481.12,high
cam05__frame_00013.jpg,190,429.1,472.88,446.43,507.56,medium
cam05__frame_00013.jpg,191,438.8,439.28,447.95,469.41,high
cam05__frame_00013.jpg,192,450.38,509.13,475.1,534.76,low
cam05__frame_00013.jpg,193,473.31,525.8,502.5,565.32,medium
cam05__frame_00013.jpg,194,517.36,594.09,532.19,630.05,medium
cam05__frame_00013.jpg,195,141.56,383.0,153.78,398.27,medium
cam05__frame_00013.jpg,196,226.16,244.35,255.8,260.37,high
cam05__frame_00013.jpg,197,210.94,242.35,223.76,261.57,high
cam05__frame_00013.jpg,198,221.76,258.77,261.01,274.79,high
cam05__frame_00013.jpg,199,202.93,273.19,226.97,290.81,high
cam05__frame_00013.jpg,200,280.53,262.65,313.98,269.29,high
cam05__frame_00013.jpg,201,279.58,268.36,314.14,275.81,high
cam05__frame_00013.jpg,202,282.59,276.02,318.58,281.6,high
cam05__frame_00013.jpg,203,280.11,280.98,326.02,332.47,medium
cam05__frame_00013.jpg,204,229.24,273.79,276.39,314.73,low
cam05__frame_00013.jpg,205,226.14,314.73,275.77,346.99,low
cam05__frame_00013.jpg,206,189.54,288.67,226.14,342.03,low
cam05__frame_00013.jpg,207,279.49,330.61,326.02,349.85,high
cam05__frame_00013.jpg,208,308.7,347.98,359.52,380.87,high
cam05__frame_00013.jpg,209,279.49,349.85,311.13,380.25,high
cam05__frame_00013.jpg,210,227.38,353.2,278.25,393.52,low
cam05__frame_00013.jpg,211,180.23,340.17,224.9,377.39,low
cam05__frame_00013.jpg,212,226.14,390.42,288.18,404.07,high
cam05__frame_00013.jpg,213,182.7,377.39,218.69,401.59,medium
cam05__frame_00013.jpg,214,240.41,422.06,262.74,456.8,medium
cam05__frame_00013.jpg,215,217.4,434.43,234.17,460.99,medium
cam05__frame_00013.jpg,216,216.83,404.07,279.49,459.28,low
cam05__frame_00013.jpg,217,173.1,417.3,214.01,453.91,low
cam05__frame_00013.jpg,218,163.0,448.88,209.7,484.77,low
cam05__frame_00013.jpg,219,292.81,373.63,400.44,496.63,low
cam05__frame_00013.jpg,220,212.58,458.93,283.64,525.69,low
cam05__frame_00013.jpg,221,155.15,485.49,206.8,521.4,low
cam05__frame_00013.jpg,222,289.93,494.71,392.75,560.05,low
cam05__frame_00013.jpg,223,389.87,482.22,430.3,638.85,medium
cam05__frame_00013.jpg,224,292.81,563.9,390.83,608.1,low
cam05__frame_00013.jpg,225,206.12,559.43,289.38,616.85,low
cam05__frame_00013.jpg,226,137.9,519.95,201.09,639.82,low
cam05__frame_00013.jpg,227,301.46,608.1,388.91,640.0,high
cam05__frame_00013.jpg,228,194.63,616.13,292.25,640.0,high
cam05__frame_00013.jpg,229,153.0,327.43,159.66,347.32,high
cam05__frame_00013.jpg,230,148.09,321.36,152.33,353.7,medium
cam05__frame_00013.jpg,231,149.44,368.18,159.64,380.23,low
cam05__frame_00013.jpg,232,136.47,360.96,145.32,375.15,medium
cam05__frame_00013.jpg,233,136.3,350.94,144.98,361.29,medium
cam05__frame_00013.jpg,234,136.21,340.68,145.26,351.02,medium
cam05__frame_00013.jpg,235,128.76,372.82,132.79,392.18,medium
cam05__frame_00013.jpg,236,115.75,370.34,128.76,398.99,low
cam05__frame_00013.jpg,237,99.87,397.05,123.27,403.85,medium
cam05__frame_00013.jpg,238,97.27,403.35,105.67,414.45,high
cam05__frame_00013.jpg,239,108.07,410.25,120.27,419.05,high
cam05__frame_00013.jpg,240,102.0,414.25,114.77,426.85,medium
cam05__frame_00013.jpg,241,95.32,413.66,101.28,426.09,high
cam05__frame_00013.jpg,242,96.56,430.32,108.74,447.22,medium
cam05__frame_00013.jpg,243,100.3,444.2,122.56,478.01,high
cam05__frame_00013.jpg,244,86.61,451.2,95.32,465.37,medium
cam05__frame_00013.jpg,245,89.85,464.88,96.31,481.04,high
cam05__frame_00013.jpg,246,80.92,471.84,85.37,486.76,high
cam05__frame_00013.jpg,247,51.66,539.6,74.83,590.16,medium
cam05__frame_00013.jpg,248,372.34,206.11,394.83,230.17,low
cam05__frame_00015.jpg,0,429.1,472.88,446.43,507.56,medium
cam05__frame_00015.jpg,1,354.09,182.86,362.8,211.73,high
cam05__frame_00015.jpg,2,372.34,176.82,413.3,205.07,low
cam05__frame_00015.jpg,3,372.34,206.11,394.83,230.17,low
cam05__frame_00015.jpg,4,396.12,207.14,411.82,239.05,medium
cam05__frame_00015.jpg,5,422.03,185.72,446.09,219.19,medium
cam05__frame_00015.jpg,6,415.7,218.72,435.57,251.92,medium
cam05__frame_00015.jpg,7,435.87,219.23,446.77,257.77,medium
cam05__frame_00015.jpg,8,447.03,189.99,463.78,228.8,low
cam05__frame_00015.jpg,9,447.03,228.8,463.25,263.62,medium
cam05__frame_00015.jpg,10,447.62,163.65,458.3,180.37,medium
cam05__frame_00015.jpg,11,457.48,146.28,477.82,183.8,medium
cam05__frame_00015.jpg,12,479.63,163.44,526.64,187.87,low
cam05__frame_00015.jpg,13,466.48,193.54,474.31,233.75,high
cam05__frame_00015.jpg,14,464.63,234.22,471.72,270.51,high
cam05__frame_00015.jpg,15,473.25,203.09,516.83,240.57,medium
cam05__frame_00015.jpg,16,474.18,238.32,505.01,277.33,medium
cam05__frame_00015.jpg,17,505.8,245.28,514.89,289.58,high
cam05__frame_00015.jpg,18,514.73,200.9,582.27,268.31,medium
cam05__frame_00015.jpg,19,511.24,254.69,541.48,303.06,medium
cam05__frame_00015.jpg,20,538.26,269.78,561.91,321.45,medium
cam05__frame_00015.jpg,21,560.74,275.63,584.8,328.98,medium
cam05__frame_00015.jpg,22,584.28,105.11,640.0,161.08,low
cam05__frame_00015.jpg,23,584.8,158.99,639.72,213.91,low
cam05__frame_00015.jpg,24,585.85,205.54,638.67,262.03,low
cam05__frame_00015.jpg,25,582.18,256.27,638.67,305.96,medium
cam05__frame_00015.jpg,26,575.19,296.48,635.25,357.32,low
cam05__frame_00015.jpg,27,628.21,338.39,635.01,360.36,high
cam05__frame_00015.jpg,28,522.15,155.21,579.41,193.38,low
cam05__frame_00015.jpg,29,343.36,233.09,350.3,238.0,medium
cam05__frame_00015.jpg,30,344.03,237.93,349.81,243.38,medium
cam05__frame_00015.jpg,31,343.87,244.21,349.48,250.32,medium
cam05__frame_00015.jpg,32,353.93,238.2,361.95,263.99,medium
cam05__frame_00015.jpg,33,361.48,240.06,372.7,275.0,medium
cam05__frame_00015.jpg,34,374.0,253.11,381.64,284.82,medium
cam05__frame_00015.jpg,35,404.61,264.74,409.47,279.06,high
cam05__frame_00015.jpg,36,403.8,278.55,409.21,288.78,high
cam05__frame_00015.jpg,37,403.35,289.42,408.6,301.26,medium
cam05__frame_00015.jpg,38,418.69,266.5,439.51,283.7,medium
cam05__frame_00015.jpg,39,410.59,278.79,430.79,298.74,high
cam05__frame_00015.jpg,40,440.69,290.46,454.77,307.47,high
cam05__frame_00015.jpg,41,417.46,302.66,428.85,322.4,high
cam05__frame_00015.jpg,42,429.7,307.29,444.33,338.96,medium
cam05__frame_00015.jpg,43,446.49,311.33,458.08,330.43,medium
cam05__frame_00015.jpg,44,447.43,331.06,457.1,349.22,medium
cam05__frame_00015.jpg,45,471.21,308.08,483.55,342.5,high
cam05__frame_00015.jpg,46,470.6,341.85,497.18,381.46,medium
cam05__frame_00015.jpg,47,496.0,357.16,509.43,402.1,medium
cam05__frame_00015.jpg,48,510.51,374.92,521.75,418.76,medium
cam05__frame_00015.jpg,49,516.84,374.02,570.29,443.35,low
cam05__frame_00015.jpg,50,558.74,362.4,573.77,381.94,high
cam05__frame_00015.jpg,51,567.0,392.46,588.79,416.5,high
cam05__frame_00015.jpg,52,588.04,389.45,616.6,416.5,high
cam05__frame_00015.jpg,53,557.69,414.57,612.81,487.99,low
cam05__frame_00015.jpg,54,616.6,427.77,628.62,463.09,high
cam05__frame_00015.jpg,55,604.6,475.11,618.85,506.67,high
cam05__frame_00015.jpg,56,339.07,272.57,345.77,284.31,low
cam05__frame_00015.jpg,57,344.93,282.63,350.38,295.63,low
cam05__frame_00015.jpg,58,350.8,278.02,360.87,290.6,medium
cam05__frame_00015.jpg,59,351.22,289.34,359.19,304.43,medium
cam05__frame_00015.jpg,60,359.19,293.11,364.64,317.43,medium
cam05__frame_00015.jpg,61,365.06,290.6,369.67,325.4,high
cam05__frame_00015.jpg,62,370.08,300.45,375.75,315.57,medium
cam05__frame_00015.jpg,63,370.5,315.34,378.9,325.4,high
cam05__frame_00015.jpg,64,376.84,327.03,382.74,341.54,medium
cam05__frame_00015.jpg,65,391.31,334.83,398.75,343.15,low
cam05__frame_00015.jpg,66,387.67,341.54,394.56,355.31,medium
cam05__frame_00015.jpg,67,398.56,344.56,407.9,348.9,high
cam05__frame_00015.jpg,68,396.9,347.23,400.9,369.58,medium
cam05__frame_00015.jpg,69,400.9,350.23,405.9,376.25,medium
cam05__frame_00015.jpg,70,408.87,330.62,419.21,370.3,high
cam05__frame_00015.jpg,71,418.06,338.65,443.68,420.81,medium
cam05__frame_00015.jpg,72,439.53,370.42,454.96,432.68,medium
cam05__frame_00015.jpg,73,450.58,393.96,484.1,452.9,medium
cam05__frame_00015.jpg,74,468.44,428.79,510.86,481.0,medium
cam05__frame_00015.jpg,75,499.25,455.58,517.11,510.05,medium
cam05__frame_00015.jpg,76,514.0,479.69,534.52,542.2,medium
cam05__frame_00015.jpg,77,532.95,497.32,547.29,562.48,medium
cam05__frame_00015.jpg,78,571.2,553.51,598.1,626.44,low
cam05__frame_00015.jpg,79,331.81,316.04,351.01,357.57,low
cam05__frame_00015.jpg,80,350.56,326.76,357.26,346.85,high
cam05__frame_00015.jpg,81,359.04,329.44,367.53,339.26,high
cam05__frame_00015.jpg,82,357.1,340.0,366.19,350.87,high
cam05__frame_00015.jpg,83,359.28,352.1,367.93,368.73,high
cam05__frame_00015.jpg,84,382.4,358.45,388.37,367.15,high
cam05__frame_00015.jpg,85,370.97,368.88,378.68,380.81,high
cam05__frame_00015.jpg,86,381.9,368.14,398.8,384.79,high
cam05__frame_00015.jpg,87,387.3,384.04,404.27,412.1,high
cam05__frame_00015.jpg,88,408.93,393.08,418.73,412.67,low
cam05__frame_00015.jpg,89,392.2,416.7,417.19,444.88,medium
cam05__frame_00015.jpg,90,417.77,426.48,439.33,452.65,medium
cam05__frame_00015.jpg,91,400.26,445.13,416.3,464.21,high
cam05__frame_00015.jpg,92,416.73,453.37,437.76,481.12,high
cam05__frame_00015.jpg,93,438.8,439.28,447.95,469.41,high
cam05__frame_00015.jpg,94,450.38,509.13,475.1,534.76,low
cam05__frame_00015.jpg,95,473.31,525.8,502.5,565.32,medium
cam05__frame_00015.jpg,96,517.36,594.09,532.19,630.05,medium
cam05__frame_00015.jpg,97,3.77,116.4,29.52,166.23,low
cam05__frame_00015.jpg,98,31.18,152.94,46.96,165.4,medium
cam05__frame_00015.jpg,99,56.93,143.8,68.6,159.58,high
cam05__frame_00015.jpg,100,68.81,129.67,75.01,156.96,high
cam05__frame_00015.jpg,101,74.39,122.22,86.18,156.96,high
cam05__frame_00015.jpg,102,87.42,125.32,104.79,156.96,high
cam05__frame_00015.jpg,103,105.6,122.27,115.62,139.89,high
cam05__frame_00015.jpg,104,105.2,139.49,115.22,159.1,high
cam05__frame_00015.jpg,105,156.87,151.91,164.48,163.52,high
cam05__frame_00015.jpg,106,165.28,151.91,175.7,163.12,high
cam05__frame_00015.jpg,107,4.0,266.2,25.86,326.1,low
cam05__frame_00015.jpg,108,23.43,256.2,39.0,309.2,low
cam05__frame_00015.jpg,109,37.63,247.9,48.71,299.14,medium
cam05__frame_00015.jpg,110,67.96,204.64,74.24,230.07,medium
cam05__frame_00015.jpg,111,70.05,230.97,75.44,247.73,medium
cam05__frame_00015.jpg,112,76.64,189.07,88.01,216.61,medium
cam05__frame_00015.jpg,113,76.34,216.91,87.11,242.05,medium
cam05__frame_00015.jpg,114,89.8,184.29,100.28,215.71,medium
cam05__frame_00015.jpg,115,88.31,215.71,99.98,238.16,medium
cam05__frame_00015.jpg,116,101.68,184.75,110.62,208.9,high
cam05__frame_00015.jpg,117,153.6,170.4,162.68,187.2,high
cam05__frame_00015.jpg,118,163.03,179.07,172.21,202.94,medium
cam05__frame_00015.jpg,119,173.55,179.57,175.38,199.61,high
cam05__frame_00015.jpg,120,176.72,179.49,179.42,198.23,high
cam05__frame_00015.jpg,121,64.62,256.2,89.3,338.87,medium
cam05__frame_00015.jpg,122,88.3,267.17,99.97,313.19,medium
cam05__frame_00015.jpg,123,100.26,272.6,109.09,303.31,high
cam05__frame_00015.jpg,124,161.4,221.11,167.36,234.7,high
cam05__frame_00015.jpg,125,162.15,234.7,167.92,244.19,high
cam05__frame_00015.jpg,126,166.99,216.09,172.57,242.51,high
cam05__frame_00015.jpg,127,172.75,215.16,178.15,235.81,high
cam05__frame_00015.jpg,128,184.85,229.14,191.31,242.49,medium
cam05__frame_00015.jpg,129,16.21,326.45,36.22,332.45,medium
cam05__frame_00015.jpg,130,11.51,332.72,27.02,338.22,medium
cam05__frame_00015.jpg,131,9.9,338.0,29.41,345.76,medium
cam05__frame_00015.jpg,132,17.78,345.76,29.41,352.87,medium
cam05__frame_00015.jpg,133,19.08,353.48,30.7,361.27,medium
cam05__frame_00015.jpg,134,18.43,361.23,30.06,369.02,medium
cam05__frame_00015.jpg,135,18.43,369.31,30.06,377.09,medium
cam05__frame_00015.jpg,136,17.72,386.41,29.35,394.19,medium
cam05__frame_00015.jpg,137,19.01,395.45,30.64,403.24,medium
cam05__frame_00015.jpg,138,17.4,402.88,29.03,410.66,medium
cam05__frame_00015.jpg,139,19.34,411.92,30.97,419.71,medium
cam05__frame_00015.jpg,140,19.98,420.97,31.61,428.75,medium
cam05__frame_00015.jpg,141,19.04,430.37,29.98,438.16,medium
cam05__frame_00015.jpg,142,18.53,439.68,30.15,447.46,medium
cam05__frame_00015.jpg,143,0.0,463.6,10.94,471.39,medium
cam05__frame_00015.jpg,144,31.59,447.41,41.39,460.33,high
cam05__frame_00015.jpg,145,28.92,460.33,41.84,467.91,high
cam05__frame_00015.jpg,146,24.46,467.46,42.28,477.71,medium
cam05__frame_00015.jpg,147,17.19,475.11,48.64,492.74,low
cam05__frame_00015.jpg,148,4.26,484.02,33.69,501.11,low
cam05__frame_00015.jpg,149,2.48,493.83,33.94,511.46,low
cam05__frame_00015.jpg,150,1.39,503.89,32.85,521.52,low
cam05__frame_00015.jpg,151,44.18,488.36,53.62,497.39,high
cam05__frame_00015.jpg,152,52.59,496.05,60.62,509.05,high
cam05__frame_00015.jpg,153,46.17,501.5,55.16,517.39,high
cam05__frame_00015.jpg,154,46.97,518.52,56.77,526.38,high
cam05__frame_00015.jpg,155,32.47,496.02,45.42,512.99,low
cam05__frame_00015.jpg,156,38.71,513.02,46.19,521.94,high
cam05__frame_00015.jpg,157,39.85,520.92,47.33,529.84,high
cam05__frame_00015.jpg,158,41.0,531.28,48.48,540.2,high
cam05__frame_00015.jpg,159,42.44,540.2,49.92,549.12,high
cam05__frame_00015.jpg,160,30.29,536.21,42.62,545.84,medium
cam05__frame_00015.jpg,161,29.91,545.07,44.93,556.62,medium
cam05__frame_00015.jpg,162,29.52,556.24,42.23,562.78,high
cam05__frame_00015.jpg,163,27.98,520.81,41.08,532.75,low
cam05__frame_00015.jpg,164,19.4,377.38,31.03,385.17,medium
cam05__frame_00015.jpg,165,43.11,370.34,55.61,408.74,high
cam05__frame_00015.jpg,166,46.23,362.75,55.16,372.13,high
cam05__frame_00015.jpg,167,48.95,346.21,84.3,388.23,medium
cam05__frame_00015.jpg,168,83.7,347.76,112.81,369.38,low
cam05__frame_00015.jpg,169,160.54,264.91,170.6,288.6,high
cam05__frame_00015.jpg,170,0.0,512.91,43.54,638.63,medium
cam05__frame_00015.jpg,171,35.9,586.5,56.76,610.55,high
cam05__frame_00015.jpg,172,51.66,539.6,74.83,590.16,medium
cam05__frame_00015.jpg,173,80.92,471.84,85.37,486.76,high
cam05__frame_00015.jpg,174,89.85,464.88,96.31,481.04,high
cam05__frame_00015.jpg,175,86.61,451.2,95.32,465.37,medium
cam05__frame_00015.jpg,176,100.3,444.2,122.56,478.01,high
cam05__frame_00015.jpg,177,96.56,430.32,108.74,447.22,medium
cam05__frame_00015.jpg,178,95.32,413.66,101.28,426.09,high
cam05__frame_00015.jpg,179,102.0,414.25,114.77,426.85,medium
cam05__frame_00015.jpg,180,108.07,410.25,120.27,419.05,high
cam05__frame_00015.jpg,181,97.27,403.35,105.67,414.45,high
cam05__frame_00015.jpg,182,99.87,397.05,123.27,403.85,medium
cam05__frame_00015.jpg,183,194.63,616.13,292.25,640.0,high
cam05__frame_00015.jpg,184,301.46,608.1,388.91,640.0,high
cam05__frame_00015.jpg,185,137.9,519.95,201.09,639.82,low
cam05__frame_00015.jpg,186,206.12,559.43,289.38,616.85,low
cam05__frame_00015.jpg,187,292.81,563.9,390.83,608.1,low
cam05__frame_00015.jpg,188,389.87,482.22,430.3,638.85,medium
cam05__frame_00015.jpg,189,289.93,494.71,392.75,560.05,low
cam05__frame_00015.jpg,190,155.15,485.49,206.8,521.4,low
cam05__frame_00015.jpg,191,212.58,458.93,283.64,525.69,low
cam05__frame_00015.jpg,192,292.81,373.63,400.44,496.63,low
cam05__frame_00015.jpg,193,163.0,448.88,209.7,484.77,low
cam05__frame_00015.jpg,194,173.1,417.3,214.01,453.91,low
cam05__frame_00015.jpg,195,216.83,404.07,279.49,459.28,low
cam05__frame_00015.jpg,196,217.4,434.43,234.17,460.99,medium
cam05__frame_00015.jpg,197,240.41,422.06,262.74,456.8,medium
cam05__frame_00015.jpg,198,182.7,377.39,218.69,401.59,medium
cam05__frame_00015.jpg,199,226.14,390.42,288.18,404.07,high
cam05__frame_00015.jpg,200,180.23,340.17,224.9,377.39,low
cam05__frame_00015.jpg,201,227.38,353.2,278.25,393.52,low
cam05__frame_00015.jpg,202,279.49,349.85,311.13,380.25,high
cam05__frame_00015.jpg,203,308.7,347.98,359.52,380.87,high
cam05__frame_00015.jpg,204,279.49,330.61,326.02,349.85,high
cam05__frame_00015.jpg,205,189.54,288.67,226.14,342.03,low
cam05__frame_00015.jpg,206,226.14,314.73,275.77,346.99,low
cam05__frame_00015.jpg,207,229.24,273.79,276.39,314.73,low
cam05__frame_00015.jpg,208,280.11,280.98,326.02,332.47,medium
cam05__frame_00015.jpg,209,282.59,276.02,318.58,281.6,high
cam05__frame_00015.jpg,210,279.58,268.36,314.14,275.81,high
cam05__frame_00015.jpg,211,280.53,262.65,313.98,269.29,high
cam05__frame_00015.jpg,212,202.93,273.19,226.97,290.81,high
cam05__frame_00015.jpg,213,221.76,258.77,261.01,274.79,high
cam05__frame_00015.jpg,214,210.94,242.35,223.76,261.57,high
cam05__frame_00015.jpg,215,226.16,244.35,255.8,260.37,high
cam05__frame_00018.jpg,0,416.73,453.37,437.76,481.12,high
cam05__frame_00018.jpg,1,400.26,445.13,416.3,464.21,high
cam05__frame_00018.jpg,2,417.77,426.48,439.33,452.65,medium
cam05__frame_00018.jpg,3,392.2,416.7,417.19,444.88,medium
cam05__frame_00018.jpg,4,408.93,393.08,418.73,412.67,low
cam05__frame_00018.jpg,5,387.3,384.04,404.27,412.1,high
cam05__frame_00018.jpg,6,381.9,368.14,398.8,384.79,high
cam05__frame_00018.jpg,7,370.97,368.88,378.68,380.81,high
cam05__frame_00018.jpg,8,382.4,358.45,388.37,367.15,high
cam05__frame_00018.jpg,9,359.28,352.1,367.93,368.73,high
cam05__frame_00018.jpg,10,357.1,340.0,366.19,350.87,high
cam05__frame_00018.jpg,11,359.04,329.44,367.53,339.26,high
cam05__frame_00018.jpg,12,350.56,326.76,357.26,346.85,high
cam05__frame_00018.jpg,13,331.81,316.04,351.01,357.57,low
cam05__frame_00018.jpg,14,571.2,553.51,598.1,626.44,low
cam05__frame_00018.jpg,15,532.95,497.32,547.29,562.48,medium
cam05__frame_00018.jpg,16,514.0,479.69,534.52,542.2,medium
cam05__frame_00018.jpg,17,499.25,455.58,517.11,510.05,medium
cam05__frame_00018.jpg,18,468.44,428.79,510.86,481.0,medium
cam05__frame_00018.jpg,19,450.58,393.96,484.1,452.9,medium
cam05__frame_00018.jpg,20,439.53,370.42,454.96,432.68,medium
cam05__frame_00018.jpg,21,418.06,338.65,443.68,420.81,medium
cam05__frame_00018.jpg,22,408.87,330.62,419.21,370.3,high
cam05__frame_00018.jpg,23,400.9,350.23,405.9,376.25,medium
cam05__frame_00018.jpg,24,396.9,347.23,400.9,369.58,medium
cam05__frame_00018.jpg,25,398.56,344.56,407.9,348.9,high
cam05__frame_00018.jpg,26,387.67,341.54,394.56,355.31,medium
cam05__frame_00018.jpg,27,391.31,334.83,398.75,343.15,low
cam05__frame_00018.jpg,28,376.84,327.03,382.74,341.54,medium
cam05__frame_00018.jpg,29,370.5,315.34,378.9,325.4,high
cam05__frame_00018.jpg,30,370.08,300.45,375.75,315.57,medium
cam05__frame_00018.jpg,31,365.06,290.6,369.67,325.4,high
cam05__frame_00018.jpg,32,359.19,293.11,364.64,317.43,medium
cam05__frame_00018.jpg,33,351.22,289.34,359.19,304.43,medium
cam05__frame_00018.jpg,34,350.8,278.02,360.87,290.6,medium
cam05__frame_00018.jpg,35,344.93,282.63,350.38,295.63,low
cam05__frame_00018.jpg,36,339.07,272.57,345.77,284.31,low
cam05__frame_00018.jpg,37,604.6,475.11,618.85,506.67,high
cam05__frame_00018.jpg,38,616.6,427.77,628.62,463.09,high
cam05__frame_00018.jpg,39,557.69,414.57,612.81,487.99,low
cam05__frame_00018.jpg,40,588.04,389.45,616.6,416.5,high
cam05__frame_00018.jpg,41,567.0,392.46,588.79,416.5,high
cam05__frame_00018.jpg,42,558.74,362.4,573.77,381.94,high
cam05__frame_00018.jpg,43,516.84,374.02,570.29,443.35,low
cam05__frame_00018.jpg,44,510.51,374.92,521.75,418.76,medium
cam05__frame_00018.jpg,45,496.0,357.16,509.43,402.1,medium
cam05__frame_00018.jpg,46,470.6,341.85,497.18,381.46,medium
cam05__frame_00018.jpg,47,471.21,308.08,483.55,342.5,high
cam05__frame_00018.jpg,48,447.43,331.06,457.1,349.22,medium
cam05__frame_00018.jpg,49,446.49,311.33,458.08,330.43,medium
cam05__frame_00018.jpg,50,429.7,307.29,444.33,338.96,medium
cam05__frame_00018.jpg,51,226.16,244.35,255.8,260.37,high
cam05__frame_00018.jpg,52,210.94,242.35,223.76,261.57,high
cam05__frame_00018.jpg,53,221.76,258.77,261.01,274.79,high
cam05__frame_00018.jpg,54,202.93,273.19,226.97,290.81,high
cam05__frame_00018.jpg,55,280.53,262.65,313.98,269.29,high
cam05__frame_00018.jpg,56,279.58,268.36,314.14,275.81,high
cam05__frame_00018.jpg,57,282.59,276.02,318.58,281.6,high
cam05__frame_00018.jpg,58,280.11,280.98,326.02,332.47,medium
cam05__frame_00018.jpg,59,229.24,273.79,276.39,314.73,low
cam05__frame_00018.jpg,60,226.14,314.73,275.77,346.99,low
cam05__frame_00018.jpg,61,189.54,288.67,226.14,342.03,low
cam05__frame_00018.jpg,62,279.49,330.61,326.02,349.85,high
cam05__frame_00018.jpg,63,308.7,347.98,359.52,380.87,high
cam05__frame_00018.jpg,64,279.49,349.85,311.13,380.25,high
cam05__frame_00018.jpg,65,227.38,353.2,278.25,393.52,low
cam05__frame_00018.jpg,66,180.23,340.17,224.9,377.39,low
cam05__frame_00018.jpg,67,226.14,390.42,288.18,404.07,high
cam05__frame_00018.jpg,68,182.7,377.39,218.69,401.59,medium
cam05__frame_00018.jpg,69,240.41,422.06,262.74,456.8,medium
cam05__frame_00018.jpg,70,217.4,434.43,234.17,460.99,medium
cam05__frame_00018.jpg,71,216.83,404.07,279.49,459.28,low
cam05__frame_00018.jpg,72,173.1,417.3,214.01,453.91,low
cam05__frame_00018.jpg,73,163.0,448.88,209.7,484.77,low
cam05__frame_00018.jpg,74,292.81,373.63,400.44,496.63,low
cam05__frame_00018.jpg,75,212.58,458.93,283.64,525.69,low
cam05__frame_00018.jpg,76,155.15,485.49,206.8,521.4,low
cam05__frame_00018.jpg,77,289.93,494.71,392.75,560.05,low
cam05__frame_00018.jpg,78,389.87,482.22,421.9,638.85,medium
cam05__frame_00018.jpg,79,292.81,563.9,390.83,608.1,low
cam05__frame_00018.jpg,80,206.12,559.43,289.38,616.85,low
cam05__frame_00018.jpg,81,137.9,519.95,201.09,639.82,low
cam05__frame_00018.jpg,82,301.46,608.1,388.91,640.0,high
cam05__frame_00018.jpg,83,194.63,616.13,292.25,640.0,high
cam05__frame_00018.jpg,84,153.0,327.43,159.66,347.32,high
cam05__frame_00018.jpg,85,148.09,321.36,152.33,353.7,medium
cam05__frame_00018.jpg,86,149.44,368.18,159.64,380.23,low
cam05__frame_00018.jpg,87,136.47,360.96,145.32,375.15,medium
cam05__frame_00018.jpg,88,136.3,350.94,144.98,361.29,medium
cam05__frame_00018.jpg,89,136.21,340.68,145.26,351.02,medium
cam05__frame_00018.jpg,90,128.76,372.82,132.79,392.18,medium
cam05__frame_00018.jpg,91,115.75,370.34,128.76,398.99,low
cam05__frame_00018.jpg,92,99.87,397.05,123.27,403.85,medium
cam05__frame_00018.jpg,93,417.46,302.66,428.85,322.4,high
cam05__frame_00018.jpg,94,440.69,290.46,454.77,307.47,high
cam05__frame_00018.jpg,95,410.59,278.79,430.79,298.74,high
cam05__frame_00018.jpg,96,418.69,266.5,439.51,283.7,medium
cam05__frame_00018.jpg,97,403.35,289.42,408.6,301.26,medium
cam05__frame_00018.jpg,98,403.8,278.55,409.21,288.78,high
cam05__frame_00018.jpg,99,404.61,264.74,409.47,279.06,high
cam05__frame_00018.jpg,100,374.0,253.11,381.64,284.82,medium
cam05__frame_00018.jpg,101,361.48,240.06,372.7,275.0,medium
cam05__frame_00018.jpg,102,353.93,238.2,361.95,263.99,medium
cam05__frame_00018.jpg,103,343.87,244.21,349.48,250.32,medium
cam05__frame_00018.jpg,104,344.03,237.93,349.81,243.38,medium
cam05__frame_00018.jpg,105,343.36,233.09,350.3,238.0,medium
cam05__frame_00018.jpg,106,522.15,155.21,579.41,193.38,low
cam05__frame_00018.jpg,107,628.21,338.39,635.01,360.36,high
cam05__frame_00018.jpg,108,575.19,296.48,635.25,357.32,low
cam05__frame_00018.jpg,109,582.18,256.27,638.67,305.96,medium
cam05__frame_00018.jpg,110,585.85,205.54,638.67,262.03,low
cam05__frame_00018.jpg,111,584.8,158.99,639.72,213.91,low
cam05__frame_00018.jpg,112,584.28,105.11,640.0,161.08,low
cam05__frame_00018.jpg,113,560.74,275.63,584.8,328.98,medium
cam05__frame_00018.jpg,114,538.26,269.78,561.91,321.45,medium
cam05__frame_00018.jpg,115,511.24,254.69,541.48,303.06,medium
cam05__frame_00018.jpg,116,514.73,200.9,582.27,268.31,medium
cam05__frame_00018.jpg,117,505.8,245.28,514.89,289.58,high
cam05__frame_00018.jpg,118,474.18,238.32,505.01,277.33,medium
cam05__frame_00018.jpg,119,473.25,203.09,516.83,240.57,medium
cam05__frame_00018.jpg,120,464.63,234.22,471.72,270.51,high
cam05__frame_00018.jpg,121,466.48,193.54,474.31,233.75,high
cam05__frame_00018.jpg,122,479.63,163.44,526.64,187.87,low
cam05__frame_00018.jpg,123,457.48,146.28,477.82,183.8,medium
cam05__frame_00018.jpg,124,447.62,163.65,458.3,180.37,medium
cam05__frame_00018.jpg,125,447.03,228.8,463.25,263.62,medium
cam05__frame_00018.jpg,126,447.03,189.99,463.78,228.8,low
cam05__frame_00018.jpg,127,435.87,219.23,446.77,257.77,medium
cam05__frame_00018.jpg,128,415.7,218.72,435.57,251.92,medium
cam05__frame_00018.jpg,129,422.03,185.72,446.09,219.19,medium
cam05__frame_00018.jpg,130,396.12,207.14,411.82,239.05,medium
cam05__frame_00018.jpg,131,372.34,206.11,394.83,230.17,low
cam05__frame_00018.jpg,132,372.34,176.82,413.3,205.07,low
cam05__frame_00018.jpg,133,354.09,182.86,362.8,211.73,high
cam05__frame_00018.jpg,134,3.77,116.4,29.52,166.23,low
cam05__frame_00018.jpg,135,31.18,152.94,46.96,165.4,medium
cam05__frame_00018.jpg,136,56.93,143.8,68.6,159.58,high
cam05__frame_00018.jpg,137,68.81,129.67,75.01,156.96,high
cam05__frame_00018.jpg,138,74.39,122.22,86.18,156.96,high
cam05__frame_00018.jpg,139,87.42,125.32,104.79,156.96,high
cam05__frame_00018.jpg,140,105.6,122.27,115.62,139.89,high
cam05__frame_00018.jpg,141,105.2,139.49,115.22,159.1,high
cam05__frame_00018.jpg,142,126.43,151.91,155.67,159.12,high
cam05__frame_00018.jpg,143,156.87,151.91,164.48,163.52,high
cam05__frame_00018.jpg,144,165.28,151.91,175.7,163.12,high
cam05__frame_00018.jpg,145,4.0,266.2,25.86,326.1,low
cam05__frame_00018.jpg,146,23.43,256.2,39.0,309.2,low
cam05__frame_00018.jpg,147,37.63,247.9,48.71,299.14,medium
cam05__frame_00018.jpg,148,67.96,204.64,74.24,230.07,medium
cam05__frame_00018.jpg,149,70.05,230.97,75.44,247.73,medium
cam05__frame_00018.jpg,150,76.64,189.07,88.01,216.61,medium
cam05__frame_00018.jpg,151,76.34,216.91,87.11,242.05,medium
cam05__frame_00018.jpg,152,89.8,184.29,100.28,215.71,medium
cam05__frame_00018.jpg,153,88.31,215.71,99.98,238.16,medium
cam05__frame_00018.jpg,154,101.68,184.75,110.62,210.24,medium
cam05__frame_00018.jpg,155,101.3,210.53,109.8,232.2,medium
cam05__frame_00018.jpg,156,111.1,177.12,119.83,204.95,medium
cam05__frame_00018.jpg,157,111.2,205.2,119.23,225.89,medium
cam05__frame_00018.jpg,158,118.93,201.95,127.61,221.4,medium
cam05__frame_00018.jpg,159,127.61,199.26,134.49,217.51,medium
cam05__frame_00018.jpg,160,135.38,176.22,146.75,214.22,medium
cam05__frame_00018.jpg,161,146.64,176.39,153.4,210.97,medium
cam05__frame_00018.jpg,162,153.6,170.4,162.68,208.26,medium
cam05__frame_00018.jpg,163,163.03,179.07,172.21,202.94,medium
cam05__frame_00018.jpg,164,173.55,179.57,175.38,199.61,high
cam05__frame_00018.jpg,165,176.72,179.49,179.42,198.23,high
cam05__frame_00018.jpg,166,64.62,256.2,89.3,338.87,medium
cam05__frame_00018.jpg,167,88.3,267.17,99.97,313.19,medium
cam05__frame_00018.jpg,168,100.26,262.4,109.09,303.31,medium
cam05__frame_00018.jpg,169,109.35,258.13,124.79,297.88,medium
cam05__frame_00018.jpg,170,123.68,249.19,132.9,281.47,medium
cam05__frame_00018.jpg,171,136.38,233.55,145.35,266.93,medium
cam05__frame_00018.jpg,172,145.96,233.58,149.87,259.82,medium
cam05__frame_00018.jpg,173,149.49,233.58,154.33,257.77,medium
cam05__frame_00018.jpg,174,137.03,223.53,153.96,231.72,high
cam05__frame_00018.jpg,175,153.96,223.53,161.78,249.4,high
cam05__frame_00018.jpg,176,161.4,221.11,167.36,234.7,high
cam05__frame_00018.jpg,177,162.15,234.7,167.92,244.19,high
cam05__frame_00018.jpg,178,166.99,216.09,172.57,242.51,high
cam05__frame_00018.jpg,179,172.75,215.16,178.15,235.81,high
cam05__frame_00018.jpg,180,184.85,229.14,191.31,242.49,medium
cam05__frame_00018.jpg,181,192.17,222.46,200.35,235.17,medium
cam05__frame_00018.jpg,182,16.21,326.45,36.22,332.45,medium
cam05__frame_00018.jpg,183,11.51,332.72,27.02,338.22,medium
cam05__frame_00018.jpg,184,9.9,338.0,29.41,345.76,medium
cam05__frame_00018.jpg,185,17.78,345.76,29.41,352.87,medium
cam05__frame_00018.jpg,186,19.08,353.48,30.7,361.27,medium
cam05__frame_00018.jpg,187,18.43,361.23,30.06,369.02,medium
cam05__frame_00018.jpg,188,18.43,369.31,30.06,377.09,medium
cam05__frame_00018.jpg,189,17.72,386.41,29.35,394.19,medium
cam05__frame_00018.jpg,190,19.01,395.45,30.64,403.24,medium
cam05__frame_00018.jpg,191,17.4,402.88,29.03,410.66,medium
cam05__frame_00018.jpg,192,19.34,411.92,30.97,419.71,medium
cam05__frame_00018.jpg,193,19.98,420.97,31.61,428.75,medium
cam05__frame_00018.jpg,194,19.04,430.37,29.98,438.16,medium
cam05__frame_00018.jpg,195,18.53,439.68,30.15,447.46,medium
cam05__frame_00018.jpg,196,0.0,463.6,10.94,471.39,medium
cam05__frame_00018.jpg,197,31.59,447.41,41.39,460.33,high
cam05__frame_00018.jpg,198,28.92,460.33,41.84,467.91,high
cam05__frame_00018.jpg,199,24.46,467.46,42.28,477.71,medium
cam05__frame_00018.jpg,200,17.19,475.11,48.64,492.74,low
cam05__frame_00018.jpg,201,4.26,484.02,33.69,501.11,low
cam05__frame_00018.jpg,202,2.48,493.83,33.94,511.46,low
cam05__frame_00018.jpg,203,1.39,503.89,32.85,521.52,low
cam05__frame_00018.jpg,204,44.18,488.36,53.62,497.39,high
cam05__frame_00018.jpg,205,52.59,496.05,60.62,509.05,high
cam05__frame_00018.jpg,206,46.17,501.5,55.16,517.39,high
cam05__frame_00018.jpg,207,46.97,518.52,56.77,526.38,high
cam05__frame_00018.jpg,208,32.47,496.02,45.42,512.99,low
cam05__frame_00018.jpg,209,38.71,513.02,46.19,521.94,high
cam05__frame_00018.jpg,210,39.85,520.92,47.33,529.84,high
cam05__frame_00018.jpg,211,41.0,531.28,48.48,540.2,high
cam05__frame_00018.jpg,212,42.44,540.2,49.92,549.12,high
cam05__frame_00018.jpg,213,30.29,536.21,42.62,545.84,medium
cam05__frame_00018.jpg,214,29.91,545.07,44.93,556.62,medium
cam05__frame_00018.jpg,215,29.52,556.24,42.23,562.78,high
cam05__frame_00018.jpg,216,27.98,520.81,41.08,532.75,low
cam05__frame_00018.jpg,217,19.4,377.38,31.03,385.17,medium
cam05__frame_00018.jpg,218,43.11,370.34,55.61,408.74,high
cam05__frame_00018.jpg,219,46.23,362.75,55.16,372.13,high
cam05__frame_00018.jpg,220,48.95,346.21,84.3,388.23,medium
cam05__frame_00018.jpg,221,83.7,347.76,112.81,369.38,low
cam05__frame_00018.jpg,222,110.5,320.96,122.9,366.21,medium
cam05__frame_00018.jpg,223,119.15,323.84,129.53,348.63,medium
cam05__frame_00018.jpg,224,120.79,301.81,134.99,324.23,high
cam05__frame_00018.jpg,225,133.74,294.34,144.95,327.22,high
cam05__frame_00018.jpg,226,133.74,294.34,144.95,327.22,high
cam05__frame_00018.jpg,227,144.95,281.38,161.39,311.02,medium
cam05__frame_00018.jpg,228,151.18,271.17,160.14,280.63,high
cam05__frame_00018.jpg,229,159.86,265.59,169.91,289.28,medium
cam05__frame_00018.jpg,230,171.3,256.27,179.1,274.09,high
cam05__frame_00018.jpg,231,0.0,512.91,43.54,638.63,medium
cam05__frame_00018.jpg,232,35.9,586.5,56.76,610.55,high
cam05__frame_00018.jpg,233,51.66,539.6,74.83,590.16,medium
cam05__frame_00018.jpg,234,80.92,471.84,85.37,486.76,high
cam05__frame_00018.jpg,235,89.85,464.88,96.31,481.04,high
cam05__frame_00018.jpg,236,86.61,451.2,95.32,465.37,medium
cam05__frame_00018.jpg,237,100.3,444.2,122.56,478.01,high
cam05__frame_00018.jpg,238,96.56,430.32,108.74,447.22,medium
cam05__frame_00018.jpg,239,95.32,413.66,101.28,426.09,high
cam05__frame_00018.jpg,240,102.0,414.25,114.77,426.85,medium
cam05__frame_00018.jpg,241,108.07,410.25,120.27,419.05,high
cam05__frame_00018.jpg,242,97.27,403.35,105.67,414.45,high
cam05__frame_00018.jpg,243,517.36,594.09,532.19,630.05,medium
cam05__frame_00018.jpg,244,473.31,525.8,502.5,565.32,medium
cam05__frame_00018.jpg,245,450.38,509.13,475.1,534.76,low
cam05__frame_00018.jpg,246,438.8,439.28,447.95,469.41,high
cam05__frame_00018.jpg,247,429.1,472.88,446.43,507.56,medium
cam05__frame_00024.jpg,0,359.19,293.11,364.64,317.43,medium
cam05__frame_00024.jpg,1,370.08,300.45,375.75,315.57,medium
cam05__frame_00024.jpg,2,370.5,315.34,378.9,325.4,high
cam05__frame_00024.jpg,3,376.84,327.03,382.74,341.54,medium
cam05__frame_00024.jpg,4,391.31,334.83,398.75,343.15,low
cam05__frame_00024.jpg,5,387.67,341.54,394.56,355.31,medium
cam05__frame_00024.jpg,6,398.56,344.56,407.9,348.9,high
cam05__frame_00024.jpg,7,396.9,347.23,400.9,369.58,medium
cam05__frame_00024.jpg,8,400.9,350.23,405.9,376.25,medium
cam05__frame_00024.jpg,9,408.87,330.62,419.21,370.3,high
cam05__frame_00024.jpg,10,418.06,338.65,443.68,420.81,medium
cam05__frame_00024.jpg,11,439.53,370.42,454.96,432.68,medium
cam05__frame_00024.jpg,12,450.58,393.96,484.1,452.9,medium
cam05__frame_00024.jpg,13,468.44,428.79,510.86,481.0,medium
cam05__frame_00024.jpg,14,499.25,455.58,517.11,510.05,medium
cam05__frame_00024.jpg,15,514.0,479.69,534.52,542.2,medium
cam05__frame_00024.jpg,16,532.95,497.32,547.29,562.48,medium
cam05__frame_00024.jpg,17,571.2,553.51,598.1,626.44,low
cam05__frame_00024.jpg,18,331.81,316.04,351.01,357.57,low
cam05__frame_00024.jpg,19,350.56,326.76,357.26,346.85,high
cam05__frame_00024.jpg,20,359.04,329.44,367.53,339.26,high
cam05__frame_00024.jpg,21,357.1,340.0,366.19,350.87,high
cam05__frame_00024.jpg,22,359.28,352.1,367.93,368.73,high
cam05__frame_00024.jpg,23,382.4,358.45,388.37,367.15,high
cam05__frame_00024.jpg,24,370.97,368.88,378.68,380.81,high
cam05__frame_00024.jpg,25,381.9,368.14,398.8,384.79,high
cam05__frame_00024.jpg,26,387.3,384.04,404.27,412.1,high
cam05__frame_00024.jpg,27,408.93,393.08,418.73,412.67,low
cam05__frame_00024.jpg,28,392.2,416.7,417.19,444.88,medium
cam05__frame_00024.jpg,29,417.77,426.48,439.33,452.65,medium
cam05__frame_00024.jpg,30,400.26,445.13,416.3,464.21,high
cam05__frame_00024.jpg,31,416.73,453.37,437.76,481.12,high
cam05__frame_00024.jpg,32,429.1,472.88,446.43,507.56,medium
cam05__frame_00024.jpg,33,438.8,439.28,447.95,469.41,high
cam05__frame_00024.jpg,34,450.38,509.13,475.1,534.76,low
cam05__frame_00024.jpg,35,473.31,525.8,502.5,565.32,medium
cam05__frame_00024.jpg,36,517.36,594.09,532.19,630.05,medium
cam05__frame_00024.jpg,37,1.39,503.89,32.85,521.52,low
cam05__frame_00024.jpg,38,2.48,493.83,33.94,511.46,low
cam05__frame_00024.jpg,39,4.26,484.02,33.69,501.11,low
cam05__frame_00024.jpg,40,17.19,475.11,48.64,492.74,low
cam05__frame_00024.jpg,41,24.46,467.46,42.28,477.71,medium
cam05__frame_00024.jpg,42,28.92,460.33,41.84,467.91,high
cam05__frame_00024.jpg,43,31.59,447.41,41.39,460.33,high
cam05__frame_00024.jpg,44,0.0,463.6,10.94,471.39,medium
cam05__frame_00024.jpg,45,18.53,439.68,30.15,447.46,medium
cam05__frame_00024.jpg,46,19.04,430.37,29.98,438.16,medium
cam05__frame_00024.jpg,47,19.98,420.97,31.61,428.75,medium
cam05__frame_00024.jpg,48,19.34,411.92,30.97,419.71,medium
cam05__frame_00024.jpg,49,17.4,402.88,29.03,410.66,medium
cam05__frame_00024.jpg,50,19.01,395.45,30.64,403.24,medium
cam05__frame_00024.jpg,51,17.72,386.41,29.35,394.19,medium
cam05__frame_00024.jpg,52,18.43,369.31,30.06,377.09,medium
cam05__frame_00024.jpg,53,18.43,361.23,30.06,369.02,medium
cam05__frame_00024.jpg,54,19.08,353.48,30.7,361.27,medium
cam05__frame_00024.jpg,55,17.78,345.76,29.41,352.87,medium
cam05__frame_00024.jpg,56,9.9,338.0,29.41,345.76,medium
cam05__frame_00024.jpg,57,11.51,332.72,27.02,338.22,medium
cam05__frame_00024.jpg,58,16.21,326.45,36.22,332.45,medium
cam05__frame_00024.jpg,59,192.17,222.46,200.35,235.17,medium
cam05__frame_00024.jpg,60,184.85,229.14,191.31,242.49,medium
cam05__frame_00024.jpg,61,172.75,215.16,178.15,235.81,high
cam05__frame_00024.jpg,62,166.99,216.09,172.57,242.51,high
cam05__frame_00024.jpg,63,162.15,234.7,167.92,244.19,high
cam05__frame_00024.jpg,64,161.4,221.11,167.36,234.7,high
cam05__frame_00024.jpg,65,153.96,223.53,161.78,249.4,high
cam05__frame_00024.jpg,66,137.03,223.53,153.96,231.72,high
cam05__frame_00024.jpg,67,149.49,233.58,154.33,257.77,medium
cam05__frame_00024.jpg,68,145.96,233.58,149.87,259.82,medium
cam05__frame_00024.jpg,69,136.38,233.55,145.35,266.93,medium
cam05__frame_00024.jpg,70,123.68,249.19,132.9,281.47,medium
cam05__frame_00024.jpg,71,64.62,256.2,79.2,280.8,high
cam05__frame_00024.jpg,72,176.72,179.49,179.42,198.23,high
cam05__frame_00024.jpg,73,173.55,179.57,175.38,199.61,high
cam05__frame_00024.jpg,74,163.03,179.07,172.21,202.94,medium
cam05__frame_00024.jpg,75,153.6,170.4,162.68,208.26,medium
cam05__frame_00024.jpg,76,146.64,176.39,153.4,210.97,medium
cam05__frame_00024.jpg,77,135.38,176.22,146.75,214.22,medium
cam05__frame_00024.jpg,78,127.61,199.26,134.49,217.51,medium
cam05__frame_00024.jpg,79,120.9,201.95,127.61,221.4,medium
cam05__frame_00024.jpg,80,67.96,204.64,74.24,230.07,medium
cam05__frame_00024.jpg,81,37.63,247.9,48.71,299.14,medium
cam05__frame_00024.jpg,82,23.43,256.2,39.0,309.2,low
cam05__frame_00024.jpg,83,4.0,266.2,25.86,326.1,low
cam05__frame_00024.jpg,84,165.28,151.91,175.7,163.12,high
cam05__frame_00024.jpg,85,156.87,151.91,164.48,163.52,high
cam05__frame_00024.jpg,86,126.43,151.91,155.67,159.12,high
cam05__frame_00024.jpg,87,105.2,139.49,115.22,155.8,high
cam05__frame_00024.jpg,88,105.6,122.27,115.62,139.89,high
cam05__frame_00024.jpg,89,68.81,129.67,75.01,156.96,high
cam05__frame_00024.jpg,90,56.93,143.8,68.6,159.58,high
cam05__frame_00024.jpg,91,31.18,152.94,46.96,165.4,medium
cam05__frame_00024.jpg,92,3.77,116.4,29.52,166.23,low
cam05__frame_00024.jpg,93,226.16,244.35,255.8,260.37,high
cam05__frame_00024.jpg,94,210.94,242.35,223.76,261.57,high
cam05__frame_00024.jpg,95,221.76,258.77,261.01,274.79,high
cam05__frame_00024.jpg,96,202.93,273.19,226.97,290.81,high
cam05__frame_00024.jpg,97,280.53,262.65,313.98,269.29,high
cam05__frame_00024.jpg,98,279.58,268.36,314.14,275.81,high
cam05__frame_00024.jpg,99,282.59,276.02,318.58,281.6,high
cam05__frame_00024.jpg,100,280.11,280.98,326.02,332.47,medium
cam05__frame_00024.jpg,101,229.24,273.79,276.39,314.73,low
cam05__frame_00024.jpg,102,226.14,314.73,275.77,346.99,low
cam05__frame_00024.jpg,103,189.54,288.67,226.14,342.03,low
cam05__frame_00024.jpg,104,279.49,330.61,326.02,349.85,high
cam05__frame_00024.jpg,105,308.7,347.98,359.52,380.87,high
cam05__frame_00024.jpg,106,279.49,349.85,311.13,380.25,high
cam05__frame_00024.jpg,107,227.38,353.2,278.25,393.52,low
cam05__frame_00024.jpg,108,180.23,340.17,224.9,377.39,low
cam05__frame_00024.jpg,109,226.14,390.42,288.18,404.07,high
cam05__frame_00024.jpg,110,182.7,377.39,218.69,401.59,medium
cam05__frame_00024.jpg,111,240.41,422.06,262.74,456.8,medium
cam05__frame_00024.jpg,112,217.4,434.43,234.17,460.99,medium
cam05__frame_00024.jpg,113,216.83,404.07,279.49,459.28,low
cam05__frame_00024.jpg,114,173.1,417.3,214.01,453.91,low
cam05__frame_00024.jpg,115,163.0,448.88,209.7,484.77,low
cam05__frame_00024.jpg,116,292.81,373.63,400.44,496.63,low
cam05__frame_00024.jpg,117,212.58,458.93,283.64,525.69,low
cam05__frame_00024.jpg,118,155.15,485.49,206.8,521.4,low
cam05__frame_00024.jpg,119,289.93,494.71,392.75,560.05,low
cam05__frame_00024.jpg,120,389.87,482.22,450.41,638.85,medium
cam05__frame_00024.jpg,121,292.81,563.9,390.83,608.1,low
cam05__frame_00024.jpg,122,206.12,559.43,289.38,616.85,low
cam05__frame_00024.jpg,123,137.9,519.95,201.09,639.82,low
cam05__frame_00024.jpg,124,301.46,608.1,388.91,640.0,high
cam05__frame_00024.jpg,125,194.63,616.13,292.25,640.0,high
cam05__frame_00024.jpg,126,153.0,327.43,159.66,347.32,high
cam05__frame_00024.jpg,127,148.09,321.36,152.33,353.7,medium
cam05__frame_00024.jpg,128,149.44,368.18,159.64,380.23,low
cam05__frame_00024.jpg,129,136.47,360.96,145.32,375.15,medium
cam05__frame_00024.jpg,130,136.3,350.94,144.98,361.29,medium
cam05__frame_00024.jpg,131,136.21,340.68,145.26,351.02,medium
cam05__frame_00024.jpg,132,128.76,372.82,132.79,392.18,medium
cam05__frame_00024.jpg,133,99.87,397.05,111.9,403.85,high
cam05__frame_00024.jpg,134,97.27,403.35,105.67,414.45,high
cam05__frame_00024.jpg,135,102.0,414.25,114.77,426.85,medium
cam05__frame_00024.jpg,136,95.32,413.66,101.28,426.09,high
cam05__frame_00024.jpg,137,96.56,430.32,108.74,447.22,medium
cam05__frame_00024.jpg,138,100.3,444.2,115.4,470.8,high
cam05__frame_00024.jpg,139,86.61,451.2,95.32,465.37,medium
cam05__frame_00024.jpg,140,89.85,464.88,96.31,481.04,high
cam05__frame_00024.jpg,141,80.92,471.84,85.37,486.76,high
cam05__frame_00024.jpg,142,51.66,539.6,74.83,590.16,medium
cam05__frame_00024.jpg,143,35.9,586.5,56.76,610.55,high
cam05__frame_00024.jpg,144,0.0,512.91,43.54,638.63,medium
cam05__frame_00024.jpg,145,171.3,256.27,179.1,274.09,high
cam05__frame_00024.jpg,146,159.86,265.59,169.91,289.28,medium
cam05__frame_00024.jpg,147,151.18,271.17,160.14,280.63,high
cam05__frame_00024.jpg,148,144.95,281.38,161.39,311.02,medium
cam05__frame_00024.jpg,149,133.74,294.34,144.95,327.22,high
cam05__frame_00024.jpg,150,133.74,294.34,144.95,327.22,high
cam05__frame_00024.jpg,151,120.79,301.81,134.99,324.23,high
cam05__frame_00024.jpg,152,119.15,323.84,129.53,348.63,medium
cam05__frame_00024.jpg,153,48.95,346.21,62.1,388.23,high
cam05__frame_00024.jpg,154,46.23,362.75,55.16,372.13,high
cam05__frame_00024.jpg,155,43.11,370.34,55.61,408.74,high
cam05__frame_00024.jpg,156,19.4,377.38,31.03,385.17,medium
cam05__frame_00024.jpg,157,27.98,520.81,41.08,532.75,low
cam05__frame_00024.jpg,158,29.52,556.24,42.23,562.78,high
cam05__frame_00024.jpg,159,29.91,545.07,44.93,556.62,medium
cam05__frame_00024.jpg,160,30.29,536.21,42.62,545.84,medium
cam05__frame_00024.jpg,161,42.44,540.2,49.92,549.12,high
cam05__frame_00024.jpg,162,41.0,531.28,48.48,540.2,high
cam05__frame_00024.jpg,163,39.85,520.92,47.33,529.84,high
cam05__frame_00024.jpg,164,38.71,513.02,46.19,521.94,high
cam05__frame_00024.jpg,165,32.47,496.02,45.42,512.99,low
cam05__frame_00024.jpg,166,46.97,518.52,56.77,526.38,high
cam05__frame_00024.jpg,167,46.17,501.5,55.16,517.39,high
cam05__frame_00024.jpg,168,52.59,496.05,60.62,509.05,high
cam05__frame_00024.jpg,169,44.18,488.36,53.62,497.39,high
cam05__frame_00024.jpg,170,354.09,182.86,362.8,211.73,high
cam05__frame_00024.jpg,171,372.34,176.82,413.3,205.07,low
cam05__frame_00024.jpg,172,372.34,206.11,394.83,230.17,low
cam05__frame_00024.jpg,173,396.12,207.14,411.82,239.05,medium
cam05__frame_00024.jpg,174,422.03,185.72,446.09,219.19,medium
cam05__frame_00024.jpg,175,415.7,218.72,435.57,251.92,medium
cam05__frame_00024.jpg,176,435.87,219.23,446.77,257.77,medium
cam05__frame_00024.jpg,177,447.03,189.99,463.78,228.8,low
cam05__frame_00024.jpg,178,447.03,228.8,463.25,263.62,medium
cam05__frame_00024.jpg,179,447.62,163.65,458.3,180.37,medium
cam05__frame_00024.jpg,180,457.48,146.28,477.82,183.8,medium
cam05__frame_00024.jpg,181,479.63,163.44,526.64,187.87,low
cam05__frame_00024.jpg,182,466.48,193.54,474.31,233.75,high
cam05__frame_00024.jpg,183,464.63,234.22,471.72,270.51,high
cam05__frame_00024.jpg,184,473.25,203.09,516.83,240.57,medium
cam05__frame_00024.jpg,185,474.18,238.32,505.01,277.33,medium
cam05__frame_00024.jpg,186,505.8,245.28,514.89,289.58,high
cam05__frame_00024.jpg,187,514.73,200.9,582.27,268.31,medium
cam05__frame_00024.jpg,188,511.24,254.69,541.48,303.06,medium
cam05__frame_00024.jpg,189,538.26,269.78,561.91,321.45,medium
cam05__frame_00024.jpg,190,560.74,275.63,584.8,328.98,medium
cam05__frame_00024.jpg,191,584.28,105.11,640.0,161.08,low
cam05__frame_00024.jpg,192,584.8,158.99,639.72,213.91,low
cam05__frame_00024.jpg,193,585.85,205.54,638.67,262.03,low
cam05__frame_00024.jpg,194,582.18,256.27,638.67,305.96,medium
cam05__frame_00024.jpg,195,575.19,296.48,635.25,357.32,low
cam05__frame_00024.jpg,196,628.21,338.39,635.01,360.36,high
cam05__frame_00024.jpg,197,522.15,155.21,579.41,193.38,low
cam05__frame_00024.jpg,198,343.36,233.09,350.3,238.0,medium
cam05__frame_00024.jpg,199,344.03,237.93,349.81,243.38,medium
cam05__frame_00024.jpg,200,343.87,244.21,349.48,250.32,medium
cam05__frame_00024.jpg,201,353.93,238.2,361.95,263.99,medium
cam05__frame_00024.jpg,202,361.48,240.06,372.7,275.0,medium
cam05__frame_00024.jpg,203,374.0,253.11,381.64,284.82,medium
cam05__frame_00024.jpg,204,404.61,264.74,409.47,279.06,high
cam05__frame_00024.jpg,205,403.8,278.55,409.21,288.78,high
cam05__frame_00024.jpg,206,403.35,289.42,408.6,301.26,medium
cam05__frame_00024.jpg,207,418.69,266.5,439.51,283.7,medium
cam05__frame_00024.jpg,208,410.59,278.79,430.79,298.74,high
cam05__frame_00024.jpg,209,440.69,290.46,454.77,307.47,high
cam05__frame_00024.jpg,210,417.46,302.66,428.85,322.4,high
cam05__frame_00024.jpg,211,429.7,307.29,444.33,338.96,medium
cam05__frame_00024.jpg,212,446.49,311.33,458.08,330.43,medium
cam05__frame_00024.jpg,213,447.43,331.06,457.1,349.22,medium
cam05__frame_00024.jpg,214,471.21,308.08,483.55,342.5,high
cam05__frame_00024.jpg,215,470.6,341.85,497.18,381.46,medium
cam05__frame_00024.jpg,216,496.0,357.16,509.43,402.1,medium
cam05__frame_00024.jpg,217,510.51,374.92,521.75,418.76,medium
cam05__frame_00024.jpg,218,516.84,374.02,570.29,443.35,low
cam05__frame_00024.jpg,219,558.74,362.4,573.77,381.94,high
cam05__frame_00024.jpg,220,567.0,392.46,588.79,416.5,high
cam05__frame_00024.jpg,221,588.04,389.45,616.6,416.5,high
cam05__frame_00024.jpg,222,557.69,414.57,612.81,487.99,low
cam05__frame_00024.jpg,223,616.6,427.77,628.62,463.09,high
cam05__frame_00024.jpg,224,604.6,475.11,618.85,506.67,high
cam05__frame_00024.jpg,225,339.07,272.57,345.77,284.31,low
cam05__frame_00024.jpg,226,344.93,282.63,350.38,295.63,low
cam05__frame_00024.jpg,227,350.8,278.02,360.87,290.6,medium
cam05__frame_00024.jpg,228,351.22,289.34,359.19,304.43,medium
cam05__frame_00024.jpg,229,365.06,290.6,369.67,325.4,high
cam05__frame_00028.jpg,0,37.63,247.9,48.71,299.14,medium
cam05__frame_00028.jpg,1,23.43,256.2,39.0,309.2,low
cam05__frame_00028.jpg,2,4.0,266.2,25.86,326.1,low
cam05__frame_00028.jpg,3,165.28,151.91,175.7,163.12,high
cam05__frame_00028.jpg,4,156.87,151.91,164.48,163.52,high
cam05__frame_00028.jpg,5,126.43,151.91,155.67,159.12,high
cam05__frame_00028.jpg,6,105.2,139.49,115.22,159.1,high
cam05__frame_00028.jpg,7,105.6,122.27,115.62,139.89,high
cam05__frame_00028.jpg,8,87.42,125.32,104.79,156.96,high
cam05__frame_00028.jpg,9,74.39,122.22,86.18,156.96,high
cam05__frame_00028.jpg,10,68.81,129.67,75.01,156.96,high
cam05__frame_00028.jpg,11,56.93,143.8,68.6,159.58,high
cam05__frame_00028.jpg,12,31.18,152.94,46.96,165.4,medium
cam05__frame_00028.jpg,13,3.77,116.4,29.52,166.23,low
cam05__frame_00028.jpg,14,221.76,258.77,261.01,274.79,high
cam05__frame_00028.jpg,15,202.93,273.19,226.97,290.81,high
cam05__frame_00028.jpg,16,280.53,262.65,313.98,269.29,high
cam05__frame_00028.jpg,17,83.7,347.76,112.81,369.38,low
cam05__frame_00028.jpg,18,279.58,268.36,314.14,275.81,high
cam05__frame_00028.jpg,19,282.59,276.02,318.58,281.6,high
cam05__frame_00028.jpg,20,280.11,280.98,326.02,332.47,medium
cam05__frame_00028.jpg,21,229.24,273.79,276.39,314.73,low
cam05__frame_00028.jpg,22,226.14,314.73,275.77,346.99,low
cam05__frame_00028.jpg,23,189.54,288.67,226.14,342.03,low
cam05__frame_00028.jpg,24,279.49,330.61,326.02,349.85,high
cam05__frame_00028.jpg,25,308.7,347.98,359.52,380.87,high
cam05__frame_00028.jpg,26,279.49,349.85,311.13,380.25,high
cam05__frame_00028.jpg,27,227.38,353.2,278.25,393.52,low
cam05__frame_00028.jpg,28,180.23,340.17,224.9,377.39,low
cam05__frame_00028.jpg,29,226.14,390.42,288.18,404.07,high
cam05__frame_00028.jpg,30,182.7,377.39,218.69,401.59,medium
cam05__frame_00028.jpg,31,240.41,422.06,262.74,456.8,medium
cam05__frame_00028.jpg,32,217.4,434.43,234.17,460.99,medium
cam05__frame_00028.jpg,33,216.83,404.07,279.49,459.28,low
cam05__frame_00028.jpg,34,173.1,417.3,214.01,453.91,low
cam05__frame_00028.jpg,35,163.0,448.88,209.7,484.77,low
cam05__frame_00028.jpg,36,292.81,373.63,400.44,496.63,low
cam05__frame_00028.jpg,37,212.58,458.93,283.64,525.69,low
cam05__frame_00028.jpg,38,155.15,485.49,206.8,521.4,low
cam05__frame_00028.jpg,39,289.93,494.71,392.75,560.05,low
cam05__frame_00028.jpg,40,389.87,482.22,450.41,638.85,medium
cam05__frame_00028.jpg,41,292.81,563.9,390.83,608.1,low
cam05__frame_00028.jpg,42,206.12,559.43,289.38,616.85,low
cam05__frame_00028.jpg,43,137.9,519.95,201.09,639.82,low
cam05__frame_00028.jpg,44,301.46,608.1,388.91,640.0,high
cam05__frame_00028.jpg,45,194.63,616.13,292.25,640.0,high
cam05__frame_00028.jpg,46,153.0,327.43,159.66,347.32,high
cam05__frame_00028.jpg,47,148.09,321.36,152.33,353.7,medium
cam05__frame_00028.jpg,48,149.44,368.18,159.64,380.23,low
cam05__frame_00028.jpg,49,136.47,360.96,145.32,375.15,medium
cam05__frame_00028.jpg,50,136.3,350.94,144.98,361.29,medium
cam05__frame_00028.jpg,51,136.21,340.68,145.26,351.02,medium
cam05__frame_00028.jpg,52,128.76,372.82,132.79,392.18,medium
cam05__frame_00028.jpg,53,115.75,370.34,128.76,398.99,low
cam05__frame_00028.jpg,54,99.87,397.05,123.27,403.85,medium
cam05__frame_00028.jpg,55,97.27,403.35,105.67,414.45,high
cam05__frame_00028.jpg,56,108.07,410.25,120.27,419.05,high
cam05__frame_00028.jpg,57,102.0,414.25,114.77,426.85,medium
cam05__frame_00028.jpg,58,95.32,413.66,101.28,426.09,high
cam05__frame_00028.jpg,59,96.56,430.32,108.74,447.22,medium
cam05__frame_00028.jpg,60,100.3,444.2,122.56,478.01,high
cam05__frame_00028.jpg,61,86.61,451.2,95.32,465.37,medium
cam05__frame_00028.jpg,62,89.85,464.88,96.31,481.04,high
cam05__frame_00028.jpg,63,80.92,471.84,85.37,486.76,high
cam05__frame_00028.jpg,64,51.66,539.6,74.83,590.16,medium
cam05__frame_00028.jpg,65,35.9,586.5,56.76,610.55,high
cam05__frame_00028.jpg,66,0.0,512.91,43.54,638.63,medium
cam05__frame_00028.jpg,67,171.3,256.27,179.1,274.09,high
cam05__frame_00028.jpg,68,584.8,158.99,639.72,213.91,low
cam05__frame_00028.jpg,69,584.28,105.11,640.0,161.08,low
cam05__frame_00028.jpg,70,560.74,275.63,584.8,328.98,medium
cam05__frame_00028.jpg,71,538.26,269.78,561.91,321.45,medium
cam05__frame_00028.jpg,72,511.24,254.69,541.48,303.06,medium
cam05__frame_00028.jpg,73,514.73,200.9,582.27,268.31,medium
cam05__frame_00028.jpg,74,505.8,245.28,514.89,289.58,high
cam05__frame_00028.jpg,75,474.18,238.32,505.01,277.33,medium
cam05__frame_00028.jpg,76,473.25,203.09,516.83,240.57,medium
cam05__frame_00028.jpg,77,464.63,234.22,471.72,270.51,high
cam05__frame_00028.jpg,78,466.48,193.54,474.31,233.75,high
cam05__frame_00028.jpg,79,479.63,163.44,526.64,187.87,low
cam05__frame_00028.jpg,80,457.48,146.28,477.82,183.8,medium
cam05__frame_00028.jpg,81,447.62,163.65,458.3,180.37,medium
cam05__frame_00028.jpg,82,447.03,228.8,463.25,263.62,medium
cam05__frame_00028.jpg,83,447.03,189.99,463.78,228.8,low
cam05__frame_00028.jpg,84,435.87,219.23,446.77,257.77,medium
cam05__frame_00028.jpg,85,415.7,218.72,435.57,251.92,medium
cam05__frame_00028.jpg,86,422.03,185.72,446.09,219.19,medium
cam05__frame_00028.jpg,87,396.12,207.14,411.82,239.05,medium
cam05__frame_00028.jpg,88,372.34,206.11,394.83,230.17,low
cam05__frame_00028.jpg,89,372.34,176.82,413.3,205.07,low
cam05__frame_00028.jpg,90,354.09,182.86,362.8,211.73,high
cam05__frame_00028.jpg,91,41.0,531.28,48.48,540.2,high
cam05__frame_00028.jpg,92,42.44,540.2,49.92,549.12,high
cam05__frame_00028.jpg,93,30.29,536.21,42.62,545.84,medium
cam05__frame_00028.jpg,94,29.91,545.07,44.93,556.62,medium
cam05__frame_00028.jpg,95,29.52,556.24,42.23,562.78,high
cam05__frame_00028.jpg,96,27.98,520.81,41.08,532.75,low
cam05__frame_00028.jpg,97,19.4,377.38,31.03,385.17,medium
cam05__frame_00028.jpg,98,43.11,370.34,55.61,408.74,high
cam05__frame_00028.jpg,99,46.23,362.75,55.16,372.13,high
cam05__frame_00028.jpg,100,48.95,346.21,84.3,388.23,medium
cam05__frame_00028.jpg,101,159.86,265.59,169.91,289.28,medium
cam05__frame_00028.jpg,102,151.18,271.17,160.14,280.63,high
cam05__frame_00028.jpg,103,144.95,281.38,161.39,311.02,medium
cam05__frame_00028.jpg,104,133.74,294.34,144.95,327.22,high
cam05__frame_00028.jpg,105,133.74,294.34,144.95,327.22,high
cam05__frame_00028.jpg,106,120.79,301.81,134.99,324.23,high
cam05__frame_00028.jpg,107,119.15,323.84,129.53,348.63,medium
cam05__frame_00028.jpg,108,110.5,320.96,122.9,366.21,medium
cam05__frame_00028.jpg,109,226.16,244.35,255.8,260.37,high
cam05__frame_00028.jpg,110,210.94,242.35,223.76,261.57,high
cam05__frame_00028.jpg,111,161.4,221.11,167.36,234.7,high
cam05__frame_00028.jpg,112,162.15,234.7,167.92,244.19,high
cam05__frame_00028.jpg,113,166.99,216.09,172.57,242.51,high
cam05__frame_00028.jpg,114,172.75,215.16,178.15,235.81,high
cam05__frame_00028.jpg,115,184.85,229.14,191.31,242.49,medium
cam05__frame_00028.jpg,116,192.17,222.46,200.35,235.17,medium
cam05__frame_00028.jpg,117,16.21,326.45,36.22,332.45,medium
cam05__frame_00028.jpg,118,11.51,332.72,27.02,338.22,medium
cam05__frame_00028.jpg,119,9.9,338.0,29.41,345.76,medium
cam05__frame_00028.jpg,120,17.78,345.76,29.41,352.87,medium
cam05__frame_00028.jpg,121,19.08,353.48,30.7,361.27,medium
cam05__frame_00028.jpg,122,18.43,361.23,30.06,369.02,medium
cam05__frame_00028.jpg,123,585.85,205.54,638.67,262.03,low
cam05__frame_00028.jpg,124,582.18,256.27,638.67,305.96,medium
cam05__frame_00028.jpg,125,575.19,296.48,635.25,357.32,low
cam05__frame_00028.jpg,126,628.21,338.39,635.01,360.36,high
cam05__frame_00028.jpg,127,522.15,155.21,579.41,193.38,low
cam05__frame_00028.jpg,128,343.36,233.09,350.3,238.0,medium
cam05__frame_00028.jpg,129,344.03,237.93,349.81,243.38,medium
cam05__frame_00028.jpg,130,343.87,244.21,349.48,250.32,medium
cam05__frame_00028.jpg,131,353.93,238.2,361.95,263.99,medium
cam05__frame_00028.jpg,132,361.48,240.06,372.7,275.0,medium
cam05__frame_00028.jpg,133,374.0,253.11,381.64,284.82,medium
cam05__frame_00028.jpg,134,404.61,264.74,409.47,279.06,high
cam05__frame_00028.jpg,135,403.8,278.55,409.21,288.78,high
cam05__frame_00028.jpg,136,403.35,289.42,408.6,301.26,medium
cam05__frame_00028.jpg,137,418.69,266.5,439.51,283.7,medium
cam05__frame_00028.jpg,138,410.59,278.79,430.79,298.74,high
cam05__frame_00028.jpg,139,440.69,290.46,454.77,307.47,high
cam05__frame_00028.jpg,140,417.46,302.66,428.85,322.4,high
cam05__frame_00028.jpg,141,429.7,307.29,444.33,338.96,medium
cam05__frame_00028.jpg,142,446.49,311.33,458.08,330.43,medium
cam05__frame_00028.jpg,143,447.43,331.06,457.1,349.22,medium
cam05__frame_00028.jpg,144,471.21,308.08,483.55,342.5,high
cam05__frame_00028.jpg,145,470.6,341.85,497.18,381.46,medium
cam05__frame_00028.jpg,146,496.0,357.16,509.43,402.1,medium
cam05__frame_00028.jpg,147,510.51,374.92,521.75,418.76,medium
cam05__frame_00028.jpg,148,516.84,374.02,570.29,443.35,low
cam05__frame_00028.jpg,149,558.74,362.4,573.77,381.94,high
cam05__frame_00028.jpg,150,567.0,392.46,588.79,416.5,high
cam05__frame_00028.jpg,151,588.04,389.45,616.6,416.5,high
cam05__frame_00028.jpg,152,557.69,414.57,612.81,487.99,low
cam05__frame_00028.jpg,153,616.6,427.77,628.62,463.09,high
cam05__frame_00028.jpg,154,604.6,475.11,618.85,506.67,high
cam05__frame_00028.jpg,155,339.07,272.57,345.77,284.31,low
cam05__frame_00028.jpg,156,344.93,282.63,350.38,295.63,low
cam05__frame_00028.jpg,157,350.8,278.02,360.87,290.6,medium
cam05__frame_00028.jpg,158,351.22,289.34,359.19,304.43,medium
cam05__frame_00028.jpg,159,359.19,293.11,364.64,317.43,medium
cam05__frame_00028.jpg,160,365.06,290.6,369.67,325.4,high
cam05__frame_00028.jpg,161,370.08,300.45,375.75,315.57,medium
cam05__frame_00028.jpg,162,370.5,315.34,378.9,325.4,high
cam05__frame_00028.jpg,163,376.84,327.03,382.74,341.54,medium
cam05__frame_00028.jpg,164,391.31,334.83,398.75,343.15,low
cam05__frame_00028.jpg,165,387.67,341.54,394.56,355.31,medium
cam05__frame_00028.jpg,166,398.56,344.56,407.9,348.9,high
cam05__frame_00028.jpg,167,396.9,347.23,400.9,369.58,medium
cam05__frame_00028.jpg,168,400.9,350.23,405.9,376.25,medium
cam05__frame_00028.jpg,169,408.87,330.62,419.21,370.3,high
cam05__frame_00028.jpg,170,418.06,338.65,443.68,420.81,medium
cam05__frame_00028.jpg,171,439.53,370.42,454.96,432.68,medium
cam05__frame_00028.jpg,172,450.58,393.96,484.1,452.9,medium
cam05__frame_00028.jpg,173,468.44,428.79,510.86,481.0,medium
cam05__frame_00028.jpg,174,499.25,455.58,517.11,510.05,medium
cam05__frame_00028.jpg,175,514.0,479.69,534.52,542.2,medium
cam05__frame_00028.jpg,176,532.95,497.32,547.29,562.48,medium
cam05__frame_00028.jpg,177,571.2,553.51,598.1,626.44,low
cam05__frame_00028.jpg,178,331.81,316.04,351.01,357.57,low
cam05__frame_00028.jpg,179,350.56,326.76,357.26,346.85,high
cam05__frame_00028.jpg,180,359.04,329.44,367.53,339.26,high
cam05__frame_00028.jpg,181,357.1,340.0,366.19,350.87,high
cam05__frame_00028.jpg,182,359.28,352.1,367.93,368.73,high
cam05__frame_00028.jpg,183,382.4,358.45,388.37,367.15,high
cam05__frame_00028.jpg,184,370.97,368.88,378.68,380.81,high
cam05__frame_00028.jpg,185,381.9,368.14,398.8,384.79,high
cam05__frame_00028.jpg,186,387.3,384.04,404.27,412.1,high
cam05__frame_00028.jpg,187,408.93,393.08,418.73,412.67,low
cam05__frame_00028.jpg,188,392.2,416.7,417.19,444.88,medium
cam05__frame_00028.jpg,189,417.77,426.48,439.33,452.65,medium
cam05__frame_00028.jpg,190,400.26,445.13,416.3,464.21,high
cam05__frame_00028.jpg,191,416.73,453.37,437.76,481.12,high
cam05__frame_00028.jpg,192,429.1,472.88,446.43,507.56,medium
cam05__frame_00028.jpg,193,438.8,439.28,447.95,469.41,high
cam05__frame_00028.jpg,194,450.38,509.13,475.1,534.76,low
cam05__frame_00028.jpg,195,473.31,525.8,502.5,565.32,medium
cam05__frame_00028.jpg,196,517.36,594.09,532.19,630.05,medium
cam05__frame_00028.jpg,197,18.43,369.31,30.06,377.09,medium
cam05__frame_00028.jpg,198,17.72,386.41,29.35,394.19,medium
cam05__frame_00028.jpg,199,19.01,395.45,30.64,403.24,medium
cam05__frame_00028.jpg,200,17.4,402.88,29.03,410.66,medium
cam05__frame_00028.jpg,201,19.34,411.92,30.97,419.71,medium
cam05__frame_00028.jpg,202,19.98,420.97,31.61,428.75,medium
cam05__frame_00028.jpg,203,19.04,430.37,29.98,438.16,medium
cam05__frame_00028.jpg,204,18.53,439.68,30.15,447.46,medium
cam05__frame_00028.jpg,205,0.0,463.6,10.94,471.39,medium
cam05__frame_00028.jpg,206,31.59,447.41,41.39,460.33,high
cam05__frame_00028.jpg,207,28.92,460.33,41.84,467.91,high
cam05__frame_00028.jpg,208,24.46,467.46,42.28,477.71,medium
cam05__frame_00028.jpg,209,17.19,475.11,48.64,492.74,low
cam05__frame_00028.jpg,210,4.26,484.02,33.69,501.11,low
cam05__frame_00028.jpg,211,2.48,493.83,33.94,511.46,low
cam05__frame_00028.jpg,212,1.39,503.89,32.85,521.52,low
cam05__frame_00028.jpg,213,44.18,488.36,53.62,497.39,high
cam05__frame_00028.jpg,214,52.59,496.05,60.62,509.05,high
cam05__frame_00028.jpg,215,46.17,501.5,55.16,517.39,high
cam05__frame_00028.jpg,216,46.97,518.52,56.77,526.38,high
cam05__frame_00028.jpg,217,32.47,496.02,45.42,512.99,low
cam05__frame_00028.jpg,218,38.71,513.02,46.19,521.94,high
cam05__frame_00028.jpg,219,39.85,520.92,47.33,529.84,high
cam05__frame_00028.jpg,220,153.96,223.53,161.78,249.4,high
cam05__frame_00028.jpg,221,137.03,223.53,153.96,231.72,high
cam05__frame_00028.jpg,222,149.49,233.58,154.33,257.77,medium
cam05__frame_00028.jpg,223,145.96,233.58,149.87,259.82,medium
cam05__frame_00028.jpg,224,136.38,233.55,145.35,266.93,medium
cam05__frame_00028.jpg,225,123.68,249.19,132.9,281.47,medium
cam05__frame_00028.jpg,226,109.35,258.13,124.79,297.88,medium
cam05__frame_00028.jpg,227,100.26,262.4,109.09,303.31,medium
cam05__frame_00028.jpg,228,88.3,267.17,99.97,313.19,medium
cam05__frame_00028.jpg,229,64.62,256.2,89.3,338.87,medium
cam05__frame_00028.jpg,230,176.72,179.49,179.42,198.23,high
cam05__frame_00028.jpg,231,173.55,179.57,175.38,199.61,high
cam05__frame_00028.jpg,232,163.03,179.07,172.21,202.94,medium
cam05__frame_00028.jpg,233,153.6,170.4,162.68,208.26,medium
cam05__frame_00028.jpg,234,146.64,176.39,153.4,210.97,medium
cam05__frame_00028.jpg,235,135.38,176.22,146.75,214.22,medium
cam05__frame_00028.jpg,236,127.61,199.26,134.49,217.51,medium
cam05__frame_00028.jpg,237,118.93,201.95,127.61,221.4,medium
cam05__frame_00028.jpg,238,111.2,205.2,119.23,225.89,medium
cam05__frame_00028.jpg,239,111.1,177.12,119.83,204.95,medium
cam05__frame_00028.jpg,240,101.3,210.53,109.8,232.2,medium
cam05__frame_00028.jpg,241,101.68,184.75,110.62,210.24,medium
cam05__frame_00028.jpg,242,88.31,215.71,99.98,238.16,medium
cam05__frame_00028.jpg,243,89.8,184.29,100.28,215.71,medium
cam05__frame_00028.jpg,244,76.34,216.91,87.11,242.05,medium
cam05__frame_00028.jpg,245,76.64,189.07,88.01,216.61,medium
cam05__frame_00028.jpg,246,70.05,230.97,75.44,247.73,medium
cam05__frame_00028.jpg,247,67.96,204.64,74.24,230.07,medium
cam05__frame_00032.jpg,0,496.0,357.16,509.43,402.1,medium
cam05__frame_00032.jpg,1,3.77,122.4,18.4,166.23,high
cam05__frame_00032.jpg,2,74.39,122.22,86.18,156.96,high
cam05__frame_00032.jpg,3,87.42,125.32,104.79,156.96,high
cam05__frame_00032.jpg,4,105.6,122.27,115.62,139.89,high
cam05__frame_00032.jpg,5,105.2,139.49,115.22,159.1,high
cam05__frame_00032.jpg,6,126.43,151.91,155.67,159.12,high
cam05__frame_00032.jpg,7,156.87,151.91,164.48,163.52,high
cam05__frame_00032.jpg,8,165.28,151.91,175.7,163.12,high
cam05__frame_00032.jpg,9,79.6,189.07,88.01,216.61,medium
cam05__frame_00032.jpg,10,78.73,216.91,89.5,242.05,medium
cam05__frame_00032.jpg,11,89.8,184.29,100.28,215.71,medium
cam05__frame_00032.jpg,12,88.31,215.71,99.98,238.16,medium
cam05__frame_00032.jpg,13,101.68,184.75,110.62,210.24,medium
cam05__frame_00032.jpg,14,101.3,210.53,109.8,232.2,medium
cam05__frame_00032.jpg,15,111.1,177.12,119.83,204.95,medium
cam05__frame_00032.jpg,16,111.2,205.2,119.23,225.89,medium
cam05__frame_00032.jpg,17,118.93,201.95,127.61,221.4,medium
cam05__frame_00032.jpg,18,127.61,199.26,134.49,217.51,medium
cam05__frame_00032.jpg,19,135.38,176.22,146.75,214.22,medium
cam05__frame_00032.jpg,20,146.64,176.39,153.4,210.97,medium
cam05__frame_00032.jpg,21,153.6,170.4,162.68,208.26,medium
cam05__frame_00032.jpg,22,163.03,179.07,172.21,202.94,medium
cam05__frame_00032.jpg,23,173.55,179.57,175.38,199.61,high
cam05__frame_00032.jpg,24,176.72,179.49,179.42,198.23,high
cam05__frame_00032.jpg,25,88.3,267.17,99.97,313.19,medium
cam05__frame_00032.jpg,26,100.26,262.4,109.09,303.31,medium
cam05__frame_00032.jpg,27,109.35,258.13,124.79,297.88,medium
cam05__frame_00032.jpg,28,123.68,249.19,132.9,281.47,medium
cam05__frame_00032.jpg,29,136.38,233.55,145.35,266.93,medium
cam05__frame_00032.jpg,30,145.96,233.58,149.87,259.82,medium
cam05__frame_00032.jpg,31,149.49,233.58,154.33,257.77,medium
cam05__frame_00032.jpg,32,137.03,223.53,153.96,231.72,high
cam05__frame_00032.jpg,33,153.96,223.53,161.78,249.4,high
cam05__frame_00032.jpg,34,161.4,221.11,167.36,234.7,high
cam05__frame_00032.jpg,35,162.15,234.7,167.92,244.19,high
cam05__frame_00032.jpg,36,166.99,216.09,172.57,242.51,high
cam05__frame_00032.jpg,37,172.75,215.16,178.15,235.81,high
cam05__frame_00032.jpg,38,184.85,229.14,191.31,242.49,medium
cam05__frame_00032.jpg,39,192.17,222.46,200.35,235.17,medium
cam05__frame_00032.jpg,40,16.21,326.45,36.22,332.45,medium
cam05__frame_00032.jpg,41,11.51,332.72,27.02,338.22,medium
cam05__frame_00032.jpg,42,9.9,338.0,29.41,345.76,medium
cam05__frame_00032.jpg,43,17.78,345.76,29.41,352.87,high
cam05__frame_00032.jpg,44,19.08,353.48,30.7,361.27,high
cam05__frame_00032.jpg,45,18.43,361.23,30.06,369.02,high
cam05__frame_00032.jpg,46,18.43,369.31,30.06,377.09,high
cam05__frame_00032.jpg,47,17.72,386.41,29.35,394.19,high
cam05__frame_00032.jpg,48,19.01,395.45,30.64,403.24,high
cam05__frame_00032.jpg,49,17.4,402.88,29.03,410.66,high
cam05__frame_00032.jpg,50,19.34,411.92,30.97,419.71,high
cam05__frame_00032.jpg,51,19.98,420.97,31.61,428.75,high
cam05__frame_00032.jpg,52,19.04,430.37,29.98,438.16,high
cam05__frame_00032.jpg,53,18.53,439.68,30.15,447.46,high
cam05__frame_00032.jpg,54,0.0,463.6,10.94,471.39,medium
cam05__frame_00032.jpg,55,31.59,447.41,41.39,460.33,high
cam05__frame_00032.jpg,56,28.92,460.33,41.84,467.91,high
cam05__frame_00032.jpg,57,24.46,467.46,42.28,477.71,medium
cam05__frame_00032.jpg,58,17.19,475.11,48.64,492.74,low
cam05__frame_00032.jpg,59,4.26,484.02,33.69,501.11,low
cam05__frame_00032.jpg,60,2.48,493.83,33.94,511.46,low
cam05__frame_00032.jpg,61,1.39,503.89,32.85,521.52,low
cam05__frame_00032.jpg,62,32.47,496.02,45.42,512.99,low
cam05__frame_00032.jpg,63,38.71,513.02,46.19,521.94,high
cam05__frame_00032.jpg,64,39.85,520.92,47.33,529.84,high
cam05__frame_00032.jpg,65,41.0,531.28,48.48,540.2,high
cam05__frame_00032.jpg,66,42.44,540.2,49.92,549.12,high
cam05__frame_00032.jpg,67,30.29,536.21,42.62,545.84,medium
cam05__frame_00032.jpg,68,29.91,545.07,44.93,556.62,medium
cam05__frame_00032.jpg,69,29.52,556.24,42.23,562.78,high
cam05__frame_00032.jpg,70,27.98,520.81,41.08,532.75,low
cam05__frame_00032.jpg,71,19.4,377.38,31.03,385.17,high
cam05__frame_00032.jpg,72,92.6,347.76,112.81,369.38,high
cam05__frame_00032.jpg,73,110.5,320.96,122.9,366.21,medium
cam05__frame_00032.jpg,74,119.15,323.84,129.53,348.63,medium
cam05__frame_00032.jpg,75,120.79,301.81,134.99,324.23,high
cam05__frame_00032.jpg,76,133.74,294.34,144.95,327.22,high
cam05__frame_00032.jpg,77,133.74,294.34,144.95,327.22,high
cam05__frame_00032.jpg,78,144.95,281.38,161.39,311.02,medium
cam05__frame_00032.jpg,79,151.18,271.17,160.14,280.63,high
cam05__frame_00032.jpg,80,159.86,265.59,169.91,289.28,medium
cam05__frame_00032.jpg,81,171.3,256.27,179.1,274.09,high
cam05__frame_00032.jpg,82,0.0,512.91,43.54,638.63,medium
cam05__frame_00032.jpg,83,35.9,586.5,56.76,610.55,high
cam05__frame_00032.jpg,84,51.66,568.3,59.9,590.16,high
cam05__frame_00032.jpg,85,89.85,464.88,96.31,481.04,high
cam05__frame_00032.jpg,86,86.61,451.2,95.32,465.37,high
cam05__frame_00032.jpg,87,100.3,444.2,122.56,478.01,high
cam05__frame_00032.jpg,88,96.56,430.32,108.74,447.22,medium
cam05__frame_00032.jpg,89,95.32,413.66,101.28,426.09,high
cam05__frame_00032.jpg,90,102.0,414.25,114.77,426.85,medium
cam05__frame_00032.jpg,91,108.07,410.25,120.27,419.05,high
cam05__frame_00032.jpg,92,97.27,403.35,105.67,414.45,high
cam05__frame_00032.jpg,93,99.87,397.05,123.27,403.85,medium
cam05__frame_00032.jpg,94,115.75,370.34,128.76,398.99,low
cam05__frame_00032.jpg,95,128.76,372.82,132.79,392.18,medium
cam05__frame_00032.jpg,96,136.21,340.68,145.26,351.02,medium
cam05__frame_00032.jpg,97,136.3,350.94,144.98,361.29,medium
cam05__frame_00032.jpg,98,136.47,360.96,145.32,375.15,medium
cam05__frame_00032.jpg,99,149.44,368.18,159.64,380.23,low
cam05__frame_00032.jpg,100,148.09,321.36,152.33,353.7,medium
cam05__frame_00032.jpg,101,153.0,327.43,159.66,347.32,high
cam05__frame_00032.jpg,102,194.63,616.13,292.25,640.0,high
cam05__frame_00032.jpg,103,301.46,608.1,388.91,640.0,high
cam05__frame_00032.jpg,104,137.9,519.95,201.09,639.82,low
cam05__frame_00032.jpg,105,206.12,559.43,289.38,616.85,low
cam05__frame_00032.jpg,106,292.81,563.9,390.83,608.1,low
cam05__frame_00032.jpg,107,389.87,482.22,433.3,638.85,medium
cam05__frame_00032.jpg,108,289.93,494.71,392.75,560.05,low
cam05__frame_00032.jpg,109,155.15,485.49,206.8,521.4,low
cam05__frame_00032.jpg,110,212.58,458.93,283.64,525.69,low
cam05__frame_00032.jpg,111,292.81,373.63,400.44,496.63,low
cam05__frame_00032.jpg,112,163.0,448.88,209.7,484.77,low
cam05__frame_00032.jpg,113,173.1,417.3,214.01,453.91,low
cam05__frame_00032.jpg,114,216.83,404.07,279.49,459.28,low
cam05__frame_00032.jpg,115,217.4,434.43,234.17,460.99,medium
cam05__frame_00032.jpg,116,240.41,422.06,262.74,456.8,medium
cam05__frame_00032.jpg,117,182.7,377.39,218.69,401.59,medium
cam05__frame_00032.jpg,118,226.14,390.42,288.18,404.07,high
cam05__frame_00032.jpg,119,180.23,340.17,224.9,377.39,low
cam05__frame_00032.jpg,120,227.38,353.2,278.25,393.52,low
cam05__frame_00032.jpg,121,279.49,349.85,311.13,380.25,high
cam05__frame_00032.jpg,122,308.7,347.98,359.52,380.87,high
cam05__frame_00032.jpg,123,279.49,330.61,326.02,349.85,high
cam05__frame_00032.jpg,124,189.54,288.67,226.14,342.03,low
cam05__frame_00032.jpg,125,226.14,314.73,275.77,346.99,low
cam05__frame_00032.jpg,126,229.24,273.79,276.39,314.73,low
cam05__frame_00032.jpg,127,280.11,280.98,326.02,332.47,medium
cam05__frame_00032.jpg,128,282.59,276.02,318.58,281.6,high
cam05__frame_00032.jpg,129,279.58,268.36,314.14,275.81,high
cam05__frame_00032.jpg,130,280.53,262.65,313.98,269.29,high
cam05__frame_00032.jpg,131,202.93,273.19,226.97,290.81,high
cam05__frame_00032.jpg,132,221.76,258.77,261.01,274.79,high
cam05__frame_00032.jpg,133,210.94,242.35,223.76,261.57,high
cam05__frame_00032.jpg,134,226.16,244.35,255.8,260.37,high
cam05__frame_00032.jpg,135,517.36,594.09,532.19,630.05,medium
cam05__frame_00032.jpg,136,473.31,525.8,502.5,565.32,medium
cam05__frame_00032.jpg,137,450.38,509.13,475.1,534.76,low
cam05__frame_00032.jpg,138,438.8,439.28,447.95,469.41,high
cam05__frame_00032.jpg,139,429.1,472.88,446.43,507.56,medium
cam05__frame_00032.jpg,140,416.73,453.37,437.76,481.12,high
cam05__frame_00032.jpg,141,400.26,445.13,416.3,464.21,high
cam05__frame_00032.jpg,142,417.77,426.48,439.33,452.65,medium
cam05__frame_00032.jpg,143,392.2,416.7,417.19,444.88,medium
cam05__frame_00032.jpg,144,408.93,393.08,418.73,412.67,low
cam05__frame_00032.jpg,145,387.3,384.04,404.27,412.1,high
cam05__frame_00032.jpg,146,381.9,368.14,398.8,384.79,high
cam05__frame_00032.jpg,147,370.97,368.88,378.68,380.81,high
cam05__frame_00032.jpg,148,382.4,358.45,388.37,367.15,high
cam05__frame_00032.jpg,149,359.28,352.1,367.93,368.73,high
cam05__frame_00032.jpg,150,357.1,340.0,366.19,350.87,high
cam05__frame_00032.jpg,151,359.04,329.44,367.53,339.26,high
cam05__frame_00032.jpg,152,350.56,326.76,357.26,346.85,high
cam05__frame_00032.jpg,153,331.81,316.04,351.01,357.57,low
cam05__frame_00032.jpg,154,571.2,553.51,598.1,626.44,low
cam05__frame_00032.jpg,155,532.95,497.32,547.29,562.48,medium
cam05__frame_00032.jpg,156,514.0,479.69,534.52,542.2,medium
cam05__frame_00032.jpg,157,499.25,455.58,517.11,510.05,medium
cam05__frame_00032.jpg,158,468.44,428.79,510.86,481.0,medium
cam05__frame_00032.jpg,159,450.58,393.96,484.1,452.9,medium
cam05__frame_00032.jpg,160,439.53,370.42,454.96,432.68,medium
cam05__frame_00032.jpg,161,418.06,338.65,443.68,420.81,medium
cam05__frame_00032.jpg,162,408.87,330.62,419.21,370.3,high
cam05__frame_00032.jpg,163,400.9,350.23,405.9,376.25,medium
cam05__frame_00032.jpg,164,396.9,347.23,400.9,369.58,medium
cam05__frame_00032.jpg,165,398.56,344.56,407.9,348.9,high
cam05__frame_00032.jpg,166,387.67,341.54,394.56,355.31,medium
cam05__frame_00032.jpg,167,391.31,334.83,398.75,343.15,low
cam05__frame_00032.jpg,168,376.84,327.03,382.74,341.54,medium
cam05__frame_00032.jpg,169,370.5,315.34,378.9,325.4,high
cam05__frame_00032.jpg,170,370.08,300.45,375.75,315.57,medium
cam05__frame_00032.jpg,171,365.06,290.6,369.67,325.4,high
cam05__frame_00032.jpg,172,359.19,293.11,364.64,317.43,medium
cam05__frame_00032.jpg,173,351.22,289.34,359.19,304.43,medium
cam05__frame_00032.jpg,174,350.8,278.02,360.87,290.6,medium
cam05__frame_00032.jpg,175,344.93,282.63,350.38,295.63,low
cam05__frame_00032.jpg,176,339.07,272.57,345.77,284.31,low
cam05__frame_00032.jpg,177,604.6,475.11,618.85,506.67,high
cam05__frame_00032.jpg,178,616.6,427.77,628.62,463.09,high
cam05__frame_00032.jpg,179,557.69,414.57,612.81,487.99,low
cam05__frame_00032.jpg,180,588.04,389.45,616.6,416.5,high
cam05__frame_00032.jpg,181,567.0,392.46,588.79,416.5,high
cam05__frame_00032.jpg,182,558.74,362.4,573.77,381.94,high
cam05__frame_00032.jpg,183,516.84,374.02,570.29,443.35,low
cam05__frame_00032.jpg,184,510.51,374.92,521.75,418.76,medium
cam05__frame_00032.jpg,185,470.6,341.85,497.18,381.46,medium
cam05__frame_00032.jpg,186,471.21,308.08,483.55,342.5,high
cam05__frame_00032.jpg,187,447.43,331.06,457.1,349.22,medium
cam05__frame_00032.jpg,188,446.49,311.33,458.08,330.43,medium
cam05__frame_00032.jpg,189,429.7,307.29,444.33,338.96,medium
cam05__frame_00032.jpg,190,417.46,302.66,428.85,322.4,high
cam05__frame_00032.jpg,191,440.69,290.46,454.77,307.47,high
cam05__frame_00032.jpg,192,410.59,278.79,430.79,298.74,high
cam05__frame_00032.jpg,193,418.69,266.5,439.51,283.7,medium
cam05__frame_00032.jpg,194,403.35,289.42,408.6,301.26,medium
cam05__frame_00032.jpg,195,403.8,278.55,409.21,288.78,high
cam05__frame_00032.jpg,196,404.61,264.74,409.47,279.06,high
cam05__frame_00032.jpg,197,374.0,253.11,381.64,284.82,medium
cam05__frame_00032.jpg,198,361.48,240.06,372.7,275.0,medium
cam05__frame_00032.jpg,199,353.93,238.2,361.95,263.99,medium
cam05__frame_00032.jpg,200,343.87,244.21,349.48,250.32,medium
cam05__frame_00032.jpg,201,344.03,237.93,349.81,243.38,medium
cam05__frame_00032.jpg,202,343.36,233.09,350.3,238.0,medium
cam05__frame_00032.jpg,203,522.15,155.21,579.41,193.38,low
cam05__frame_00032.jpg,204,628.21,338.39,635.01,360.36,high
cam05__frame_00032.jpg,205,575.19,296.48,635.25,357.32,low
cam05__frame_00032.jpg,206,582.18,256.27,638.67,305.96,medium
cam05__frame_00032.jpg,207,585.85,205.54,638.67,262.03,low
cam05__frame_00032.jpg,208,584.8,158.99,639.72,213.91,low
cam05__frame_00032.jpg,209,584.28,105.11,640.0,161.08,low
cam05__frame_00032.jpg,210,560.74,275.63,584.8,328.98,medium
cam05__frame_00032.jpg,211,538.26,269.78,561.91,321.45,medium
cam05__frame_00032.jpg,212,511.24,254.69,541.48,303.06,medium
cam05__frame_00032.jpg,213,514.73,200.9,582.27,268.31,medium
cam05__frame_00032.jpg,214,505.8,245.28,514.89,289.58,high
cam05__frame_00032.jpg,215,474.18,238.32,505.01,277.33,medium
cam05__frame_00032.jpg,216,473.25,203.09,516.83,240.57,medium
cam05__frame_00032.jpg,217,464.63,234.22,471.72,270.51,high
cam05__frame_00032.jpg,218,466.48,193.54,474.31,233.75,high
cam05__frame_00032.jpg,219,479.63,163.44,526.64,187.87,low
cam05__frame_00032.jpg,220,457.48,146.28,477.82,183.8,medium
cam05__frame_00032.jpg,221,447.62,163.65,458.3,180.37,medium
cam05__frame_00032.jpg,222,447.03,228.8,463.25,263.62,medium
cam05__frame_00032.jpg,223,447.03,189.99,463.78,228.8,low
cam05__frame_00032.jpg,224,435.87,219.23,446.77,257.77,medium
cam05__frame_00032.jpg,225,415.7,218.72,435.57,251.92,medium
cam05__frame_00032.jpg,226,422.03,185.72,446.09,219.19,medium
cam05__frame_00032.jpg,227,396.12,207.14,411.82,239.05,medium
cam05__frame_00032.jpg,228,372.34,206.11,394.83,230.17,low
cam05__frame_00032.jpg,229,372.34,176.82,413.3,205.07,low
cam05__frame_00032.jpg,230,354.09,182.86,362.8,211.73,high
cam05__frame_00033.jpg,0,354.09,182.86,362.8,211.73,high
cam05__frame_00033.jpg,1,372.34,176.82,413.3,205.07,low
cam05__frame_00033.jpg,2,372.34,206.11,394.83,230.17,low
cam05__frame_00033.jpg,3,396.12,207.14,411.82,239.05,medium
cam05__frame_00033.jpg,4,422.03,185.72,446.09,219.19,medium
cam05__frame_00033.jpg,5,415.7,218.72,435.57,251.92,medium
cam05__frame_00033.jpg,6,435.87,219.23,446.77,257.77,medium
cam05__frame_00033.jpg,7,447.03,189.99,463.78,228.8,low
cam05__frame_00033.jpg,8,447.03,228.8,463.25,263.62,medium
cam05__frame_00033.jpg,9,447.62,163.65,458.3,180.37,medium
cam05__frame_00033.jpg,10,457.48,146.28,477.82,183.8,medium
cam05__frame_00033.jpg,11,479.63,163.44,526.64,187.87,low
cam05__frame_00033.jpg,12,466.48,193.54,474.31,233.75,high
cam05__frame_00033.jpg,13,464.63,234.22,471.72,270.51,high
cam05__frame_00033.jpg,14,473.25,203.09,516.83,240.57,medium
cam05__frame_00033.jpg,15,474.18,238.32,505.01,277.33,medium
cam05__frame_00033.jpg,16,505.8,245.28,514.89,289.58,high
cam05__frame_00033.jpg,17,514.73,200.9,582.27,268.31,medium
cam05__frame_00033.jpg,18,511.24,254.69,541.48,303.06,medium
cam05__frame_00033.jpg,19,538.26,269.78,561.91,321.45,medium
cam05__frame_00033.jpg,20,560.74,275.63,584.8,328.98,medium
cam05__frame_00033.jpg,21,584.28,105.11,640.0,161.08,low
cam05__frame_00033.jpg,22,584.8,158.99,639.72,213.91,low
cam05__frame_00033.jpg,23,585.85,205.54,638.67,262.03,low
cam05__frame_00033.jpg,24,582.18,256.27,638.67,305.96,medium
cam05__frame_00033.jpg,25,575.19,296.48,635.25,357.32,low
cam05__frame_00033.jpg,26,628.21,338.39,635.01,360.36,high
cam05__frame_00033.jpg,27,522.15,155.21,579.41,193.38,low
cam05__frame_00033.jpg,28,343.36,233.09,350.3,238.0,medium
cam05__frame_00033.jpg,29,344.03,237.93,349.81,243.38,medium
cam05__frame_00033.jpg,30,343.87,244.21,349.48,250.32,medium
cam05__frame_00033.jpg,31,353.93,238.2,361.95,263.99,medium
cam05__frame_00033.jpg,32,361.48,240.06,372.7,275.0,medium
cam05__frame_00033.jpg,33,374.0,253.11,381.64,284.82,medium
cam05__frame_00033.jpg,34,404.61,264.74,409.47,279.06,high
cam05__frame_00033.jpg,35,403.8,278.55,409.21,288.78,high
cam05__frame_00033.jpg,36,403.35,289.42,408.6,301.26,medium
cam05__frame_00033.jpg,37,418.69,266.5,439.51,283.7,medium
cam05__frame_00033.jpg,38,410.59,278.79,430.79,298.74,high
cam05__frame_00033.jpg,39,440.69,290.46,454.77,307.47,high
cam05__frame_00033.jpg,40,417.46,302.66,428.85,322.4,high
cam05__frame_00033.jpg,41,429.7,307.29,444.33,338.96,medium
cam05__frame_00033.jpg,42,446.49,311.33,458.08,330.43,medium
cam05__frame_00033.jpg,43,447.43,331.06,457.1,349.22,medium
cam05__frame_00033.jpg,44,471.21,308.08,483.55,342.5,high
cam05__frame_00033.jpg,45,470.6,341.85,497.18,381.46,medium
cam05__frame_00033.jpg,46,496.0,357.16,509.43,402.1,medium
cam05__frame_00033.jpg,47,510.51,374.92,521.75,418.76,medium
cam05__frame_00033.jpg,48,516.84,374.02,570.29,443.35,low
cam05__frame_00033.jpg,49,558.74,362.4,573.77,381.94,high
cam05__frame_00033.jpg,50,567.0,392.46,588.79,416.5,high
cam05__frame_00033.jpg,51,588.04,389.45,616.6,416.5,high
cam05__frame_00033.jpg,52,557.69,414.57,612.81,487.99,low
cam05__frame_00033.jpg,53,616.6,427.77,628.62,463.09,high
cam05__frame_00033.jpg,54,604.6,475.11,618.85,506.67,high
cam05__frame_00033.jpg,55,339.07,272.57,345.77,284.31,low
cam05__frame_00033.jpg,56,344.93,282.63,350.38,295.63,low
cam05__frame_00033.jpg,57,350.8,278.02,360.87,290.6,medium
cam05__frame_00033.jpg,58,351.22,289.34,359.19,304.43,medium
cam05__frame_00033.jpg,59,359.19,293.11,364.64,317.43,medium
cam05__frame_00033.jpg,60,365.06,290.6,369.67,325.4,high
cam05__frame_00033.jpg,61,370.08,300.45,375.75,315.57,medium
cam05__frame_00033.jpg,62,370.5,315.34,378.9,325.4,high
cam05__frame_00033.jpg,63,376.84,327.03,382.74,341.54,medium
cam05__frame_00033.jpg,64,391.31,334.83,398.75,343.15,low
cam05__frame_00033.jpg,65,387.67,341.54,394.56,355.31,medium
cam05__frame_00033.jpg,66,398.56,344.56,407.9,348.9,high
cam05__frame_00033.jpg,67,396.9,347.23,400.9,369.58,medium
cam05__frame_00033.jpg,68,400.9,350.23,405.9,376.25,medium
cam05__frame_00033.jpg,69,408.87,330.62,419.21,370.3,high
cam05__frame_00033.jpg,70,418.06,338.65,443.68,420.81,medium
cam05__frame_00033.jpg,71,439.53,370.42,454.96,432.68,medium
cam05__frame_00033.jpg,72,450.58,393.96,484.1,452.9,medium
cam05__frame_00033.jpg,73,468.44,428.79,510.86,481.0,medium
cam05__frame_00033.jpg,74,499.25,455.58,517.11,510.05,medium
cam05__frame_00033.jpg,75,514.0,479.69,534.52,542.2,medium
cam05__frame_00033.jpg,76,532.95,497.32,547.29,562.48,medium
cam05__frame_00033.jpg,77,571.2,553.51,598.1,626.44,low
cam05__frame_00033.jpg,78,331.81,316.04,351.01,357.57,low
cam05__frame_00033.jpg,79,350.56,326.76,357.26,346.85,high
cam05__frame_00033.jpg,80,359.04,329.44,367.53,339.26,high
cam05__frame_00033.jpg,81,357.1,340.0,366.19,350.87,high
cam05__frame_00033.jpg,82,359.28,352.1,367.93,368.73,high
cam05__frame_00033.jpg,83,382.4,358.45,388.37,367.15,high
cam05__frame_00033.jpg,84,370.97,368.88,378.68,380.81,high
cam05__frame_00033.jpg,85,381.9,368.14,398.8,384.79,high
cam05__frame_00033.jpg,86,387.3,384.04,404.27,412.1,high
cam05__frame_00033.jpg,87,408.93,393.08,418.73,412.67,low
cam05__frame_00033.jpg,88,392.2,416.7,417.19,444.88,medium
cam05__frame_00033.jpg,89,417.77,426.48,439.33,452.65,medium
cam05__frame_00033.jpg,90,400.26,445.13,416.3,464.21,high
cam05__frame_00033.jpg,91,416.73,453.37,437.76,481.12,high
cam05__frame_00033.jpg,92,429.1,472.88,446.43,507.56,medium
cam05__frame_00033.jpg,93,438.8,439.28,447.95,469.41,high
cam05__frame_00033.jpg,94,450.38,509.13,475.1,534.76,low
cam05__frame_00033.jpg,95,473.31,525.8,502.5,565.32,medium
cam05__frame_00033.jpg,96,517.36,594.09,532.19,630.05,medium
cam05__frame_00033.jpg,97,226.16,244.35,255.8,260.37,high
cam05__frame_00033.jpg,98,210.94,242.35,223.76,261.57,high
cam05__frame_00033.jpg,99,221.76,258.77,261.01,274.79,high
cam05__frame_00033.jpg,100,202.93,273.19,226.97,290.81,high
cam05__frame_00033.jpg,101,280.53,262.65,313.98,269.29,high
cam05__frame_00033.jpg,102,279.58,268.36,314.14,275.81,high
cam05__frame_00033.jpg,103,282.59,276.02,318.58,281.6,high
cam05__frame_00033.jpg,104,280.11,280.98,326.02,332.47,medium
cam05__frame_00033.jpg,105,229.24,273.79,276.39,314.73,low
cam05__frame_00033.jpg,106,226.14,314.73,275.77,346.99,low
cam05__frame_00033.jpg,107,189.54,288.67,226.14,342.03,low
cam05__frame_00033.jpg,108,279.49,330.61,326.02,349.85,high
cam05__frame_00033.jpg,109,308.7,347.98,359.52,380.87,high
cam05__frame_00033.jpg,110,279.49,349.85,311.13,380.25,high
cam05__frame_00033.jpg,111,227.38,353.2,278.25,393.52,low
cam05__frame_00033.jpg,112,180.23,340.17,224.9,377.39,low
cam05__frame_00033.jpg,113,226.14,390.42,288.18,404.07,high
cam05__frame_00033.jpg,114,182.7,377.39,218.69,401.59,medium
cam05__frame_00033.jpg,115,240.41,422.06,262.74,456.8,medium
cam05__frame_00033.jpg,116,217.4,434.43,234.17,460.99,medium
cam05__frame_00033.jpg,117,216.83,404.07,279.49,459.28,low
cam05__frame_00033.jpg,118,173.1,417.3,214.01,453.91,low
cam05__frame_00033.jpg,119,163.0,448.88,209.7,484.77,low
cam05__frame_00033.jpg,120,292.81,373.63,400.44,496.63,low
cam05__frame_00033.jpg,121,212.58,458.93,283.64,525.69,low
cam05__frame_00033.jpg,122,155.15,485.49,206.8,521.4,low
cam05__frame_00033.jpg,123,289.93,494.71,392.75,560.05,low
cam05__frame_00033.jpg,124,389.87,482.22,450.41,638.85,medium
cam05__frame_00033.jpg,125,292.81,563.9,390.83,608.1,low
cam05__frame_00033.jpg,126,206.12,559.43,289.38,616.85,low
cam05__frame_00033.jpg,127,137.9,519.95,201.09,639.82,low
cam05__frame_00033.jpg,128,301.46,608.1,388.91,640.0,high
cam05__frame_00033.jpg,129,194.63,616.13,292.25,640.0,high
cam05__frame_00033.jpg,130,153.0,327.43,159.66,347.32,high
cam05__frame_00033.jpg,131,148.09,321.36,152.33,353.7,medium
cam05__frame_00033.jpg,132,136.3,350.94,144.98,361.29,high
cam05__frame_00033.jpg,133,136.21,340.68,145.26,351.02,high
cam05__frame_00033.jpg,134,80.92,471.84,85.37,486.76,high
cam05__frame_00033.jpg,135,51.66,539.6,74.83,590.16,medium
cam05__frame_00033.jpg,136,35.9,586.5,56.76,610.55,high
cam05__frame_00033.jpg,137,0.0,512.91,43.54,638.63,medium
cam05__frame_00033.jpg,138,171.3,256.27,179.1,274.09,high
cam05__frame_00033.jpg,139,159.86,265.59,169.91,289.28,medium
cam05__frame_00033.jpg,140,151.18,271.17,160.14,280.63,high
cam05__frame_00033.jpg,141,144.95,281.38,161.39,311.02,medium
cam05__frame_00033.jpg,142,133.74,294.34,144.95,327.22,high
cam05__frame_00033.jpg,143,133.74,294.34,144.95,327.22,high
cam05__frame_00033.jpg,144,120.79,301.81,134.99,324.23,high
cam05__frame_00033.jpg,145,48.95,346.21,84.3,388.23,medium
cam05__frame_00033.jpg,146,46.23,362.75,55.16,372.13,high
cam05__frame_00033.jpg,147,43.11,370.34,55.61,408.74,high
cam05__frame_00033.jpg,148,19.4,377.38,31.03,385.17,medium
cam05__frame_00033.jpg,149,27.98,520.81,41.08,532.75,low
cam05__frame_00033.jpg,150,29.52,556.24,42.23,562.78,high
cam05__frame_00033.jpg,151,29.91,545.07,44.93,556.62,medium
cam05__frame_00033.jpg,152,30.29,536.21,42.62,545.84,medium
cam05__frame_00033.jpg,153,42.44,540.2,49.92,549.12,high
cam05__frame_00033.jpg,154,41.0,531.28,48.48,540.2,high
cam05__frame_00033.jpg,155,39.85,520.92,47.33,529.84,high
cam05__frame_00033.jpg,156,38.71,513.02,46.19,521.94,high
cam05__frame_00033.jpg,157,32.47,496.02,45.42,512.99,low
cam05__frame_00033.jpg,158,46.97,518.52,56.77,526.38,high
cam05__frame_00033.jpg,159,46.17,501.5,55.16,517.39,high
cam05__frame_00033.jpg,160,52.59,496.05,60.62,509.05,high
cam05__frame_00033.jpg,161,44.18,488.36,53.62,497.39,high
cam05__frame_00033.jpg,162,1.39,503.89,32.85,521.52,low
cam05__frame_00033.jpg,163,2.48,493.83,33.94,511.46,low
cam05__frame_00033.jpg,164,4.26,484.02,33.69,501.11,low
cam05__frame_00033.jpg,165,17.19,475.11,48.64,492.74,low
cam05__frame_00033.jpg,166,24.46,467.46,42.28,477.71,medium
cam05__frame_00033.jpg,167,28.92,460.33,41.84,467.91,high
cam05__frame_00033.jpg,168,31.59,447.41,41.39,460.33,high
cam05__frame_00033.jpg,169,0.0,463.6,10.94,471.39,medium
cam05__frame_00033.jpg,170,18.53,439.68,30.15,447.46,medium
cam05__frame_00033.jpg,171,19.04,430.37,29.98,438.16,medium
cam05__frame_00033.jpg,172,19.98,420.97,31.61,428.75,medium
cam05__frame_00033.jpg,173,19.34,411.92,30.97,419.71,medium
cam05__frame_00033.jpg,174,17.4,402.88,29.03,410.66,medium
cam05__frame_00033.jpg,175,19.01,395.45,30.64,403.24,medium
cam05__frame_00033.jpg,176,17.72,386.41,29.35,394.19,medium
cam05__frame_00033.jpg,177,18.43,369.31,30.06,377.09,medium
cam05__frame_00033.jpg,178,18.43,361.23,30.06,369.02,medium
cam05__frame_00033.jpg,179,19.08,353.48,30.7,361.27,medium
cam05__frame_00033.jpg,180,17.78,345.76,29.41,352.87,medium
cam05__frame_00033.jpg,181,9.9,338.0,29.41,345.76,medium
cam05__frame_00033.jpg,182,11.51,332.72,27.02,338.22,medium
cam05__frame_00033.jpg,183,16.21,326.45,36.22,332.45,medium
cam05__frame_00033.jpg,184,192.17,222.46,200.35,235.17,medium
cam05__frame_00033.jpg,185,184.85,229.14,191.31,242.49,medium
cam05__frame_00033.jpg,186,172.75,215.16,178.15,235.81,high
cam05__frame_00033.jpg,187,166.99,216.09,172.57,242.51,high
cam05__frame_00033.jpg,188,162.15,234.7,167.92,244.19,high
cam05__frame_00033.jpg,189,161.4,221.11,167.36,234.7,high
cam05__frame_00033.jpg,190,153.96,223.53,161.78,249.4,high
cam05__frame_00033.jpg,191,137.03,223.53,153.96,231.72,high
cam05__frame_00033.jpg,192,149.49,233.58,154.33,257.77,medium
cam05__frame_00033.jpg,193,145.96,233.58,149.87,259.82,medium
cam05__frame_00033.jpg,194,136.38,233.55,145.35,266.93,medium
cam05__frame_00033.jpg,195,123.68,249.19,132.9,281.47,medium
cam05__frame_00033.jpg,196,109.35,258.13,124.79,297.88,medium
cam05__frame_00033.jpg,197,100.26,262.4,109.09,303.31,medium
cam05__frame_00033.jpg,198,88.3,267.17,99.97,313.19,medium
cam05__frame_00033.jpg,199,64.62,256.2,89.3,338.87,medium
cam05__frame_00033.jpg,200,176.72,179.49,179.42,198.23,high
cam05__frame_00033.jpg,201,173.55,179.57,175.38,199.61,high
cam05__frame_00033.jpg,202,163.03,179.07,172.21,202.94,medium
cam05__frame_00033.jpg,203,153.6,170.4,162.68,208.26,medium
cam05__frame_00033.jpg,204,146.64,176.39,153.4,210.97,medium
cam05__frame_00033.jpg,205,135.38,176.22,146.75,214.22,medium
cam05__frame_00033.jpg,206,127.61,199.26,134.49,217.51,medium
cam05__frame_00033.jpg,207,118.93,201.95,127.61,221.4,medium
cam05__frame_00033.jpg,208,111.2,205.2,119.23,225.89,medium
cam05__frame_00033.jpg,209,111.1,177.12,119.83,204.95,medium
cam05__frame_00033.jpg,210,101.3,210.53,109.8,232.2,medium
cam05__frame_00033.jpg,211,101.68,184.75,110.62,210.24,medium
cam05__frame_00033.jpg,212,88.31,215.71,99.98,238.16,medium
cam05__frame_00033.jpg,213,89.8,184.29,100.28,215.71,medium
cam05__frame_00033.jpg,214,76.34,216.91,87.11,242.05,medium
cam05__frame_00033.jpg,215,76.64,189.07,88.01,216.61,medium
cam05__frame_00033.jpg,216,70.05,230.97,75.44,247.73,medium
cam05__frame_00033.jpg,217,67.96,204.64,74.24,230.07,medium
cam05__frame_00033.jpg,218,37.63,247.9,48.71,299.14,medium
cam05__frame_00033.jpg,219,23.43,256.2,39.0,309.2,low
cam05__frame_00033.jpg,220,4.0,266.2,25.86,326.1,low
cam05__frame_00033.jpg,221,165.28,151.91,175.7,163.12,high
cam05__frame_00033.jpg,222,156.87,151.91,164.48,163.52,high
cam05__frame_00033.jpg,223,126.43,151.91,155.67,159.12,high
cam05__frame_00033.jpg,224,105.2,139.49,115.22,159.1,high
cam05__frame_00033.jpg,225,105.6,122.27,115.62,139.89,high
cam05__frame_00033.jpg,226,87.42,125.32,104.79,156.96,high
cam05__frame_00033.jpg,227,74.39,122.22,86.18,156.96,high
cam05__frame_00033.jpg,228,68.81,129.67,75.01,156.96,high
cam05__frame_00033.jpg,229,56.93,143.8,68.6,159.58,high
cam05__frame_00033.jpg,230,31.18,152.94,46.96,165.4,medium
cam05__frame_00033.jpg,231,3.77,116.4,29.52,166.23,low
cam05__frame_00034.jpg,0,135.38,176.22,146.75,214.22,medium
cam05__frame_00034.jpg,1,127.61,199.26,134.49,217.51,medium
cam05__frame_00034.jpg,2,118.93,201.95,127.61,221.4,medium
cam05__frame_00034.jpg,3,111.2,205.2,119.23,225.89,medium
cam05__frame_00034.jpg,4,111.1,177.12,119.83,204.95,medium
cam05__frame_00034.jpg,5,101.3,210.53,109.8,232.2,medium
cam05__frame_00034.jpg,6,101.68,184.75,110.62,210.24,medium
cam05__frame_00034.jpg,7,88.31,215.71,99.98,238.16,medium
cam05__frame_00034.jpg,8,89.8,184.29,100.28,215.71,medium
cam05__frame_00034.jpg,9,76.34,216.91,87.11,242.05,medium
cam05__frame_00034.jpg,10,76.64,189.07,88.01,216.61,medium
cam05__frame_00034.jpg,11,70.05,230.97,75.44,247.73,medium
cam05__frame_00034.jpg,12,67.96,204.64,74.24,230.07,medium
cam05__frame_00034.jpg,13,37.63,247.9,48.71,299.14,medium
cam05__frame_00034.jpg,14,23.43,256.2,39.0,309.2,low
cam05__frame_00034.jpg,15,4.0,266.2,25.86,326.1,low
cam05__frame_00034.jpg,16,165.28,151.91,175.7,163.12,high
cam05__frame_00034.jpg,17,156.87,151.91,164.48,163.52,high
cam05__frame_00034.jpg,18,126.43,151.91,155.67,159.12,high
cam05__frame_00034.jpg,19,105.2,139.49,115.22,159.1,high
cam05__frame_00034.jpg,20,105.6,122.27,115.62,139.89,high
cam05__frame_00034.jpg,21,87.42,125.32,104.79,156.96,high
cam05__frame_00034.jpg,22,74.39,122.22,86.18,156.96,high
cam05__frame_00034.jpg,23,68.81,129.67,75.01,156.96,high
cam05__frame_00034.jpg,24,56.93,143.8,68.6,159.58,high
cam05__frame_00034.jpg,25,31.18,152.94,46.96,165.4,medium
cam05__frame_00034.jpg,26,3.77,116.4,29.52,166.23,low
cam05__frame_00034.jpg,27,140.9,383.05,153.87,397.8,medium
cam05__frame_00034.jpg,28,9.95,488.38,34.29,501.77,high
cam05__frame_00034.jpg,29,226.16,244.35,255.8,260.37,high
cam05__frame_00034.jpg,30,210.94,242.35,223.76,261.57,high
cam05__frame_00034.jpg,31,221.76,258.77,261.01,274.79,high
cam05__frame_00034.jpg,32,202.93,273.19,226.97,290.81,high
cam05__frame_00034.jpg,33,280.53,262.65,313.98,269.29,high
cam05__frame_00034.jpg,34,279.58,268.36,314.14,275.81,high
cam05__frame_00034.jpg,35,282.59,276.02,318.58,281.6,high
cam05__frame_00034.jpg,36,280.11,280.98,326.02,332.47,medium
cam05__frame_00034.jpg,37,229.24,273.79,276.39,314.73,low
cam05__frame_00034.jpg,38,226.14,314.73,275.77,346.99,low
cam05__frame_00034.jpg,39,189.54,288.67,226.14,342.03,low
cam05__frame_00034.jpg,40,279.49,330.61,326.02,349.85,high
cam05__frame_00034.jpg,41,396.9,347.23,400.9,369.58,medium
cam05__frame_00034.jpg,42,398.56,344.56,407.9,348.9,high
cam05__frame_00034.jpg,43,400.9,350.23,405.9,376.25,medium
cam05__frame_00034.jpg,44,408.87,330.62,419.21,370.3,high
cam05__frame_00034.jpg,45,418.06,338.65,443.68,420.81,medium
cam05__frame_00034.jpg,46,439.53,370.42,454.96,432.68,medium
cam05__frame_00034.jpg,47,450.58,393.96,484.1,452.9,medium
cam05__frame_00034.jpg,48,468.44,428.79,510.86,481.0,medium
cam05__frame_00034.jpg,49,499.25,455.58,517.11,510.05,medium
cam05__frame_00034.jpg,50,514.0,479.69,534.52,542.2,medium
cam05__frame_00034.jpg,51,532.95,497.32,547.29,562.48,medium
cam05__frame_00034.jpg,52,571.2,553.51,598.1,626.44,low
cam05__frame_00034.jpg,53,331.81,316.04,351.01,357.57,low
cam05__frame_00034.jpg,54,350.56,326.76,357.26,346.85,high
cam05__frame_00034.jpg,55,359.04,329.44,367.53,339.26,high
cam05__frame_00034.jpg,56,357.1,340.0,366.19,350.87,high
cam05__frame_00034.jpg,57,359.28,352.1,367.93,368.73,high
cam05__frame_00034.jpg,58,382.4,358.45,388.37,367.15,high
cam05__frame_00034.jpg,59,370.97,368.88,378.68,380.81,high
cam05__frame_00034.jpg,60,381.9,368.14,398.8,384.79,high
cam05__frame_00034.jpg,61,387.3,384.04,404.27,412.1,high
cam05__frame_00034.jpg,62,408.93,393.08,418.73,412.67,low
cam05__frame_00034.jpg,63,392.2,416.7,417.19,444.88,medium
cam05__frame_00034.jpg,64,417.77,426.48,439.33,452.65,medium
cam05__frame_00034.jpg,65,400.26,445.13,416.3,464.21,high
cam05__frame_00034.jpg,66,416.73,453.37,437.76,481.12,high
cam05__frame_00034.jpg,67,429.1,472.88,446.43,507.56,medium
cam05__frame_00034.jpg,68,438.8,439.28,447.95,469.41,high
cam05__frame_00034.jpg,69,450.38,509.13,475.1,534.76,low
cam05__frame_00034.jpg,70,473.31,525.8,502.5,565.32,medium
cam05__frame_00034.jpg,71,517.36,594.09,532.19,630.05,medium
cam05__frame_00034.jpg,72,308.7,347.98,359.52,380.87,high
cam05__frame_00034.jpg,73,279.49,349.85,311.13,380.25,high
cam05__frame_00034.jpg,74,227.38,353.2,278.25,393.52,low
cam05__frame_00034.jpg,75,180.23,340.17,224.9,377.39,low
cam05__frame_00034.jpg,76,226.14,390.42,288.18,404.07,high
cam05__frame_00034.jpg,77,182.7,377.39,218.69,401.59,medium
cam05__frame_00034.jpg,78,240.41,422.06,262.74,456.8,medium
cam05__frame_00034.jpg,79,217.4,434.43,234.17,460.99,medium
cam05__frame_00034.jpg,80,216.83,404.07,279.49,459.28,low
cam05__frame_00034.jpg,81,173.1,417.3,214.01,453.91,low
cam05__frame_00034.jpg,82,163.0,448.88,209.7,484.77,low
cam05__frame_00034.jpg,83,292.81,373.63,400.44,496.63,low
cam05__frame_00034.jpg,84,212.58,458.93,283.64,525.69,low
cam05__frame_00034.jpg,85,155.15,485.49,206.8,521.4,low
cam05__frame_00034.jpg,86,289.93,494.71,392.75,560.05,low
cam05__frame_00034.jpg,87,389.87,482.22,450.41,638.85,medium
cam05__frame_00034.jpg,88,292.81,563.9,390.83,608.1,low
cam05__frame_00034.jpg,89,206.12,559.43,289.38,616.85,low
cam05__frame_00034.jpg,90,137.9,519.95,201.09,639.82,low
cam05__frame_00034.jpg,91,301.46,608.1,388.91,640.0,high
cam05__frame_00034.jpg,92,194.63,616.13,292.25,640.0,high
cam05__frame_00034.jpg,93,153.0,327.43,159.66,347.32,high
cam05__frame_00034.jpg,94,148.09,321.36,152.33,353.7,medium
cam05__frame_00034.jpg,95,149.44,368.18,159.64,380.23,low
cam05__frame_00034.jpg,96,136.47,360.96,145.32,375.15,medium
cam05__frame_00034.jpg,97,136.3,350.94,144.98,361.29,medium
cam05__frame_00034.jpg,98,136.21,340.68,145.26,351.02,medium
cam05__frame_00034.jpg,99,128.76,372.82,132.79,392.18,medium
cam05__frame_00034.jpg,100,115.75,370.34,128.76,398.99,low
cam05__frame_00034.jpg,101,354.09,182.86,362.8,211.73,high
cam05__frame_00034.jpg,102,372.34,176.82,413.3,205.07,low
cam05__frame_00034.jpg,103,372.34,206.11,394.83,230.17,low
cam05__frame_00034.jpg,104,396.12,207.14,411.82,239.05,medium
cam05__frame_00034.jpg,105,422.03,185.72,446.09,219.19,medium
cam05__frame_00034.jpg,106,415.7,218.72,435.57,251.92,medium
cam05__frame_00034.jpg,107,435.87,219.23,446.77,257.77,medium
cam05__frame_00034.jpg,108,447.03,189.99,463.78,228.8,low
cam05__frame_00034.jpg,109,447.03,228.8,463.25,263.62,medium
cam05__frame_00034.jpg,110,447.62,163.65,458.3,180.37,medium
cam05__frame_00034.jpg,111,457.48,146.28,477.82,183.8,medium
cam05__frame_00034.jpg,112,479.63,163.44,519.0,187.87,low
cam05__frame_00034.jpg,113,466.48,193.54,474.31,233.75,high
cam05__frame_00034.jpg,114,464.63,234.22,471.72,270.51,high
cam05__frame_00034.jpg,115,473.25,203.09,516.83,240.57,medium
cam05__frame_00034.jpg,116,474.18,238.32,505.01,277.33,medium
cam05__frame_00034.jpg,117,505.8,245.28,514.89,289.58,high
cam05__frame_00034.jpg,118,514.73,200.9,582.27,268.31,medium
cam05__frame_00034.jpg,119,511.24,254.69,541.48,303.06,medium
cam05__frame_00034.jpg,120,538.26,269.78,561.91,321.45,medium
cam05__frame_00034.jpg,121,560.74,275.63,584.8,328.98,medium
cam05__frame_00034.jpg,122,584.28,105.11,640.0,161.08,low
cam05__frame_00034.jpg,123,584.8,158.99,639.72,213.91,low
cam05__frame_00034.jpg,124,585.85,205.54,638.67,262.03,low
cam05__frame_00034.jpg,125,582.18,256.27,638.67,305.96,medium
cam05__frame_00034.jpg,126,575.19,296.48,635.25,357.32,low
cam05__frame_00034.jpg,127,628.21,338.39,635.01,360.36,high
cam05__frame_00034.jpg,128,522.15,155.21,579.41,193.38,low
cam05__frame_00034.jpg,129,343.36,233.09,350.3,238.0,medium
cam05__frame_00034.jpg,130,344.03,237.93,349.81,243.38,medium
cam05__frame_00034.jpg,131,343.87,244.21,349.48,250.32,medium
cam05__frame_00034.jpg,132,353.93,238.2,361.95,263.99,medium
cam05__frame_00034.jpg,133,361.48,240.06,372.7,275.0,medium
cam05__frame_00034.jpg,134,374.0,253.11,381.64,284.82,medium
cam05__frame_00034.jpg,135,404.61,264.74,409.47,279.06,high
cam05__frame_00034.jpg,136,403.8,278.55,409.21,288.78,high
cam05__frame_00034.jpg,137,403.35,289.42,408.6,301.26,medium
cam05__frame_00034.jpg,138,418.69,266.5,439.51,283.7,medium
cam05__frame_00034.jpg,139,410.59,278.79,430.79,298.74,high
cam05__frame_00034.jpg,140,440.69,290.46,454.77,307.47,high
cam05__frame_00034.jpg,141,417.46,302.66,428.85,322.4,high
cam05__frame_00034.jpg,142,429.7,307.29,444.33,338.96,medium
cam05__frame_00034.jpg,143,446.49,311.33,458.08,330.43,medium
cam05__frame_00034.jpg,144,447.43,331.06,457.1,349.22,medium
cam05__frame_00034.jpg,145,471.21,308.08,483.55,342.5,high
cam05__frame_00034.jpg,146,470.6,341.85,497.18,381.46,medium
cam05__frame_00034.jpg,147,496.0,357.16,509.43,402.1,medium
cam05__frame_00034.jpg,148,510.51,374.92,521.75,418.76,medium
cam05__frame_00034.jpg,149,516.84,374.02,570.29,443.35,low
cam05__frame_00034.jpg,150,558.74,362.4,573.77,381.94,high
cam05__frame_00034.jpg,151,567.0,392.46,588.79,416.5,high
cam05__frame_00034.jpg,152,588.04,389.45,616.6,416.5,high
cam05__frame_00034.jpg,153,557.69,414.57,612.81,487.99,low
cam05__frame_00034.jpg,154,616.6,427.77,628.62,463.09,high
cam05__frame_00034.jpg,155,604.6,475.11,618.85,506.67,high
cam05__frame_00034.jpg,156,339.07,272.57,345.77,284.31,low
cam05__frame_00034.jpg,157,344.93,282.63,350.38,295.63,low
cam05__frame_00034.jpg,158,350.8,278.02,360.87,290.6,medium
cam05__frame_00034.jpg,159,351.22,289.34,359.19,304.43,medium
cam05__frame_00034.jpg,160,359.19,293.11,364.64,317.43,medium
cam05__frame_00034.jpg,161,365.06,290.6,369.67,325.4,high
cam05__frame_00034.jpg,162,370.08,300.45,375.75,315.57,medium
cam05__frame_00034.jpg,163,370.5,315.34,378.9,325.4,high
cam05__frame_00034.jpg,164,376.84,327.03,382.74,341.54,medium
cam05__frame_00034.jpg,165,391.31,334.83,398.75,343.15,low
cam05__frame_00034.jpg,166,387.67,341.54,394.56,355.31,medium
cam05__frame_00034.jpg,167,99.87,397.05,123.27,403.85,medium
cam05__frame_00034.jpg,168,97.27,403.35,105.67,414.45,high
cam05__frame_00034.jpg,169,108.07,410.25,120.27,419.05,high
cam05__frame_00034.jpg,170,102.0,414.25,114.77,426.85,medium
cam05__frame_00034.jpg,171,51.66,543.2,64.0,584.5,high
cam05__frame_00034.jpg,172,35.9,586.5,56.76,610.55,high
cam05__frame_00034.jpg,173,0.0,512.91,43.54,638.63,medium
cam05__frame_00034.jpg,174,171.3,256.27,179.1,274.09,high
cam05__frame_00034.jpg,175,159.86,265.59,169.91,289.28,medium
cam05__frame_00034.jpg,176,151.18,271.17,160.14,280.63,high
cam05__frame_00034.jpg,177,144.95,281.38,161.39,311.02,medium
cam05__frame_00034.jpg,178,133.74,294.34,144.95,327.22,high
cam05__frame_00034.jpg,179,133.74,294.34,144.95,327.22,high
cam05__frame_00034.jpg,180,120.79,301.81,134.99,324.23,high
cam05__frame_00034.jpg,181,119.15,323.84,129.53,348.63,medium
cam05__frame_00034.jpg,182,110.5,320.96,122.9,366.21,medium
cam05__frame_00034.jpg,183,83.7,347.76,112.81,369.38,low
cam05__frame_00034.jpg,184,71.4,346.21,84.3,376.2,high
cam05__frame_00034.jpg,185,19.4,377.38,31.03,385.17,medium
cam05__frame_00034.jpg,186,27.98,520.81,41.08,532.75,low
cam05__frame_00034.jpg,187,29.52,556.24,42.23,562.78,high
cam05__frame_00034.jpg,188,29.91,545.07,44.93,556.62,medium
cam05__frame_00034.jpg,189,30.29,536.21,42.62,545.84,medium
cam05__frame_00034.jpg,190,42.44,540.2,49.92,549.12,high
cam05__frame_00034.jpg,191,41.0,531.28,48.48,540.2,high
cam05__frame_00034.jpg,192,39.85,520.92,47.33,529.84,high
cam05__frame_00034.jpg,193,38.71,513.02,46.19,521.94,high
cam05__frame_00034.jpg,194,32.47,503.2,45.41,512.99,high
cam05__frame_00034.jpg,195,1.39,503.89,32.85,521.52,low
cam05__frame_00034.jpg,196,2.48,493.83,33.94,511.46,medium
cam05__frame_00034.jpg,197,24.46,467.46,42.28,477.71,medium
cam05__frame_00034.jpg,198,28.92,460.33,41.84,467.91,high
cam05__frame_00034.jpg,199,31.59,447.41,41.39,460.33,high
cam05__frame_00034.jpg,200,0.0,463.6,10.94,471.39,medium
cam05__frame_00034.jpg,201,18.53,439.68,30.15,447.46,medium
cam05__frame_00034.jpg,202,19.04,430.37,29.98,438.16,medium
cam05__frame_00034.jpg,203,19.98,420.97,31.61,428.75,medium
cam05__frame_00034.jpg,204,19.34,411.92,30.97,419.71,medium
cam05__frame_00034.jpg,205,17.4,402.88,29.03,410.66,medium
cam05__frame_00034.jpg,206,19.01,395.45,30.64,403.24,medium
cam05__frame_00034.jpg,207,17.72,386.41,29.35,394.19,medium
cam05__frame_00034.jpg,208,18.43,369.31,30.06,377.09,medium
cam05__frame_00034.jpg,209,18.43,361.23,30.06,369.02,medium
cam05__frame_00034.jpg,210,19.08,353.48,30.7,361.27,medium
cam05__frame_00034.jpg,211,17.78,345.76,29.41,352.87,medium
cam05__frame_00034.jpg,212,9.9,338.0,29.41,345.76,medium
cam05__frame_00034.jpg,213,11.51,332.72,27.02,338.22,medium
cam05__frame_00034.jpg,214,16.21,326.45,36.22,332.45,medium
cam05__frame_00034.jpg,215,192.17,222.46,200.35,235.17,medium
cam05__frame_00034.jpg,216,184.85,229.14,191.31,242.49,medium
cam05__frame_00034.jpg,217,172.75,215.16,178.15,235.81,high
cam05__frame_00034.jpg,218,166.99,216.09,172.57,242.51,high
cam05__frame_00034.jpg,219,162.15,234.7,167.92,244.19,high
cam05__frame_00034.jpg,220,161.4,221.11,167.36,234.7,high
cam05__frame_00034.jpg,221,153.96,223.53,161.78,249.4,high
cam05__frame_00034.jpg,222,137.03,223.53,153.96,231.72,high
cam05__frame_00034.jpg,223,149.49,233.58,154.33,257.77,medium
cam05__frame_00034.jpg,224,145.96,233.58,149.87,259.82,medium
cam05__frame_00034.jpg,225,136.38,233.55,145.35,266.93,medium
cam05__frame_00034.jpg,226,123.68,249.19,132.9,281.47,medium
cam05__frame_00034.jpg,227,109.35,258.13,124.79,297.88,medium
cam05__frame_00034.jpg,228,100.26,262.4,109.09,303.31,medium
cam05__frame_00034.jpg,229,88.3,267.17,99.97,313.19,medium
cam05__frame_00034.jpg,230,64.62,256.2,89.3,338.87,medium
cam05__frame_00034.jpg,231,176.72,179.49,179.42,198.23,high
cam05__frame_00034.jpg,232,173.55,179.57,175.38,199.61,high
cam05__frame_00034.jpg,233,163.03,179.07,172.21,202.94,medium
cam05__frame_00034.jpg,234,153.6,170.4,162.68,208.26,medium
cam05__frame_00034.jpg,235,146.64,176.39,153.4,210.97,medium
cam05__frame_00042.jpg,0,374.0,253.11,381.64,284.82,medium
cam05__frame_00042.jpg,1,604.6,475.11,618.85,506.67,high
cam05__frame_00042.jpg,2,616.6,427.77,628.62,463.09,high
cam05__frame_00042.jpg,3,558.74,362.4,573.77,381.94,high
cam05__frame_00042.jpg,4,567.0,392.46,588.79,416.5,high
cam05__frame_00042.jpg,5,588.04,389.45,616.6,416.5,high
cam05__frame_00042.jpg,6,557.69,414.57,612.81,487.99,low
cam05__frame_00042.jpg,7,516.84,374.02,570.29,443.35,low
cam05__frame_00042.jpg,8,510.51,374.92,521.75,418.76,medium
cam05__frame_00042.jpg,9,496.0,357.16,509.43,402.1,medium
cam05__frame_00042.jpg,10,470.6,341.85,497.18,381.46,medium
cam05__frame_00042.jpg,11,447.43,331.06,457.1,349.22,medium
cam05__frame_00042.jpg,12,471.21,308.08,483.55,342.5,high
cam05__frame_00042.jpg,13,446.49,311.33,458.08,330.43,medium
cam05__frame_00042.jpg,14,429.7,307.29,444.33,338.96,medium
cam05__frame_00042.jpg,15,417.46,302.66,428.85,322.4,high
cam05__frame_00042.jpg,16,440.69,290.46,454.77,307.47,high
cam05__frame_00042.jpg,17,403.35,289.42,408.6,301.26,medium
cam05__frame_00042.jpg,18,403.8,278.55,409.21,288.78,high
cam05__frame_00042.jpg,19,404.61,264.74,409.47,279.06,high
cam05__frame_00042.jpg,20,361.48,240.06,372.7,275.0,medium
cam05__frame_00042.jpg,21,353.93,238.2,361.95,263.99,medium
cam05__frame_00042.jpg,22,343.87,244.21,349.48,250.32,medium
cam05__frame_00042.jpg,23,344.03,237.93,349.81,243.38,medium
cam05__frame_00042.jpg,24,343.36,233.09,350.3,238.0,medium
cam05__frame_00042.jpg,25,628.21,338.39,635.01,360.36,high
cam05__frame_00042.jpg,26,575.19,296.48,635.25,357.32,low
cam05__frame_00042.jpg,27,560.74,275.63,584.8,328.98,medium
cam05__frame_00042.jpg,28,582.18,256.27,638.67,305.96,medium
cam05__frame_00042.jpg,29,585.85,205.54,638.67,262.03,low
cam05__frame_00042.jpg,30,584.8,158.99,639.72,213.91,low
cam05__frame_00042.jpg,31,584.28,105.11,640.0,161.08,low
cam05__frame_00042.jpg,32,538.26,269.78,561.91,321.45,medium
cam05__frame_00042.jpg,33,511.24,254.69,541.48,303.06,medium
cam05__frame_00042.jpg,34,514.73,200.9,582.27,268.31,medium
cam05__frame_00042.jpg,35,505.8,245.28,514.89,289.58,high
cam05__frame_00042.jpg,36,479.63,163.44,526.64,187.87,low
cam05__frame_00042.jpg,37,457.48,146.28,477.82,183.8,medium
cam05__frame_00042.jpg,38,474.18,238.32,505.01,277.33,medium
cam05__frame_00042.jpg,39,464.63,234.22,471.72,270.51,high
cam05__frame_00042.jpg,40,476.9,193.6,495.19,202.85,high
cam05__frame_00042.jpg,41,473.25,203.09,516.83,240.57,medium
cam05__frame_00042.jpg,42,466.48,193.54,474.31,233.75,high
cam05__frame_00042.jpg,43,447.62,163.65,458.3,180.37,medium
cam05__frame_00042.jpg,44,447.03,228.8,463.25,263.62,medium
cam05__frame_00042.jpg,45,435.87,219.23,446.77,257.77,medium
cam05__frame_00042.jpg,46,447.03,189.99,463.78,228.8,low
cam05__frame_00042.jpg,47,415.7,218.72,435.57,251.92,medium
cam05__frame_00042.jpg,48,422.03,185.72,446.09,219.19,medium
cam05__frame_00042.jpg,49,396.12,207.14,411.82,239.05,medium
cam05__frame_00042.jpg,50,372.34,206.11,394.83,230.17,low
cam05__frame_00042.jpg,51,171.3,256.27,179.1,274.09,high
cam05__frame_00042.jpg,52,159.86,265.59,169.91,289.28,medium
cam05__frame_00042.jpg,53,151.18,271.17,160.14,280.63,high
cam05__frame_00042.jpg,54,144.95,281.38,161.39,311.02,medium
cam05__frame_00042.jpg,55,133.74,294.34,144.95,327.22,high
cam05__frame_00042.jpg,56,133.74,294.34,144.95,327.22,high
cam05__frame_00042.jpg,57,120.79,301.81,134.99,324.23,high
cam05__frame_00042.jpg,58,119.15,323.84,129.53,348.63,medium
cam05__frame_00042.jpg,59,110.5,320.96,122.9,366.21,medium
cam05__frame_00042.jpg,60,83.7,347.76,112.81,369.38,low
cam05__frame_00042.jpg,61,48.95,346.21,84.3,388.23,medium
cam05__frame_00042.jpg,62,46.23,362.75,55.16,372.13,high
cam05__frame_00042.jpg,63,43.11,370.34,55.61,408.74,high
cam05__frame_00042.jpg,64,19.4,377.38,31.03,385.17,medium
cam05__frame_00042.jpg,65,27.98,520.81,41.08,532.75,low
cam05__frame_00042.jpg,66,29.52,556.24,42.23,562.78,high
cam05__frame_00042.jpg,67,29.91,545.07,44.93,556.62,medium
cam05__frame_00042.jpg,68,30.29,536.21,42.62,545.84,medium
cam05__frame_00042.jpg,69,42.44,540.2,49.92,549.12,high
cam05__frame_00042.jpg,70,41.0,531.28,48.48,540.2,high
cam05__frame_00042.jpg,71,39.85,520.92,47.33,529.84,high
cam05__frame_00042.jpg,72,38.71,513.02,46.19,521.94,high
cam05__frame_00042.jpg,73,32.47,496.02,45.42,512.99,low
cam05__frame_00042.jpg,74,46.97,518.52,56.77,526.38,high
cam05__frame_00042.jpg,75,46.17,501.5,55.16,517.39,high
cam05__frame_00042.jpg,76,52.59,496.05,60.62,509.05,high
cam05__frame_00042.jpg,77,44.18,488.36,53.62,497.39,high
cam05__frame_00042.jpg,78,1.39,503.89,32.85,521.52,low
cam05__frame_00042.jpg,79,2.48,493.83,33.94,511.46,low
cam05__frame_00042.jpg,80,4.26,484.02,33.69,501.11,low
cam05__frame_00042.jpg,81,17.19,475.11,48.64,492.74,low
cam05__frame_00042.jpg,82,24.46,467.46,42.28,477.71,medium
cam05__frame_00042.jpg,83,28.92,460.33,41.84,467.91,high
cam05__frame_00042.jpg,84,31.59,447.41,41.39,460.33,high
cam05__frame_00042.jpg,85,0.0,463.6,10.94,471.39,medium
cam05__frame_00042.jpg,86,18.53,439.68,30.15,447.46,medium
cam05__frame_00042.jpg,87,19.04,430.37,29.98,438.16,medium
cam05__frame_00042.jpg,88,19.98,420.97,31.61,428.75,medium
cam05__frame_00042.jpg,89,19.34,411.92,30.97,419.71,medium
cam05__frame_00042.jpg,90,17.4,402.88,29.03,410.66,medium
cam05__frame_00042.jpg,91,19.01,395.45,30.64,403.24,medium
cam05__frame_00042.jpg,92,17.72,386.41,29.35,394.19,medium
cam05__frame_00042.jpg,93,18.43,369.31,30.06,377.09,medium
cam05__frame_00042.jpg,94,18.43,361.23,30.06,369.02,medium
cam05__frame_00042.jpg,95,19.08,353.48,30.7,361.27,medium
cam05__frame_00042.jpg,96,17.78,345.76,29.41,352.87,medium
cam05__frame_00042.jpg,97,9.9,338.0,29.41,345.76,medium
cam05__frame_00042.jpg,98,11.51,332.72,27.02,338.22,medium
cam05__frame_00042.jpg,99,16.21,326.45,36.22,332.45,medium
cam05__frame_00042.jpg,100,192.17,222.46,200.35,235.17,medium
cam05__frame_00042.jpg,101,184.85,229.14,191.31,242.49,medium
cam05__frame_00042.jpg,102,172.75,215.16,178.15,235.81,high
cam05__frame_00042.jpg,103,166.99,216.09,172.57,242.51,high
cam05__frame_00042.jpg,104,162.15,234.7,167.92,244.19,high
cam05__frame_00042.jpg,105,161.4,221.11,167.36,234.7,high
cam05__frame_00042.jpg,106,153.96,223.53,161.78,249.4,high
cam05__frame_00042.jpg,107,137.03,223.53,153.96,231.72,high
cam05__frame_00042.jpg,108,149.49,233.58,154.33,257.77,medium
cam05__frame_00042.jpg,109,145.96,233.58,149.87,259.82,medium
cam05__frame_00042.jpg,110,136.38,233.55,145.35,266.93,medium
cam05__frame_00042.jpg,111,123.68,249.19,132.9,281.47,medium
cam05__frame_00042.jpg,112,109.35,258.13,124.79,297.88,medium
cam05__frame_00042.jpg,113,100.26,262.4,109.09,303.31,medium
cam05__frame_00042.jpg,114,88.3,267.17,99.97,313.19,medium
cam05__frame_00042.jpg,115,64.62,256.2,89.3,338.87,medium
cam05__frame_00042.jpg,116,176.72,179.49,179.42,198.23,high
cam05__frame_00042.jpg,117,173.55,179.57,175.38,199.61,high
cam05__frame_00042.jpg,118,163.03,179.07,172.21,202.94,medium
cam05__frame_00042.jpg,119,153.6,170.4,162.68,208.26,medium
cam05__frame_00042.jpg,120,146.64,176.39,153.4,210.97,medium
cam05__frame_00042.jpg,121,135.38,176.22,146.75,214.22,medium
cam05__frame_00042.jpg,122,127.61,199.26,134.49,217.51,medium
cam05__frame_00042.jpg,123,118.93,201.95,127.61,221.4,medium
cam05__frame_00042.jpg,124,111.2,205.2,119.23,225.89,medium
cam05__frame_00042.jpg,125,111.1,177.12,119.83,204.95,medium
cam05__frame_00042.jpg,126,101.3,210.53,109.8,232.2,medium
cam05__frame_00042.jpg,127,101.68,184.75,110.62,210.24,medium
cam05__frame_00042.jpg,128,88.31,215.71,99.98,238.16,medium
cam05__frame_00042.jpg,129,89.8,184.29,100.28,215.71,medium
cam05__frame_00042.jpg,130,76.34,216.91,87.11,242.05,medium
cam05__frame_00042.jpg,131,76.64,189.07,88.01,216.61,medium
cam05__frame_00042.jpg,132,70.05,230.97,75.44,247.73,medium
cam05__frame_00042.jpg,133,67.96,204.64,74.24,230.07,medium
cam05__frame_00042.jpg,134,37.63,247.9,48.71,299.14,medium
cam05__frame_00042.jpg,135,23.43,256.2,39.0,309.2,low
cam05__frame_00042.jpg,136,4.0,266.2,25.86,326.1,low
cam05__frame_00042.jpg,137,165.28,151.91,175.7,163.12,high
cam05__frame_00042.jpg,138,156.87,151.91,164.48,163.52,high
cam05__frame_00042.jpg,139,126.43,151.91,155.67,159.12,high
cam05__frame_00042.jpg,140,105.2,139.49,115.22,159.1,high
cam05__frame_00042.jpg,141,105.6,122.27,115.62,139.89,high
cam05__frame_00042.jpg,142,87.42,125.32,104.79,156.96,high
cam05__frame_00042.jpg,143,74.39,122.22,86.18,156.96,high
cam05__frame_00042.jpg,144,68.81,129.67,75.01,156.96,high
cam05__frame_00042.jpg,145,56.93,143.8,68.6,159.58,high
cam05__frame_00042.jpg,146,31.18,152.94,46.96,165.4,medium
cam05__frame_00042.jpg,147,3.77,116.4,29.52,166.23,low
cam05__frame_00042.jpg,148,382.4,358.45,388.37,367.15,high
cam05__frame_00042.jpg,149,381.9,368.14,398.8,384.79,high
cam05__frame_00042.jpg,150,387.3,384.04,404.27,412.1,high
cam05__frame_00042.jpg,151,408.93,393.08,418.73,412.67,low
cam05__frame_00042.jpg,152,392.2,416.7,417.19,444.88,medium
cam05__frame_00042.jpg,153,417.77,426.48,439.33,452.65,medium
cam05__frame_00042.jpg,154,400.26,445.13,416.3,464.21,high
cam05__frame_00042.jpg,155,416.73,453.37,437.76,481.12,high
cam05__frame_00042.jpg,156,438.8,439.28,447.95,469.41,high
cam05__frame_00042.jpg,157,429.1,472.88,446.43,507.56,medium
cam05__frame_00042.jpg,158,517.36,594.09,532.19,630.05,medium
cam05__frame_00042.jpg,159,473.31,525.8,502.5,565.32,medium
cam05__frame_00042.jpg,160,450.38,509.13,475.1,534.76,low
cam05__frame_00042.jpg,161,354.09,182.86,362.8,211.73,high
cam05__frame_00042.jpg,162,339.07,272.57,345.77,284.31,low
cam05__frame_00042.jpg,163,344.93,282.63,350.38,295.63,low
cam05__frame_00042.jpg,164,350.8,278.02,360.87,290.6,medium
cam05__frame_00042.jpg,165,351.22,289.34,359.19,304.43,medium
cam05__frame_00042.jpg,166,359.19,293.11,364.64,317.43,medium
cam05__frame_00042.jpg,167,365.06,290.6,369.67,325.4,high
cam05__frame_00042.jpg,168,370.5,315.34,378.9,325.4,high
cam05__frame_00042.jpg,169,370.08,300.45,375.75,315.57,medium
cam05__frame_00042.jpg,170,376.84,327.03,382.74,341.54,medium
cam05__frame_00042.jpg,171,391.31,334.83,398.75,343.15,low
cam05__frame_00042.jpg,172,387.67,341.54,394.56,355.31,medium
cam05__frame_00042.jpg,173,396.9,347.23,400.9,369.58,medium
cam05__frame_00042.jpg,174,400.9,350.23,405.9,376.25,medium
cam05__frame_00042.jpg,175,398.56,344.56,407.9,348.9,high
cam05__frame_00042.jpg,176,408.87,330.62,419.21,370.3,high
cam05__frame_00042.jpg,177,418.06,338.65,443.68,420.81,medium
cam05__frame_00042.jpg,178,439.53,370.42,454.96,432.68,medium
cam05__frame_00042.jpg,179,450.58,393.96,484.1,452.9,medium
cam05__frame_00042.jpg,180,468.44,428.79,510.86,481.0,medium
cam05__frame_00042.jpg,181,499.25,455.58,517.11,510.05,medium
cam05__frame_00042.jpg,182,514.0,479.69,534.52,542.2,medium
cam05__frame_00042.jpg,183,532.95,497.32,547.29,562.48,medium
cam05__frame_00042.jpg,184,571.2,553.51,598.1,626.44,low
cam05__frame_00042.jpg,185,331.81,316.04,351.01,357.57,low
cam05__frame_00042.jpg,186,350.56,326.76,357.26,346.85,high
cam05__frame_00042.jpg,187,359.04,329.44,367.53,339.26,high
cam05__frame_00042.jpg,188,357.1,340.0,366.19,350.87,high
cam05__frame_00042.jpg,189,359.28,352.1,367.93,368.73,high
cam05__frame_00042.jpg,190,370.97,368.88,378.68,380.81,high
cam05__frame_00042.jpg,191,226.16,244.35,255.8,260.37,high
cam05__frame_00042.jpg,192,210.94,242.35,223.76,261.57,high
cam05__frame_00042.jpg,193,221.76,258.77,261.01,274.79,high
cam05__frame_00042.jpg,194,202.93,273.19,226.97,290.81,high
cam05__frame_00042.jpg,195,280.53,262.65,313.98,269.29,high
cam05__frame_00042.jpg,196,279.58,268.36,314.14,275.81,high
cam05__frame_00042.jpg,197,282.59,276.02,318.58,281.6,high
cam05__frame_00042.jpg,198,280.11,280.98,326.02,332.47,medium
cam05__frame_00042.jpg,199,229.24,273.79,276.39,314.73,low
cam05__frame_00042.jpg,200,226.14,314.73,275.77,346.99,low
cam05__frame_00042.jpg,201,189.54,288.67,226.14,342.03,low
cam05__frame_00042.jpg,202,279.49,330.61,326.02,349.85,high
cam05__frame_00042.jpg,203,308.7,347.98,359.52,380.87,high
cam05__frame_00042.jpg,204,279.49,349.85,311.13,380.25,high
cam05__frame_00042.jpg,205,227.38,353.2,278.25,393.52,low
cam05__frame_00042.jpg,206,180.23,340.17,224.9,377.39,low
cam05__frame_00042.jpg,207,226.14,390.42,288.18,404.07,high
cam05__frame_00042.jpg,208,182.7,377.39,218.69,401.59,medium
cam05__frame_00042.jpg,209,240.41,422.06,262.74,456.8,medium
cam05__frame_00042.jpg,210,217.4,434.43,234.17,460.99,medium
cam05__frame_00042.jpg,211,216.83,404.07,279.49,459.28,low
cam05__frame_00042.jpg,212,173.1,417.3,214.01,453.91,low
cam05__frame_00042.jpg,213,163.0,448.88,209.7,484.77,low
cam05__frame_00042.jpg,214,292.81,373.63,400.44,496.63,low
cam05__frame_00042.jpg,215,212.58,458.93,283.64,525.69,low
cam05__frame_00042.jpg,216,155.15,485.49,206.8,521.4,low
cam05__frame_00042.jpg,217,289.93,494.71,392.75,560.05,low
cam05__frame_00042.jpg,218,389.87,482.22,430.8,638.85,medium
cam05__frame_00042.jpg,219,292.81,563.9,390.83,608.1,low
cam05__frame_00042.jpg,220,206.12,559.43,289.38,616.85,low
cam05__frame_00042.jpg,221,137.9,519.95,201.09,639.82,low
cam05__frame_00042.jpg,222,301.46,608.1,388.91,640.0,high
cam05__frame_00042.jpg,223,194.63,616.13,292.25,640.0,high
cam05__frame_00042.jpg,224,153.0,327.43,159.66,347.32,high
cam05__frame_00042.jpg,225,148.09,321.36,152.33,353.7,medium
cam05__frame_00042.jpg,226,149.44,368.18,159.64,380.23,low
cam05__frame_00042.jpg,227,136.47,360.96,145.32,375.15,medium
cam05__frame_00042.jpg,228,136.3,350.94,144.98,361.29,medium
cam05__frame_00042.jpg,229,136.21,340.68,145.26,351.02,medium
cam05__frame_00042.jpg,230,128.76,372.82,132.79,392.18,medium
cam05__frame_00042.jpg,231,115.75,370.34,128.76,398.99,low
cam05__frame_00042.jpg,232,99.87,397.05,123.27,403.85,medium
cam05__frame_00042.jpg,233,97.27,403.35,105.67,414.45,high
cam05__frame_00042.jpg,234,108.07,410.25,120.27,419.05,high
cam05__frame_00042.jpg,235,102.0,414.25,114.77,426.85,medium
cam05__frame_00042.jpg,236,95.32,413.66,101.28,426.09,high
cam05__frame_00042.jpg,237,96.56,430.32,108.74,447.22,medium
cam05__frame_00042.jpg,238,100.3,444.2,122.56,478.01,high
cam05__frame_00042.jpg,239,86.61,451.2,95.32,465.37,medium
cam05__frame_00042.jpg,240,89.85,464.88,96.31,481.04,high
cam05__frame_00042.jpg,241,80.92,471.84,85.37,486.76,high
cam05__frame_00042.jpg,242,51.66,539.6,74.83,590.16,medium
cam05__frame_00042.jpg,243,35.9,586.5,56.76,610.55,high
cam05__frame_00042.jpg,244,0.0,512.91,43.54,638.63,medium
cam05__frame_00042.jpg,245,372.34,176.82,413.3,205.07,low
cam05__frame_00042.jpg,246,418.69,266.5,439.51,283.7,medium
cam05__frame_00042.jpg,247,410.59,278.79,430.79,298.74,high
